<Qucs Dataset 1.0.7>
<indep Lfeed_mm 1>
  +1.00000000000000002082e-03
</indep>
<indep L35_mm 1>
  +2.21000000000000015876e-02
</indep>
<indep W35_mm 1>
  +1.87000000000000013434e-03
</indep>
<indep L50_mm 1>
  +2.26000000000000020317e-02
</indep>
<indep W50_mm 1>
  +1.10000000000000006627e-03
</indep>
<indep mm 1>
  +1.00000000000000002082e-03
</indep>
<indep Lfeed 1>
  +1.00000000000000000000e+00
</indep>
<indep L35 1>
  +2.21000000000000014211e+01
</indep>
<indep W35 1>
  +1.87000000000000010658e+00
</indep>
<indep L50 1>
  +2.26000000000000014211e+01
</indep>
<indep W50 1>
  +1.10000000000000008882e+00
</indep>
<indep frequency 200>
  +1.50000000000000000000e+09
  +1.50385539060560917854e+09
  +1.50772069056903266907e+09
  +1.51159592535990095139e+09
  +1.51548112051330733299e+09
  +1.51937630162997722626e+09
  +1.52328149437643694878e+09
  +1.52719672448518157005e+09
  +1.53112201775484633446e+09
  +1.53505740005037498474e+09
  +1.53900289730319166183e+09
  +1.54295853551137018204e+09
  +1.54692434073980689049e+09
  +1.55090033912039113045e+09
  +1.55488655685217833519e+09
  +1.55888302020156216621e+09
  +1.56288975550244784355e+09
  +1.56690678915642571449e+09
  +1.57093414763294482231e+09
  +1.57497185746948814392e+09
  +1.57901994527174544334e+09
  +1.58307843771379232407e+09
  +1.58714736153826165199e+09
  +1.59122674355652284622e+09
  +1.59531661064885759354e+09
  +1.59941698976463580132e+09
  +1.60352790792249631882e+09
  +1.60764939221052050591e+09
  +1.61178146978641486168e+09
  +1.61592416787768769264e+09
  +1.62007751378182935715e+09
  +1.62424153486649107933e+09
  +1.62841625856966733932e+09
  +1.63260171239987468719e+09
  +1.63679792393633294106e+09
  +1.64100492082914924622e+09
  +1.64522273079949808121e+09
  +1.64945138163980412483e+09
  +1.65369090121392607689e+09
  +1.65794131745734047890e+09
  +1.66220265837732434273e+09
  +1.66647495205314207077e+09
  +1.67075822663622784615e+09
  +1.67505251035037255287e+09
  +1.67935783149191045761e+09
  +1.68367421842990398407e+09
  +1.68800169960633087158e+09
  +1.69234030353627395630e+09
  +1.69669005880810570717e+09
  +1.70105099408367824554e+09
  +1.70542313809851312637e+09
  +1.70980651966198873520e+09
  +1.71420116765753149986e+09
  +1.71860711104280543327e+09
  +1.72302437884990358353e+09
  +1.72745300018553924561e+09
  +1.73189300423123693466e+09
  +1.73634442024352574348e+09
  +1.74080727755413150787e+09
  +1.74528160557017040253e+09
  +1.74976743377434206009e+09
  +1.75426479172512483597e+09
  +1.75877370905697011948e+09
  +1.76329421548049688339e+09
  +1.76782634078268909454e+09
  +1.77237011482709050179e+09
  +1.77692556755400180817e+09
  +1.78149272898067808151e+09
  +1.78607162920152664185e+09
  +1.79066229838830542564e+09
  +1.79526476679032206535e+09
  +1.79987906473463177681e+09
  +1.80450522262623858452e+09
  +1.80914327094829583168e+09
  +1.81379324026230549812e+09
  +1.81845516120832204819e+09
  +1.82312906450515127182e+09
  +1.82781498095055532455e+09
  +1.83251294142145419121e+09
  +1.83722297687412977219e+09
  +1.84194511834442949295e+09
  +1.84667939694797134399e+09
  +1.85142584388034796715e+09
  +1.85618449041733360291e+09
  +1.86095536791508841515e+09
  +1.86573850781036686897e+09
  +1.87053394162072348595e+09
  +1.87534170094472193718e+09
  +1.88016181746214127541e+09
  +1.88499432293418717384e+09
  +1.88983924920369815826e+09
  +1.89469662819535899162e+09
  +1.89956649191590809822e+09
  +1.90444887245434999466e+09
  +1.90934380198216533661e+09
  +1.91425131275352525711e+09
  +1.91917143710550189018e+09
  +1.92410420745828175545e+09
  +1.92904965631538033485e+09
  +1.93400781626385474205e+09
  +1.93897871997452020645e+09
  +1.94396240020216393471e+09
  +1.94895888978576159477e+09
  +1.95396822164869379997e+09
  +1.95899042879896259308e+09
  +1.96402554432940912247e+09
  +1.96907360141793155670e+09
  +1.97413463332770466805e+09
  +1.97920867340739750862e+09
  +1.98429575509139394760e+09
  +1.98939591190001392365e+09
  +1.99450917743973135948e+09
  +1.99963558540339946747e+09
  +2.00477516957047009468e+09
  +2.00992796380721688271e+09
  +2.01509400206695938110e+09
  +2.02027331839028477669e+09
  +2.02546594690527439117e+09
  +2.03067192182772755623e+09
  +2.03589127746138691902e+09
  +2.04112404819816422462e+09
  +2.04637026851836800575e+09
  +2.05162997299093031883e+09
  +2.05690319627363395691e+09
  +2.06218997311334109306e+09
  +2.06749033834622263908e+09
  +2.07280432689798784256e+09
  +2.07813197378411340714e+09
  +2.08347331411007547379e+09
  +2.08882838307158017159e+09
  +2.09419721595479607582e+09
  +2.09957984813658595085e+09
  +2.10497631508474063873e+09
  +2.11038665235821223259e+09
  +2.11581089560734891891e+09
  +2.12124908057412886620e+09
  +2.12670124309239697456e+09
  +2.13216741908810067177e+09
  +2.13764764457952594757e+09
  +2.14314195567753553391e+09
  +2.14865038858580589294e+09
  +2.15417297960106754303e+09
  +2.15970976511334133148e+09
  +2.16526078160618162155e+09
  +2.17082606565691375732e+09
  +2.17640565393687725067e+09
  +2.18199958321166563034e+09
  +2.18760789034137058258e+09
  +2.19323061228082227707e+09
  +2.19886778607983732224e+09
  +2.20451944888345623016e+09
  +2.21018563793219470978e+09
  +2.21586639056228494644e+09
  +2.22156174420592451096e+09
  +2.22727173639151906967e+09
  +2.23299640474393415451e+09
  +2.23873578698473978043e+09
  +2.24448992093246126175e+09
  +2.25025884450282621384e+09
  +2.25604259570901584625e+09
  +2.26184121266191673279e+09
  +2.26765473357036685944e+09
  +2.27348319674141502380e+09
  +2.27932664058056688309e+09
  +2.28518510359203910828e+09
  +2.29105862437901687622e+09
  +2.29694724164390373230e+09
  +2.30285099418857955933e+09
  +2.30876992091465425491e+09
  +2.31470406082372570038e+09
  +2.32065345301763582230e+09
  +2.32661813669872808456e+09
  +2.33259815117010688782e+09
  +2.33859353583589506149e+09
  +2.34460433020149517059e+09
  +2.35063057387384796143e+09
  +2.35667230656169509888e+09
  +2.36272956807583951950e+09
  +2.36880239832940912247e+09
  +2.37489083733811855316e+09
  +2.38099492522053194046e+09
  +2.38711470219833087921e+09
  +2.39325020859657526016e+09
  +2.39940148484397220612e+09
  +2.40556857147314023972e+09
  +2.41175150912087726593e+09
  +2.41795033852842950821e+09
  +2.42416510054175758362e+09
  +2.43039583611180686951e+09
  +2.43664258629477787018e+09
  +2.44290539225239658356e+09
  +2.44918429525218439102e+09
  +2.45547933666773128510e+09
  +2.46179055797896909714e+09
  +2.46811800077244186401e+09
  +2.47446170674158382416e+09
  +2.48082171768699121475e+09
  +2.48719807551669836044e+09
  +2.49359082224645614624e+09
  +2.50000000000000429153e+09
</indep>
<dep S32_dB frequency>
  -9.20970437334510272365e+00
  -9.24269369429831044727e+00
  -9.27638705186087619836e+00
  -9.31080179993637457869e+00
  -9.34595573667504275761e+00
  -9.38186711755122182410e+00
  -9.41855466897925275305e+00
  -9.45603760250056168957e+00
  -9.49433562957700694085e+00
  -9.53346897702837026145e+00
  -9.57345840315467455639e+00
  -9.61432521458699795858e+00
  -9.65609128391403714886e+00
  -9.69877906813503898320e+00
  -9.74241162799384419202e+00
  -9.78701264825293471006e+00
  -9.83260645897093432666e+00
  -9.87921805785222062468e+00
  -9.92687313374242208397e+00
  -9.97559809134966357647e+00
  -1.00254200772777899431e+01
  -1.00763670074647180286e+01
  -1.01284675961264376554e+01
  -1.01817513863157920184e+01
  -1.02362487822137460114e+01
  -1.02919910832808234602e+01
  -1.03490105204068765232e+01
  -1.04073402942092574364e+01
  -1.04670146156418191197e+01
  -1.05280687490913500426e+01
  -1.05905390581531833050e+01
  -1.06544630542943217222e+01
  -1.07198794486310475804e+01
  -1.07868282070677459217e+01
  -1.08553506090660150107e+01
  -1.09254893103377774821e+01
  -1.09972884097824277205e+01
  -1.10707935210184142960e+01
  -1.11460518488920161673e+01
  -1.12231122713829396531e+01
  -1.13020254273660079036e+01
  -1.13828438107338953955e+01
  -1.14656218714348305809e+01
  -1.15504161240353848683e+01
  -1.16372852644797077915e+01
  -1.17262902957863257569e+01
  -1.18174946635005539974e+01
  -1.19109644018076963334e+01
  -1.20067682913093349839e+01
  -1.21049780295749904724e+01
  -1.22056684157048493944e+01
  -1.23089175502788066296e+01
  -1.24148070522252211845e+01
  -1.25234222943217048396e+01
  -1.26348526592438776817e+01
  -1.27491918183097308059e+01
  -1.28665380353314802164e+01
  -1.29869944982896772245e+01
  -1.31106696818903323276e+01
  -1.32376777444649960103e+01
  -1.33681389631320541866e+01
  -1.35021802116682199113e+01
  -1.36399354861523942617e+01
  -1.37815464841578432242e+01
  -1.39271632440981001366e+01
  -1.40769448523023310571e+01
  -1.42310602265316994419e+01
  -1.43896889859840708681e+01
  -1.45530224194089257139e+01
  -1.47212645648184281555e+01
  -1.48946334164938178901e+01
  -1.50733622776245912434e+01
  -1.52577012800767022327e+01
  -1.54479190965800263768e+01
  -1.56443048752061493190e+01
  -1.58471704315595509627e+01
  -1.60568527408688552782e+01
  -1.62737167804439550878e+01
  -1.64981587831506004704e+01
  -1.67306099751595702685e+01
  -1.69715408869084392052e+01
  -1.72214663458514145589e+01
  -1.74809512843119385650e+01
  -1.77506175271407897753e+01
  -1.80311517639886425002e+01
  -1.83233149626439448809e+01
  -1.86279535469256813940e+01
  -1.89460127504013726707e+01
  -1.92785526732122463045e+01
  -1.96267677241310494196e+01
  -1.99920103388478871409e+01
  -2.03758201504612159738e+01
  -2.07799601817477679333e+01
  -2.12064621796409547017e+01
  -2.16576839943484742435e+01
  -2.21363830329888813253e+01
  -2.26458114706176125708e+01
  -2.31898413696469987144e+01
  -2.37731316178530605043e+01
  -2.44013544459008038245e+01
  -2.50815086078117843726e+01
  -2.58223615439213816103e+01
  -2.66350884292534857423e+01
  -2.75342201840525788725e+01
  -2.85390908585502316441e+01
  -2.96761164946802864506e+01
  -3.09824929120126348892e+01
  -3.25123209521942726496e+01
  -3.43465323183729864809e+01
  -3.66054462853890356655e+01
  -3.94317598020157973338e+01
  -4.26419649380538174910e+01
  -4.39546083609701554451e+01
  -4.14423063552726134162e+01
  -3.82599789578610938179e+01
  -3.56363494855597053856e+01
  -3.35307929067540868573e+01
  -3.18000302091211537459e+01
  -3.03396159852311377847e+01
  -2.90800583630164730664e+01
  -2.79744864226298943777e+01
  -2.69902846562122533669e+01
  -2.61040220048797877439e+01
  -2.52983738832063806967e+01
  -2.45602046705972156815e+01
  -2.38793356341439917401e+01
  -2.32477290122770874348e+01
  -2.26589324637954412367e+01
  -2.21076911946329026648e+01
  -2.15896710030956313631e+01
  -2.11012565099705717842e+01
  -2.06394014904194946780e+01
  -2.02015160401579692007e+01
  -1.97853802576361346155e+01
  -1.93890773302740306860e+01
  -1.90109410340099564962e+01
  -1.86495140860047996512e+01
  -1.83035147723737239289e+01
  -1.79718099579901817719e+01
  -1.76533930706871835525e+01
  -1.73473660006792407273e+01
  -1.70529241095324515243e+01
  -1.67693437296202567666e+01
  -1.64959716739025346044e+01
  -1.62322163803246297675e+01
  -1.59775403944524825306e+01
  -1.57314539547366791794e+01
  -1.54935094917608733311e+01
  -1.52632968894111016311e+01
  -1.50404393846065786988e+01
  -1.48245900049204504256e+01
  -1.46154284614649316865e+01
  -1.44126584288666776956e+01
  -1.42160051557939368649e+01
  -1.40252133589220093768e+01
  -1.38400453608985927190e+01
  -1.36602794391511501715e+01
  -1.34857083575435048317e+01
  -1.33161380571564951225e+01
  -1.31513864860078690810e+01
  -1.29912825504774396279e+01
  -1.28356651736713374135e+01
  -1.26843824480312967751e+01
  -1.25372908712424369071e+01
  -1.23942546559684085850e+01
  -1.22551451051972097872e+01
  -1.21198400460465194328e+01
  -1.19882233157880015995e+01
  -1.18601842946291320402e+01
  -1.17356174804605259965e+01
  -1.16144221013517814356e+01
  -1.14965017620763596540e+01
  -1.13817641213753439899e+01
  -1.12701205970427924541e+01
  -1.11614860962387112409e+01
  -1.10557787687185271608e+01
  -1.09529197809133815866e+01
  -1.08528331090111720414e+01
  -1.07554453493773820583e+01
  -1.06606855448200388281e+01
  -1.05684850253501529949e+01
  -1.04787772622166190928e+01
  -1.03914977341101195663e+01
  -1.03065838045302022863e+01
  -1.02239746094007966093e+01
  -1.01436109540985626154e+01
  -1.00654352191305029862e+01
  -9.98939127376110036494e+00
  -9.91542439694662114391e+00
  -9.84348120498631828923e+00
  -9.77350958534662872523e+00
  -9.70545863615706316807e+00
  -9.63927861091486803957e+00
  -9.57492086797044272828e+00
  -9.51233782439777719731e+00
  -9.45148291388321837303e+00
  -9.39231054829295963771e+00
  -9.33477608260459845724e+00
  -9.27883578291076993594e+00
  -9.22444679722442018033e+00
</dep>
<dep S31_dB frequency>
  -3.76880840898642643921e+00
  -3.75586901221402769124e+00
  -3.74298883469146703717e+00
  -3.73017097805096131680e+00
  -3.71741857226650029844e+00
  -3.70473477386392868738e+00
  -3.69212276401932015801e+00
  -3.67958574654323378184e+00
  -3.66712694574851560958e+00
  -3.65474960419965722025e+00
  -3.64245698034155962475e+00
  -3.63025234600612289881e+00
  -3.61813898379498422031e+00
  -3.60612018433708136911e+00
  -3.59419924342000696171e+00
  -3.58237945899427812080e+00
  -3.57066412805000554798e+00
  -3.55905654336574617247e+00
  -3.54755999012965794748e+00
  -3.53617774243345905916e+00
  -3.52491305963994605577e+00
  -3.51376918262550574923e+00
  -3.50274932989913923009e+00
  -3.49185669360025885410e+00
  -3.48109443537784057909e+00
  -3.47046568215409090286e+00
  -3.45997352177616113167e+00
  -3.44962099856035653289e+00
  -3.43941110873331101772e+00
  -3.42934679577565315611e+00
  -3.41943094567420224905e+00
  -3.40966638208907291130e+00
  -3.40005586144312976771e+00
  -3.39060206794166951738e+00
  -3.38130760853080580830e+00
  -3.37217500780399470628e+00
  -3.36320670286664125115e+00
  -3.35440503816936308468e+00
  -3.34577226032154051438e+00
  -3.33731051289712077335e+00
  -3.32902183124557149441e+00
  -3.32090813732153877780e+00
  -3.31297123454754949279e+00
  -3.30521280272466722039e+00
  -3.29763439300669691789e+00
  -3.29023742295446552930e+00
  -3.28302317168687407545e+00
  -3.27599277514651365806e+00
  -3.26914722149793490757e+00
  -3.26248734667725681646e+00
  -3.25601383011235512299e+00
  -3.24972719063339532397e+00
  -3.24362778259367656730e+00
  -3.23771579222133887299e+00
  -3.23199123422269929407e+00
  -3.22645394865814827412e+00
  -3.22110359811178614819e+00
  -3.21593966517611384859e+00
  -3.21096145027291246521e+00
  -3.20616806983156976685e+00
  -3.20155845484590262373e+00
  -3.19713134983019919844e+00
  -3.19288531219481441781e+00
  -3.18881871206155809162e+00
  -3.18492973253787869936e+00
  -3.18121637046901062362e+00
  -3.17767643768577645602e+00
  -3.17430756276529635329e+00
  -3.17110719332056811837e+00
  -3.16807259883411429513e+00
  -3.16520087404932315422e+00
  -3.16248894293184346083e+00
  -3.15993356321225071781e+00
  -3.15753133151909981535e+00
  -3.15527868911033193555e+00
  -3.15317192820871561310e+00
  -3.15120719894548706463e+00
  -3.14938051691417619793e+00
  -3.14768777133440735838e+00
  -3.14612473382343349471e+00
  -3.14468706777078210735e+00
  -3.14337033830893242126e+00
  -3.14217002287065616528e+00
  -3.14108152232085213740e+00
  -3.14010017264853757979e+00
  -3.13922125720149169936e+00
  -3.13844001944378714342e+00
  -3.13775167621345607571e+00
  -3.13715143145502262101e+00
  -3.13663449039865582790e+00
  -3.13619607415505008419e+00
  -3.13583143469255753999e+00
  -3.13553587016006884980e+00
  -3.13530474051684659997e+00
  -3.13513348342759412546e+00
  -3.13501763037882641427e+00
  -3.13495282296988087012e+00
  -3.13493482932981493150e+00
  -3.13495956060909097829e+00
  -3.13502308749291680456e+00
  -3.13512165668118969464e+00
  -3.13525170727817048544e+00
  -3.13540988703364664758e+00
  -3.13559306837561946324e+00
  -3.13579836417364932188e+00
  -3.13602314317103481045e+00
  -3.13626504502316372225e+00
  -3.13652199487899085995e+00
  -3.13679221744241942815e+00
  -3.13707425045047560985e+00
  -3.13736695750545857564e+00
  -3.13766954019894628303e+00
  -3.13798154946652285702e+00
  -3.13830289611338475453e+00
  -3.13863386045239423083e+00
  -3.13897510099841081654e+00
  -3.13932766216449765651e+00
  -3.13969298090841331117e+00
  -3.14007289228065555875e+00
  -3.14046963382831068046e+00
  -3.14088584881250376668e+00
  -3.14132458820104076835e+00
  -3.14178931140180761616e+00
  -3.14228388570682026781e+00
  -3.14281258442138256015e+00
  -3.14338008365761556462e+00
  -3.14399145777677357927e+00
  -3.14465217346976988466e+00
  -3.14536808247098287339e+00
  -3.14614541290601357204e+00
  -3.14699075927940441488e+00
  -3.14791107111485990444e+00
  -3.14891364026563724821e+00
  -3.15000608691925920724e+00
  -3.15119634432659978529e+00
  -3.15249264229097025947e+00
  -3.15390348945926213275e+00
  -3.15543765446262813867e+00
  -3.15710414595999644405e+00
  -3.15891219164335446123e+00
  -3.16087121626877376457e+00
  -3.16299081878262633438e+00
  -3.16528074861696984144e+00
  -3.16775088123293446785e+00
  -3.17041119299470386395e+00
  -3.17327173546106777735e+00
  -3.17634260918457211886e+00
  -3.17963393711145947407e+00
  -3.18315583767819987315e+00
  -3.18691839770245977093e+00
  -3.19093164516791105711e+00
  -3.19520552200354313044e+00
  -3.19974985695851321665e+00
  -3.20457433867362162516e+00
  -3.20968848905008696804e+00
  -3.21510163701510442991e+00
  -3.22082289278207589689e+00
  -3.22686112270110481148e+00
  -3.23322492479300338530e+00
  -3.23992260505623752564e+00
  -3.24696215463308002214e+00
  -3.25435122791663555830e+00
  -3.26209712167587628784e+00
  -3.27020675527076631894e+00
  -3.27868665202382381096e+00
  -3.28754292180911988908e+00
  -3.29678124491283863762e+00
  -3.30640685721394556040e+00
  -3.31642453672598680470e+00
  -3.32683859153515681939e+00
  -3.33765284916186111275e+00
  -3.34887064736687323219e+00
  -3.36049482641551744422e+00
  -3.37252772280662682647e+00
  -3.38497116446593304673e+00
  -3.39782646739681615244e+00
  -3.41109443377475241022e+00
  -3.42477535146508671460e+00
  -3.43886899493806996730e+00
  -3.45337462754865498482e+00
  -3.46829100514356980511e+00
  -3.48361638095256109793e+00
  -3.49934851171609384579e+00
  -3.51548466499753509140e+00
  -3.53202162762361915327e+00
  -3.54895571519372854397e+00
  -3.56628278259548103790e+00
  -3.58399823546138041053e+00
  -3.60209704249927398223e+00
  -3.62057374862789593806e+00
  -3.63942248884724550706e+00
  -3.65863700277301129304e+00
  -3.67821064976420419868e+00
  -3.69813642457257074625e+00
  -3.71840697344379522704e+00
  -3.73901461060060391617e+00
  -3.75995133503959122478e+00
  -3.78120884757502295770e+00
  -3.80277856806471437068e+00
  -3.82465165275524388022e+00
</dep>
<dep S21_dB frequency>
  -6.12259450356055623388e+00
  -6.09024549508305135248e+00
  -6.05764998808945520636e+00
  -6.02481386117941752900e+00
  -5.99174319551224066061e+00
  -5.95844427449225122473e+00
  -5.92492358326836221494e+00
  -5.89118780804502950588e+00
  -5.85724383520172864337e+00
  -5.82309875021885137159e+00
  -5.78875983640732894031e+00
  -5.75423457344047939443e+00
  -5.71953063568614084033e+00
  -5.68465589033778151418e+00
  -5.64961839534347909364e+00
  -5.61442639713198232698e+00
  -5.57908832813533273054e+00
  -5.54361280410798595852e+00
  -5.50800862124249768215e+00
  -5.47228475308250850162e+00
  -5.43645034723367714946e+00
  -5.40051472187410119830e+00
  -5.36448736206575649277e+00
  -5.32837791586896702967e+00
  -5.29219619026259202599e+00
  -5.25595214687260181563e+00
  -5.21965589751243719263e+00
  -5.18331769953901844161e+00
  -5.14694795102836799572e+00
  -5.11055718577573703243e+00
  -5.07415606812524444535e+00
  -5.03775538763456243174e+00
  -5.00136605358075669869e+00
  -4.96499908931387246014e+00
  -4.92866562646506345402e+00
  -4.89237689901693784122e+00
  -4.85614423724402843874e+00
  -4.81997906153169974885e+00
  -4.78389287608259028417e+00
  -4.74789726251975352511e+00
  -4.71200387339646642459e+00
  -4.67622442562290352441e+00
  -4.64057069382036146976e+00
  -4.60505450361428181338e+00
  -4.56968772487732177723e+00
  -4.53448226493481421073e+00
  -4.49945006174434869450e+00
  -4.46460307706250425497e+00
  -4.42995328961147816216e+00
  -4.39551268825870700141e+00
  -4.36129326522303450986e+00
  -4.32730700932094691780e+00
  -4.29356589926678822167e+00
  -4.26008189704068218617e+00
  -4.22686694133832308040e+00
  -4.19393294111651915301e+00
  -4.16129176924857002717e+00
  -4.12895525630337711931e+00
  -4.09693518446201299099e+00
  -4.06524328158544090428e+00
  -4.03389121544673656672e+00
  -4.00289058814074572012e+00
  -3.97225293068403262353e+00
  -3.94198969781730834683e+00
  -3.91211226302195402837e+00
  -3.88263191376207617012e+00
  -3.85355984696250519761e+00
  -3.82490716473262359898e+00
  -3.79668487034513679745e+00
  -3.76890386447818181992e+00
  -3.74157494172806037724e+00
  -3.71470878739902543586e+00
  -3.68831597457577764487e+00
  -3.66240696148279898381e+00
  -3.63699208913399285592e+00
  -3.61208157927452422342e+00
  -3.58768553261590650294e+00
  -3.56381392736378810326e+00
  -3.54047661803672664149e+00
  -3.51768333457289728017e+00
  -3.49544368172028230290e+00
  -3.47376713870430720021e+00
  -3.45266305916584315128e+00
  -3.43214067136039258088e+00
  -3.41220907860863453820e+00
  -3.39287725998618183709e+00
  -3.37415407123949018242e+00
  -3.35604824591308625870e+00
  -3.33856839667204585709e+00
  -3.32172301680179948846e+00
  -3.30552048186636371341e+00
  -3.28996905150431562248e+00
  -3.27507687134071989732e+00
  -3.26085197499161383305e+00
  -3.24730228613656457526e+00
  -3.23443562063362222148e+00
  -3.22225968864943368430e+00
  -3.21078209677678350076e+00
  -3.20001035011007628484e+00
  -3.18995185424902594207e+00
  -3.18061391719934372091e+00
  -3.17200375113879884381e+00
  -3.16412847401624119925e+00
  -3.15699511095059781596e+00
  -3.15061059539616783454e+00
  -3.14498177004082091202e+00
  -3.14011538740262396985e+00
  -3.13601811009101405503e+00
  -3.13269651069828514167e+00
  -3.13015707128761588862e+00
  -3.12840618244382895341e+00
  -3.12745014185398195750e+00
  -3.12729515238516153630e+00
  -3.12794731962787997404e+00
  -3.12941264887428882702e+00
  -3.13169704150180416846e+00
  -3.13480629073366845461e+00
  -3.13874607674987782246e+00
  -3.14352196112325854571e+00
  -3.14913938055770259439e+00
  -3.15560363990704839665e+00
  -3.16291990445610338156e+00
  -3.17109319144699686177e+00
  -3.18012836083720218383e+00
  -3.19003010527801755813e+00
  -3.20080293930561499138e+00
  -3.21245118773950544266e+00
  -3.22497897328714699938e+00
  -3.23839020335642935322e+00
  -3.25268855608173801386e+00
  -3.26787746557307867690e+00
  -3.28396010640158042548e+00
  -3.30093937733910047783e+00
  -3.31881788437323743679e+00
  -3.33759792302430513544e+00
  -3.35728145999412985745e+00
  -3.37787011418190941114e+00
  -3.39936513710626675433e+00
  -3.42176739277739105916e+00
  -3.44507733706764796011e+00
  -3.46929499663334084403e+00
  -3.49441994744508654946e+00
  -3.52045129298811954044e+00
  -3.54738764219865831961e+00
  -3.57522708720589577069e+00
  -3.60396718095382073699e+00
  -3.63360491478021563339e+00
  -3.66413669603408598263e+00
  -3.69555832581591303665e+00
  -3.72786497692824259076e+00
  -3.76105117212649275871e+00
  -3.79511076276286152265e+00
  -3.83003690791765771806e+00
  -3.86582205411439217002e+00
  -3.90245791571618028115e+00
  -3.93993545610192708040e+00
  -3.97824486972120894279e+00
  -4.01737556512675375586e+00
  -4.05731614908332538505e+00
  -4.09805441185055130404e+00
  -4.13957731373645554385e+00
  -4.18187097301628885049e+00
  -4.22492065530957816577e+00
  -4.26871076450523823098e+00
  -4.31322483532197331613e+00
  -4.35844552758771452972e+00
  -4.40435462231758112495e+00
  -4.45093301966641341494e+00
  -4.49816073882644129611e+00
  -4.54601691993644152490e+00
  -4.59447982806285892821e+00
  -4.64352685930815223259e+00
  -4.69313454909536265092e+00
  -4.74327858267183177787e+00
  -4.79393380786850187292e+00
  -4.84507425014427095533e+00
  -4.89667312993813741429e+00
  -4.94870288234431665586e+00
  -5.00113517911837313079e+00
  -5.05394095301447077162e+00
  -5.10709042444613903200e+00
  -5.16055313045505581471e+00
  -5.21429795596375100786e+00
  -5.26829316728040453199e+00
  -5.32250644781484005819e+00
  -5.37690493595653862258e+00
  -5.43145526505683129415e+00
  -5.48612360544829424924e+00
  -5.54087570842579424379e+00
  -5.59567695210454196797e+00
  -5.65049238906136963578e+00
  -5.70528679565680629793e+00
  -5.76002472292621447991e+00
  -5.81467054891942947137e+00
  -5.86918853235980542138e+00
  -5.92354286748443925603e+00
  -5.97769773991950792436e+00
  -6.03161738343593523126e+00
  -6.08526613742337207924e+00
  -6.13860850491252918459e+00
</dep>
<dep S11_dB frequency>
  -7.03598023362544200410e+00
  -7.08602449220426500176e+00
  -7.13696359306932404110e+00
  -7.18881454055003565884e+00
  -7.24159470848977093738e+00
  -7.29532185045578263072e+00
  -7.35001411040672270047e+00
  -7.40569003384926993760e+00
  -7.46236857951807053269e+00
  -7.52006913161560852643e+00
  -7.57881151265202746004e+00
  -7.63861599692770631975e+00
  -7.69950332470514275940e+00
  -7.76149471712025373904e+00
  -7.82461189188742345380e+00
  -7.88887707985691832846e+00
  -7.95431304248814896596e+00
  -8.02094309030727359300e+00
  -8.08879110242355281457e+00
  -8.15788154718459068704e+00
  -8.22823950405749648951e+00
  -8.29989068683020292383e+00
  -8.37286146823463894862e+00
  -8.44717890610241006755e+00
  -8.52287077117278002447e+00
  -8.59996557668254268947e+00
  -8.67849260987881621077e+00
  -8.75848196560747815909e+00
  -8.83996458214327418546e+00
  -8.92297227944174586867e+00
  -9.00753780000913373271e+00
  -9.09369485260312870878e+00
  -9.18147815899672181672e+00
  -9.27092350405751020048e+00
  -9.36206778941788542170e+00
  -9.45494909103656766547e+00
  -9.54960672097888974008e+00
  -9.64608129377429435181e+00
  -9.74441479774247554246e+00
  -9.84465067171688978931e+00
  -9.94683388763506570740e+00
  -1.00510110395109908410e+01
  -1.01572304393549668333e+01
  -1.02655422206626045778e+01
  -1.03759984501572404270e+01
  -1.04886532485396521963e+01
  -1.06035629210770565578e+01
  -1.07207860989507590688e+01
  -1.08403838923793536253e+01
  -1.09624200566452145722e+01
  -1.10869611722750516236e+01
  -1.12140768407654718430e+01
  -1.13438398974028036292e+01
  -1.14763266429045600603e+01
  -1.16116170958138695823e+01
  -1.17497952678086505784e+01
  -1.18909494643506974398e+01
  -1.20351726134014391789e+01
  -1.21825626252749223966e+01
  -1.23332227870949928672e+01
  -1.24872621957793370484e+01
  -1.26447962339984236735e+01
  -1.28059470941662780774e+01
  -1.29708443562262516480e+01
  -1.31396256258164427777e+01
  -1.33124372403592019509e+01
  -1.34894350517418750712e+01
  -1.36707852955758042413e+01
  -1.38566655585751838942e+01
  -1.40472658574362956330e+01
  -1.42427898447803471527e+01
  -1.44434561603224516091e+01
  -1.46494999485396792949e+01
  -1.48611745678439142182e+01
  -1.50787535207689149530e+01
  -1.53025326401345740379e+01
  -1.55328325727892320174e+01
  -1.57700016106483076328e+01
  -1.60144189287237352914e+01
  -1.62664983021703726251e+01
  -1.65266923896979562869e+01
  -1.67954976898575445432e+01
  -1.70734603008152419079e+01
  -1.73611826447564361331e+01
  -1.76593313570032677262e+01
  -1.79686465899661840240e+01
  -1.82899530468611146716e+01
  -1.86241731447734082394e+01
  -1.89723428182081619298e+01
  -1.93356306226918910340e+01
  -1.97153609974833727847e+01
  -2.01130428175215172359e+01
  -2.05304047373618168137e+01
  -2.09694393485259666932e+01
  -2.14324589033535630733e+01
  -2.19221664054978475633e+01
  -2.24417473888170064811e+01
  -2.29949899543514781897e+01
  -2.35864440147648615209e+01
  -2.42216358716430555376e+01
  -2.49073623315015559854e+01
  -2.56521014249068066704e+01
  -2.64665976192819485391e+01
  -2.73647135793468585518e+01
  -2.83646965503752888083e+01
  -2.94910959934367369328e+01
  -3.07776880154506180531e+01
  -3.22718024407614620941e+01
  -3.40396585691913315941e+01
  -3.61661415110078650059e+01
  -3.87032338448532584607e+01
  -4.13131460760761015649e+01
  -4.22605116905595394883e+01
  -4.03770120807605152891e+01
  -3.76686456303531116419e+01
  -3.52591968345926005668e+01
  -3.32547679689756421340e+01
  -3.15761639521687484944e+01
  -3.01441657463014109908e+01
  -2.89001517453257932289e+01
  -2.78024310864536730037e+01
  -2.68210795806068631464e+01
  -2.59341678501700272363e+01
  -2.51252601787651919096e+01
  -2.43817738826080834258e+01
  -2.36938892130701042049e+01
  -2.30538104376750681013e+01
  -2.24552540878874040686e+01
  -2.18930870438334181927e+01
  -2.13630655204608963516e+01
  -2.08616433950669666331e+01
  -2.03858291111555587349e+01
  -1.99330772252946921697e+01
  -1.95012050712713360667e+01
  -1.90883279139454629103e+01
  -1.86928079056741083264e+01
  -1.83132134798936405673e+01
  -1.79482867312858154207e+01
  -1.75969169747306679596e+01
  -1.72581191332311441045e+01
  -1.69310159355892686506e+01
  -1.66148231461716413548e+01
  -1.63088372276175590514e+01
  -1.60124249706742531885e+01
  -1.57250147259220902640e+01
  -1.54460889487309493973e+01
  -1.51751778276076247920e+01
  -1.49118538116413859029e+01
  -1.46557268883014515382e+01
  -1.44064404907816818735e+01
  -1.41636679362067212651e+01
  -1.39271093136309769278e+01
  -1.36964887548886071755e+01
  -1.34715520327385114285e+01
  -1.32520644399803835256e+01
  -1.30378089107416315073e+01
  -1.28285843512973798397e+01
  -1.26242041528554409524e+01
  -1.24244948629303930687e+01
  -1.22292949954094574139e+01
  -1.20384539623134667607e+01
  -1.18518311126827828872e+01
  -1.16692948660552850981e+01
  -1.14907219297226408372e+01
  -1.13159965904019692573e+01
  -1.11450100721935267956e+01
  -1.09776599537433483533e+01
  -1.08138496384247986271e+01
  -1.06534878721194026241e+01
  -1.04964883038348570921e+01
  -1.03427690849641216175e+01
  -1.01922525034775439678e+01
  -1.00448646497629781038e+01
  -9.90053511119404028307e+00
  -9.75919669282578361447e+00
  -9.62078516189396104608e+00
  -9.48523901403603453275e+00
  -9.35249925936411052874e+00
  -9.22250922670602335529e+00
  -9.09521438449355557054e+00
  -8.97056217692205670744e+00
  -8.84850187413148603355e+00
  -8.72898443527315848200e+00
  -8.61196238342542663702e+00
  -8.49738969141154498743e+00
  -8.38522167765202830481e+00
  -8.27541491125548311913e+00
  -8.16792712561570510843e+00
  -8.06271713984056148661e+00
  -7.95974478739031532371e+00
  -7.85897085135033979242e+00
  -7.76035700580578247099e+00
  -7.66386576282540943339e+00
  -7.56946042459699341975e+00
  -7.47710504029025457839e+00
  -7.38676436725278495743e+00
  -7.29840383617289845120e+00
  -7.21198951986897007771e+00
  -7.12748810538858101893e+00
  -7.04486686912348591960e+00
</dep>
<dep d_phase frequency>
  +7.51496904829808158865e+01
  +7.54176859938926895666e+01
  +7.56843815488378766076e+01
  +7.59497293680320808562e+01
  +7.62136816467353810367e+01
  +7.64761905800710621861e+01
  +7.67372083881777911074e+01
  +7.69966873416842645383e+01
  +7.72545797874957713702e+01
  +7.75108381748812576006e+01
  +7.77654150818522680311e+01
  +7.80182632418235755267e+01
  +7.82693355705472697537e+01
  +7.85185851933121057300e+01
  +7.87659654724008930771e+01
  +7.90114300347988205431e+01
  +7.92549328001477562111e+01
  +7.94964280089403132479e+01
  +7.97358702509506258593e+01
  +7.99732144938969611303e+01
  +8.02084161123350725120e+01
  +8.04414309167795806843e+01
  +8.06722151830522022919e+01
  +8.09007256818582050073e+01
  +8.11269197085897815214e+01
  +8.13507551133601793936e+01
  +8.15721903312688993992e+01
  +8.17911844129023677397e+01
  +8.20076970550738195698e+01
  +8.22216886318064155148e+01
  +8.24331202255652328859e+01
  +8.26419536587436596164e+01
  +8.28481515254105715940e+01
  +8.30516772233247309032e+01
  +8.32524949862240362108e+01
  +8.34505699163959206999e+01
  +8.36458680175375093313e+01
  +8.38383562279118450533e+01
  +8.40280024538089946873e+01
  +8.42147756033178609414e+01
  +8.43986456204171133777e+01
  +8.45795835193906668792e+01
  +8.47575614195745572488e+01
  +8.49325525804398324681e+01
  +8.51045314370166181561e+01
  +8.52734736356620715014e+01
  +8.54393560701750089947e+01
  +8.56021569182580606139e+01
  +8.57618556783260146403e+01
  +8.59184332066595288779e+01
  +8.60718717548986091970e+01
  +8.62221550078699152664e+01
  +8.63692681217406743599e+01
  +8.65131977624866408405e+01
  +8.66539321446615815603e+01
  +8.67914610704522999640e+01
  +8.69257759689992326457e+01
  +8.70568699359607194310e+01
  +8.71847377732959216701e+01
  +8.73093760292359064579e+01
  +8.74307830384114765820e+01
  +8.75489589621007127107e+01
  +8.76639058285555421435e+01
  +8.77756275733631667890e+01
  +8.78841300797937350353e+01
  +8.79894212190807252227e+01
  +8.80915108905772541448e+01
  +8.81904110617257117610e+01
  +8.82861358077753521911e+01
  +8.83787013511758630102e+01
  +8.84681261005717232138e+01
  +8.85544306893178685414e+01
  +8.86376380134307311209e+01
  +8.87177732688866029775e+01
  +8.87948639881737591395e+01
  +8.88689400759993191059e+01
  +8.89400338440508022586e+01
  +8.90081800447046020963e+01
  +8.90734159035731636322e+01
  +8.91357811507767934245e+01
  +8.91953180508244400926e+01
  +8.92520714309833920197e+01
  +8.93060887080169294450e+01
  +8.93574199131652875394e+01
  +8.94061177152443917748e+01
  +8.94522374417353489662e+01
  +8.94958370977366826082e+01
  +8.95369773826513579706e+01
  +8.95757217044803013550e+01
  +8.96121361915955532140e+01
  +8.96462897018672748572e+01
  +8.96782538290209032539e+01
  +8.97081029061032637628e+01
  +8.97359140059403443956e+01
  +8.97617669384728884552e+01
  +8.97857442448605382879e+01
  +8.98079311882512314469e+01
  +8.98284157411180075314e+01
  +8.98472885690727309793e+01
  +8.98646430110721610163e+01
  +8.98805750559419749379e+01
  +8.98951833151510015796e+01
  +8.99085689917778694280e+01
  +8.99208358456222072164e+01
  +8.99320901544225961288e+01
  +8.99424406711535482373e+01
  +8.99519985773858650191e+01
  +8.99608774327054163678e+01
  +8.99691931201972181498e+01
  +8.99770637880139361187e+01
  +8.99846097870590995171e+01
  +8.99919536048285237939e+01
  +8.99992197954643557978e+01
  +9.00065349060889019484e+01
  +9.00140273994966122473e+01
  +9.00218275732943737921e+01
  +9.00300674755908403313e+01
  +9.00388808173468788709e+01
  +9.00484028815083803465e+01
  +9.00587704290530837170e+01
  +9.00701216020905377491e+01
  +9.00825958241635760260e+01
  +9.00963336979062745513e+01
  +9.01114769002187898650e+01
  +9.01281680751258562623e+01
  +9.01465507244895150052e+01
  +9.01667690967491211040e+01
  +9.01889680738645438396e+01
  +9.02132930566393866911e+01
  +9.02398898485995459851e+01
  +9.02689045386032944407e+01
  +9.03004833823539598825e+01
  +9.03347726829851325192e+01
  +9.03719186708815414022e+01
  +9.04120673828947332140e+01
  +9.04553645411040747604e+01
  +9.05019554312683141006e+01
  +9.05519847811013818273e+01
  +9.06055966384993354268e+01
  +9.06629342498340378143e+01
  +9.07241399384181193000e+01
  +9.07893549832354551654e+01
  +9.08587194980191412697e+01
  +9.09323723107469277238e+01
  +9.10104508436124177706e+01
  +9.10930909935175776582e+01
  +9.11804270131206351380e+01
  +9.12725913924607965555e+01
  +9.13697147411699859276e+01
  +9.14719256712716628499e+01
  +9.15793506805538157778e+01
  +9.16921140364963207503e+01
  +9.18103376607223822248e+01
  +9.19341410139355303954e+01
  +9.20636409812981924006e+01
  +9.21989517582014741492e+01
  +9.23401847363716967720e+01
  +9.24874483902559205717e+01
  +9.26408481636295562112e+01
  +9.28004863563667754534e+01
  +9.29664620113190380835e+01
  +9.31388708012498511835e+01
  +9.33178049157802149693e+01
  +9.35033529483071390587e+01
  +9.36955997828668500915e+01
  +9.38946264809274708796e+01
  +9.41005101681081015386e+01
  +9.43133239208389113628e+01
  +9.45331366529926953035e+01
  +9.47600130025408873280e+01
  +9.49940132183058381088e+01
  +9.52351930469071845664e+01
  +9.54836036200241551342e+01
  +9.57392913421236215754e+01
  +9.60022977788306519642e+01
  +9.62726595461503933393e+01
  +9.65504082007793869025e+01
  +9.68355701317770467540e+01
  +9.71281664539005618053e+01
  +9.74282129029401602338e+01
  +9.77357197334238350095e+01
  +9.80506916190952608758e+01
  +9.83731275566003802169e+01
  +9.87030207728500386111e+01
  +9.90403586365575563377e+01
  +9.93851225744786717087e+01
  +9.97372879929079374506e+01
  +1.00096824205012268294e+02
  +1.00463694364601181519e+02
  +1.00837855406955682724e+02
  +1.01219257997348563549e+02
  +1.01607846487902918398e+02
  +1.02003558883440604177e+02
  +1.02406326816971869675e+02
  +1.02816075535477551739e+02
  +1.03232723896619688730e+02
  +1.03656184377005700981e+02
  +1.04086363092605694192e+02
  +1.04523159831896293781e+02
  +1.04966468102265992002e+02
</dep>
<dep S31_phase frequency>
  -1.24576059932048096357e+02
  -1.24983923518465203983e+02
  -1.25393791553944609518e+02
  -1.25805665892316639543e+02
  -1.26219547901682062729e+02
  -1.26635438450860689841e+02
  -1.27053337895949098879e+02
  -1.27473246067019118755e+02
  -1.27895162254991490158e+02
  -1.28319085198718113361e+02
  -1.28745013072311763835e+02
  -1.29172943472760636041e+02
  -1.29602873407868628419e+02
  -1.30034799284563320043e+02
  -1.30468716897615621519e+02
  -1.30904621418816134337e+02
  -1.31342507386655995560e+02
  -1.31782368696560240551e+02
  -1.32224198591724501739e+02
  -1.32667989654606259364e+02
  -1.33113733799124474899e+02
  -1.33561422263621949469e+02
  -1.34011045604645232743e+02
  -1.34462593691600716284e+02
  -1.34916055702343157918e+02
  -1.35371420119756692202e+02
  -1.35828674729386875697e+02
  -1.36287806618184390572e+02
  -1.36748802174421030031e+02
  -1.37211647088838304853e+02
  -1.37676326357089465091e+02
  -1.38142824283535418317e+02
  -1.38611124486455082661e+02
  -1.39081209904728524407e+02
  -1.39553062806051883626e+02
  -1.40026664796741982855e+02
  -1.40501996833184136904e+02
  -1.40979039234979069306e+02
  -1.41457771699839383928e+02
  -1.41938173320285102363e+02
  -1.42420222602184225025e+02
  -1.42903897485182000082e+02
  -1.43389175365057894851e+02
  -1.43876033118046194659e+02
  -1.44364447127151748873e+02
  -1.44854393310487068902e+02
  -1.45345847151653003948e+02
  -1.45838783732179365416e+02
  -1.46333177766034083334e+02
  -1.46829003636208028638e+02
  -1.47326235433370754890e+02
  -1.47824846996588036063e+02
  -1.48324811956085767406e+02
  -1.48826103778034337211e+02
  -1.49328695811321637166e+02
  -1.49832561336274295627e+02
  -1.50337673615276344208e+02
  -1.50844005945228616383e+02
  -1.51351531711779813349e+02
  -1.51860224445252697478e+02
  -1.52370057878178812416e+02
  -1.52881006004345067595e+02
  -1.53393043139245321527e+02
  -1.53906143981820747513e+02
  -1.54420283677362647268e+02
  -1.54935437881439952434e+02
  -1.55451582824705383246e+02
  -1.55968695378422893327e+02
  -1.56486753120549906271e+02
  -1.57005734402197276722e+02
  -1.57525618414281780133e+02
  -1.58046385254175106638e+02
  -1.58568015992145973314e+02
  -1.59090492737382277255e+02
  -1.59613798703373845456e+02
  -1.60137918272426361455e+02
  -1.60662837059073041246e+02
  -1.61188541972142417080e+02
  -1.61715021275235358189e+02
  -1.62242264645360990016e+02
  -1.62770263229474807076e+02
  -1.63299009698661876655e+02
  -1.63828498299703568364e+02
  -1.64358724903766727721e+02
  -1.64889687051953160335e+02
  -1.65421383997448060654e+02
  -1.65953816744009515105e+02
  -1.66486988080542403168e+02
  -1.67020902611505761115e+02
  -1.67555566782908812229e+02
  -1.68090988903655443210e+02
  -1.68627179162009184665e+02
  -1.69164149636955073674e+02
  -1.69701914304250919940e+02
  -1.70240489036969023573e+02
  -1.70779891600344200242e+02
  -1.71320141640759544543e+02
  -1.71861260668715402744e+02
  -1.72403272035647773919e+02
  -1.72946200904476995674e+02
  -1.73490074213791132252e+02
  -1.74034920635587667448e+02
  -1.74580770526519103214e+02
  -1.75127655872612365329e+02
  -1.75675610227456274970e+02
  -1.76224668643873968676e+02
  -1.76774867599127134099e+02
  -1.77326244913722149477e+02
  -1.77878839663916835434e+02
  -1.78432692088054665192e+02
  -1.78987843486880677801e+02
  -1.79544336118021618631e+02
  -1.80102213084842986746e+02
  -1.80661518219920850470e+02
  -1.81222295963398806862e+02
  -1.81784591236524732949e+02
  -1.82348449310691648861e+02
  -1.82913915672333530438e+02
  -1.83481035884052175788e+02
  -1.84049855442377548798e+02
  -1.84620419632587186243e+02
  -1.85192773381033077840e+02
  -1.85766961105446995361e+02
  -1.86343026563712271582e+02
  -1.86921012701611061857e+02
  -1.87500961500070189913e+02
  -1.88082913822443259733e+02
  -1.88666909262378027279e+02
  -1.89252985992829593442e+02
  -1.89841180616783020696e+02
  -1.90431528020258440392e+02
  -1.91024061228168818616e+02
  -1.91618811263604101214e+02
  -1.92215807011107472135e+02
  -1.92815075084506844405e+02
  -1.93416639699852424883e+02
  -1.94020522554000734772e+02
  -1.94626742709368500073e+02
  -1.95235316485363313177e+02
  -1.95846257356975854691e+02
  -1.96459575860994618779e+02
  -1.97075279510277766803e+02
  -1.97693372716487033358e+02
  -1.98313856721657117532e+02
  -1.98936729538939033546e+02
  -1.99561985902820282490e+02
  -2.00189617229084404926e+02
  -2.00819611584734047938e+02
  -2.01451953668056830793e+02
  -2.02086624798973133466e+02
  -2.02723602919754284812e+02
  -2.03362862606161343138e+02
  -2.04004375089001172228e+02
  -2.04648108286052803351e+02
  -2.05294026844270405263e+02
  -2.05942092192121663174e+02
  -2.06592262601872789674e+02
  -2.07244493261588132782e+02
  -2.07898736356566814720e+02
  -2.08554941159896088720e+02
  -2.09213054131759861320e+02
  -2.09873019027101804568e+02
  -2.10534777011206728048e+02
  -2.11198266782726392421e+02
  -2.11863424703649002367e+02
  -2.12530184935679812952e+02
  -2.13198479582475243888e+02
  -2.13868238837153285203e+02
  -2.14539391134481661538e+02
  -2.15211863307132858836e+02
  -2.15885580745382014811e+02
  -2.16560467559618246014e+02
  -2.17236446745034328387e+02
  -2.17913440347861950386e+02
  -2.18591369632521292488e+02
  -2.19270155249063179781e+02
  -2.19949717400291149261e+02
  -2.20629976007966405405e+02
  -2.21310850877514837975e+02
  -2.21992261860677075447e+02
  -2.22674129015563238454e+02
  -2.23356372763603417297e+02
  -2.24038914042908544388e+02
  -2.24721674457590296470e+02
  -2.25404576422617225262e+02
  -2.26087543303819529683e+02
  -2.26770499552687994083e+02
  -2.27453370835648911452e+02
  -2.28136084157531257688e+02
  -2.28818567978980325961e+02
  -2.29500752327606079461e+02
  -2.30182568902692622714e+02
  -2.30863951173329610356e+02
  -2.31544834469860631998e+02
  -2.32225156068579821067e+02
  -2.32904855269638119353e+02
  -2.33583873468154081365e+02
  -2.34262154218553718010e+02
  -2.34939643292192613444e+02
  -2.35616288728338872716e+02
</dep>
<dep S21_phase frequency>
  -4.94263694490672875759e+01
  -4.95662375245725073114e+01
  -4.97094100051067329105e+01
  -4.98559365242845586863e+01
  -5.00058662549466816927e+01
  -5.01592478707896205492e+01
  -5.03161295077713077717e+01
  -5.04765587253348613217e+01
  -5.06405824674957116827e+01
  -5.08082470238368486548e+01
  -5.09795979904594886989e+01
  -5.11546802309370605144e+01
  -5.13335378373213586656e+01
  -5.15162140912512214186e+01
  -5.17027514252147213369e+01
  -5.18931913840173137942e+01
  -5.20875745865082393493e+01
  -5.22859406876199273029e+01
  -5.24883283407738829851e+01
  -5.26947751607092982340e+01
  -5.29053176867893952817e+01
  -5.31199913468423687846e+01
  -5.33388304215930233454e+01
  -5.35618680097425183817e+01
  -5.37891359937533763969e+01
  -5.40206650063965128084e+01
  -5.42564843981179691923e+01
  -5.44966222052820157273e+01
  -5.47411051193472104615e+01
  -5.49899584570318964438e+01
  -5.52432061315242322053e+01
  -5.55008706247917658061e+01
  -5.57629729610445181720e+01
  -5.60295326814037863983e+01
  -5.63005678198278545210e+01
  -5.65760948803460550494e+01
  -5.68561288156466204669e+01
  -5.71406830070672313582e+01
  -5.74297692460303892403e+01
  -5.77233977169672343166e+01
  -5.80215769817671045416e+01
  -5.83243139657913332030e+01
  -5.86316139454833304967e+01
  -5.89434805376063621907e+01
  -5.92599156901351236115e+01
  -5.95809196748249974007e+01
  -5.99064910814779949533e+01
  -6.02366268139213048016e+01
  -6.05713220877080686932e+01
  -6.09105704295484926547e+01
  -6.12543636784721385879e+01
  -6.16026919887181207969e+01
  -6.19555438343451001515e+01
  -6.23129060155476892646e+01
  -6.26747636666600485000e+01
  -6.30411002658219885575e+01
  -6.34118976462771186675e+01
  -6.37871360092678969522e+01
  -6.41667939384838916794e+01
  -6.45508484160167910204e+01
  -6.49392748397673358340e+01
  -6.53320470422443548841e+01
  -6.57291373106897793832e+01
  -6.61305164084575807237e+01
  -6.65361535975689122324e+01
  -6.69460166623592272117e+01
  -6.73600719341281291008e+01
  -6.77782843166971815663e+01
  -6.82006173127745540796e+01
  -6.86270330510214137121e+01
  -6.90574923137100569193e+01
  -6.94919545648572380969e+01
  -6.99303779787152421932e+01
  -7.03727194684956742776e+01
  -7.08189347152000863161e+01
  -7.12689781964270423487e+01
  -7.17228032150222389873e+01
  -7.21803619274378149839e+01
  -7.26416053716621945568e+01
  -7.31064834945841965919e+01
  -7.35749451786503669837e+01
  -7.40469382676784846353e+01
  -7.45224095916866389189e+01
  -7.50013049906014401813e+01
  -7.54835693367087685601e+01
  -7.59691465557127116881e+01
  -7.64579796462728324968e+01
  -7.69500106978910451971e+01
  -7.74451809070254597600e+01
  -7.79434305913132590149e+01
  -7.84446992017881683523e+01
  -7.89489253329882814114e+01
  -7.94560467308518099117e+01
  -7.99660002983105755447e+01
  -8.04787220984961351178e+01
  -8.09941473554836619542e+01
  -8.15122104525083130966e+01
  -8.20328449275973952126e+01
  -8.25559834665750429394e+01
  -8.30815578934048346582e+01
  -8.36094991578491573136e+01
  -8.41397373204366658683e+01
  -8.46722015347412337860e+01
  -8.52068200269901581123e+01
  -8.57435200730336788411e+01
  -8.62822279727204204391e+01
  -8.68228690217412690799e+01
  -8.73653674810167331088e+01
  -8.79096465437196172843e+01
  -8.84556283000407290729e+01
  -8.90032336998215782842e+01
  -8.95523825131930948373e+01
  -9.01029932893786309478e+01
  -9.06549833138319485215e+01
  -9.12082685639021946145e+01
  -9.17627636632303591568e+01
  -9.23183818351008085301e+01
  -9.28750348549866515668e+01
  -9.34326330025437954419e+01
  -9.39910850133244650806e+01
  -9.45502980304966484937e+01
  -9.51101775568695018137e+01
  -9.56706274075407208102e+01
  -9.62315496634934817166e+01
  -9.67928446264852055947e+01
  -9.73544107755806749083e+01
  -9.79161447256941386286e+01
  -9.84779411885134834392e+01
  -9.90396929361902067512e+01
  -9.96012907681834747109e+01
  -1.00162623481655145952e+02
  -1.00723577845814858733e+02
  -1.01284038580618968695e+02
  -1.01843888340225930733e+02
  -1.02403007701612111191e+02
  -1.02961275158748350123e+02
  -1.03518567122732420671e+02
  -1.04074757928267118245e+02
  -1.04629719846863977750e+02
  -1.05183323107141816877e+02
  -1.05735435922576499479e+02
  -1.06285924527042311638e+02
  -1.06834653218467892088e+02
  -1.07381484410910189808e+02
  -1.07926278695326615775e+02
  -1.08468894909302704832e+02
  -1.09009190215963769788e+02
  -1.09547020192273251382e+02
  -1.10082238926886844865e+02
  -1.10614699127701470616e+02
  -1.11144252239200469035e+02
  -1.11670748569665022387e+02
  -1.12194037428278790003e+02
  -1.12713967272117272955e+02
  -1.13230385862972212863e+02
  -1.13743140433920189025e+02
  -1.14252077865501092901e+02
  -1.14757044871332212210e+02
  -1.15257888192937258509e+02
  -1.15754454803529313267e+02
  -1.16246592120440823237e+02
  -1.16734148225851953384e+02
  -1.17216972095426513079e+02
  -1.17694913834419253362e+02
  -1.18167824920782152276e+02
  -1.18635558454752342072e+02
  -1.19097969414367142349e+02
  -1.19554914916314373841e+02
  -1.20006254481488966235e+02
  -1.20451850304591971508e+02
  -1.20891567527076176702e+02
  -1.21325274512711061448e+02
  -1.21752843125010173253e+02
  -1.22174149005738328810e+02
  -1.22589071853690640523e+02
  -1.22997495702912786442e+02
  -1.23399309199511762358e+02
  -1.23794405876189358651e+02
  -1.24182684423614276170e+02
  -1.24564048957736915213e+02
  -1.24938409282139403444e+02
  -1.25305681144508156422e+02
  -1.25665786486308164172e+02
  -1.26018653684740257859e+02
  -1.26364217786059668924e+02
  -1.26702420729340857974e+02
  -1.27033211559780056632e+02
  -1.27356546630636643158e+02
  -1.27672389792930076169e+02
  -1.27980712572024643237e+02
  -1.28281494330257515912e+02
  -1.28574722414789704317e+02
  -1.28860392289889006179e+02
  -1.29138507652888762323e+02
  -1.29409080533102269328e+02
  -1.29672131373018430622e+02
  -1.29927689091148380385e+02
  -1.30175791125948023819e+02
  -1.30416483460296319663e+02
  -1.30649820626072880714e+02
</dep>
<dep S[3,3] frequency>
  -2.81648191092020216963e-01+j3.44317194752663202628e-01
  -2.78176337140812635074e-01+j3.43847134781947949556e-01
  -2.74690137765804198722e-01+j3.43332611850262314768e-01
  -2.71190212945904729480e-01+j3.42773005260279484130e-01
  -2.67677204006801838787e-01+j3.42167701507978760933e-01
  -2.64151773721371774251e-01+j3.41516095045174661315e-01
  -2.60614606382887137315e-01+j3.40817589060995185246e-01
  -2.57066407849492639670e-01+j3.40071596281564691999e-01
  -2.53507905558398249912e-01+j3.39277539787040782748e-01
  -2.49939848508267559168e-01+j3.38434853845054228749e-01
  -2.46363007208237783097e-01+j3.37542984759492015190e-01
  -2.42778173592064355768e-01+j3.36601391733450661103e-01
  -2.39186160895862615083e-01+j3.35609547745075342817e-01
  -2.35587803497965181387e-01+j3.34566940434886550548e-01
  -2.31983956719434558646e-01+j3.33473073003064557351e-01
  -2.28375496583814147078e-01+j3.32327465115056674971e-01
  -2.24763319534743072348e-01+j3.31129653813734881052e-01
  -2.21148342110126877591e-01+j3.29879194436218492470e-01
  -2.17531500571607999683e-01+j3.28575661533339669074e-01
  -2.13913750488170878450e-01+j3.27218649789616955470e-01
  -2.10296066272787018914e-01+j3.25807774941469840968e-01
  -2.06679440671110159489e-01+j3.24342674691279198029e-01
  -2.03064884201339224123e-01+j3.22823009614797873379e-01
  -1.99453424544476093372e-01+j3.21248464059269323023e-01
  -1.95846105884334820146e-01+j3.19618747029519700842e-01
  -1.92243988196807769064e-01+j3.17933593059166519357e-01
  -1.88648146488026080547e-01+j3.16192763063989523697e-01
  -1.85059669981235241920e-01+j3.14396045174398841571e-01
  -1.81479661252354151912e-01+j3.12543255543862530388e-01
  -1.77909235314388236571e-01+j3.10634239130054223832e-01
  -1.74349518651058132956e-01+j3.08668870445415577386e-01
  -1.70801648200194666760e-01+j3.06647054273771535460e-01
  -1.67266770287683996798e-01+j3.04568726349564777856e-01
  -1.63746039512961932827e-01+j3.02433853996260659791e-01
  -1.60240617587282890844e-01+j3.00242436720428551578e-01
  -1.56751672126237001637e-01+j2.97994506757996879820e-01
  -1.53280375398240964468e-01+j2.95690129569193549397e-01
  -1.49827903030963993647e-01+j2.93329404278693806063e-01
  -1.46395432677934700383e-01+j2.90912464057530684158e-01
  -1.42984142647814060911e-01+j2.88439476443392073257e-01
  -1.39595210499107585944e-01+j2.85910643595997882027e-01
  -1.36229811603341299797e-01+j2.83326202484337041909e-01
  -1.32889117680011770162e-01+j2.80686425002673212159e-01
  -1.29574295306875697520e-01+j2.77991618012352559308e-01
  -1.26286504409409472416e-01+j2.75242123306617125778e-01
  -1.23026896733549800933e-01+j2.72438317495790061074e-01
  -1.19796614306052678911e-01+j2.69580611810420756047e-01
  -1.16596787887073838341e-01+j2.66669451820183700530e-01
  -1.13428535419816567398e-01+j2.63705317066589339792e-01
  -1.10292960482296753533e-01+j2.60688720607810009433e-01
  -1.07191150746501540070e-01+j2.57620208474241718655e-01
  -1.04124176450426375595e-01+j2.54500359033711542889e-01
  -1.01093088888624810240e-01+j2.51329782265578172140e-01
  -9.80989189270952688382e-02+j2.48109118943332512819e-01
  -9.51426755484491570858e-02+j2.44839039725657625635e-01
  -9.22253444334331928811e-02+j2.41520244156309155104e-01
  -8.93478865849616221695e-02+j2.38153459573574977082e-01
  -8.65112370008858377890e-02+j2.34739439930478938079e-01
  -8.37163034017595064640e-02+j2.31278964527341479585e-01
  -8.09639650198745453036e-02+j2.27772836658735933213e-01
  -7.82550714558129800746e-02+j2.24221882177326581331e-01
  -7.55904416087085639919e-02+j2.20626947977539733525e-01
  -7.29708626863202758361e-02+j2.16988900402473428031e-01
  -7.03970893009130405105e-02+j2.13308623577900396961e-01
  -6.78698426567580781477e-02+j2.09587017677703352225e-01
  -6.53898098349081635661e-02+j2.05824997125509973062e-01
  -6.29576431806561365168e-02+j2.02023488737768486256e-01
  -6.05739597988238509529e-02+j1.98183429813931027974e-01
  -5.82393411617479483944e-02+j1.94305766179851319153e-01
  -5.59543328344916934824e-02+j1.90391450190912553397e-01
  -5.37194443214438210887e-02+j1.86441438701801937006e-01
  -5.15351490380738241903e-02+j1.82456691010235261263e-01
  -4.94018844111940302888e-02+j1.78438166782273505140e-01
  -4.73200521105985871806e-02+j1.74386823967227544419e-01
  -4.52900184144883755089e-02+j1.70303616710430899550e-01
  -4.33121147105541837163e-02+j1.66189493272452970540e-01
  -4.13866381340631805941e-02+j1.62045393963557077255e-01
  -3.95138523437297828345e-02+j1.57872249102412015587e-01
  -3.76939884355623200385e-02+j1.53670977008262849006e-01
  -3.59272459942794331056e-02+j1.49442482035864104839e-01
  -3.42137942812718587327e-02+j1.45187652662612992627e-01
  -3.25537735574502051783e-02+j1.40907359637346157877e-01
  -3.09472965386802800758e-02+j1.36602454200296291598e-01
  -2.93944499808516113148e-02+j1.32273766383663171631e-01
  -2.78952963909841478163e-02+j1.27922103402186626564e-01
  -2.64498758600990035994e-02+j1.23548248142995392707e-01
  -2.50582080129427287041e-02+j1.19152957763833375338e-01
  -2.37202940689866803581e-02+j1.14736962408572451544e-01
  -2.24361190084939599032e-02+j1.10300964048664879025e-01
  -2.12056538367922930988e-02+j1.05845635458881634494e-01
  -2.00288579392755017317e-02+j1.01371619335378942983e-01
  -1.89056815190547511385e-02+j9.68795275636995800728e-02
  -1.78360681085706906934e-02+j9.23699406439546788494e-02
  -1.68199571459291541409e-02+j8.78434072799054027625e-02
  -1.58572866061593154008e-02+j8.33004441382016180828e-02
  -1.49479956770777189234e-02+j7.87415357834617968269e-02
  -1.40920274689483870922e-02+j7.41671347943018977045e-02
  -1.32893317466661886606e-02+j6.95776620648051874474e-02
  -1.25398676727542235376e-02+j6.49735072952493941667e-02
  -1.18436065490838404735e-02+j6.03550296752330267536e-02
  -1.12005345448454307622e-02+j5.57225587616073103625e-02
  -1.06106553980043205598e-02+j5.10763955528634877590e-02
  -1.00739930771814867327e-02+j4.64168137608446662590e-02
  -9.59059439066711760802e-03+j4.17440612798362989389e-02
  -9.16053152908791190612e-03+j3.70583618522379032445e-02
  -8.78390452811550481726e-03+j3.23599169291827401529e-02
  -8.46084363749566303881e-03+j2.76489077235506780506e-02
  -8.19151158265329915054e-03+j2.29254974519442003555e-02
  -7.97610570513196392994e-03+j1.81898337612600470570e-02
  -7.81485996820768802351e-03+j1.34420513345536538768e-02
  -7.70804681413272962942e-03+j8.68227466994065527617e-03
  -7.65597885966107227773e-03+j3.91062102533072317168e-03
  -7.65901041675870475345e-03-j8.72796479202540072435e-04
  -7.71753882571096783138e-03-j5.66786561054631078671e-03
  -7.83200558822566561545e-03-j1.04744716333096243160e-02
  -8.00289728858305515757e-03-j1.52924937932975082977e-02
  -8.23074629139436408920e-03-j2.01218016857512733975e-02
  -8.51613120513045052107e-03-j2.49622515213518622601e-02
  -8.85967710125323826276e-03-j2.98136823039088748322e-02
  -9.26205547950953445024e-03-j3.46759119345700431158e-02
  -9.72398397077983700498e-03-j3.95487332582670284009e-02
  -1.02462257697569780746e-02-j4.44319100689519186353e-02
  -1.08295887907140508943e-02-j4.93251730909985489082e-02
  -1.14749245406591260377e-02-j5.42282159548841125041e-02
  -1.21831267053063019290e-02-j5.91406911859918144048e-02
  -1.29551294444985587440e-02-j6.40622062260052804739e-02
  -1.37919053949877579157e-02-j6.89923195069482575459e-02
  -1.46944633798244961298e-02-j7.39305365984175427707e-02
  -1.56638458250344392297e-02-j7.88763064489837878446e-02
  -1.67011258857309718984e-02-j8.38290177430330019082e-02
  -1.78074042853427205735e-02-j8.87879953945735211907e-02
  -1.89838058732519909810e-02-j9.37524971996135103591e-02
  -2.02314759077451000735e-02-j9.87217106687399842402e-02
  -2.15515760728682281844e-02-j1.03694750061373630601e-01
  -2.29452802394890520432e-02-j1.08670653642932893423e-01
  -2.44137699825579534973e-02-j1.13648381185739472121e-01
  -2.59582298683214141022e-02-j1.18626811733948470118e-01
  -2.75798425269451197295e-02-j1.23604741652106761562e-01
  -2.92797835277050499947e-02-j1.28580882976097765624e-01
  -3.10592160755922552795e-02-j1.33553862084236252272e-01
  -3.29192855497795200392e-02-j1.38522218705126376470e-01
  -3.48611139059820662744e-02-j1.43484405277585991278e-01
  -3.68857939662138312187e-02-j1.48438786676482109561e-01
  -3.89943836208433980417e-02-j1.53383640316708314000e-01
  -4.11878999691164815466e-02-j1.58317156645778694957e-01
  -4.34673134254891513351e-02-j1.63237440033617065005e-01
  -4.58335418201102906544e-02-j1.68142510066084160947e-01
  -4.82874445226528781205e-02-j1.73030303246658884175e-01
  -5.08298166193760225795e-02-j1.77898675108413811818e-01
  -5.34613831738055544918e-02-j1.82745402736107342978e-01
  -5.61827936016943141340e-02-j1.87568187695756505295e-01
  -5.89946161910584465637e-02-j1.92364659366624696224e-01
  -6.18973327979165377499e-02-j1.97132378667996155386e-01
  -6.48913337480313268113e-02-j2.01868842170593754126e-01
  -6.79769129743710287528e-02-j2.06571486579968738306e-01
  -7.11542634191923151210e-02-j2.11237693576677931784e-01
  -7.44234727286021136017e-02-j2.15864794995603320737e-01
  -7.77845192661752449226e-02-j2.20450078324404774577e-01
  -8.12372684707212411315e-02-j2.24990792498791170040e-01
  -8.47814695815582997085e-02-j2.29484153970154591828e-01
  -8.84167527527387475672e-02-j2.33927353019072137297e-01
  -9.21426265755480866648e-02-j2.38317560286337271069e-01
  -9.59584760263155478466e-02-j2.42651933491524918196e-01
  -9.98635608540971719815e-02-j2.46927624307600401821e-01
  -1.03857014420216053896e-01-j2.51141785358888425250e-01
  -1.07937842998932692629e-01-j2.55291577308672412716e-01
  -1.12104925545684408483e-01-j2.59374176001974321437e-01
  -1.16357013936505604423e-01-j2.63386779628546119358e-01
  -1.20692733679270025604e-01-j2.67326615870903006034e-01
  -1.25110585094521026273e-01-j2.71190949002239722887e-01
  -1.29608944960686478520e-01-j2.74977086899416911514e-01
  -1.34186068615646636459e-01-j2.78682387936761255531e-01
  -1.38840092503775075494e-01-j2.82304267727273461297e-01
  -1.43569037154892609198e-01-j2.85840205678950076695e-01
  -1.48370810578957429415e-01-j2.89287751335247644846e-01
  -1.53243212057875805021e-01-j2.92644530470297314917e-01
  -1.58183936313542050645e-01-j2.95908250911261605509e-01
  -1.63190578029095312296e-01-j2.99076708062202267779e-01
  -1.68260636698518845078e-01-j3.02147790105958380380e-01
  -1.73391521778001933551e-01-j3.05119482862868496298e-01
  -1.78580558111059439774e-01-j3.07989874287539988629e-01
  -1.83824991598197512443e-01-j3.10757158587445292408e-01
  -1.89121995080937244094e-01-j3.13419639949680473023e-01
  -1.94468674409336794717e-01-j3.15975735864892970373e-01
  -1.99862074661651845098e-01-j3.18423980040033582917e-01
  -2.05299186484603823910e-01-j3.20763024894277992694e-01
  -2.10776952522738869611e-01-j3.22991643635066327800e-01
  -2.16292273905637294495e-01-j3.25108731913831716653e-01
  -2.21842016762231780680e-01-j3.27113309063479407168e-01
  -2.27423018732205717285e-01-j3.29004518922099142841e-01
  -2.33032095445348780283e-01-j3.30781630249705638214e-01
  -2.38666046940840453905e-01-j3.32444036746979976193e-01
  -2.44321663999709420834e-01-j3.33991256687000415138e-01
  -2.49995734365103472463e-01-j3.35422932172848908827e-01
  -2.55685048826563121604e-01-j3.36738828035665904714e-01
  -2.61386407146141197533e-01-j3.37938830389267808041e-01
  -2.67096623805936461693e-01-j3.39022944858797414813e-01
  -2.72812533558440262205e-01-j3.39991294502028362778e-01
  -2.78530996762948290790e-01-j3.40844117442946514807e-01
  -2.84248904493175746921e-01-j3.41581764238011897916e-01
</dep>
<dep S[3,1] frequency>
  -3.67726783703377635426e-01-j5.33527115785747296783e-01
  -3.72069240752878283018e-01-j5.31687400606967841554e-01
  -3.76420914377932569472e-01-j5.29797250900327476586e-01
  -3.80781145076539873084e-01-j5.27856048054851534346e-01
  -3.85149251829563055161e-01-j5.25863180713747158102e-01
  -3.89524531997695433461e-01-j5.23818045536942111795e-01
  -3.93906261245581701402e-01-j5.21720047982596746294e-01
  -3.98293693494623624041e-01-j5.19568603106841275796e-01
  -4.02686060906019771544e-01-j5.17363136380889931942e-01
  -4.07082573895559018951e-01-j5.15103084524582310877e-01
  -4.11482421181734836502e-01-j5.12787896355291761274e-01
  -4.15884769868681725136e-01-j5.10417033651029861119e-01
  -4.20288765565465849416e-01-j5.07989972026462677235e-01
  -4.24693532543206853092e-01-j5.05506201820439260430e-01
  -4.29098173931492521405e-01-j5.02965228993508595146e-01
  -4.33501771955502435141e-01-j5.00366576033784093980e-01
  -4.37903388215213518198e-01-j4.97709782869390771065e-01
  -4.42302064007996986739e-01-j4.94994407785604662031e-01
  -4.46696820695859531103e-01-j4.92220028344668103504e-01
  -4.51086660118493965044e-01-j4.89386242306142693614e-01
  -4.55470565053236686737e-01-j4.86492668545537187974e-01
  -4.59847499722915220577e-01-j4.83538947968813748179e-01
  -4.64216410352472130807e-01-j4.80524744420279037449e-01
  -4.68576225775137023000e-01-j4.77449745581220330592e-01
  -4.72925858088786899014e-01-j4.74313663856547496067e-01
  -4.77264203362990246937e-01-j4.71116237246592128862e-01
  -4.81590142397100073879e-01-j4.67857230201106588652e-01
  -4.85902541529565856759e-01-j4.64536434452398672157e-01
  -4.90200253498505211791e-01-j4.61153669824466649896e-01
  -4.94482118353358535146e-01-j4.57708785014895980225e-01
  -4.98746964417263405345e-01-j4.54201658346212622241e-01
  -5.02993609299600352713e-01-j4.50632198483334078798e-01
  -5.07220860957926844570e-01-j4.47000345113683583698e-01
  -5.11427518808292180807e-01-j4.43306069586520190562e-01
  -5.15612374882716273383e-01-j4.39549375507995609969e-01
  -5.19774215032353992250e-01-j4.35730299288427658233e-01
  -5.23911820174613795942e-01-j4.31848910638314986699e-01
  -5.28023967582280095989e-01-j4.27905313009605214880e-01
  -5.32109432212381938676e-01-j4.23899643978781881515e-01
  -5.36166988072326544668e-01-j4.19832075568387974585e-01
  -5.40195409620524147343e-01-j4.15702814503688233838e-01
  -5.44193473198479216180e-01-j4.11512102401244916905e-01
  -5.48159958491033494354e-01-j4.07260215886321330636e-01
  -5.52093650011198699978e-01-j4.02947466636147610952e-01
  -5.55993338605745401892e-01-j3.98574201346251211220e-01
  -5.59857822977435581890e-01-j3.94140801617222535924e-01
  -5.63685911219564905750e-01-j3.89647683759505703005e-01
  -5.67476422358204501961e-01-j3.85095298514005146551e-01
  -5.71228187897298012032e-01-j3.80484130686576271785e-01
  -5.74940053361570280188e-01-j3.75814698694695858983e-01
  -5.78610879831955693398e-01-j3.71087554024941090880e-01
  -5.82239545468073660395e-01-j3.66303280600186742522e-01
  -5.85824947012111296729e-01-j3.61462494055768746026e-01
  -5.89366001268287531545e-01-j3.56565840924224997099e-01
  -5.92861646551951393391e-01-j3.51613997728572491575e-01
  -5.96310844102248549525e-01-j3.46607669984484334513e-01
  -5.99712579452189809004e-01-j3.41547591112131676550e-01
  -6.03065863749900232804e-01-j3.36434521258847762937e-01
  -6.06369735024785860844e-01-j3.31269246034239572829e-01
  -6.09623259392344296614e-01-j3.26052575159781754532e-01
  -6.12825532191371924462e-01-j3.20785341035381976749e-01
  -6.15975679047372048913e-01-j3.15468397225872498879e-01
  -6.19072856856065278919e-01-j3.10102616870835068319e-01
  -6.22116254680996849658e-01-j3.04688891021617169752e-01
  -6.25105094559441187840e-01-j2.99228126909878211492e-01
  -6.28038632210931146993e-01-j2.93721246152438775212e-01
  -6.30916157643019781531e-01-j2.88169182897675013599e-01
  -6.33736995649108680873e-01-j2.82572881919127383288e-01
  -6.36500506193493853502e-01-j2.76933296662433492408e-01
  -6.39206084679083685884e-01-j2.71251387252104181336e-01
  -6.41853162093633966556e-01-j2.65528118465059748132e-01
  -6.44441205030732433556e-01-j2.59764457678236249105e-01
  -6.46969715582173865442e-01-j2.53961372797904316734e-01
  -6.49438231098861673551e-01-j2.48119830178698014267e-01
  -6.51846323817819373048e-01-j2.42240792540640570429e-01
  -6.54193600353447868301e-01-j2.36325216892740219699e-01
  -6.56479701051672082102e-01-j2.30374052471963630673e-01
  -6.58704299206202215089e-01-j2.24388238706598658334e-01
  -6.60867100136713458980e-01-j2.18368703213218301462e-01
  -6.62967840129353835898e-01-j2.12316359836547008388e-01
  -6.65006285240595351738e-01-j2.06232106741676607387e-01
  -6.66982229966097683871e-01-j2.00116824568094042736e-01
  -6.68895495776870241400e-01-j1.93971374655024286771e-01
  -6.70745929525698780793e-01-j1.87796597347544308443e-01
  -6.72533401727417490257e-01-j1.81593310392860973757e-01
  -6.74257804717309783271e-01-j1.75362307436030900876e-01
  -6.75919050692543210701e-01-j1.69104356624225987682e-01
  -6.77517069642216696046e-01-j1.62820199328460091248e-01
  -6.79051807172224686227e-01-j1.56510548991433906529e-01
  -6.80523222231804281179e-01-j1.50176090109845533638e-01
  -6.81931284749235810949e-01-j1.43817477359220374789e-01
  -6.83275973184779505942e-01-j1.37435334868861475099e-01
  -6.84557272009531869728e-01-j1.31030255654181831959e-01
  -6.85775169119441918575e-01-j1.24602801213133967950e-01
  -6.86929653194289335794e-01-j1.18153501293003670991e-01
  -6.88020711011931296319e-01-j1.11682853833255407716e-01
  -6.89048324728638972303e-01-j1.05191325089541917737e-01
  -6.90012469136787043311e-01-j9.86793499433780835206e-02
  -6.90913108911606954621e-01-j9.21473324012961197971e-02
  -6.91750195859099914486e-01-j8.55956462866343525953e-02
  -6.92523666177569441338e-01-j7.90246361263685082044e-02
  -6.93233437745553127129e-01-j7.24346182346420064402e-02
  -6.93879407449198959412e-01-j6.58258819938708911179e-02
  -6.94461448562388117267e-01-j5.91986913334839465195e-02
  -6.94979408193078573852e-01-j5.25532864055036214035e-02
  -6.95433104809482838249e-01-j4.58898854553474594420e-02
  -6.95822325859795975944e-01-j3.92086868852942888042e-02
  -6.96146825499226018508e-01-j3.25098715071972729773e-02
  -6.96406322438060221280e-01-j2.57936049800809585886e-02
  -6.96600497924433126329e-01-j1.90600404273276458067e-02
  -6.96728993875335267383e-01-j1.23093212272026159004e-02
  -6.96791411169214391919e-01-j5.54158396952484592207e-03
  -6.96787308113266501408e-01+j1.24303842971175090328e-03
  -6.96716199098198374351e-01+j8.04441346488115986701e-03
  -6.96577553452874309592e-01+j1.48624056385737654540e-02
  -6.96370794510782542552e-01+j2.16968729318139583184e-02
  -6.96095298899770176249e-01+j2.85476631586932573514e-02
  -6.95750396065881959728e-01+j3.54146102184078603869e-02
  -6.95335368041470225364e-01+j4.22975302586128948379e-02
  -6.94849449467014879112e-01+j4.91962177649199403073e-02
  -6.94291827875268774406e-01+j5.61104415922450278087e-02
  -6.93661644245444186652e-01+j6.30399409545501360208e-02
  -6.92957993834191210425e-01+j6.99844213903454692716e-02
  -6.92179927289064855778e-01+j7.69435507220542491691e-02
  -6.91326452049054074322e-01+j8.39169550280739889869e-02
  -6.90396534035544462427e-01+j9.09042146469928591390e-02
  -6.89389099635798086041e-01+j9.79048602340042845027e-02
  -6.88303037979711263006e-01+j1.04918368890055346832e-01
  -6.87137203509170513271e-01+j1.11944160384696553279e-01
  -6.85890418837855397882e-01+j1.18981593493888204716e-01
  -6.84561477897820180871e-01+j1.26029962474282136720e-01
  -6.83149149367549446410e-01+j1.33088493695566717490e-01
  -6.81652180374598515300e-01+j1.40156342452499499407e-01
  -6.80069300464223536196e-01+j1.47232589978082306637e-01
  -6.78399225823701268467e-01+j1.54316240679105320943e-01
  -6.76640663750354365291e-01+j1.61406219614875640067e-01
  -6.74792317349523718129e-01+j1.68501370239400483086e-01
  -6.72852890447043883171e-01+j1.75600452426615427637e-01
  -6.70821092699058540987e-01+j1.82702140797401213490e-01
  -6.68695644880336503846e-01+j1.89805023366137859409e-01
  -6.66475284330647843589e-01+j1.96907600523394288317e-01
  -6.64158770537166653902e-01+j2.04008284370042619615e-01
  -6.61744890829410237210e-01+j2.11105398416623568636e-01
  -6.59232466161805752414e-01+j2.18197177660180707814e-01
  -6.56620356957736017733e-01+j2.25281769049019753304e-01
  -6.53907468987712237052e-01+j2.32357232343956415788e-01
  -6.51092759253352859616e-01+j2.39421541382575986390e-01
  -6.48175241847966709940e-01+j2.46472585750905942570e-01
  -6.45153993763869615385e-01+j2.53508172864621295073e-01
  -6.42028160616052945286e-01+j2.60526030459591106947e-01
  -6.38796962251551025957e-01+j2.67523809489101593861e-01
  -6.35459698213717394388e-01+j2.74499087422685306148e-01
  -6.32015753030790827793e-01+j2.81449371938896131251e-01
  -6.28464601298466485346e-01+j2.88372105001871048557e-01
  -6.24805812526756376712e-01+j2.95264667308988482120e-01
  -6.21039055722250044056e-01+j3.02124383094416470996e-01
  -6.17164103677932063263e-01+j3.08948525270881346749e-01
  -6.13180836943987395138e-01+j3.15734320889631714380e-01
  -6.09089247454507543011e-01+j3.22478956896253388109e-01
  -6.04889441786765735820e-01+j3.29179586157863690588e-01
  -6.00581644031613848256e-01+j3.35833333735162775646e-01
  -5.96166198255702717290e-01+j3.42437303370978496364e-01
  -5.91643570538498808631e-01+j3.48988584165290827155e-01
  -5.87014350569549425707e-01+j3.55484257405213499581e-01
  -5.82279252794033697072e-01+j3.61921403517228235103e-01
  -5.77439117097331422457e-01+j3.68297109107917131077e-01
  -5.72494909022201237114e-01+j3.74608474058711449217e-01
  -5.67447719514964754595e-01+j3.80852618639666462563e-01
  -5.62298764200079626008e-01+j3.87026690607063184046e-01
  -5.57049382185350605567e-01+j3.93127872249648901981e-01
  -5.51701034403010992513e-01+j3.99153387348675559032e-01
  -5.46255301494717016020e-01+j4.05100508017454119525e-01
  -5.40713881251367878278e-01+j4.10966561386982620618e-01
  -5.35078585621328373101e-01+j4.16748936105329925716e-01
  -5.29351337303261781919e-01+j4.22445088619769815175e-01
  -5.23534165942209583910e-01+j4.28052549212243227394e-01
  -5.17629203949839800103e-01+j4.33568927760508038283e-01
  -5.11638681971904873969e-01+j4.38991919199312741195e-01
  -5.05564924027813722418e-01+j4.44319308658062017692e-01
  -4.99410342348926339362e-01+j4.49548976253773879819e-01
  -4.93177431943613964194e-01+j4.54678901520493061739e-01
  -4.86868764918325758195e-01+j4.59707167458916043934e-01
  -4.80486984584889031957e-01+j4.64631964192516844214e-01
  -4.74034799384938643207e-01+j4.69451592219152169516e-01
  -4.67514976662874892632e-01+j4.74164465249764854882e-01
  -4.60930336318923661310e-01+j4.78769112628487647498e-01
  -4.54283744373853881626e-01+j4.83264181331068964909e-01
  -4.47578106476641313094e-01+j4.87648437541145507446e-01
  -4.40816361385866994915e-01+j4.91920767806390268895e-01
  -4.34001474454920932455e-01+j4.96080179778978391791e-01
  -4.27136431150195450268e-01+j5.00125802547128461839e-01
  -4.20224230630341866188e-01+j5.04056886566652484483e-01
  -4.13267879413397154487e-01+j5.07872803203459399768e-01
  -4.06270385157212421401e-01+j5.11573043899871571227e-01
  -3.99234750577037833530e-01+j5.15157218979265696390e-01
  -3.92163967522493384088e-01+j5.18625056105136650331e-01
  -3.85061011234416883386e-01+j5.21976398411993836035e-01
  -3.77928834800261848059e-01+j5.25211202326681392272e-01
  -3.70770363824858839585e-01+j5.28329535099702929379e-01
  -3.63588491331480745394e-01+j5.31331572066910062802e-01
</dep>
<dep S[3,2] frequency>
  -1.15367607155492962745e-01-j3.26570682808688117493e-01
  -1.17391022363602617884e-01-j3.24452901462164711166e-01
  -1.19398299795780898913e-01-j3.22295427709329229682e-01
  -1.21388498989946511109e-01-j3.20098000067259080836e-01
  -1.23360656478915198253e-01-j3.17860373925361539005e-01
  -1.25313785780820030613e-01-j3.15582322548700611176e-01
  -1.27246877423133619711e-01-j3.13263638105391262201e-01
  -1.29158899002128790823e-01-j3.10904132717352343906e-01
  -1.31048795279635893474e-01-j3.08503639533606377476e-01
  -1.32915488318952779156e-01-j3.06062013825206868933e-01
  -1.34757877661807135006e-01-j3.03579134100746550473e-01
  -1.36574840548231463133e-01-j3.01054903241305682471e-01
  -1.38365232181244468546e-01-j2.98489249653551280694e-01
  -1.40127886038201643348e-01-j2.95882128439594938030e-01
  -1.41861614230667509862e-01-j2.93233522582074246365e-01
  -1.43565207914636283615e-01-j2.90543444142799811569e-01
  -1.45237437752899989363e-01-j2.87811935473172575417e-01
  -1.46877054431307885185e-01-j2.85039070434440322543e-01
  -1.48482789230630990440e-01-j2.82224955625727469410e-01
  -1.50053354655664494821e-01-j2.79369731617634509124e-01
  -1.51587445123151365323e-01-j2.76473574189058712847e-01
  -1.53083737710015932443e-01-j2.73536695564755238941e-01
  -1.54540892963314857589e-01-j2.70559345651025351387e-01
  -1.55957555773213324413e-01-j2.67541813266766292934e-01
  -1.57332356310177778891e-01-j2.64484427367000729525e-01
  -1.58663911027462356529e-01-j2.61387558255864349555e-01
  -1.59950823729829022524e-01-j2.58251618785907577358e-01
  -1.61191686709296067015e-01-j2.55077065540442182723e-01
  -1.62385081948567933097e-01-j2.51864399995549381739e-01
  -1.63529582392614558639e-01-j2.48614169658260553142e-01
  -1.64623753288706875519e-01-j2.45326969177315501458e-01
  -1.65666153595028120549e-01-j2.42003441422812382022e-01
  -1.66655337457777608101e-01-j2.38644278530974418562e-01
  -1.67589855756477973392e-01-j2.35250222910201561843e-01
  -1.68468257716997860118e-01-j2.31822068204491915644e-01
  -1.69289092591547479794e-01-j2.28360660210282145899e-01
  -1.70050911404707322250e-01-j2.24866897742723698128e-01
  -1.70752268764285897173e-01-j2.21341733447375482724e-01
  -1.71391724735574207950e-01-j2.17786174553301181689e-01
  -1.71967846777300509276e-01-j2.14201283563557665079e-01
  -1.72479211737355364598e-01-j2.10588178879099086060e-01
  -1.72924407906075938701e-01-j2.06948035352148257404e-01
  -1.73302037124643038002e-01-j2.03282084765163378881e-01
  -1.73610716945863580163e-01-j1.99591616231596408193e-01
  -1.73849082844382829549e-01-j1.95877976514739648994e-01
  -1.74015790473077580636e-01-j1.92142570261080475325e-01
  -1.74109517962172277716e-01-j1.88386860144704459952e-01
  -1.74128968257338617720e-01-j1.84612366919458148473e-01
  -1.74072871492825131945e-01-j1.80820669375748532826e-01
  -1.73939987395424905392e-01-j1.77013404199044932508e-01
  -1.73729107714870573131e-01-j1.73192265727364791417e-01
  -1.73439058676040258611e-01-j1.69359005605257323390e-01
  -1.73068703448170768677e-01-j1.65515432332028589180e-01
  -1.72616944626089063863e-01-j1.61663410702228227400e-01
  -1.72082726718313816505e-01-j1.57804861136690288692e-01
  -1.71465038636746253120e-01-j1.53941758902697956035e-01
  -1.70762916182532559217e-01-j1.50076133222169533221e-01
  -1.69975444522588947649e-01-j1.46210066267044525024e-01
  -1.69101760651199584107e-01-j1.42345692041401128414e-01
  -1.68141055831035030055e-01-j1.38485195150143708398e-01
  -1.67092578007914965843e-01-j1.34630809454448441276e-01
  -1.65955634193623247086e-01-j1.30784816614482435337e-01
  -1.64729592811109104566e-01-j1.26949544520265439340e-01
  -1.63413885996438190684e-01-j1.23127365611871153472e-01
  -1.62008011851942274051e-01-j1.19320695090504413916e-01
  -1.60511536645093266795e-01-j1.15531989022324976801e-01
  -1.58924096947755277842e-01-j1.11763742337213034528e-01
  -1.57245401710609744583e-01-j1.08018486724976214841e-01
  -1.55475234267716089231e-01-j1.04298788431808370225e-01
  -1.53613454266354060307e-01-j1.00607245960095376125e-01
  -1.51659999517507693145e-01-j9.69464876749309145687e-02
  -1.49614887762592768672e-01-j9.33191693209569073097e-02
  -1.47478218352249057510e-01-j8.97279714533829042544e-02
  -1.45250173833318257932e-01-j8.61755967872326333890e-02
  -1.42931021440379668608e-01-j8.26647674690658140761e-02
  -1.40521114488521864372e-01-j7.91982222755768794364e-02
  -1.38020893664323462957e-01-j7.57787137436070068475e-02
  -1.35430888212316330454e-01-j7.24090052362076352921e-02
  -1.32751717014533560102e-01-j6.90918679494872955971e-02
  -1.29984089561026833204e-01-j6.58300778649998918901e-02
  -1.27128806809580996440e-01-j6.26264126524826991727e-02
  -1.24186761933130204727e-01-j5.94836485277174809028e-02
  -1.21158940953695032361e-01-j5.64045570702820242559e-02
  -1.18046423261940397476e-01-j5.33919020058709059562e-02
  -1.14850382021725774817e-01-j5.04484359578032393046e-02
  -1.11572084459281586910e-01-j4.75768971722112521405e-02
  -1.08212892036879657076e-01-j4.47800062212624361280e-02
  -1.04774260511086278469e-01-j4.20604626886300625443e-02
  -1.01257739875875302227e-01-j3.94209418412598822101e-02
  -9.76649741910481233864e-02-j3.68640912912524543188e-02
  -9.39977012965553665458e-02-j3.43925276515458788751e-02
  -9.02577524134035164005e-02-j3.20088331888028210237e-02
  -8.64470516319421483642e-02-j2.97155524767570011768e-02
  -8.25676152883456637710e-02-j2.75151890529958254028e-02
  -7.86215512301405711204e-02-j2.54102020819843010813e-02
  -7.46110579716036531606e-02-j2.34030030268936317661e-02
  -7.05384237398112012851e-02-j2.14959523326063717263e-02
  -6.64060254120487220009e-02-j1.96913561220719013356e-02
  -6.22163273451637743872e-02-j1.79914629080130117345e-02
  -5.79718800973239439811e-02-j1.63984603218235713840e-02
  -5.36753190424673898296e-02-j1.49144718613742899294e-02
  -4.93293628775420336940e-02-j1.35415536593218033268e-02
  -4.49368120224221956338e-02-j1.22816912734666772167e-02
  -4.05005469121585623404e-02-j1.11367965006422542373e-02
  -3.60235261809612600237e-02-j1.01087042156218775979e-02
  -3.15087847370772236588e-02-j9.19916923658936624975e-03
  -2.69594317274310518728e-02-j8.40986321876169284906e-03
  -2.23786483906528860244e-02-j7.74237157790574892502e-03
  -1.77696857968374921644e-02-j7.19819044565339627439e-03
  -1.31358624721252745249e-02-j6.77872365873544158177e-03
  -8.48056190594554185069e-03-j6.48527978451751696554e-03
  -3.80722993854802974067e-03-j6.31906918554264729337e-03
  +8.80627973777159313989e-04-j6.28120112614372061444e-03
  +5.57944961852667887375e-03-j6.37268092458287416235e-03
  +1.02856190147676031243e-02-j6.59440715464476578944e-03
  +1.49954695318473361226e-02-j6.94716890109786655572e-03
  +1.97052871420590261509e-02-j7.43164307394983403299e-03
  +2.44113138102777620098e-02-j8.04839178702226876183e-03
  +2.91097510235067309659e-02-j8.79785980693770230943e-03
  +3.37967634631401586676e-02-j9.68037207925193099456e-03
  +3.84684828225453009920e-02-j1.06961313390874224183e-02
  +4.31210117722751334890e-02-j1.18452158142957064690e-02
  +4.77504280748781637089e-02-j1.31275770298189264906e-02
  +5.23527888508118974253e-02-j1.45430377225836959809e-02
  +5.69241349964609913425e-02-j1.60912898768977852271e-02
  +6.14604957546327976270e-02-j1.77718928909518236736e-02
  +6.59578934372154895849e-02-j1.95842718856132913530e-02
  +7.04123482988884830114e-02-j2.15277161672616790256e-02
  +7.48198835599218348147e-02-j2.36013778569055809875e-02
  +7.91765305751210429763e-02-j2.58042706982836711482e-02
  +8.34783341449666371759e-02-j2.81352690580103925733e-02
  +8.77213579638678742079e-02-j3.05931071311192348539e-02
  +9.19016901992832646595e-02-j3.31763783655799060490e-02
  +9.60154491942125931647e-02-j3.58835351194212170967e-02
  +1.00058789284266938524e-01-j3.87128885641411790708e-02
  +1.04027906719194596086e-01-j4.16626088478899148093e-02
  +1.07919045677347780199e-01-j4.47307255317125895822e-02
  +1.11728504360192285039e-01-j4.79151283117059123562e-02
  +1.15452641152552090698e-01-j5.12135680394275039085e-02
  +1.19087880832874484782e-01-j5.46236580522229120405e-02
  +1.22630720816433447240e-01-j5.81428758242862331329e-02
  +1.26077737413025164903e-01-j6.17685649483207810384e-02
  +1.29425592079436574400e-01-j6.54979374565086147619e-02
  +1.32671037645725325982e-01-j6.93280764882452382736e-02
  +1.35810924493223406095e-01-j7.32559393106461120837e-02
  +1.38842206661137002044e-01-j7.72783606962810787344e-02
  +1.41761947857686365637e-01-j8.13920566608934414887e-02
  +1.44567327350976604361e-01-j8.55936285620235715044e-02
  +1.47255645714122335166e-01-j8.98795675575385089040e-02
  +1.49824330398723198909e-01-j9.42462594210237147863e-02
  +1.52270941110467822321e-01-j9.86899897088644728615e-02
  +1.54593174960584806010e-01-j1.03206949271685832770e-01
  +1.56788871366930371298e-01-j1.07793240100559573058e-01
  +1.58856016678852629553e-01-j1.12444881496120197006e-01
  +1.60792748500484056207e-01-j1.17157816546496373888e-01
  +1.62597359687880610446e-01-j1.21927918897667547649e-01
  +1.64268301996384091801e-01-j1.26750999797669849922e-01
  +1.65804189355803238692e-01-j1.31622815393897252267e-01
  +1.67203800752382114592e-01-j1.36539074260704496044e-01
  +1.68466082698187830102e-01-j1.41495445132521990850e-01
  +1.69590151270321398691e-01-j1.46487564815903081872e-01
  +1.70575293704397334960e-01-j1.51511046252211678542e-01
  +1.71420969528897765288e-01-j1.56561486701199514826e-01
  +1.72126811229337345344e-01-j1.61634476014369976582e-01
  +1.72692624433667285544e-01-j1.66725604965971940796e-01
  +1.73118387612898050332e-01-j1.71830473608573536248e-01
  +1.73404251293628297592e-01-j1.76944699619534240309e-01
  +1.73550536781886977078e-01-j1.82063926604323828018e-01
  +1.73557734400498292482e-01-j1.87183832322498189260e-01
  +1.73426501244951652980e-01-j1.92300136802279725279e-01
  +1.73157658465576402840e-01-j1.97408610310080528949e-01
  +1.72752188086531754951e-01-j2.02505081141967663294e-01
  +1.72211229374827551331e-01-j2.07585443204961112018e-01
  +1.71536074775155755745e-01-j2.12645663357223402290e-01
  +1.70728165428796846426e-01-j2.17681788477584570174e-01
  +1.69789086297177121976e-01-j2.22689952236440225075e-01
  +1.68720560912817729715e-01-j2.27666381541896833962e-01
  +1.67524445782406550265e-01-j2.32607402637025173497e-01
  +1.66202724468487272880e-01-j2.37509446826246167772e-01
  +1.64757501377836568235e-01-j2.42369055811199718420e-01
  +1.63190995285926732095e-01-j2.47182886618847796889e-01
  +1.61505532627985670668e-01-j2.51947716107126740148e-01
  +1.59703540588007147916e-01-j2.56660445036011430897e-01
  +1.57787540017688521221e-01-j2.61318101694542059832e-01
  +1.55760138217629684476e-01-j2.65917845076974468377e-01
  +1.53624021613254280183e-01-j2.70456967603900533259e-01
  +1.51381948357782569747e-01-j2.74932897386788721583e-01
  +1.49036740894248342926e-01-j2.79343200036958838606e-01
  +1.46591278507967937017e-01-j2.83685580022506655951e-01
  +1.44048489900083287463e-01-j2.87957881579073815548e-01
  +1.41411345811838451425e-01-j2.92158089182641300674e-01
  +1.38682851728067102481e-01-j2.96284327594675989115e-01
  +1.35866040687053823977e-01-j3.00334861491951876644e-01
  +1.32963966222480634016e-01-j3.04308094695211972525e-01
  +1.29979695461537231305e-01-j3.08202569012514360214e-01
  +1.26916302401620106899e-01-j3.12016962714593282247e-01
  +1.23776861386214770411e-01-j3.15750088660895822379e-01
  +1.20564440798731950522e-01-j3.19400892096066923997e-01
  +1.17282096991142323339e-01-j3.22968448137622377025e-01
  +1.13932868462342781757e-01-j3.26451958976287870406e-01
</dep>
<dep S[1,3] frequency>
  -3.67726783703377579915e-01-j5.33527115785747518828e-01
  -3.72069240752878283018e-01-j5.31687400606967841554e-01
  -3.76420914377932569472e-01-j5.29797250900327476586e-01
  -3.80781145076539873084e-01-j5.27856048054851534346e-01
  -3.85149251829563055161e-01-j5.25863180713747047079e-01
  -3.89524531997695433461e-01-j5.23818045536942111795e-01
  -3.93906261245581590380e-01-j5.21720047982596746294e-01
  -3.98293693494623624041e-01-j5.19568603106841386818e-01
  -4.02686060906019771544e-01-j5.17363136380889931942e-01
  -4.07082573895559018951e-01-j5.15103084524582310877e-01
  -4.11482421181734836502e-01-j5.12787896355291761274e-01
  -4.15884769868681614113e-01-j5.10417033651029861119e-01
  -4.20288765565465793905e-01-j5.07989972026462677235e-01
  -4.24693532543206853092e-01-j5.05506201820439371453e-01
  -4.29098173931492521405e-01-j5.02965228993508595146e-01
  -4.33501771955502435141e-01-j5.00366576033784093980e-01
  -4.37903388215213462686e-01-j4.97709782869390771065e-01
  -4.42302064007996986739e-01-j4.94994407785604662031e-01
  -4.46696820695859531103e-01-j4.92220028344668103504e-01
  -4.51086660118493965044e-01-j4.89386242306142693614e-01
  -4.55470565053236686737e-01-j4.86492668545537132463e-01
  -4.59847499722915387110e-01-j4.83538947968813803691e-01
  -4.64216410352472186318e-01-j4.80524744420279037449e-01
  -4.68576225775137023000e-01-j4.77449745581220330592e-01
  -4.72925858088786899014e-01-j4.74313663856547496067e-01
  -4.77264203362990246937e-01-j4.71116237246592128862e-01
  -4.81590142397100073879e-01-j4.67857230201106588652e-01
  -4.85902541529565801248e-01-j4.64536434452398672157e-01
  -4.90200253498505211791e-01-j4.61153669824466649896e-01
  -4.94482118353358535146e-01-j4.57708785014895980225e-01
  -4.98746964417263405345e-01-j4.54201658346212622241e-01
  -5.02993609299600352713e-01-j4.50632198483334134309e-01
  -5.07220860957926844570e-01-j4.47000345113683583698e-01
  -5.11427518808292291830e-01-j4.43306069586520190562e-01
  -5.15612374882716384406e-01-j4.39549375507995554457e-01
  -5.19774215032353992250e-01-j4.35730299288427658233e-01
  -5.23911820174613795942e-01-j4.31848910638314986699e-01
  -5.28023967582280095989e-01-j4.27905313009605214880e-01
  -5.32109432212381938676e-01-j4.23899643978781881515e-01
  -5.36166988072326544668e-01-j4.19832075568387974585e-01
  -5.40195409620524147343e-01-j4.15702814503688233838e-01
  -5.44193473198479216180e-01-j4.11512102401244916905e-01
  -5.48159958491033605377e-01-j4.07260215886321330636e-01
  -5.52093650011198699978e-01-j4.02947466636147610952e-01
  -5.55993338605745401892e-01-j3.98574201346251211220e-01
  -5.59857822977435581890e-01-j3.94140801617222535924e-01
  -5.63685911219564905750e-01-j3.89647683759505703005e-01
  -5.67476422358204501961e-01-j3.85095298514005146551e-01
  -5.71228187897298012032e-01-j3.80484130686576216274e-01
  -5.74940053361570280188e-01-j3.75814698694695747960e-01
  -5.78610879831955693398e-01-j3.71087554024941090880e-01
  -5.82239545468073771417e-01-j3.66303280600186798033e-01
  -5.85824947012111296729e-01-j3.61462494055768746026e-01
  -5.89366001268287531545e-01-j3.56565840924224997099e-01
  -5.92861646551951393391e-01-j3.51613997728572491575e-01
  -5.96310844102248549525e-01-j3.46607669984484334513e-01
  -5.99712579452189809004e-01-j3.41547591112131676550e-01
  -6.03065863749900343826e-01-j3.36434521258847762937e-01
  -6.06369735024785860844e-01-j3.31269246034239572829e-01
  -6.09623259392344407637e-01-j3.26052575159781754532e-01
  -6.12825532191371813440e-01-j3.20785341035381976749e-01
  -6.15975679047372048913e-01-j3.15468397225872498879e-01
  -6.19072856856065278919e-01-j3.10102616870835179341e-01
  -6.22116254680996849658e-01-j3.04688891021617114241e-01
  -6.25105094559441187840e-01-j2.99228126909878211492e-01
  -6.28038632210931146993e-01-j2.93721246152438775212e-01
  -6.30916157643019781531e-01-j2.88169182897675013599e-01
  -6.33736995649108680873e-01-j2.82572881919127383288e-01
  -6.36500506193493742479e-01-j2.76933296662433492408e-01
  -6.39206084679083685884e-01-j2.71251387252104181336e-01
  -6.41853162093633966556e-01-j2.65528118465059637110e-01
  -6.44441205030732433556e-01-j2.59764457678236249105e-01
  -6.46969715582173865442e-01-j2.53961372797904316734e-01
  -6.49438231098861673551e-01-j2.48119830178697986511e-01
  -6.51846323817819373048e-01-j2.42240792540640570429e-01
  -6.54193600353447868301e-01-j2.36325216892740219699e-01
  -6.56479701051672082102e-01-j2.30374052471963630673e-01
  -6.58704299206202215089e-01-j2.24388238706598658334e-01
  -6.60867100136713458980e-01-j2.18368703213218301462e-01
  -6.62967840129353946921e-01-j2.12316359836547008388e-01
  -6.65006285240595351738e-01-j2.06232106741676579631e-01
  -6.66982229966097683871e-01-j2.00116824568094070491e-01
  -6.68895495776870241400e-01-j1.93971374655024286771e-01
  -6.70745929525698780793e-01-j1.87796597347544308443e-01
  -6.72533401727417490257e-01-j1.81593310392860973757e-01
  -6.74257804717310005316e-01-j1.75362307436030900876e-01
  -6.75919050692543210701e-01-j1.69104356624225987682e-01
  -6.77517069642216696046e-01-j1.62820199328460091248e-01
  -6.79051807172224686227e-01-j1.56510548991433906529e-01
  -6.80523222231804281179e-01-j1.50176090109845533638e-01
  -6.81931284749235810949e-01-j1.43817477359220374789e-01
  -6.83275973184779505942e-01-j1.37435334868861475099e-01
  -6.84557272009531869728e-01-j1.31030255654181831959e-01
  -6.85775169119441918575e-01-j1.24602801213133967950e-01
  -6.86929653194289335794e-01-j1.18153501293003670991e-01
  -6.88020711011931296319e-01-j1.11682853833255407716e-01
  -6.89048324728638972303e-01-j1.05191325089541917737e-01
  -6.90012469136787043311e-01-j9.86793499433780835206e-02
  -6.90913108911606954621e-01-j9.21473324012961197971e-02
  -6.91750195859100025508e-01-j8.55956462866343525953e-02
  -6.92523666177569441338e-01-j7.90246361263685082044e-02
  -6.93233437745553127129e-01-j7.24346182346420064402e-02
  -6.93879407449198959412e-01-j6.58258819938708911179e-02
  -6.94461448562388117267e-01-j5.91986913334839465195e-02
  -6.94979408193078573852e-01-j5.25532864055036214035e-02
  -6.95433104809482838249e-01-j4.58898854553474594420e-02
  -6.95822325859795864922e-01-j3.92086868852942888042e-02
  -6.96146825499226018508e-01-j3.25098715071972729773e-02
  -6.96406322438060332303e-01-j2.57936049800809585886e-02
  -6.96600497924433126329e-01-j1.90600404273276458067e-02
  -6.96728993875335267383e-01-j1.23093212272026159004e-02
  -6.96791411169214391919e-01-j5.54158396952484678943e-03
  -6.96787308113266501408e-01+j1.24303842971175090328e-03
  -6.96716199098198485373e-01+j8.04441346488115986701e-03
  -6.96577553452874309592e-01+j1.48624056385737654540e-02
  -6.96370794510782542552e-01+j2.16968729318139583184e-02
  -6.96095298899770176249e-01+j2.85476631586932608209e-02
  -6.95750396065881959728e-01+j3.54146102184078742647e-02
  -6.95335368041470225364e-01+j4.22975302586128948379e-02
  -6.94849449467014879112e-01+j4.91962177649199403073e-02
  -6.94291827875268774406e-01+j5.61104415922450278087e-02
  -6.93661644245444186652e-01+j6.30399409545501360208e-02
  -6.92957993834191210425e-01+j6.99844213903454553938e-02
  -6.92179927289064855778e-01+j7.69435507220542491691e-02
  -6.91326452049054074322e-01+j8.39169550280739889869e-02
  -6.90396534035544351404e-01+j9.09042146469928591390e-02
  -6.89389099635798086041e-01+j9.79048602340042845027e-02
  -6.88303037979711263006e-01+j1.04918368890055346832e-01
  -6.87137203509170513271e-01+j1.11944160384696553279e-01
  -6.85890418837855397882e-01+j1.18981593493888204716e-01
  -6.84561477897820180871e-01+j1.26029962474282136720e-01
  -6.83149149367549446410e-01+j1.33088493695566717490e-01
  -6.81652180374598515300e-01+j1.40156342452499499407e-01
  -6.80069300464223536196e-01+j1.47232589978082306637e-01
  -6.78399225823701268467e-01+j1.54316240679105320943e-01
  -6.76640663750354365291e-01+j1.61406219614875640067e-01
  -6.74792317349523718129e-01+j1.68501370239400483086e-01
  -6.72852890447043883171e-01+j1.75600452426615427637e-01
  -6.70821092699058540987e-01+j1.82702140797401269001e-01
  -6.68695644880336503846e-01+j1.89805023366137859409e-01
  -6.66475284330647843589e-01+j1.96907600523394260561e-01
  -6.64158770537166653902e-01+j2.04008284370042619615e-01
  -6.61744890829410237210e-01+j2.11105398416623568636e-01
  -6.59232466161805752414e-01+j2.18197177660180707814e-01
  -6.56620356957735906711e-01+j2.25281769049019753304e-01
  -6.53907468987712237052e-01+j2.32357232343956415788e-01
  -6.51092759253352859616e-01+j2.39421541382575986390e-01
  -6.48175241847966709940e-01+j2.46472585750905942570e-01
  -6.45153993763869615385e-01+j2.53508172864621295073e-01
  -6.42028160616052945286e-01+j2.60526030459591106947e-01
  -6.38796962251551025957e-01+j2.67523809489101593861e-01
  -6.35459698213717505411e-01+j2.74499087422685306148e-01
  -6.32015753030790827793e-01+j2.81449371938896131251e-01
  -6.28464601298466485346e-01+j2.88372105001871048557e-01
  -6.24805812526756376712e-01+j2.95264667308988482120e-01
  -6.21039055722250044056e-01+j3.02124383094416470996e-01
  -6.17164103677932063263e-01+j3.08948525270881346749e-01
  -6.13180836943987395138e-01+j3.15734320889631714380e-01
  -6.09089247454507543011e-01+j3.22478956896253388109e-01
  -6.04889441786765735820e-01+j3.29179586157863690588e-01
  -6.00581644031613848256e-01+j3.35833333735162775646e-01
  -5.96166198255702717290e-01+j3.42437303370978496364e-01
  -5.91643570538498808631e-01+j3.48988584165290827155e-01
  -5.87014350569549425707e-01+j3.55484257405213499581e-01
  -5.82279252794033808094e-01+j3.61921403517228346125e-01
  -5.77439117097331311435e-01+j3.68297109107917131077e-01
  -5.72494909022201237114e-01+j3.74608474058711449217e-01
  -5.67447719514964754595e-01+j3.80852618639666518074e-01
  -5.62298764200079626008e-01+j3.87026690607063184046e-01
  -5.57049382185350605567e-01+j3.93127872249648901981e-01
  -5.51701034403010992513e-01+j3.99153387348675559032e-01
  -5.46255301494717016020e-01+j4.05100508017454119525e-01
  -5.40713881251367878278e-01+j4.10966561386982620618e-01
  -5.35078585621328373101e-01+j4.16748936105329925716e-01
  -5.29351337303261781919e-01+j4.22445088619769815175e-01
  -5.23534165942209694933e-01+j4.28052549212243227394e-01
  -5.17629203949839800103e-01+j4.33568927760508038283e-01
  -5.11638681971904873969e-01+j4.38991919199312741195e-01
  -5.05564924027813722418e-01+j4.44319308658061962181e-01
  -4.99410342348926339362e-01+j4.49548976253773879819e-01
  -4.93177431943613964194e-01+j4.54678901520493061739e-01
  -4.86868764918325758195e-01+j4.59707167458916043934e-01
  -4.80486984584889031957e-01+j4.64631964192516844214e-01
  -4.74034799384938643207e-01+j4.69451592219152114005e-01
  -4.67514976662874892632e-01+j4.74164465249764854882e-01
  -4.60930336318923661310e-01+j4.78769112628487703009e-01
  -4.54283744373853881626e-01+j4.83264181331068964909e-01
  -4.47578106476641313094e-01+j4.87648437541145507446e-01
  -4.40816361385866994915e-01+j4.91920767806390157872e-01
  -4.34001474454920932455e-01+j4.96080179778978391791e-01
  -4.27136431150195450268e-01+j5.00125802547128461839e-01
  -4.20224230630341866188e-01+j5.04056886566652484483e-01
  -4.13267879413397154487e-01+j5.07872803203459510790e-01
  -4.06270385157212476912e-01+j5.11573043899871571227e-01
  -3.99234750577037889041e-01+j5.15157218979265696390e-01
  -3.92163967522493384088e-01+j5.18625056105136650331e-01
  -3.85061011234416938898e-01+j5.21976398411993725013e-01
  -3.77928834800261848059e-01+j5.25211202326681392272e-01
  -3.70770363824858839585e-01+j5.28329535099702929379e-01
  -3.63588491331480745394e-01+j5.31331572066910062802e-01
</dep>
<dep S[1,1] frequency>
  -2.81648191092020272475e-01+j3.44317194752663313650e-01
  -2.78176337140812635074e-01+j3.43847134781948005067e-01
  -2.74690137765804309744e-01+j3.43332611850262203745e-01
  -2.71190212945904618458e-01+j3.42773005260279428619e-01
  -2.67677204006801894298e-01+j3.42167701507978649911e-01
  -2.64151773721371718739e-01+j3.41516095045174661315e-01
  -2.60614606382887303848e-01+j3.40817589060995185246e-01
  -2.57066407849492639670e-01+j3.40071596281564803022e-01
  -2.53507905558398249912e-01+j3.39277539787040949282e-01
  -2.49939848508267531413e-01+j3.38434853845054339772e-01
  -2.46363007208237755341e-01+j3.37542984759492126212e-01
  -2.42778173592064328012e-01+j3.36601391733450605592e-01
  -2.39186160895862670595e-01+j3.35609547745075453840e-01
  -2.35587803497965042610e-01+j3.34566940434886550548e-01
  -2.31983956719434419869e-01+j3.33473073003064668374e-01
  -2.28375496583814091567e-01+j3.32327465115056730482e-01
  -2.24763319534743044592e-01+j3.31129653813734936563e-01
  -2.21148342110126960858e-01+j3.29879194436218436959e-01
  -2.17531500571608027439e-01+j3.28575661533339669074e-01
  -2.13913750488170822939e-01+j3.27218649789617066492e-01
  -2.10296066272787018914e-01+j3.25807774941469896479e-01
  -2.06679440671110048466e-01+j3.24342674691279531096e-01
  -2.03064884201339140857e-01+j3.22823009614797873379e-01
  -1.99453424544476176639e-01+j3.21248464059269323023e-01
  -1.95846105884334847902e-01+j3.19618747029519700842e-01
  -1.92243988196807741309e-01+j3.17933593059166630379e-01
  -1.88648146488026080547e-01+j3.16192763063989468186e-01
  -1.85059669981235214165e-01+j3.14396045174398841571e-01
  -1.81479661252354235179e-01+j3.12543255543862308343e-01
  -1.77909235314388403104e-01+j3.10634239130054057298e-01
  -1.74349518651058188468e-01+j3.08668870445415577386e-01
  -1.70801648200194805538e-01+j3.06647054273771424437e-01
  -1.67266770287683941287e-01+j3.04568726349564833367e-01
  -1.63746039512961849560e-01+j3.02433853996260604280e-01
  -1.60240617587282863088e-01+j3.00242436720428607089e-01
  -1.56751672126236890614e-01+j2.97994506757996879820e-01
  -1.53280375398241047735e-01+j2.95690129569193604908e-01
  -1.49827903030963993647e-01+j2.93329404278693861574e-01
  -1.46395432677934644872e-01+j2.90912464057530739669e-01
  -1.42984142647814171934e-01+j2.88439476443392128768e-01
  -1.39595210499107502677e-01+j2.85910643595997937538e-01
  -1.36229811603341188775e-01+j2.83326202484337263954e-01
  -1.32889117680011770162e-01+j2.80686425002673267670e-01
  -1.29574295306875753031e-01+j2.77991618012352559308e-01
  -1.26286504409409527927e-01+j2.75242123306617125778e-01
  -1.23026896733549995222e-01+j2.72438317495790005562e-01
  -1.19796614306052706667e-01+j2.69580611810420645025e-01
  -1.16596787887073671808e-01+j2.66669451820183589508e-01
  -1.13428535419816567398e-01+j2.63705317066589284281e-01
  -1.10292960482296920066e-01+j2.60688720607810009433e-01
  -1.07191150746501595581e-01+j2.57620208474241718655e-01
  -1.04124176450426264573e-01+j2.54500359033711598400e-01
  -1.01093088888624893507e-01+j2.51329782265578172140e-01
  -9.80989189270952133270e-02+j2.48109118943332457308e-01
  -9.51426755484491293302e-02+j2.44839039725657792168e-01
  -9.22253444334329985921e-02+j2.41520244156309210615e-01
  -8.93478865849616776806e-02+j2.38153459573574977082e-01
  -8.65112370008859765669e-02+j2.34739439930478965834e-01
  -8.37163034017596174863e-02+j2.31278964527341396318e-01
  -8.09639650198745175480e-02+j2.27772836658735877702e-01
  -7.82550714558128968079e-02+j2.24221882177326636842e-01
  -7.55904416087085362363e-02+j2.20626947977539844548e-01
  -7.29708626863201370583e-02+j2.16988900402473511297e-01
  -7.03970893009132070439e-02+j2.13308623577900369206e-01
  -6.78698426567579393698e-02+j2.09587017677703463248e-01
  -6.53898098349081635661e-02+j2.05824997125510111839e-01
  -6.29576431806561642723e-02+j2.02023488737768486256e-01
  -6.05739597988240729975e-02+j1.98183429813931000218e-01
  -5.82393411617478928832e-02+j1.94305766179851319153e-01
  -5.59543328344916379713e-02+j1.90391450190912664420e-01
  -5.37194443214434325107e-02+j1.86441438701802020272e-01
  -5.15351490380738241903e-02+j1.82456691010235205752e-01
  -4.94018844111939747776e-02+j1.78438166782273449629e-01
  -4.73200521105983651360e-02+j1.74386823967227572174e-01
  -4.52900184144883755089e-02+j1.70303616710430871795e-01
  -4.33121147105541837163e-02+j1.66189493272452970540e-01
  -4.13866381340632916164e-02+j1.62045393963556966233e-01
  -3.95138523437298383456e-02+j1.57872249102412015587e-01
  -3.76939884355623755496e-02+j1.53670977008262904517e-01
  -3.59272459942795996390e-02+j1.49442482035864077083e-01
  -3.42137942812719697550e-02+j1.45187652662612964871e-01
  -3.25537735574500941560e-02+j1.40907359637346185632e-01
  -3.09472965386802800758e-02+j1.36602454200296291598e-01
  -2.93944499808515558037e-02+j1.32273766383663171631e-01
  -2.78952963909839257717e-02+j1.27922103402186682075e-01
  -2.64498758600990035994e-02+j1.23548248142995489851e-01
  -2.50582080129427842152e-02+j1.19152957763833333704e-01
  -2.37202940689866248469e-02+j1.14736962408572534811e-01
  -2.24361190084940709255e-02+j1.10300964048664879025e-01
  -2.12056538367922930988e-02+j1.05845635458881634494e-01
  -2.00288579392757237763e-02+j1.01371619335378942983e-01
  -1.89056815190549731831e-02+j9.68795275636996217061e-02
  -1.78360681085706351823e-02+j9.23699406439546649716e-02
  -1.68199571459294316966e-02+j8.78434072799053888847e-02
  -1.58572866061593154008e-02+j8.33004441382016458384e-02
  -1.49479956770779409680e-02+j7.87415357834617690713e-02
  -1.40920274689487756703e-02+j7.41671347943018144377e-02
  -1.32893317466662441717e-02+j6.95776620648052013252e-02
  -1.25398676727545010934e-02+j6.49735072952493525333e-02
  -1.18436065490835629177e-02+j6.03550296752330614480e-02
  -1.12005345448454307622e-02+j5.57225587616073173014e-02
  -1.06106553980042095375e-02+j5.10763955528634877590e-02
  -1.00739930771814867327e-02+j4.64168137608446731979e-02
  -9.59059439066689556341e-03+j4.17440612798363266944e-02
  -9.16053152908791190612e-03+j3.70583618522379032445e-02
  -8.78390452811556032842e-03+j3.23599169291827470918e-02
  -8.46084363749577406111e-03+j2.76489077235506502950e-02
  -8.19151158265307710593e-03+j2.29254974519442003555e-02
  -7.97610570513196392994e-03+j1.81898337612600505264e-02
  -7.81485996820779904581e-03+j1.34420513345536504074e-02
  -7.70804681413267411827e-03+j8.68227466994065701089e-03
  -7.65597885966129432234e-03+j3.91062102533072143695e-03
  -7.65901041675853821999e-03-j8.72796479202540506116e-04
  -7.71753882571096783138e-03-j5.66786561054630991935e-03
  -7.83200558822566561545e-03-j1.04744716333096277855e-02
  -8.00289728858305515757e-03-j1.52924937932975152366e-02
  -8.23074629139458613380e-03-j2.01218016857512525808e-02
  -8.51613120513045052107e-03-j2.49622515213518553212e-02
  -8.85967710125318275161e-03-j2.98136823039088852405e-02
  -9.26205547950953445024e-03-j3.46759119345700569936e-02
  -9.72398397077961496038e-03-j3.95487332582670561565e-02
  -1.02462257697569780746e-02-j4.44319100689519255742e-02
  -1.08295887907139398720e-02-j4.93251730909985350304e-02
  -1.14749245406590705265e-02-j5.42282159548841125041e-02
  -1.21831267053063019290e-02-j5.91406911859918282826e-02
  -1.29551294444986142551e-02-j6.40622062260052665961e-02
  -1.37919053949876468934e-02-j6.89923195069482714237e-02
  -1.46944633798243851075e-02-j7.39305365984175427707e-02
  -1.56638458250344947409e-02-j7.88763064489837739668e-02
  -1.67011258857312494541e-02-j8.38290177430329325192e-02
  -1.78074042853428315958e-02-j8.87879953945735211907e-02
  -1.89838058732521575145e-02-j9.37524971996134548480e-02
  -2.02314759077453221181e-02-j9.87217106687399842402e-02
  -2.15515760728684502290e-02-j1.03694750061373588967e-01
  -2.29452802394890520432e-02-j1.08670653642932865668e-01
  -2.44137699825578424750e-02-j1.13648381185739499877e-01
  -2.59582298683213030799e-02-j1.18626811733948567262e-01
  -2.75798425269450087072e-02-j1.23604741652106789318e-01
  -2.92797835277051055058e-02-j1.28580882976097737869e-01
  -3.10592160755922552795e-02-j1.33553862084236280028e-01
  -3.29192855497794090169e-02-j1.38522218705126376470e-01
  -3.48611139059822883191e-02-j1.43484405277585963523e-01
  -3.68857939662140532633e-02-j1.48438786676482026294e-01
  -3.89943836208435090640e-02-j1.53383640316708230733e-01
  -4.11878999691165370578e-02-j1.58317156645778639446e-01
  -4.34673134254893733797e-02-j1.63237440033616898472e-01
  -4.58335418201103461655e-02-j1.68142510066084188702e-01
  -4.82874445226528226094e-02-j1.73030303246658911931e-01
  -5.08298166193759115572e-02-j1.77898675108413784063e-01
  -5.34613831738055544918e-02-j1.82745402736107342978e-01
  -5.61827936016943141340e-02-j1.87568187695756477540e-01
  -5.89946161910582800303e-02-j1.92364659366624723980e-01
  -6.18973327979163157053e-02-j1.97132378667996183141e-01
  -6.48913337480314100780e-02-j2.01868842170593781882e-01
  -6.79769129743711397751e-02-j2.06571486579968655040e-01
  -7.11542634191922318543e-02-j2.11237693576678098317e-01
  -7.44234727286023356463e-02-j2.15864794995603265226e-01
  -7.77845192661751339003e-02-j2.20450078324404774577e-01
  -8.12372684707212688870e-02-j2.24990792498791281062e-01
  -8.47814695815584107308e-02-j2.29484153970154647340e-01
  -8.84167527527389141007e-02-j2.33927353019072081786e-01
  -9.21426265755478923758e-02-j2.38317560286337409847e-01
  -9.59584760263155756022e-02-j2.42651933491524807174e-01
  -9.98635608540971442260e-02-j2.46927624307600374065e-01
  -1.03857014420215998385e-01-j2.51141785358888314228e-01
  -1.07937842998932609362e-01-j2.55291577308672468227e-01
  -1.12104925545684408483e-01-j2.59374176001974321437e-01
  -1.16357013936505437890e-01-j2.63386779628546174870e-01
  -1.20692733679269970093e-01-j2.67326615870902950522e-01
  -1.25110585094521109539e-01-j2.71190949002239778398e-01
  -1.29608944960686478520e-01-j2.74977086899416856003e-01
  -1.34186068615646691971e-01-j2.78682387936761144509e-01
  -1.38840092503775158761e-01-j2.82304267727273350275e-01
  -1.43569037154892553687e-01-j2.85840205678950132206e-01
  -1.48370810578957346149e-01-j2.89287751335247644846e-01
  -1.53243212057875832777e-01-j2.92644530470297259406e-01
  -1.58183936313541967378e-01-j2.95908250911261605509e-01
  -1.63190578029095451074e-01-j2.99076708062202212268e-01
  -1.68260636698518900589e-01-j3.02147790105958213847e-01
  -1.73391521778001905796e-01-j3.05119482862868496298e-01
  -1.78580558111059384263e-01-j3.07989874287539988629e-01
  -1.83824991598197401421e-01-j3.10757158587445181386e-01
  -1.89121995080937299605e-01-j3.13419639949680639557e-01
  -1.94468674409336850228e-01-j3.15975735864892803839e-01
  -1.99862074661651789587e-01-j3.18423980040033804961e-01
  -2.05299186484603823910e-01-j3.20763024894278048205e-01
  -2.10776952522738952878e-01-j3.22991643635066216778e-01
  -2.16292273905637377762e-01-j3.25108731913831716653e-01
  -2.21842016762231586391e-01-j3.27113309063479518191e-01
  -2.27423018732205689529e-01-j3.29004518922099309375e-01
  -2.33032095445348863549e-01-j3.30781630249705416169e-01
  -2.38666046940840398394e-01-j3.32444036746980198238e-01
  -2.44321663999709476345e-01-j3.33991256687000137582e-01
  -2.49995734365103389196e-01-j3.35422932172848964338e-01
  -2.55685048826563177116e-01-j3.36738828035665849203e-01
  -2.61386407146141142022e-01-j3.37938830389267752530e-01
  -2.67096623805936517204e-01-j3.39022944858797248280e-01
  -2.72812533558440206694e-01-j3.39991294502028307267e-01
  -2.78530996762948401813e-01-j3.40844117442946348273e-01
  -2.84248904493175746921e-01-j3.41581764238011897916e-01
</dep>
<dep S[1,2] frequency>
  +3.21415861002743385999e-01-j3.75351796351176547617e-01
  +3.21694475016566172609e-01-j3.77538763241670405346e-01
  +3.21956004981094778827e-01-j3.79763911845556023650e-01
  +3.22199499471281680663e-01-j3.82027519750351263195e-01
  +3.22423983721340845499e-01-j3.84329847720922768151e-01
  +3.22628459611855711309e-01-j3.86671138694369698197e-01
  +3.22811905690462086493e-01-j3.89051616750817397250e-01
  +3.22973277227935950950e-01-j3.91471486060817053243e-01
  +3.23111506311548335457e-01-j3.93930929810178243056e-01
  +3.23225501977541240795e-01-j3.96430109103137029436e-01
  +3.23314150384624521273e-01-j3.98969161844917596937e-01
  +3.23376315030351912938e-01-j4.01548201604823740141e-01
  +3.23410837012270635515e-01-j4.04167316461146286510e-01
  +3.23416535335707300280e-01-j4.06826567829282503830e-01
  +3.23392207270039588884e-01-j4.09525989274598489764e-01
  +3.23336628755283128633e-01-j4.12265585311693438797e-01
  +3.23248554860789294452e-01-j4.15045330191862127389e-01
  +3.23126720297798764037e-01-j4.17865166680681632272e-01
  +3.22969839987563789308e-01-j4.20725004827790960427e-01
  +3.22776609686669657684e-01-j4.23624720731065940171e-01
  +3.22545706671142407007e-01-j4.26564155297538494249e-01
  +3.22275790480823109974e-01-j4.29543113003533649774e-01
  +3.21965503725424984083e-01-j4.32561360656646742839e-01
  +3.21613472953575063595e-01-j4.35618626162320277118e-01
  +3.21218309586028261116e-01-j4.38714597297897856976e-01
  +3.20778610914138062604e-01-j4.41848920497182995337e-01
  +3.20292961164517608896e-01-j4.45021199648645171543e-01
  +3.19759932630685583810e-01-j4.48230994910533975251e-01
  +3.19178086872352384518e-01-j4.51477821546293289767e-01
  +3.18545975982808093896e-01-j4.54761148783757840341e-01
  +3.17862143924726225919e-01-j4.58080398701726343447e-01
  +3.17125127934494432935e-01-j4.61434945147600861226e-01
  +3.16333459994992960418e-01-j4.64824112689860124981e-01
  +3.15485668376530359325e-01-j4.68247175609201038426e-01
  +3.14580279245444904834e-01-j4.71703356932261785861e-01
  +3.13615818339630980649e-01-j4.75191827511878828183e-01
  +3.12590812710051180190e-01-j4.78711705157852218662e-01
  +3.11503792527025202830e-01-j4.82262053822248792923e-01
  +3.10353292949865300354e-01-j4.85841882843241812395e-01
  +3.09137856058160687134e-01-j4.89450146251509843331e-01
  +3.07856032842779958614e-01-j4.93085742143162197859e-01
  +3.06506385254378288518e-01-j4.96747512123140388951e-01
  +3.05087488306964083051e-01-j5.00434240822968501305e-01
  +3.03597932233796163892e-01-j5.04144655496648108617e-01
  +3.02036324692655178126e-01-j5.07877425698411100186e-01
  +3.00401293017237946970e-01-j5.11631163045893067043e-01
  +2.98691486511219073119e-01-j5.15404421072203744458e-01
  +2.96905578781234691377e-01-j5.19195695170169724264e-01
  +2.95042270104841297673e-01-j5.23003422631869052672e-01
  +2.93100289829248572548e-01-j5.26825982786403024249e-01
  +2.91078398796418502670e-01-j5.30661697238608565108e-01
  +2.88975391789917490648e-01-j5.34508830211207874861e-01
  +2.86790099998708303275e-01-j5.38365588992634869214e-01
  +2.84521393492897289867e-01-j5.42230124492530607405e-01
  +2.82168183706289710244e-01-j5.46100531906611341704e-01
  +2.79729425920464180866e-01-j5.49974851492326166635e-01
  +2.77204121744957066031e-01-j5.53851069456421041259e-01
  +2.74591321588036230139e-01-j5.57727118955214651308e-01
  +2.71890127112483614980e-01-j5.61600881208062174821e-01
  +2.69099693670727502237e-01-j5.65470186724164491920e-01
  +2.66219232713646059008e-01-j5.69332816642525330053e-01
  +2.63248014167355548487e-01-j5.73186504184551637309e-01
  +2.60185368772308911467e-01-j5.77028936218414667536e-01
  +2.57030690379072779272e-01-j5.80857754933975622968e-01
  +2.53783438195227084577e-01-j5.84670559626745522941e-01
  +2.50443138977914148136e-01-j5.88464908588990920357e-01
  +2.47009389166690018769e-01-j5.92238321105800213928e-01
  +2.43481856951469066708e-01-j5.95988279553605448946e-01
  +2.39860284270528190120e-01-j5.99712231598345080208e-01
  +2.36144488733710800066e-01-j6.03407592490167288268e-01
  +2.32334365466193015770e-01-j6.07071747451314203126e-01
  +2.28429888868411812286e-01-j6.10702054153568818506e-01
  +2.24431114287974520227e-01-j6.14295845281401575733e-01
  +2.20338179599670475062e-01-j6.17850431176772296737e-01
  +2.16151306689956135276e-01-j6.21363102561329982976e-01
  +2.11870802842589189829e-01-j6.24831133331614996251e-01
  +2.07497062022387129820e-01-j6.28251783422715592842e-01
  +2.03030566054377303864e-01-j6.31622301735736968453e-01
  +1.98471885695946259620e-01-j6.34939929124358592993e-01
  +1.93821681599865264234e-01-j6.38201901435705654109e-01
  +1.89080705166425167008e-01-j6.41405452600728787083e-01
  +1.84249799283177917442e-01-j6.44547817769317576975e-01
  +1.79329898951108263061e-01-j6.47626236485368322882e-01
  +1.74322031796331933240e-01-j6.50637955897138020589e-01
  +1.69227318466689480303e-01-j6.53580233998242388083e-01
  +1.64046972912873123551e-01-j6.56450342894825289441e-01
  +1.58782302553947929358e-01-j6.59245572094517506834e-01
  +1.53434708327358976243e-01-j6.61963231812986108160e-01
  +1.48005684623700922709e-01-j6.64600656294011549186e-01
  +1.42496819106690625345e-01-j6.67155207139268457972e-01
  +1.36909792418946907322e-01-j6.69624276644132043756e-01
  +1.31246377774246220094e-01-j6.72005291136083870995e-01
  +1.25508440437062884776e-01-j6.74295714312475036323e-01
  +1.19697937090196299126e-01-j6.76493050574650811591e-01
  +1.13816915091341216981e-01-j6.78594848355641433457e-01
  +1.07867511619422817848e-01-j6.80598703438830110457e-01
  +1.01851952711477067304e-01-j6.82502262265248571538e-01
  +9.57725521907853705184e-02-j6.84303225227290479182e-01
  +8.96317104868440128751e-02-j6.85999349946867731376e-01
  +8.34319133476307678299e-02-j6.87588454536133930617e-01
  +7.71757304444554287359e-02-j6.89068420839078266127e-01
  +7.08658138694885503250e-02-j6.90437197652370771017e-01
  +6.45048965258580436766e-02-j6.91692803923918408948e-01
  +5.80957904099686367472e-02-j6.92833331927633855329e-01
  +5.16413847854406554694e-02-j6.93856950412938822126e-01
  +4.51446442478349446725e-02-j6.94761907727429406378e-01
  +3.86086066790255894032e-02-j6.95546534911128055967e-01
  +3.20363810898481593537e-02-j6.96209248760559340496e-01
  +2.54311453493660175051e-02-j6.96748554860748270379e-01
  +1.87961437988452724490e-02-j6.97163050583005872163e-01
  +1.21346847482770355681e-02-j6.97451428046117039017e-01
  +5.45013785307648171430e-03-j6.97612477038212386304e-01
  -1.25406863164758157134e-03-j6.97645087896265114757e-01
  -7.97445072197978770123e-03-j6.97548254339731221840e-01
  -1.47074717041593625022e-02-j6.97321076254413418916e-01
  -2.14495452645798306834e-02-j6.96962762422118076167e-01
  -2.81970387538581432341e-02-j6.96472633191170364952e-01
  -3.49462765879886769205e-02-j6.95850123082259131024e-01
  -4.16935437895197547054e-02-j6.95094783323507270367e-01
  -4.84350896715595585773e-02-j6.94206284308019228035e-01
  -5.51671316672139727677e-02-j6.93184417966555166402e-01
  -6.18858593067652465458e-02-j6.92029100047275247398e-01
  -6.85874383445601726317e-02-j6.90740372293892623823e-01
  -7.52680150371098088957e-02-j6.89318404512878624146e-01
  -8.19237205734039547478e-02-j6.87763496519747552504e-01
  -8.85506756578098713772e-02-j6.86076079953801154510e-01
  -9.51449952452406433334e-02-j6.84256719950144587372e-01
  -1.01702793427479121213e-01-j6.82306116657204198006e-01
  -1.08220188468696423834e-01-j6.80225106587496908261e-01
  -1.14693307987214915267e-01-j6.78014663788946592149e-01
  -1.21118294279567759175e-01-j6.75675900823663688755e-01
  -1.27491309781767203635e-01-j6.73210069540827849011e-01
  -1.33808542661539020546e-01-j6.70618561630083376279e-01
  -1.40066212534016909519e-01-j6.67902908941808148846e-01
  -1.46260576292107868923e-01-j6.65064783560552541530e-01
  -1.52387934041399525364e-01-j6.62105997618157471329e-01
  -1.58444635128092509158e-01-j6.59028502833247209480e-01
  -1.64427084247056959354e-01-j6.55834389764227809749e-01
  -1.70331747615699746756e-01-j6.52525886763440143845e-01
  -1.76155159197927402293e-01-j6.49105358620788885915e-01
  -1.81893926961115948160e-01-j6.45575304886013889849e-01
  -1.87544739147637196108e-01-j6.41938357859722419363e-01
  -1.93104370541218262058e-01-j6.38197280244461095933e-01
  -1.98569688707168068298e-01-j6.34354962448347436954e-01
  -2.03937660184378144468e-01-j6.30414419535252568139e-01
  -2.09205356605963038730e-01-j6.26378787817038595875e-01
  -2.14369960724478947345e-01-j6.22251321085105502107e-01
  -2.19428772316905551509e-01-j6.18035386480284332222e-01
  -2.24379213943907723783e-01-j6.13734460002075321583e-01
  -2.29218836537465914249e-01-j6.09352121660240997336e-01
  -2.33945324790643172097e-01-j6.04892050273926673576e-01
  -2.38556502323205577021e-01-j6.00358017925598286268e-01
  -2.43050336596873473027e-01-j5.95753884079391005102e-01
  -2.47424943554330117879e-01-j5.91083589375685169998e-01
  -2.51678591956639163829e-01-j5.86351149116004166650e-01
  -2.55809707394473284658e-01-j5.81560646454583274334e-01
  -2.59816875949521741695e-01-j5.76716225315179520372e-01
  -2.63698847483660070434e-01-j5.71822083053844520961e-01
  -2.67454538534842578557e-01-j5.66882462890436200631e-01
  -2.71083034800333078085e-01-j5.61901646133635024327e-01
  -2.74583593189667574119e-01-j5.56883944226020388690e-01
  -2.77955643431778698371e-01-j5.51833690637475449137e-01
  -2.81198789222878886562e-01-j5.46755232636647048317e-01
  -2.84312808904014446831e-01-j5.41652922971539108055e-01
  -2.87297655659712658505e-01-j5.36531111491369894217e-01
  -2.90153457231678846284e-01-j5.31394136742713518728e-01
  -2.92880515144216757584e-01-j5.26246317573594080130e-01
  -2.95479303440759122346e-01-j5.21091944779535021226e-01
  -2.97950466933699587013e-01-j5.15935272825748914016e-01
  -3.00294818972491495135e-01-j5.10780511679475024422e-01
  -3.02513338737784631682e-01-j5.05631818786106967956e-01
  -3.04607168072099254719e-01-j5.00493291222077973934e-01
  -3.06577607860218259717e-01-j4.95368958056584984817e-01
  -3.08426113975064419837e-01-j4.90262772953060865788e-01
  -3.10154292807293230361e-01-j4.85178607039923825983e-01
  -3.11763896399156359429e-01-j4.80120242078528658425e-01
  -3.13256817205345483579e-01-j4.75091363954418699489e-01
  -3.14635082505523078211e-01-j4.70095556515985835144e-01
  -3.15900848494996999705e-01-j4.65136295782475450711e-01
  -3.17056394081588754918e-01-j4.60216944540959127519e-01
  -3.18104114418048755653e-01-j4.55340747349483820905e-01
  -3.19046514200505004766e-01-j4.50510825961052352451e-01
  -3.19886200764255945739e-01-j4.45730175180535370671e-01
  -3.20625877008851589700e-01-j4.41001659163928416696e-01
  -3.21268334184753090454e-01-j4.36328008166755543229e-01
  -3.21816444573994941969e-01-j4.31711815745742855110e-01
  -3.22273154097133973650e-01-j4.27155536415264269756e-01
  -3.22641474878432754636e-01-j4.22661483757516776016e-01
  -3.22924477800639819769e-01-j4.18231828982868036881e-01
  -3.23125285079940705035e-01-j4.13868599934441805388e-01
  -3.23247062890684999648e-01-j4.09573680528726391525e-01
  -3.23293014068318063092e-01-j4.05348810621833810508e-01
  -3.23266370917623779846e-01-j4.01195586289052774642e-01
  -3.23170388151930110254e-01-j3.97115460503487116561e-01
  -3.23008335987299277647e-01-j3.93109744197895349949e-01
  -3.22783493414062316873e-01-j3.89179607692362372617e-01
  -3.22499141666229394154e-01-j3.85326082469099773231e-01
  -3.22158557907478104720e-01-j3.81550063274563533433e-01
  -3.21765009150493219714e-01-j3.77852310528105639342e-01
  -3.21321746424516385687e-01-j3.74233453015644923489e-01
</dep>
<dep S[2,3] frequency>
  -1.15367607155493018256e-01-j3.26570682808688117493e-01
  -1.17391022363602617884e-01-j3.24452901462164711166e-01
  -1.19398299795780898913e-01-j3.22295427709329229682e-01
  -1.21388498989946455597e-01-j3.20098000067259080836e-01
  -1.23360656478915198253e-01-j3.17860373925361539005e-01
  -1.25313785780820030613e-01-j3.15582322548700611176e-01
  -1.27246877423133619711e-01-j3.13263638105391262201e-01
  -1.29158899002128790823e-01-j3.10904132717352343906e-01
  -1.31048795279635893474e-01-j3.08503639533606377476e-01
  -1.32915488318952779156e-01-j3.06062013825206868933e-01
  -1.34757877661807135006e-01-j3.03579134100746494962e-01
  -1.36574840548231518644e-01-j3.01054903241305626960e-01
  -1.38365232181244440790e-01-j2.98489249653551280694e-01
  -1.40127886038201643348e-01-j2.95882128439594938030e-01
  -1.41861614230667454351e-01-j2.93233522582074246365e-01
  -1.43565207914636283615e-01-j2.90543444142799811569e-01
  -1.45237437752899989363e-01-j2.87811935473172630928e-01
  -1.46877054431307885185e-01-j2.85039070434440322543e-01
  -1.48482789230630907173e-01-j2.82224955625727469410e-01
  -1.50053354655664494821e-01-j2.79369731617634509124e-01
  -1.51587445123151365323e-01-j2.76473574189058712847e-01
  -1.53083737710015932443e-01-j2.73536695564755238941e-01
  -1.54540892963314857589e-01-j2.70559345651025351387e-01
  -1.55957555773213324413e-01-j2.67541813266766292934e-01
  -1.57332356310177778891e-01-j2.64484427367000729525e-01
  -1.58663911027462356529e-01-j2.61387558255864349555e-01
  -1.59950823729829022524e-01-j2.58251618785907577358e-01
  -1.61191686709296067015e-01-j2.55077065540442182723e-01
  -1.62385081948567905341e-01-j2.51864399995549437250e-01
  -1.63529582392614558639e-01-j2.48614169658260553142e-01
  -1.64623753288706875519e-01-j2.45326969177315501458e-01
  -1.65666153595028120549e-01-j2.42003441422812382022e-01
  -1.66655337457777608101e-01-j2.38644278530974418562e-01
  -1.67589855756477973392e-01-j2.35250222910201561843e-01
  -1.68468257716997860118e-01-j2.31822068204491887888e-01
  -1.69289092591547535305e-01-j2.28360660210282173654e-01
  -1.70050911404707322250e-01-j2.24866897742723698128e-01
  -1.70752268764285897173e-01-j2.21341733447375482724e-01
  -1.71391724735574207950e-01-j2.17786174553301181689e-01
  -1.71967846777300509276e-01-j2.14201283563557665079e-01
  -1.72479211737355309086e-01-j2.10588178879099113816e-01
  -1.72924407906075883190e-01-j2.06948035352148201893e-01
  -1.73302037124643038002e-01-j2.03282084765163378881e-01
  -1.73610716945863580163e-01-j1.99591616231596408193e-01
  -1.73849082844382829549e-01-j1.95877976514739648994e-01
  -1.74015790473077580636e-01-j1.92142570261080475325e-01
  -1.74109517962172249961e-01-j1.88386860144704432196e-01
  -1.74128968257338617720e-01-j1.84612366919458148473e-01
  -1.74072871492825131945e-01-j1.80820669375748532826e-01
  -1.73939987395424905392e-01-j1.77013404199044932508e-01
  -1.73729107714870573131e-01-j1.73192265727364791417e-01
  -1.73439058676040258611e-01-j1.69359005605257323390e-01
  -1.73068703448170768677e-01-j1.65515432332028589180e-01
  -1.72616944626089063863e-01-j1.61663410702228227400e-01
  -1.72082726718313816505e-01-j1.57804861136690288692e-01
  -1.71465038636746225365e-01-j1.53941758902697983791e-01
  -1.70762916182532614728e-01-j1.50076133222169560977e-01
  -1.69975444522588947649e-01-j1.46210066267044497268e-01
  -1.69101760651199584107e-01-j1.42345692041401128414e-01
  -1.68141055831035030055e-01-j1.38485195150143708398e-01
  -1.67092578007914965843e-01-j1.34630809454448441276e-01
  -1.65955634193623219330e-01-j1.30784816614482490849e-01
  -1.64729592811109104566e-01-j1.26949544520265439340e-01
  -1.63413885996438190684e-01-j1.23127365611871153472e-01
  -1.62008011851942329562e-01-j1.19320695090504497182e-01
  -1.60511536645093239040e-01-j1.15531989022325004557e-01
  -1.58924096947755250087e-01-j1.11763742337213034528e-01
  -1.57245401710609744583e-01-j1.08018486724976214841e-01
  -1.55475234267716116987e-01-j1.04298788431808370225e-01
  -1.53613454266354060307e-01-j1.00607245960095348369e-01
  -1.51659999517507693145e-01-j9.69464876749309145687e-02
  -1.49614887762592768672e-01-j9.33191693209569073097e-02
  -1.47478218352249057510e-01-j8.97279714533829042544e-02
  -1.45250173833318257932e-01-j8.61755967872326333890e-02
  -1.42931021440379668608e-01-j8.26647674690658140761e-02
  -1.40521114488521864372e-01-j7.91982222755768794364e-02
  -1.38020893664323462957e-01-j7.57787137436070068475e-02
  -1.35430888212316330454e-01-j7.24090052362076352921e-02
  -1.32751717014533560102e-01-j6.90918679494872955971e-02
  -1.29984089561026805448e-01-j6.58300778649998363790e-02
  -1.27128806809580996440e-01-j6.26264126524826991727e-02
  -1.24186761933130204727e-01-j5.94836485277174809028e-02
  -1.21158940953695032361e-01-j5.64045570702820242559e-02
  -1.18046423261940397476e-01-j5.33919020058709059562e-02
  -1.14850382021725774817e-01-j5.04484359578032393046e-02
  -1.11572084459281586910e-01-j4.75768971722112521405e-02
  -1.08212892036879657076e-01-j4.47800062212624361280e-02
  -1.04774260511086278469e-01-j4.20604626886300625443e-02
  -1.01257739875875302227e-01-j3.94209418412598822101e-02
  -9.76649741910481233864e-02-j3.68640912912524543188e-02
  -9.39977012965553665458e-02-j3.43925276515458788751e-02
  -9.02577524134035164005e-02-j3.20088331888028210237e-02
  -8.64470516319421483642e-02-j2.97155524767570011768e-02
  -8.25676152883456360154e-02-j2.75151890529958254028e-02
  -7.86215512301405711204e-02-j2.54102020819843010813e-02
  -7.46110579716036531606e-02-j2.34030030268936317661e-02
  -7.05384237398112012851e-02-j2.14959523326063717263e-02
  -6.64060254120487220009e-02-j1.96913561220719013356e-02
  -6.22163273451637743872e-02-j1.79914629080130117345e-02
  -5.79718800973239439811e-02-j1.63984603218235713840e-02
  -5.36753190424673898296e-02-j1.49144718613742899294e-02
  -4.93293628775420336940e-02-j1.35415536593217478156e-02
  -4.49368120224221956338e-02-j1.22816912734667327278e-02
  -4.05005469121585623404e-02-j1.11367965006422542373e-02
  -3.60235261809612600237e-02-j1.01087042156218775979e-02
  -3.15087847370772236588e-02-j9.19916923658936624975e-03
  -2.69594317274310518728e-02-j8.40986321876169284906e-03
  -2.23786483906528860244e-02-j7.74237157790574892502e-03
  -1.77696857968374956338e-02-j7.19819044565339627439e-03
  -1.31358624721252745249e-02-j6.77872365873549709292e-03
  -8.48056190594554185069e-03-j6.48527978451751696554e-03
  -3.80722993854802887331e-03-j6.31906918554270280453e-03
  +8.80627973777159313989e-04-j6.28120112614372061444e-03
  +5.57944961852667887375e-03-j6.37268092458287416235e-03
  +1.02856190147675996549e-02-j6.59440715464476578944e-03
  +1.49954695318473361226e-02-j6.94716890109786655572e-03
  +1.97052871420590261509e-02-j7.43164307394983403299e-03
  +2.44113138102777620098e-02-j8.04839178702226876183e-03
  +2.91097510235067309659e-02-j8.79785980693770230943e-03
  +3.37967634631401586676e-02-j9.68037207925193099456e-03
  +3.84684828225453009920e-02-j1.06961313390874224183e-02
  +4.31210117722751334890e-02-j1.18452158142957064690e-02
  +4.77504280748781637089e-02-j1.31275770298189264906e-02
  +5.23527888508118974253e-02-j1.45430377225836959809e-02
  +5.69241349964609913425e-02-j1.60912898768977852271e-02
  +6.14604957546327976270e-02-j1.77718928909518236736e-02
  +6.59578934372154895849e-02-j1.95842718856132913530e-02
  +7.04123482988884830114e-02-j2.15277161672616790256e-02
  +7.48198835599218348147e-02-j2.36013778569055809875e-02
  +7.91765305751210429763e-02-j2.58042706982836711482e-02
  +8.34783341449666649314e-02-j2.81352690580103925733e-02
  +8.77213579638678742079e-02-j3.05931071311192348539e-02
  +9.19016901992832646595e-02-j3.31763783655799060490e-02
  +9.60154491942125792869e-02-j3.58835351194212726078e-02
  +1.00058789284266938524e-01-j3.87128885641411790708e-02
  +1.04027906719194596086e-01-j4.16626088478899148093e-02
  +1.07919045677347780199e-01-j4.47307255317125895822e-02
  +1.11728504360192285039e-01-j4.79151283117059123562e-02
  +1.15452641152552090698e-01-j5.12135680394275594196e-02
  +1.19087880832874512538e-01-j5.46236580522229120405e-02
  +1.22630720816433474996e-01-j5.81428758242861776218e-02
  +1.26077737413025192659e-01-j6.17685649483208365496e-02
  +1.29425592079436574400e-01-j6.54979374565086147619e-02
  +1.32671037645725325982e-01-j6.93280764882452382736e-02
  +1.35810924493223406095e-01-j7.32559393106461120837e-02
  +1.38842206661137002044e-01-j7.72783606962810787344e-02
  +1.41761947857686421148e-01-j8.13920566608934414887e-02
  +1.44567327350976604361e-01-j8.55936285620235715044e-02
  +1.47255645714122335166e-01-j8.98795675575385089040e-02
  +1.49824330398723198909e-01-j9.42462594210237147863e-02
  +1.52270941110467822321e-01-j9.86899897088644728615e-02
  +1.54593174960584806010e-01-j1.03206949271685832770e-01
  +1.56788871366930371298e-01-j1.07793240100559573058e-01
  +1.58856016678852629553e-01-j1.12444881496120197006e-01
  +1.60792748500484056207e-01-j1.17157816546496290622e-01
  +1.62597359687880610446e-01-j1.21927918897667630915e-01
  +1.64268301996384091801e-01-j1.26750999797669849922e-01
  +1.65804189355803238692e-01-j1.31622815393897252267e-01
  +1.67203800752382114592e-01-j1.36539074260704496044e-01
  +1.68466082698187830102e-01-j1.41495445132521990850e-01
  +1.69590151270321398691e-01-j1.46487564815903137383e-01
  +1.70575293704397334960e-01-j1.51511046252211678542e-01
  +1.71420969528897765288e-01-j1.56561486701199514826e-01
  +1.72126811229337345344e-01-j1.61634476014370004338e-01
  +1.72692624433667285544e-01-j1.66725604965971829774e-01
  +1.73118387612898050332e-01-j1.71830473608573536248e-01
  +1.73404251293628242081e-01-j1.76944699619534240309e-01
  +1.73550536781887032589e-01-j1.82063926604323828018e-01
  +1.73557734400498320237e-01-j1.87183832322498133749e-01
  +1.73426501244951652980e-01-j1.92300136802279725279e-01
  +1.73157658465576402840e-01-j1.97408610310080528949e-01
  +1.72752188086531754951e-01-j2.02505081141967663294e-01
  +1.72211229374827551331e-01-j2.07585443204961112018e-01
  +1.71536074775155755745e-01-j2.12645663357223402290e-01
  +1.70728165428796846426e-01-j2.17681788477584570174e-01
  +1.69789086297177205243e-01-j2.22689952236440169564e-01
  +1.68720560912817729715e-01-j2.27666381541896778451e-01
  +1.67524445782406550265e-01-j2.32607402637025173497e-01
  +1.66202724468487272880e-01-j2.37509446826246140017e-01
  +1.64757501377836568235e-01-j2.42369055811199718420e-01
  +1.63190995285926732095e-01-j2.47182886618847796889e-01
  +1.61505532627985615157e-01-j2.51947716107126740148e-01
  +1.59703540588007147916e-01-j2.56660445036011430897e-01
  +1.57787540017688576732e-01-j2.61318101694542059832e-01
  +1.55760138217629684476e-01-j2.65917845076974468377e-01
  +1.53624021613254280183e-01-j2.70456967603900533259e-01
  +1.51381948357782569747e-01-j2.74932897386788721583e-01
  +1.49036740894248398437e-01-j2.79343200036958894117e-01
  +1.46591278507967937017e-01-j2.83685580022506655951e-01
  +1.44048489900083287463e-01-j2.87957881579073815548e-01
  +1.41411345811838451425e-01-j2.92158089182641300674e-01
  +1.38682851728067102481e-01-j2.96284327594675989115e-01
  +1.35866040687053823977e-01-j3.00334861491951876644e-01
  +1.32963966222480634016e-01-j3.04308094695211972525e-01
  +1.29979695461537231305e-01-j3.08202569012514360214e-01
  +1.26916302401620106899e-01-j3.12016962714593282247e-01
  +1.23776861386214770411e-01-j3.15750088660895822379e-01
  +1.20564440798731922766e-01-j3.19400892096066923997e-01
  +1.17282096991142378850e-01-j3.22968448137622377025e-01
  +1.13932868462342781757e-01-j3.26451958976287870406e-01
</dep>
<dep S[2,1] frequency>
  +3.21415861002743274977e-01-j3.75351796351176547617e-01
  +3.21694475016566172609e-01-j3.77538763241670405346e-01
  +3.21956004981094778827e-01-j3.79763911845556023650e-01
  +3.22199499471281680663e-01-j3.82027519750351263195e-01
  +3.22423983721340734476e-01-j3.84329847720922768151e-01
  +3.22628459611855711309e-01-j3.86671138694369698197e-01
  +3.22811905690462086493e-01-j3.89051616750817397250e-01
  +3.22973277227936006462e-01-j3.91471486060817053243e-01
  +3.23111506311548279946e-01-j3.93930929810178298567e-01
  +3.23225501977541240795e-01-j3.96430109103137140458e-01
  +3.23314150384624521273e-01-j3.98969161844917596937e-01
  +3.23376315030351912938e-01-j4.01548201604823740141e-01
  +3.23410837012270746538e-01-j4.04167316461146286510e-01
  +3.23416535335707300280e-01-j4.06826567829282614852e-01
  +3.23392207270039588884e-01-j4.09525989274598489764e-01
  +3.23336628755283128633e-01-j4.12265585311693438797e-01
  +3.23248554860789349963e-01-j4.15045330191862238411e-01
  +3.23126720297798764037e-01-j4.17865166680681632272e-01
  +3.22969839987563789308e-01-j4.20725004827790960427e-01
  +3.22776609686669657684e-01-j4.23624720731065940171e-01
  +3.22545706671142407007e-01-j4.26564155297538494249e-01
  +3.22275790480823054462e-01-j4.29543113003533538752e-01
  +3.21965503725424984083e-01-j4.32561360656646742839e-01
  +3.21613472953575063595e-01-j4.35618626162320277118e-01
  +3.21218309586028261116e-01-j4.38714597297897856976e-01
  +3.20778610914138173626e-01-j4.41848920497182995337e-01
  +3.20292961164517553385e-01-j4.45021199648645171543e-01
  +3.19759932630685583810e-01-j4.48230994910533975251e-01
  +3.19178086872352384518e-01-j4.51477821546293289767e-01
  +3.18545975982808093896e-01-j4.54761148783757840341e-01
  +3.17862143924726114896e-01-j4.58080398701726343447e-01
  +3.17125127934494432935e-01-j4.61434945147600861226e-01
  +3.16333459994993182463e-01-j4.64824112689860236003e-01
  +3.15485668376530359325e-01-j4.68247175609201038426e-01
  +3.14580279245444904834e-01-j4.71703356932261785861e-01
  +3.13615818339630980649e-01-j4.75191827511878828183e-01
  +3.12590812710051180190e-01-j4.78711705157852218662e-01
  +3.11503792527025202830e-01-j4.82262053822248792923e-01
  +3.10353292949865300354e-01-j4.85841882843241812395e-01
  +3.09137856058160687134e-01-j4.89450146251509843331e-01
  +3.07856032842779958614e-01-j4.93085742143162197859e-01
  +3.06506385254378288518e-01-j4.96747512123140388951e-01
  +3.05087488306964083051e-01-j5.00434240822968501305e-01
  +3.03597932233796163892e-01-j5.04144655496648108617e-01
  +3.02036324692655178126e-01-j5.07877425698411100186e-01
  +3.00401293017237946970e-01-j5.11631163045893067043e-01
  +2.98691486511219073119e-01-j5.15404421072203744458e-01
  +2.96905578781234691377e-01-j5.19195695170169724264e-01
  +2.95042270104841297673e-01-j5.23003422631869052672e-01
  +2.93100289829248628060e-01-j5.26825982786403024249e-01
  +2.91078398796418502670e-01-j5.30661697238608565108e-01
  +2.88975391789917490648e-01-j5.34508830211207985883e-01
  +2.86790099998708136741e-01-j5.38365588992634758192e-01
  +2.84521393492897289867e-01-j5.42230124492530607405e-01
  +2.82168183706289710244e-01-j5.46100531906611341704e-01
  +2.79729425920464069844e-01-j5.49974851492326166635e-01
  +2.77204121744957066031e-01-j5.53851069456421041259e-01
  +2.74591321588036230139e-01-j5.57727118955214429263e-01
  +2.71890127112483614980e-01-j5.61600881208062174821e-01
  +2.69099693670727502237e-01-j5.65470186724164491920e-01
  +2.66219232713646003496e-01-j5.69332816642525330053e-01
  +2.63248014167355492976e-01-j5.73186504184551637309e-01
  +2.60185368772308911467e-01-j5.77028936218414667536e-01
  +2.57030690379072779272e-01-j5.80857754933975622968e-01
  +2.53783438195227084577e-01-j5.84670559626745633963e-01
  +2.50443138977914148136e-01-j5.88464908588990920357e-01
  +2.47009389166690018769e-01-j5.92238321105800213928e-01
  +2.43481856951469177730e-01-j5.95988279553605448946e-01
  +2.39860284270528245631e-01-j5.99712231598345191230e-01
  +2.36144488733710800066e-01-j6.03407592490167288268e-01
  +2.32334365466193015770e-01-j6.07071747451314203126e-01
  +2.28429888868411812286e-01-j6.10702054153568818506e-01
  +2.24431114287974520227e-01-j6.14295845281401575733e-01
  +2.20338179599670530573e-01-j6.17850431176772296737e-01
  +2.16151306689956079765e-01-j6.21363102561329760931e-01
  +2.11870802842589078807e-01-j6.24831133331614996251e-01
  +2.07497062022387129820e-01-j6.28251783422715592842e-01
  +2.03030566054377303864e-01-j6.31622301735736968453e-01
  +1.98471885695946259620e-01-j6.34939929124358592993e-01
  +1.93821681599865264234e-01-j6.38201901435705654109e-01
  +1.89080705166425167008e-01-j6.41405452600728787083e-01
  +1.84249799283177917442e-01-j6.44547817769317576975e-01
  +1.79329898951108263061e-01-j6.47626236485368322882e-01
  +1.74322031796331988751e-01-j6.50637955897138020589e-01
  +1.69227318466689480303e-01-j6.53580233998242499105e-01
  +1.64046972912873095796e-01-j6.56450342894825067397e-01
  +1.58782302553947929358e-01-j6.59245572094517506834e-01
  +1.53434708327358976243e-01-j6.61963231812986108160e-01
  +1.48005684623700922709e-01-j6.64600656294011549186e-01
  +1.42496819106690625345e-01-j6.67155207139268457972e-01
  +1.36909792418946907322e-01-j6.69624276644132043756e-01
  +1.31246377774246192338e-01-j6.72005291136083870995e-01
  +1.25508440437062884776e-01-j6.74295714312475036323e-01
  +1.19697937090196299126e-01-j6.76493050574650811591e-01
  +1.13816915091341216981e-01-j6.78594848355641433457e-01
  +1.07867511619422817848e-01-j6.80598703438830110457e-01
  +1.01851952711477067304e-01-j6.82502262265248571538e-01
  +9.57725521907853705184e-02-j6.84303225227290479182e-01
  +8.96317104868440128751e-02-j6.85999349946867731376e-01
  +8.34319133476307678299e-02-j6.87588454536133930617e-01
  +7.71757304444554287359e-02-j6.89068420839078266127e-01
  +7.08658138694885364472e-02-j6.90437197652370771017e-01
  +6.45048965258580436766e-02-j6.91692803923918297926e-01
  +5.80957904099686367472e-02-j6.92833331927633855329e-01
  +5.16413847854406554694e-02-j6.93856950412938822126e-01
  +4.51446442478349446725e-02-j6.94761907727429406378e-01
  +3.86086066790255894032e-02-j6.95546534911128055967e-01
  +3.20363810898481524148e-02-j6.96209248760559118452e-01
  +2.54311453493660175051e-02-j6.96748554860748270379e-01
  +1.87961437988452689796e-02-j6.97163050583005872163e-01
  +1.21346847482770355681e-02-j6.97451428046117039017e-01
  +5.45013785307648171430e-03-j6.97612477038212386304e-01
  -1.25406863164758157134e-03-j6.97645087896265114757e-01
  -7.97445072197978943596e-03-j6.97548254339731221840e-01
  -1.47074717041593625022e-02-j6.97321076254413418916e-01
  -2.14495452645798306834e-02-j6.96962762422118076167e-01
  -2.81970387538581432341e-02-j6.96472633191170364952e-01
  -3.49462765879886769205e-02-j6.95850123082259020002e-01
  -4.16935437895197547054e-02-j6.95094783323507270367e-01
  -4.84350896715595585773e-02-j6.94206284308019228035e-01
  -5.51671316672139727677e-02-j6.93184417966555166402e-01
  -6.18858593067652604236e-02-j6.92029100047275358421e-01
  -6.85874383445601726317e-02-j6.90740372293892623823e-01
  -7.52680150371098088957e-02-j6.89318404512878402102e-01
  -8.19237205734039547478e-02-j6.87763496519747552504e-01
  -8.85506756578098713772e-02-j6.86076079953801154510e-01
  -9.51449952452406433334e-02-j6.84256719950144587372e-01
  -1.01702793427479107335e-01-j6.82306116657204198006e-01
  -1.08220188468696423834e-01-j6.80225106587496908261e-01
  -1.14693307987214915267e-01-j6.78014663788946592149e-01
  -1.21118294279567759175e-01-j6.75675900823663688755e-01
  -1.27491309781767231391e-01-j6.73210069540827849011e-01
  -1.33808542661539020546e-01-j6.70618561630083376279e-01
  -1.40066212534016909519e-01-j6.67902908941808148846e-01
  -1.46260576292107868923e-01-j6.65064783560552541530e-01
  -1.52387934041399553120e-01-j6.62105997618157582352e-01
  -1.58444635128092564669e-01-j6.59028502833247209480e-01
  -1.64427084247056959354e-01-j6.55834389764227809749e-01
  -1.70331747615699746756e-01-j6.52525886763440143845e-01
  -1.76155159197927402293e-01-j6.49105358620788885915e-01
  -1.81893926961115975915e-01-j6.45575304886013889849e-01
  -1.87544739147637196108e-01-j6.41938357859722419363e-01
  -1.93104370541218234303e-01-j6.38197280244461095933e-01
  -1.98569688707168068298e-01-j6.34354962448347436954e-01
  -2.03937660184378227735e-01-j6.30414419535252568139e-01
  -2.09205356605963038730e-01-j6.26378787817038595875e-01
  -2.14369960724478947345e-01-j6.22251321085105502107e-01
  -2.19428772316905551509e-01-j6.18035386480284332222e-01
  -2.24379213943907723783e-01-j6.13734460002075321583e-01
  -2.29218836537465914249e-01-j6.09352121660240997336e-01
  -2.33945324790643172097e-01-j6.04892050273926673576e-01
  -2.38556502323205577021e-01-j6.00358017925598286268e-01
  -2.43050336596873473027e-01-j5.95753884079391005102e-01
  -2.47424943554330117879e-01-j5.91083589375685169998e-01
  -2.51678591956639163829e-01-j5.86351149116004166650e-01
  -2.55809707394473284658e-01-j5.81560646454583274334e-01
  -2.59816875949521741695e-01-j5.76716225315179520372e-01
  -2.63698847483660070434e-01-j5.71822083053844298917e-01
  -2.67454538534842578557e-01-j5.66882462890436200631e-01
  -2.71083034800333078085e-01-j5.61901646133635024327e-01
  -2.74583593189667518608e-01-j5.56883944226020388690e-01
  -2.77955643431778698371e-01-j5.51833690637475449137e-01
  -2.81198789222878775540e-01-j5.46755232636647048317e-01
  -2.84312808904014446831e-01-j5.41652922971539108055e-01
  -2.87297655659712658505e-01-j5.36531111491369894217e-01
  -2.90153457231678846284e-01-j5.31394136742713518728e-01
  -2.92880515144216757584e-01-j5.26246317573594080130e-01
  -2.95479303440759122346e-01-j5.21091944779535021226e-01
  -2.97950466933699587013e-01-j5.15935272825748914016e-01
  -3.00294818972491495135e-01-j5.10780511679475024422e-01
  -3.02513338737784631682e-01-j5.05631818786106967956e-01
  -3.04607168072099254719e-01-j5.00493291222077973934e-01
  -3.06577607860218259717e-01-j4.95368958056584984817e-01
  -3.08426113975064419837e-01-j4.90262772953060865788e-01
  -3.10154292807293230361e-01-j4.85178607039923825983e-01
  -3.11763896399156359429e-01-j4.80120242078528658425e-01
  -3.13256817205345483579e-01-j4.75091363954418477444e-01
  -3.14635082505523078211e-01-j4.70095556515985835144e-01
  -3.15900848494997166238e-01-j4.65136295782475561733e-01
  -3.17056394081588754918e-01-j4.60216944540959127519e-01
  -3.18104114418048755653e-01-j4.55340747349483820905e-01
  -3.19046514200505004766e-01-j4.50510825961052352451e-01
  -3.19886200764256056761e-01-j4.45730175180535370671e-01
  -3.20625877008851700722e-01-j4.41001659163928305674e-01
  -3.21268334184753090454e-01-j4.36328008166755543229e-01
  -3.21816444573994830947e-01-j4.31711815745742855110e-01
  -3.22273154097133973650e-01-j4.27155536415264269756e-01
  -3.22641474878432810147e-01-j4.22661483757516776016e-01
  -3.22924477800639930791e-01-j4.18231828982868036881e-01
  -3.23125285079940705035e-01-j4.13868599934441805388e-01
  -3.23247062890685055159e-01-j4.09573680528726391525e-01
  -3.23293014068318063092e-01-j4.05348810621833810508e-01
  -3.23266370917623779846e-01-j4.01195586289052774642e-01
  -3.23170388151930110254e-01-j3.97115460503487116561e-01
  -3.23008335987299277647e-01-j3.93109744197895349949e-01
  -3.22783493414062316873e-01-j3.89179607692362372617e-01
  -3.22499141666229505176e-01-j3.85326082469099717720e-01
  -3.22158557907478104720e-01-j3.81550063274563533433e-01
  -3.21765009150493219714e-01-j3.77852310528105639342e-01
  -3.21321746424516385687e-01-j3.74233453015644923489e-01
</dep>
<dep S[2,2] frequency>
  -2.81648191092020216963e-01+j3.44317194752663258139e-01
  -2.78176337140812579563e-01+j3.43847134781948005067e-01
  -2.74690137765804198722e-01+j3.43332611850262203745e-01
  -2.71190212945904729480e-01+j3.42773005260279428619e-01
  -2.67677204006801783276e-01+j3.42167701507978649911e-01
  -2.64151773721371718739e-01+j3.41516095045174550293e-01
  -2.60614606382887192826e-01+j3.40817589060995351780e-01
  -2.57066407849492639670e-01+j3.40071596281564803022e-01
  -2.53507905558398249912e-01+j3.39277539787040838259e-01
  -2.49939848508267586924e-01+j3.38434853845054284260e-01
  -2.46363007208237838608e-01+j3.37542984759492070701e-01
  -2.42778173592064272501e-01+j3.36601391733450439059e-01
  -2.39186160895862642839e-01+j3.35609547745075342817e-01
  -2.35587803497965181387e-01+j3.34566940434886550548e-01
  -2.31983956719434503135e-01+j3.33473073003064501840e-01
  -2.28375496583814147078e-01+j3.32327465115056619460e-01
  -2.24763319534743100103e-01+j3.31129653813734825540e-01
  -2.21148342110126877591e-01+j3.29879194436218492470e-01
  -2.17531500571607888661e-01+j3.28575661533339724585e-01
  -2.13913750488170906205e-01+j3.27218649789617177515e-01
  -2.10296066272787018914e-01+j3.25807774941469896479e-01
  -2.06679440671110187244e-01+j3.24342674691279309052e-01
  -2.03064884201339224123e-01+j3.22823009614797873379e-01
  -1.99453424544475982350e-01+j3.21248464059269434046e-01
  -1.95846105884334875658e-01+j3.19618747029519645331e-01
  -1.92243988196807796820e-01+j3.17933593059166630379e-01
  -1.88648146488026108303e-01+j3.16192763063989579209e-01
  -1.85059669981235297431e-01+j3.14396045174398786060e-01
  -1.81479661252354151912e-01+j3.12543255543862363854e-01
  -1.77909235314388375349e-01+j3.10634239130054168321e-01
  -1.74349518651058021934e-01+j3.08668870445415577386e-01
  -1.70801648200194611249e-01+j3.06647054273771590971e-01
  -1.67266770287684024554e-01+j3.04568726349564777856e-01
  -1.63746039512961932827e-01+j3.02433853996260659791e-01
  -1.60240617587282918599e-01+j3.00242436720428551578e-01
  -1.56751672126237195926e-01+j2.97994506757996824309e-01
  -1.53280375398240964468e-01+j2.95690129569193660419e-01
  -1.49827903030963965891e-01+j2.93329404278693806063e-01
  -1.46395432677934617116e-01+j2.90912464057530850692e-01
  -1.42984142647814005400e-01+j2.88439476443392184279e-01
  -1.39595210499107502677e-01+j2.85910643595997937538e-01
  -1.36229811603341272042e-01+j2.83326202484337152931e-01
  -1.32889117680011770162e-01+j2.80686425002673156648e-01
  -1.29574295306875753031e-01+j2.77991618012352670331e-01
  -1.26286504409409416905e-01+j2.75242123306617070266e-01
  -1.23026896733549814811e-01+j2.72438317495789950051e-01
  -1.19796614306052817689e-01+j2.69580611810420589514e-01
  -1.16596787887073699563e-01+j2.66669451820183700530e-01
  -1.13428535419816747809e-01+j2.63705317066589339792e-01
  -1.10292960482296684144e-01+j2.60688720607810009433e-01
  -1.07191150746501470681e-01+j2.57620208474241663144e-01
  -1.04124176450426389473e-01+j2.54500359033711598400e-01
  -1.01093088888624824118e-01+j2.51329782265578227651e-01
  -9.80989189270952549604e-02+j2.48109118943332512819e-01
  -9.51426755484491709636e-02+j2.44839039725657681146e-01
  -9.22253444334329985921e-02+j2.41520244156309210615e-01
  -8.93478865849616915584e-02+j2.38153459573574949326e-01
  -8.65112370008859488113e-02+j2.34739439930478938079e-01
  -8.37163034017595619751e-02+j2.31278964527341396318e-01
  -8.09639650198744897924e-02+j2.27772836658735905457e-01
  -7.82550714558127719078e-02+j2.24221882177326581331e-01
  -7.55904416087086195031e-02+j2.20626947977539733525e-01
  -7.29708626863203591029e-02+j2.16988900402473428031e-01
  -7.03970893009129711215e-02+j2.13308623577900507984e-01
  -6.78698426567581475366e-02+j2.09587017677703435492e-01
  -6.53898098349083023439e-02+j2.05824997125510028573e-01
  -6.29576431806561642723e-02+j2.02023488737768541768e-01
  -6.05739597988237121751e-02+j1.98183429813931138996e-01
  -5.82393411617480594167e-02+j1.94305766179851291398e-01
  -5.59543328344916934824e-02+j1.90391450190912525642e-01
  -5.37194443214437933332e-02+j1.86441438701801964761e-01
  -5.15351490380737131680e-02+j1.82456691010235177997e-01
  -4.94018844111941135555e-02+j1.78438166782273394118e-01
  -4.73200521105984484027e-02+j1.74386823967227627685e-01
  -4.52900184144884310200e-02+j1.70303616710430844039e-01
  -4.33121147105541559608e-02+j1.66189493272452970540e-01
  -4.13866381340633471275e-02+j1.62045393963557021744e-01
  -3.95138523437297550789e-02+j1.57872249102412043342e-01
  -3.76939884355623477941e-02+j1.53670977008262987784e-01
  -3.59272459942795996390e-02+j1.49442482035864077083e-01
  -3.42137942812718864882e-02+j1.45187652662612964871e-01
  -3.25537735574503162006e-02+j1.40907359637346074610e-01
  -3.09472965386802245646e-02+j1.36602454200296263842e-01
  -2.93944499808514447814e-02+j1.32273766383663282653e-01
  -2.78952963909840923051e-02+j1.27922103402186571053e-01
  -2.64498758600990868661e-02+j1.23548248142995392707e-01
  -2.50582080129428397264e-02+j1.19152957763833389215e-01
  -2.37202940689865138246e-02+j1.14736962408572576444e-01
  -2.24361190084939321476e-02+j1.10300964048664865147e-01
  -2.12056538367922930988e-02+j1.05845635458881648372e-01
  -2.00288579392758070430e-02+j1.01371619335378915228e-01
  -1.89056815190547511385e-02+j9.68795275636995800728e-02
  -1.78360681085706074267e-02+j9.23699406439546927272e-02
  -1.68199571459293206743e-02+j8.78434072799054027625e-02
  -1.58572866061594541787e-02+j8.33004441382015903272e-02
  -1.49479956770777744346e-02+j7.87415357834618245825e-02
  -1.40920274689484148478e-02+j7.41671347943018838267e-02
  -1.32893317466661053938e-02+j6.95776620648052013252e-02
  -1.25398676727543345599e-02+j6.49735072952493664111e-02
  -1.18436065490838682290e-02+j6.03550296752330336925e-02
  -1.12005345448453752510e-02+j5.57225587616073242403e-02
  -1.06106553980043205598e-02+j5.10763955528634738812e-02
  -1.00739930771812924437e-02+j4.64168137608447009534e-02
  -9.59059439066711760802e-03+j4.17440612798363058777e-02
  -9.16053152908818946187e-03+j3.70583618522378616111e-02
  -8.78390452811558808399e-03+j3.23599169291827470918e-02
  -8.46084363749574630553e-03+j2.76489077235506572339e-02
  -8.19151158265299383920e-03+j2.29254974519442072944e-02
  -7.97610570513190841879e-03+j1.81898337612600435875e-02
  -7.81485996820782680139e-03+j1.34420513345536504074e-02
  -7.70804681413264636269e-03+j8.68227466994065874561e-03
  -7.65597885966107227773e-03+j3.91062102533072230431e-03
  -7.65901041675856597557e-03-j8.72796479202540180856e-04
  -7.71753882571085680908e-03-j5.66786561054631425616e-03
  -7.83200558822580439333e-03-j1.04744716333096173771e-02
  -8.00289728858302740200e-03-j1.52924937932975152366e-02
  -8.23074629139428082247e-03-j2.01218016857512733975e-02
  -8.51613120513053378779e-03-j2.49622515213518587907e-02
  -8.85967710125326601833e-03-j2.98136823039088713627e-02
  -9.26205547950967322812e-03-j3.46759119345700431158e-02
  -9.72398397077983700498e-03-j3.95487332582670422787e-02
  -1.02462257697568670523e-02-j4.44319100689519533298e-02
  -1.08295887907139953832e-02-j4.93251730909985489082e-02
  -1.14749245406590705265e-02-j5.42282159548840847485e-02
  -1.21831267053064129513e-02-j5.91406911859918144048e-02
  -1.29551294444986420107e-02-j6.40622062260052527183e-02
  -1.37919053949877024046e-02-j6.89923195069482436681e-02
  -1.46944633798243851075e-02-j7.39305365984175150151e-02
  -1.56638458250343559630e-02-j7.88763064489837739668e-02
  -1.67011258857310829207e-02-j8.38290177430329463970e-02
  -1.78074042853427483291e-02-j8.87879953945734934351e-02
  -1.89838058732520464922e-02-j9.37524971996135242369e-02
  -2.02314759077452388514e-02-j9.87217106687399426068e-02
  -2.15515760728683669623e-02-j1.03694750061373575090e-01
  -2.29452802394891353099e-02-j1.08670653642932935057e-01
  -2.44137699825579257418e-02-j1.13648381185739555388e-01
  -2.59582298683213030799e-02-j1.18626811733948483996e-01
  -2.75798425269453695297e-02-j1.23604741652106719929e-01
  -2.92797835277051610170e-02-j1.28580882976097737869e-01
  -3.10592160755923663018e-02-j1.33553862084236252272e-01
  -3.29192855497793812614e-02-j1.38522218705126376470e-01
  -3.48611139059820107633e-02-j1.43484405277586046790e-01
  -3.68857939662140532633e-02-j1.48438786676482054050e-01
  -3.89943836208433980417e-02-j1.53383640316708341755e-01
  -4.11878999691165648134e-02-j1.58317156645778639446e-01
  -4.34673134254891513351e-02-j1.63237440033617092761e-01
  -4.58335418201103184099e-02-j1.68142510066084244214e-01
  -4.82874445226527115871e-02-j1.73030303246658939686e-01
  -5.08298166193760225795e-02-j1.77898675108413784063e-01
  -5.34613831738056100029e-02-j1.82745402736107315222e-01
  -5.61827936016943418895e-02-j1.87568187695756422029e-01
  -5.89946161910584049304e-02-j1.92364659366624696224e-01
  -6.18973327979163712165e-02-j1.97132378667996210897e-01
  -6.48913337480313545669e-02-j2.01868842170593698615e-01
  -6.79769129743710148750e-02-j2.06571486579968738306e-01
  -7.11542634191923567544e-02-j2.11237693576677931784e-01
  -7.44234727286021968684e-02-j2.15864794995603237471e-01
  -7.77845192661752726782e-02-j2.20450078324404635799e-01
  -8.12372684707212827648e-02-j2.24990792498791114529e-01
  -8.47814695815584523642e-02-j2.29484153970154480806e-01
  -8.84167527527386920561e-02-j2.33927353019072192808e-01
  -9.21426265755480727870e-02-j2.38317560286337215558e-01
  -9.59584760263156311133e-02-j2.42651933491524862685e-01
  -9.98635608540971025926e-02-j2.46927624307600485087e-01
  -1.03857014420216178796e-01-j2.51141785358888314228e-01
  -1.07937842998932678751e-01-j2.55291577308672468227e-01
  -1.12104925545684408483e-01-j2.59374176001974321437e-01
  -1.16357013936505535034e-01-j2.63386779628546174870e-01
  -1.20692733679269928460e-01-j2.67326615870902950522e-01
  -1.25110585094520970761e-01-j2.71190949002239722887e-01
  -1.29608944960686534031e-01-j2.74977086899416911514e-01
  -1.34186068615646636459e-01-j2.78682387936761255531e-01
  -1.38840092503775158761e-01-j2.82304267727273461297e-01
  -1.43569037154892636954e-01-j2.85840205678950021184e-01
  -1.48370810578957401660e-01-j2.89287751335247589335e-01
  -1.53243212057875777266e-01-j2.92644530470297314917e-01
  -1.58183936313542078400e-01-j2.95908250911261605509e-01
  -1.63190578029095423318e-01-j2.99076708062202212268e-01
  -1.68260636698518845078e-01-j3.02147790105958380380e-01
  -1.73391521778001878040e-01-j3.05119482862868496298e-01
  -1.78580558111059439774e-01-j3.07989874287539933118e-01
  -1.83824991598197456932e-01-j3.10757158587445236897e-01
  -1.89121995080937271849e-01-j3.13419639949680528535e-01
  -1.94468674409336766962e-01-j3.15975735864892970373e-01
  -1.99862074661651817342e-01-j3.18423980040033638428e-01
  -2.05299186484603740643e-01-j3.20763024894278048205e-01
  -2.10776952522738841855e-01-j3.22991643635066327800e-01
  -2.16292273905637322251e-01-j3.25108731913831550120e-01
  -2.21842016762231725169e-01-j3.27113309063479296146e-01
  -2.27423018732205634018e-01-j3.29004518922099309375e-01
  -2.33032095445348697016e-01-j3.30781630249705582703e-01
  -2.38666046940840481660e-01-j3.32444036746980031705e-01
  -2.44321663999709476345e-01-j3.33991256687000359626e-01
  -2.49995734365103472463e-01-j3.35422932172848964338e-01
  -2.55685048826563066093e-01-j3.36738828035666126759e-01
  -2.61386407146141253044e-01-j3.37938830389267919063e-01
  -2.67096623805936461693e-01-j3.39022944858797359302e-01
  -2.72812533558440206694e-01-j3.39991294502028418290e-01
  -2.78530996762948346301e-01-j3.40844117442946625829e-01
  -2.84248904493175746921e-01-j3.41581764238011786894e-01
</dep>
