<Qucs Dataset 1.0.7>
<indep Lfeed_mm 1>
  +5.00000000000000010408e-03
</indep>
<indep L35_mm 1>
  +2.21000000000000015876e-02
</indep>
<indep W35_mm 1>
  +1.87000000000000013434e-03
</indep>
<indep L50_mm 1>
  +2.26000000000000020317e-02
</indep>
<indep W50_mm 1>
  +1.10000000000000006627e-03
</indep>
<indep mm 1>
  +1.00000000000000002082e-03
</indep>
<indep Lfeed 1>
  +5.00000000000000000000e+00
</indep>
<indep L35 1>
  +2.21000000000000014211e+01
</indep>
<indep W35 1>
  +1.87000000000000010658e+00
</indep>
<indep L50 1>
  +2.26000000000000014211e+01
</indep>
<indep W50 1>
  +1.10000000000000008882e+00
</indep>
<indep frequency 200>
  +1.50000000000000000000e+09
  +1.50385539060560917854e+09
  +1.50772069056903266907e+09
  +1.51159592535990095139e+09
  +1.51548112051330733299e+09
  +1.51937630162997722626e+09
  +1.52328149437643694878e+09
  +1.52719672448518157005e+09
  +1.53112201775484633446e+09
  +1.53505740005037498474e+09
  +1.53900289730319166183e+09
  +1.54295853551137018204e+09
  +1.54692434073980689049e+09
  +1.55090033912039113045e+09
  +1.55488655685217833519e+09
  +1.55888302020156216621e+09
  +1.56288975550244784355e+09
  +1.56690678915642571449e+09
  +1.57093414763294482231e+09
  +1.57497185746948814392e+09
  +1.57901994527174544334e+09
  +1.58307843771379232407e+09
  +1.58714736153826165199e+09
  +1.59122674355652284622e+09
  +1.59531661064885759354e+09
  +1.59941698976463580132e+09
  +1.60352790792249631882e+09
  +1.60764939221052050591e+09
  +1.61178146978641486168e+09
  +1.61592416787768769264e+09
  +1.62007751378182935715e+09
  +1.62424153486649107933e+09
  +1.62841625856966733932e+09
  +1.63260171239987468719e+09
  +1.63679792393633294106e+09
  +1.64100492082914924622e+09
  +1.64522273079949808121e+09
  +1.64945138163980412483e+09
  +1.65369090121392607689e+09
  +1.65794131745734047890e+09
  +1.66220265837732434273e+09
  +1.66647495205314207077e+09
  +1.67075822663622784615e+09
  +1.67505251035037255287e+09
  +1.67935783149191045761e+09
  +1.68367421842990398407e+09
  +1.68800169960633087158e+09
  +1.69234030353627395630e+09
  +1.69669005880810570717e+09
  +1.70105099408367824554e+09
  +1.70542313809851312637e+09
  +1.70980651966198873520e+09
  +1.71420116765753149986e+09
  +1.71860711104280543327e+09
  +1.72302437884990358353e+09
  +1.72745300018553924561e+09
  +1.73189300423123693466e+09
  +1.73634442024352574348e+09
  +1.74080727755413150787e+09
  +1.74528160557017040253e+09
  +1.74976743377434206009e+09
  +1.75426479172512483597e+09
  +1.75877370905697011948e+09
  +1.76329421548049688339e+09
  +1.76782634078268909454e+09
  +1.77237011482709050179e+09
  +1.77692556755400180817e+09
  +1.78149272898067808151e+09
  +1.78607162920152664185e+09
  +1.79066229838830542564e+09
  +1.79526476679032206535e+09
  +1.79987906473463177681e+09
  +1.80450522262623858452e+09
  +1.80914327094829583168e+09
  +1.81379324026230549812e+09
  +1.81845516120832204819e+09
  +1.82312906450515127182e+09
  +1.82781498095055532455e+09
  +1.83251294142145419121e+09
  +1.83722297687412977219e+09
  +1.84194511834442949295e+09
  +1.84667939694797134399e+09
  +1.85142584388034796715e+09
  +1.85618449041733360291e+09
  +1.86095536791508841515e+09
  +1.86573850781036686897e+09
  +1.87053394162072348595e+09
  +1.87534170094472193718e+09
  +1.88016181746214127541e+09
  +1.88499432293418717384e+09
  +1.88983924920369815826e+09
  +1.89469662819535899162e+09
  +1.89956649191590809822e+09
  +1.90444887245434999466e+09
  +1.90934380198216533661e+09
  +1.91425131275352525711e+09
  +1.91917143710550189018e+09
  +1.92410420745828175545e+09
  +1.92904965631538033485e+09
  +1.93400781626385474205e+09
  +1.93897871997452020645e+09
  +1.94396240020216393471e+09
  +1.94895888978576159477e+09
  +1.95396822164869379997e+09
  +1.95899042879896259308e+09
  +1.96402554432940912247e+09
  +1.96907360141793155670e+09
  +1.97413463332770466805e+09
  +1.97920867340739750862e+09
  +1.98429575509139394760e+09
  +1.98939591190001392365e+09
  +1.99450917743973135948e+09
  +1.99963558540339946747e+09
  +2.00477516957047009468e+09
  +2.00992796380721688271e+09
  +2.01509400206695938110e+09
  +2.02027331839028477669e+09
  +2.02546594690527439117e+09
  +2.03067192182772755623e+09
  +2.03589127746138691902e+09
  +2.04112404819816422462e+09
  +2.04637026851836800575e+09
  +2.05162997299093031883e+09
  +2.05690319627363395691e+09
  +2.06218997311334109306e+09
  +2.06749033834622263908e+09
  +2.07280432689798784256e+09
  +2.07813197378411340714e+09
  +2.08347331411007547379e+09
  +2.08882838307158017159e+09
  +2.09419721595479607582e+09
  +2.09957984813658595085e+09
  +2.10497631508474063873e+09
  +2.11038665235821223259e+09
  +2.11581089560734891891e+09
  +2.12124908057412886620e+09
  +2.12670124309239697456e+09
  +2.13216741908810067177e+09
  +2.13764764457952594757e+09
  +2.14314195567753553391e+09
  +2.14865038858580589294e+09
  +2.15417297960106754303e+09
  +2.15970976511334133148e+09
  +2.16526078160618162155e+09
  +2.17082606565691375732e+09
  +2.17640565393687725067e+09
  +2.18199958321166563034e+09
  +2.18760789034137058258e+09
  +2.19323061228082227707e+09
  +2.19886778607983732224e+09
  +2.20451944888345623016e+09
  +2.21018563793219470978e+09
  +2.21586639056228494644e+09
  +2.22156174420592451096e+09
  +2.22727173639151906967e+09
  +2.23299640474393415451e+09
  +2.23873578698473978043e+09
  +2.24448992093246126175e+09
  +2.25025884450282621384e+09
  +2.25604259570901584625e+09
  +2.26184121266191673279e+09
  +2.26765473357036685944e+09
  +2.27348319674141502380e+09
  +2.27932664058056688309e+09
  +2.28518510359203910828e+09
  +2.29105862437901687622e+09
  +2.29694724164390373230e+09
  +2.30285099418857955933e+09
  +2.30876992091465425491e+09
  +2.31470406082372570038e+09
  +2.32065345301763582230e+09
  +2.32661813669872808456e+09
  +2.33259815117010688782e+09
  +2.33859353583589506149e+09
  +2.34460433020149517059e+09
  +2.35063057387384796143e+09
  +2.35667230656169509888e+09
  +2.36272956807583951950e+09
  +2.36880239832940912247e+09
  +2.37489083733811855316e+09
  +2.38099492522053194046e+09
  +2.38711470219833087921e+09
  +2.39325020859657526016e+09
  +2.39940148484397220612e+09
  +2.40556857147314023972e+09
  +2.41175150912087726593e+09
  +2.41795033852842950821e+09
  +2.42416510054175758362e+09
  +2.43039583611180686951e+09
  +2.43664258629477787018e+09
  +2.44290539225239658356e+09
  +2.44918429525218439102e+09
  +2.45547933666773128510e+09
  +2.46179055797896909714e+09
  +2.46811800077244186401e+09
  +2.47446170674158382416e+09
  +2.48082171768699121475e+09
  +2.48719807551669836044e+09
  +2.49359082224645614624e+09
  +2.50000000000000429153e+09
</indep>
<dep S32_dB frequency>
  -9.62703203120885220301e+00
  -9.66811824591460045042e+00
  -9.71011747409451508872e+00
  -9.75305283561726810149e+00
  -9.79694807816538215661e+00
  -9.84182759831880460411e+00
  -9.88771646367920986620e+00
  -9.93464043610627101089e+00
  -9.98262599614358592248e+00
  -1.00317003687172672244e+01
  -1.00818915501981347660e+01
  -1.01332283369250948368e+01
  -1.01857403552951701897e+01
  -1.02394580935351360296e+01
  -1.02944129352786184484e+01
  -1.03506371950833084838e+01
  -1.04081641560339903663e+01
  -1.04670281095900818968e+01
  -1.05272643978491764472e+01
  -1.05889094584138057087e+01
  -1.06520008720645087408e+01
  -1.07165774134604969703e+01
  -1.07826791051083592521e+01
  -1.08503472748619227417e+01
  -1.09196246172391635554e+01
  -1.09905552588692536631e+01
  -1.10631848284112610514e+01
  -1.11375605313184422585e+01
  -1.12137312298576237168e+01
  -1.12917475288324435923e+01
  -1.13716618675028353636e+01
  -1.14535286182421280898e+01
  -1.15374041925268411291e+01
  -1.16233471549146809565e+01
  -1.17114183457339198213e+01
  -1.18016810132823657398e+01
  -1.18942009564186435000e+01
  -1.19890466785236213809e+01
  -1.20862895539159804770e+01
  -1.21860040079268809876e+01
  -1.22882677119730949755e+01
  -1.23931617951226726859e+01
  -1.25007710738199904199e+01
  -1.26111843016353901703e+01
  -1.27244944411284706121e+01
  -1.28407989601708187877e+01
  -1.29602001553671399847e+01
  -1.30828055055488832181e+01
  -1.32087280587003910171e+01
  -1.33380868561215741863e+01
  -1.34710073981434952373e+01
  -1.36076221563064585496e+01
  -1.37480711375987034728e+01
  -1.38925025071553776002e+01
  -1.40410732767528401155e+01
  -1.41939500675287337828e+01
  -1.43513099566456538980e+01
  -1.45133414191325869069e+01
  -1.46802453779323371919e+01
  -1.48522363773126748754e+01
  -1.50295438973352464274e+01
  -1.52124138301111173632e+01
  -1.54011101422149785378e+01
  -1.55959167520260759687e+01
  -1.57971396560876904402e+01
  -1.60051093450594876799e+01
  -1.62201835577648090236e+01
  -1.64427504315850683270e+01
  -1.66732321195063413199e+01
  -1.69120889591124488049e+01
  -1.71598242975708679126e+01
  -1.74169901002686273728e+01
  -1.76841935006895951688e+01
  -1.79621044873459290159e+01
  -1.82514649727581890204e+01
  -1.85530995532814202420e+01
  -1.88679283520662153251e+01
  -1.91969824477238510951e+01
  -1.95414225383793755952e+01
  -1.99025616891687704424e+01
  -2.02818932818002153340e+01
  -2.06811256584569136407e+01
  -2.11022254753018572160e+01
  -2.15474725235873307838e+01
  -2.20195298480647529971e+01
  -2.25215345657439485194e+01
  -2.30572171421569329652e+01
  -2.36310604789089886424e+01
  -2.42485157894312877147e+01
  -2.49163012588135117653e+01
  -2.56428243657660814847e+01
  -2.64387940908177654364e+01
  -2.73181339488307699526e+01
  -2.82993888000818145656e+01
  -2.94079753369384455652e+01
  -3.06799398373932596940e+01
  -3.21685374802276982109e+01
  -3.39562991711580792753e+01
  -3.61775666443379719794e+01
  -3.90533695055877032587e+01
  -4.28211048173555326457e+01
  -4.60012781924206493045e+01
  -4.36303119693267120738e+01
  -3.96964896773726820811e+01
  -3.66343943271952667828e+01
  -3.42827466957204478604e+01
  -3.24008780645831393485e+01
  -3.08400183929552937911e+01
  -2.95095078596125262038e+01
  -2.83514399953087163908e+01
  -2.73269764251428881607e+01
  -2.64089420524171281102e+01
  -2.55776368672039033925e+01
  -2.48183506866971299587e+01
  -2.41198222173220813147e+01
  -2.34732460593475593669e+01
  -2.28716109845178472426e+01
  -2.23092459114141128396e+01
  -2.17815003396559419002e+01
  -2.12845143235323916997e+01
  -2.08150495816002099048e+01
  -2.03703632872615649774e+01
  -1.99481122542512316898e+01
  -1.95462791573443226412e+01
  -1.91631149871458248413e+01
  -1.87970936409444533410e+01
  -1.84468757074524738471e+01
  -1.81112793016330435591e+01
  -1.77892563662556781878e+01
  -1.74798732561069378733e+01
  -1.71822947091571620604e+01
  -1.68957705199033583199e+01
  -1.66196243861797228192e+01
  -1.63532445174815030953e+01
  -1.60960756810662068972e+01
  -1.58476124293939069076e+01
  -1.56073933042527599468e+01
  -1.53749958531003834139e+01
  -1.51500323245730061927e+01
  -1.49321459348653284849e+01
  -1.47210076163165375362e+01
  -1.45163131752087775084e+01
  -1.43177807983732829911e+01
  -1.41251488583692399459e+01
  -1.39381739752622930695e+01
  -1.37566292997767796180e+01
  -1.35803029881325816319e+01
  -1.34089968434435835576e+01
  -1.32425251023359091818e+01
  -1.30807133485902049586e+01
  -1.29233975382401204968e+01
  -1.27704231227602029719e+01
  -1.26216442588330064467e+01
  -1.24769230947486580163e+01
  -1.23361291248183100322e+01
  -1.21991386043099581116e+01
  -1.20658340183779593247e+01
  -1.19361035992789297211e+01
  -1.18098408868736015620e+01
  -1.16869443280197273793e+01
  -1.15673169109851521341e+01
  -1.14508658314620461738e+01
  -1.13375021871544632290e+01
  -1.12271406982533008545e+01
  -1.11196994514063458581e+01
  -1.10150996650519346076e+01
  -1.09132654742088348598e+01
  -1.08141237330135702166e+01
  -1.07176038334695267196e+01
  -1.06236375390257080653e+01
  -1.05321588317366003906e+01
  -1.04431037718743162657e+01
  -1.03564103689693798316e+01
  -1.02720184633495463800e+01
  -1.01898696173291760658e+01
  -1.01099070152762848807e+01
  -1.00320753718494835027e+01
  -9.95632084775711767577e+00
  -9.88259097244372064495e+00
  -9.81083457315631335405e+00
  -9.74100170988728564225e+00
  -9.67304361572830373461e+00
  -9.60691264220651142125e+00
  -9.54256220920537145957e+00
  -9.47994675910281969777e+00
  -9.41902171478576377694e+00
  -9.35974344122494983367e+00
  -9.30206921031711786441e+00
  -9.24595716872180517498e+00
  -9.19136630844034741017e+00
  -9.13825643990200653377e+00
  -9.08658816733919394437e+00
  -9.03632286624933911412e+00
  -8.98742266275542789344e+00
  -8.93985041469082730714e+00
  -8.89356969424684962178e+00
  -8.84854477203315425982e+00
  -8.80474060241293443596e+00
  -8.76212280998425896428e+00
  -8.72065767708997263696e+00
</dep>
<dep S31_dB frequency>
  -3.63086490297469666189e+00
  -3.61843574042539106728e+00
  -3.60610205921616788771e+00
  -3.59386744038801664303e+00
  -3.58173547772465550310e+00
  -3.56970977472894412941e+00
  -3.55779394145766536539e+00
  -3.54599159121355755886e+00
  -3.53430633709438524193e+00
  -3.52274178839834117838e+00
  -3.51130154688639972704e+00
  -3.49998920290219217577e+00
  -3.48880833135020607116e+00
  -3.47776248753398009583e+00
  -3.46685520285647452710e+00
  -3.45608998038493098193e+00
  -3.44547029028335938250e+00
  -3.43499956511667825509e+00
  -3.42468119503024048811e+00
  -3.41451852281012691037e+00
  -3.40451483882958871874e+00
  -3.39467337588810158522e+00
  -3.38499730394956710455e+00
  -3.37548972478793674057e+00
  -3.36615366654818082282e+00
  -3.35699207823211276391e+00
  -3.34800782411887709600e+00
  -3.33920367813088780906e+00
  -3.33058231815671890175e+00
  -3.32214632034335455302e+00
  -3.31389815337089732594e+00
  -3.30584017272359798056e+00
  -3.29797461497205679493e+00
  -3.29030359208204448151e+00
  -3.28282908576622789454e+00
  -3.27555294189595391785e+00
  -3.26847686499066902854e+00
  -3.26160241280377238837e+00
  -3.25493099102363458996e+00
  -3.24846384811015820304e+00
  -3.24220207028682594341e+00
  -3.23614657670935157441e+00
  -3.23029811483242346171e+00
  -3.22465725599651253930e+00
  -3.21922439125676307370e+00
  -3.21399972747682394214e+00
  -3.20898328371026941852e+00
  -3.20417488789258575466e+00
  -3.19957417386684772609e+00
  -3.19518057876592198596e+00
  -3.19099334077421259437e+00
  -3.18701149729157906521e+00
  -3.18323388352161673609e+00
  -3.17965913150639822859e+00
  -3.17628566962893765790e+00
  -3.17311172260387186483e+00
  -3.17013531197669262696e+00
  -3.16735425714997509417e+00
  -3.16476617695498596561e+00
  -3.16236849178536694183e+00
  -3.16015842630827004101e+00
  -3.15813301276742786072e+00
  -3.15628909489029707558e+00
  -3.15462333241079395663e+00
  -3.15313220621630874163e+00
  -3.15181202412666117141e+00
  -3.15065892731015662065e+00
  -3.14966889733996424638e+00
  -3.14883776389181191391e+00
  -3.14816121308157237380e+00
  -3.14763479643932964080e+00
  -3.14725394051309104171e+00
  -3.14701395709391418265e+00
  -3.14691005405062274036e+00
  -3.14693734676022840446e+00
  -3.14709087011672394851e+00
  -3.14736559109912761301e+00
  -3.14775642187570747765e+00
  -3.14825823341937560684e+00
  -3.14886586960606695840e+00
  -3.14957416176478766090e+00
  -3.15037794364604595287e+00
  -3.15127206677166959992e+00
  -3.15225141612701609262e+00
  -3.15331092615368246967e+00
  -3.15444559699825166632e+00
  -3.15565051097028037574e+00
  -3.15692084916038329112e+00
  -3.15825190816690870577e+00
  -3.15963911687811727091e+00
  -3.16107805325422663856e+00
  -3.16256446105258204327e+00
  -3.16409426643747115904e+00
  -3.16566359441458944346e+00
  -3.16726878502955555561e+00
  -3.16890640926865208016e+00
  -3.17057328459926068831e+00
  -3.17226649008788053052e+00
  -3.17398338103235433394e+00
  -3.17572160304622652660e+00
  -3.17747910553305956682e+00
  -3.17925415448916659500e+00
  -3.18104534457516008317e+00
  -3.18285161039667574556e+00
  -3.18467223693790835171e+00
  -3.18650686909215208331e+00
  -3.18835552023673596267e+00
  -3.19021857980201861693e+00
  -3.19209681978685111403e+00
  -3.19399140017617311216e+00
  -3.19590387322013613769e+00
  -3.19783618653722623293e+00
  -3.19979068500839591849e+00
  -3.20177011143333256626e+00
  -3.20377760592380811389e+00
  -3.20581670401496721112e+00
  -3.20789133347870158985e+00
  -3.21000580982971328581e+00
  -3.21216483051884615918e+00
  -3.21437346781466626311e+00
  -3.21663716037845226481e+00
  -3.21896170354441935046e+00
  -3.22135323832163056323e+00
  -3.22381823914003362574e+00
  -3.22636350036846364375e+00
  -3.22899612163782290253e+00
  -3.23172349200848918471e+00
  -3.23455327302559503266e+00
  -3.23749338071171166575e+00
  -3.24055196655120436589e+00
  -3.24373739752510470424e+00
  -3.24705823526058479089e+00
  -3.25052321436251645537e+00
  -3.25414122000000904933e+00
  -3.25792126482295518741e+00
  -3.26187246528863905581e+00
  -3.26600401748017965531e+00
  -3.27032517250223486727e+00
  -3.27484521154124319509e+00
  -3.27957342067915336159e+00
  -3.28451906555160899615e+00
  -3.28969136594183453326e+00
  -3.29509947040245965155e+00
  -3.30075243099746407083e+00
  -3.30665917825562427623e+00
  -3.31282849642665144785e+00
  -3.31926899912880646326e+00
  -3.32598910547611481547e+00
  -3.33299701676978177289e+00
  -3.34030069383665662031e+00
  -3.34790783509361844494e+00
  -3.35582585541369882165e+00
  -3.36406186586543531902e+00
  -3.37262265439256037070e+00
  -3.38151466749675400081e+00
  -3.39074399298067952202e+00
  -3.40031634380389480299e+00
  -3.41023704309771780174e+00
  -3.42051101038068905424e+00
  -3.43114274900917326505e+00
  -3.44213633489244319463e+00
  -3.45349540649517017243e+00
  -3.46522315614414866403e+00
  -3.47732232265020790862e+00
  -3.48979518524956899839e+00
  -3.50264355886400258200e+00
  -3.51586879067187707548e+00
  -3.52947175797804257869e+00
  -3.54345286736329478927e+00
  -3.55781205509071973836e+00
  -3.57254878873948733542e+00
  -3.58766207003310100276e+00
  -3.60315043882431451649e+00
  -3.61901197819470521466e+00
  -3.63524432062328317627e+00
  -3.65184465517539846857e+00
  -3.66880973565964296768e+00
  -3.68613588969848970933e+00
  -3.70381902865591339236e+00
  -3.72185465836305784393e+00
  -3.74023789058253219864e+00
  -3.75896345514978680313e+00
  -3.77802571273010423525e+00
  -3.79741866812923367647e+00
  -3.81713598409558763080e+00
  -3.83717099555247420639e+00
  -3.85751672419949365178e+00
  -3.87816589342333983836e+00
  -3.89911094345905473446e+00
  -3.92034404674513314859e+00
  -3.94185712341680583037e+00
  -3.96364185688422665521e+00
  -3.98568970944451894667e+00
  -4.00799193787856022908e+00
  -4.03053960898625263098e+00
  -4.05332361501630344947e+00
  -4.07633468894914674507e+00
  -4.09956341959485115467e+00
  -4.12300026646980199985e+00
  -4.14663557441940699988e+00
</dep>
<dep S21_dB frequency>
  -5.88340040468198655077e+00
  -5.84853036187369923482e+00
  -5.81345986815710702444e+00
  -5.77819689829597571418e+00
  -5.74274963693191509151e+00
  -5.70712647636633363391e+00
  -5.67133601410854204516e+00
  -5.63538705018920449419e+00
  -5.59928858423860908999e+00
  -5.56304981232975137573e+00
  -5.52668012358626281610e+00
  -5.49018909655641262901e+00
  -5.45358649535384820695e+00
  -5.41688226556692775659e+00
  -5.38008652993880609472e+00
  -5.34320958382074717719e+00
  -5.30626189040147355769e+00
  -5.26925407571674941920e+00
  -5.23219692344239373227e+00
  -5.19510136947606504521e+00
  -5.15797849631243821023e+00
  -5.12083952721768209670e+00
  -5.08369582020922372578e+00
  -5.04655886184778701420e+00
  -5.00944026084868809789e+00
  -4.97235174152058156949e+00
  -4.93530513703978179763e+00
  -4.89831238256938661380e+00
  -4.86138550823243242860e+00
  -4.82453663194949200488e+00
  -4.78777795215115453686e+00
  -4.75112174037656842529e+00
  -4.71458033376975649276e+00
  -4.67816612748598181781e+00
  -4.64189156702070526705e+00
  -4.60576914047451069223e+00
  -4.56981137076737020664e+00
  -4.53403080781657497056e+00
  -4.49844002069249881970e+00
  -4.46305158976715343755e+00
  -4.42787809887074690351e+00
  -4.39293212747136774254e+00
  -4.35822624289368221184e+00
  -4.32377299259258229824e+00
  -4.28958489649738083926e+00
  -4.25567443944318579696e+00
  -4.22205406370515312631e+00
  -4.18873616165193496386e+00
  -4.15573306853442492326e+00
  -4.12305705542551059750e+00
  -4.09072032232668814089e+00
  -4.05873499145694527357e+00
  -4.02711310073880746074e+00
  -3.99586659749641803785e+00
  -3.96500733237982938562e+00
  -3.93454705352870526269e+00
  -3.90449740098917441600e+00
  -3.87486990139512110787e+00
  -3.84567596292628666177e+00
  -3.81692687055326329570e+00
  -3.78863378157922792155e+00
  -3.76080772148720088310e+00
  -3.73345958010026812701e+00
  -3.70660010806163597863e+00
  -3.68023991363936753274e+00
  -3.65438945986027219348e+00
  -3.62905906197556493709e+00
  -3.60425888525975146592e+00
  -3.57999894314267885775e+00
  -3.55628909567339679398e+00
  -3.53313904831309688603e+00
  -3.51055835105226954340e+00
  -3.48855639784674576021e+00
  -3.46714242636454716973e+00
  -3.44632551803497566567e+00
  -3.42611459838897181029e+00
  -3.40651843767881068459e+00
  -3.38754565176310151742e+00
  -3.36920470324205423296e+00
  -3.35150390282611887471e+00
  -3.33445141091944119438e+00
  -3.31805523939869662087e+00
  -3.30232325356583444886e+00
  -3.28726317425220049273e+00
  -3.27288258005020304964e+00
  -3.25918890964723129144e+00
  -3.24618946423567500403e+00
  -3.23389140997124835408e+00
  -3.22230178045151305355e+00
  -3.21142747918490245596e+00
  -3.20127528202002409330e+00
  -3.19185183950418771559e+00
  -3.18316367913963826908e+00
  -3.17521720750497271624e+00
  -3.16801871220932085293e+00
  -3.16157436364653676719e+00
  -3.15589021651559109571e+00
  -3.15097221107509994908e+00
  -3.14682617409780585049e+00
  -3.14345781949306424252e+00
  -3.14087274856440412663e+00
  -3.13907644987031719808e+00
  -3.13807429865719722528e+00
  -3.13787155583368804201e+00
  -3.13847336645717467363e+00
  -3.13988475770415442767e+00
  -3.14211063629701392586e+00
  -3.14515578536218765038e+00
  -3.14902486069532150381e+00
  -3.15372238641117341729e+00
  -3.15925274995840332792e+00
  -3.16562019648050130272e+00
  -3.17282882250739906027e+00
  -3.18088256896395682460e+00
  -3.18978521348436494520e+00
  -3.19954036202450886606e+00
  -3.21015143976643946289e+00
  -3.22162168131311998920e+00
  -3.23395412017352157363e+00
  -3.24715157754297045756e+00
  -3.26121665038509078727e+00
  -3.27615169882709489357e+00
  -3.29195883288234991682e+00
  -3.30863989851847950519e+00
  -3.32619646309274985541e+00
  -3.34462980018046485142e+00
  -3.36394087382564155320e+00
  -3.38413032224731846753e+00
  -3.40519844103851809791e+00
  -3.42714516589886386555e+00
  -3.44997005494548414362e+00
  -3.47367227065065087288e+00
  -3.49825056145826351894e+00
  -3.52370324313489646784e+00
  -3.55002817991417796151e+00
  -3.57722276549733209094e+00
  -3.60528390397477416229e+00
  -3.63420799073767009091e+00
  -3.66399089345018902364e+00
  -3.69462793315618975853e+00
  -3.72611386559615187508e+00
  -3.75844286281195838484e+00
  -3.79160849511922748434e+00
  -3.82560371352762595976e+00
  -3.86042083269133762258e+00
  -3.89605151447193520653e+00
  -3.93248675219669863168e+00
  -3.96971685569528487392e+00
  -4.00773143719711821831e+00
  -4.04651939817172490166e+00
  -4.08606891719226705817e+00
  -4.12636743890212098762e+00
  -4.16740166416169888208e+00
  -4.20915754145096610017e+00
  -4.25162025960069023256e+00
  -4.29477424192218748544e+00
  -4.33860314180290096431e+00
  -4.38308983983059441414e+00
  -4.42821644250638790652e+00
  -4.47396428260188994130e+00
  -4.52031392121165520592e+00
  -4.56724515154776167236e+00
  -4.61473700451823809487e+00
  -4.66276775612625016265e+00
  -4.71131493672136336670e+00
  -4.76035534212954658528e+00
  -4.80986504668179293276e+00
  -4.85981941815697027209e+00
  -4.91019313464713391681e+00
  -4.96096020334894127757e+00
  -5.01209398127756067254e+00
  -5.06356719789408771248e+00
  -5.11535197963070409344e+00
  -5.16741987629176247054e+00
  -5.21974188930223537142e+00
  -5.27228850176900909474e+00
  -5.32502971031325955664e+00
  -5.37793505862633747228e+00
  -5.43097367269444575300e+00
  -5.48411429763102198365e+00
  -5.53732533604920540427e+00
  -5.59057488790006740231e+00
  -5.64383079169546331144e+00
  -5.69706066702875268959e+00
  -5.75023195829891253794e+00
  -5.80331197953822375268e+00
  -5.85626796023726470253e+00
  -5.90906709205450120237e+00
  -5.96167657629233005423e+00
  -6.01406367201570812853e+00
  -6.06619574468386080213e+00
  -6.11804031516101876065e+00
  -6.16956510896693721691e+00
  -6.22073810562400630886e+00
  -6.27152758795416609416e+00
  -6.32190219117493956702e+00
  -6.37183095164205326455e+00
  -6.42128335508348335736e+00
  -6.47022938416873749645e+00
  -6.51863956525641885520e+00
</dep>
<dep S11_dB frequency>
  -7.55993511850118871109e+00
  -7.61995021563421559563e+00
  -7.68107053598585665100e+00
  -7.74331819817625977009e+00
  -7.80671584645138594283e+00
  -7.87128666808943400213e+00
  -7.93705441175372783391e+00
  -8.00404340686286452922e+00
  -8.07227858405533282848e+00
  -8.14178549683111363322e+00
  -8.21259034446114455363e+00
  -8.28471999626190402921e+00
  -8.35820201734121326353e+00
  -8.43306469593001217788e+00
  -8.50933707242494108414e+00
  -8.58704897027687863442e+00
  -8.66623102887225016389e+00
  -8.74691473856703893830e+00
  -8.82913247804647127737e+00
  -8.91291755419932840709e+00
  -8.99830424471202050540e+00
  -9.08532784360609824148e+00
  -9.17402470996204755238e+00
  -9.26443232009549788586e+00
  -9.35658932347495841952e+00
  -9.45053560269730041909e+00
  -9.54631233786658128793e+00
  -9.64396207575373409782e+00
  -9.74352880415095867761e+00
  -9.84505803187393624398e+00
  -9.94859687490858313197e+00
  -1.00541941492483388743e+01
  -1.01619004710216831455e+01
  -1.02717683645697643868e+01
  -1.03838523792015564595e+01
  -1.04982092154288952912e+01
  -1.06148978615671136794e+01
  -1.07339797416822086973e+01
  -1.08555188759700023127e+01
  -1.09795820547726226124e+01
  -1.11062390275706608378e+01
  -1.12355627084414155803e+01
  -1.13676293996444783829e+01
  -1.15025190351899944119e+01
  -1.16403154464660119061e+01
  -1.17811066522518217425e+01
  -1.19249851757318481305e+01
  -1.20720483914523448732e+01
  -1.22223989055392188163e+01
  -1.23761449729289179089e+01
  -1.25334009558623389324e+01
  -1.26942878284682123535e+01
  -1.28589337329310140490e+01
  -1.30274745935143503317e+01
  -1.32000547956159426377e+01
  -1.33768279380879580032e+01
  -1.35579576682976306046e+01
  -1.37436186108620326252e+01
  -1.39339974027150237390e+01
  -1.41292938492045685450e+01
  -1.43297222183470207568e+01
  -1.45355126932607259249e+01
  -1.47469130062726421215e+01
  -1.49641902823679551204e+01
  -1.51876331246986744361e+01
  -1.54175539809922241830e+01
  -1.56542918371714900871e+01
  -1.58982152936521874409e+01
  -1.61497260910624547137e+01
  -1.64092631660990875275e+01
  -1.66773073356392771416e+01
  -1.69543867290373917456e+01
  -1.72410831160469619761e+01
  -1.75380393127378546581e+01
  -1.78459678924430562574e+01
  -1.81656614863114782565e+01
  -1.84980050327604779170e+01
  -1.88439904329571064068e+01
  -1.92047341987009509978e+01
  -1.95814988514354517690e+01
  -1.99757190632464265434e+01
  -2.03890338466878304757e+01
  -2.08233265352122316472e+01
  -2.12807749017994929375e+01
  -2.17639146177634792423e+01
  -2.22757204744584242917e+01
  -2.28197115584108587427e+01
  -2.34000891655155349724e+01
  -2.40219201003146594076e+01
  -2.46913838173885054061e+01
  -2.54161106831856429267e+01
  -2.62056520373192540774e+01
  -2.70721427466766861869e+01
  -2.80312450192984528030e+01
  -2.91034937788406402603e+01
  -3.03161644898507098844e+01
  -3.17055883748343312334e+01
  -3.33187035239531752495e+01
  -3.52071684960063322478e+01
  -3.73822617745316989613e+01
  -3.96029075684102309651e+01
  -4.08468574896440088651e+01
  -3.99540651392139380960e+01
  -3.77950848671501944409e+01
  -3.55629724781155616142e+01
  -3.36028599160017620306e+01
  -3.19262411218951385194e+01
  -3.04833178124601431591e+01
  -2.92252931546211485170e+01
  -2.81138343895691313890e+01
  -2.71201034244874747969e+01
  -2.62224243502260563332e+01
  -2.54043101924006542447e+01
  -2.46530250899171541334e+01
  -2.39585735256058001141e+01
  -2.33129916309305613709e+01
  -2.27098456203194665193e+01
  -2.21438718947169519424e+01
  -2.16107148674143765277e+01
  -2.11067330713003329379e+01
  -2.06288536691128214784e+01
  -2.01744617816474161032e+01
  -1.97413152214590006395e+01
  -1.93274780177839531348e+01
  -1.89312680196114406783e+01
  -1.85512151732674652749e+01
  -1.81860279850041060001e+01
  -1.78345663256712079203e+01
  -1.74958191976769796838e+01
  -1.71688864201578610391e+01
  -1.68529634343959173748e+01
  -1.65473286138989195138e+01
  -1.62513326000641065150e+01
  -1.59643892875027688660e+01
  -1.56859681617484234550e+01
  -1.54155877525489533042e+01
  -1.51528100128150295944e+01
  -1.48972354699027000891e+01
  -1.46484990246992516916e+01
  -1.44062662967793446711e+01
  -1.41702304320669725257e+01
  -1.39401093040049026683e+01
  -1.37156430509796365413e+01
  -1.34965919022728257914e+01
  -1.32827342525717195798e+01
  -1.30738649514276250585e+01
  -1.28697937792817178604e+01
  -1.26703440860010623226e+01
  -1.24753515714554108484e+01
  -1.22846631906559942138e+01
  -1.20981361684805506229e+01
  -1.19156371111073831059e+01
  -1.17370412030541633186e+01
  -1.15622314802125476518e+01
  -1.13910981705394718233e+01
  -1.12235380951466030552e+01
  -1.10594541234515233441e+01
  -1.08987546768421221799e+01
  -1.07413532759838741271e+01
  -1.05871681274812239337e+01
  -1.04361217461070729939e+01
  -1.02881406092488258963e+01
  -1.01431548405954394809e+01
  -1.00010979204182035573e+01
  -9.86190642008112661188e+00
  -9.72551975866704410123e+00
  -9.59187997982204443304e+00
  -9.46093154711183359495e+00
  -9.33262115635078970399e+00
  -9.20689756351277566182e+00
  -9.08371142696198319300e+00
  -8.96301516285788935079e+00
  -8.84476281269093433934e+00
  -8.72890992199519999417e+00
  -8.61541342936663845364e+00
  -8.50423156498713339602e+00
  -8.39532375791934448728e+00
  -8.28865055149613105812e+00
  -8.18417352618062032832e+00
  -8.08185522931997368801e+00
  -7.98165911126011984322e+00
  -7.88354946732635220030e+00
  -7.78749138521182615591e+00
  -7.69345069734739706035e+00
  -7.60139393785726280584e+00
  -7.51128830373149547484e+00
  -7.42310161987272376649e+00
  -7.33680230769749108788e+00
  -7.25235935699429745682e+00
  -7.16974230076148444368e+00
  -7.08892119276620213952e+00
  -7.00986658758394654001e+00
  -6.93254952289451775727e+00
  -6.85694150382574729718e+00
  -6.78301448915103577519e+00
  -6.71074087916034045520e+00
  -6.64009350503713147162e+00
  -6.57104561958625410512e+00
  -6.50357088916844183757e+00
  -6.43764338670887958926e+00
</dep>
<dep d_phase frequency>
  +7.72057035273744673987e+01
  +7.74670305610345337755e+01
  +7.77266140103493086144e+01
  +7.79844038431580344195e+01
  +7.82403502375736366048e+01
  +7.84944036122553541190e+01
  +7.87465146569396239329e+01
  +7.89966343632194707425e+01
  +7.92447140555643443349e+01
  +7.94907054225700875350e+01
  +7.97345605484335493429e+01
  +7.99762319446429472691e+01
  +8.02156725818809661632e+01
  +8.04528359221328202011e+01
  +8.06876759509984537999e+01
  +8.09201472102033534384e+01
  +8.11502048303078424851e+01
  +8.13778045636123721351e+01
  +8.16029028172595616297e+01
  +8.18254566865327603864e+01
  +8.20454239883533205102e+01
  +8.22627632949775176030e+01
  +8.24774339678970562773e+01
  +8.26893961919453204246e+01
  +8.28986110096142567727e+01
  +8.31050403555854586557e+01
  +8.33086470914804237964e+01
  +8.35093950408343772551e+01
  +8.37072490242992728326e+01
  +8.39021748950805914546e+01
  +8.40941395746124555899e+01
  +8.42831110884761471880e+01
  +8.44690586025661787062e+01
  +8.46519524595072141437e+01
  +8.48317642153247959413e+01
  +8.50084666763723788563e+01
  +8.51820339365151113498e+01
  +8.53524414145703644863e+01
  +8.55196658920037293683e+01
  +8.56836855508766177536e+01
  +8.58444800120412168098e+01
  +8.60020303735758204766e+01
  +8.61563192494511582709e+01
  +8.63073308084161112674e+01
  +8.64550508130907360282e+01
  +8.65994666592473549827e+01
  +8.67405674152624328599e+01
  +8.68783438617160044259e+01
  +8.70127885311122071244e+01
  +8.71438957476926105983e+01
  +8.72716616673093881218e+01
  +8.73960843173206711754e+01
  +8.75171636364694336407e+01
  +8.76349015146995924397e+01
  +8.77493018328614624579e+01
  +8.78603705022536018987e+01
  +8.79681155039434656828e+01
  +8.80725469278045096644e+01
  +8.81736770112049015324e+01
  +8.82715201772747519726e+01
  +8.83660930726789075607e+01
  +8.84574146048128113762e+01
  +8.85455059783389657468e+01
  +8.86303907309739429365e+01
  +8.87120947684330332095e+01
  +8.87906463984347880114e+01
  +8.88660763636644333019e+01
  +8.89384178735896568924e+01
  +8.90077066350213925716e+01
  +8.90739808813051894276e+01
  +8.91372814000290105696e+01
  +8.91976515591289995655e+01
  +8.92551373312715128350e+01
  +8.93097873163899720339e+01
  +8.93616527622518646012e+01
  +8.94107875829300269288e+01
  +8.94572483750529556801e+01
  +8.95010944317083101396e+01
  +8.95423877538736121551e+01
  +8.95811930592499265913e+01
  +8.96175777883766642162e+01
  +8.96516121079064873811e+01
  +8.96833689109238605397e+01
  +8.97129238141931750761e+01
  +8.97403551522279201436e+01
  +8.97657439680767197387e+01
  +8.97891740007286216496e+01
  +8.98107316690446850771e+01
  +8.98305060521327476408e+01
  +8.98485888660882352497e+01
  +8.98650744370315663900e+01
  +8.98800596703852221481e+01
  +8.98936440163387544544e+01
  +8.99059294314635195633e+01
  +8.99170203364484166286e+01
  +8.99270235699386972783e+01
  +8.99360483384722328992e+01
  +8.99442061625188102880e+01
  +8.99516108186411429415e+01
  +8.99583782778067586605e+01
  +8.99646266398946465870e+01
  +8.99704760644510770362e+01
  +8.99760486977630478123e+01
  +8.99814685963282556713e+01
  +8.99868616468142761278e+01
  +8.99923554826107476856e+01
  +8.99980793970887589239e+01
  +9.00041642536947392728e+01
  +9.00107423930140555512e+01
  +9.00179475369505155413e+01
  +9.00259146901767053350e+01
  +9.00347800390186421282e+01
  +9.00446808479437663664e+01
  +9.00557553538305057828e+01
  +9.00681426581996049663e+01
  +9.00819826175948605851e+01
  +9.00974157323018687293e+01
  +9.01145830335967730207e+01
  +9.01336259697171158223e+01
  +9.01546862907476906912e+01
  +9.01779059326118499484e+01
  +9.02034269003572148904e+01
  +9.02313911509207571271e+01
  +9.02619404755535583718e+01
  +9.02952163820791326998e+01
  +9.03313599771543067618e+01
  +9.03705118486914784626e+01
  +9.04128119485948786860e+01
  +9.04583994759514666839e+01
  +9.05074127608097001030e+01
  +9.05599891486659487327e+01
  +9.06162648857691976900e+01
  +9.06763750053408443819e+01
  +9.07404532147964744127e+01
  +9.08086317840410970348e+01
  +9.08810414349007089641e+01
  +9.09578112317360023553e+01
  +9.10390684732756767517e+01
  +9.11249385856923197480e+01
  +9.12155450169323387399e+01
  +9.13110091323004553487e+01
  +9.14114501112881896461e+01
  +9.15169848456263252956e+01
  +9.16277278385303191044e+01
  +9.17437911051013657016e+01
  +9.18652840738377847174e+01
  +9.19923134892036102883e+01
  +9.21249833151984489632e+01
  +9.22633946398673856493e+01
  +9.24076455806891203792e+01
  +9.25578311907748627618e+01
  +9.27140433658188953814e+01
  +9.28763707517352088416e+01
  +9.30448986529240471555e+01
  +9.32197089411153285710e+01
  +9.34008799647421312784e+01
  +9.35884864588076652581e+01
  +9.37825994552169106555e+01
  +9.39832861935588255164e+01
  +9.41906100323342627689e+01
  +9.44046303606450578627e+01
  +9.46254025103706908340e+01
  +9.48529776688798165196e+01
  +9.50874027923439086862e+01
  +9.53287205197373452847e+01
  +9.55769690876346089681e+01
  +9.58321822459328984678e+01
  +9.60943891746575218349e+01
  +9.63636144020263714083e+01
  +9.66398777239798221217e+01
  +9.69231941254037394629e+01
  +9.72135737033019040609e+01
  +9.75110215921970961972e+01
  +9.78155378920681641830e+01
  +9.81271175991524557958e+01
  +9.84457505399683157066e+01
  +9.87714213089360839604e+01
  +9.91041092099958405015e+01
  +9.94437882026410875369e+01
  +9.97904268528066609178e+01
  +1.00143988289061638852e+02
  +1.00504430164576092466e+02
  +1.00871704625336235495e+02
  +1.01245758285093444329e+02
  +1.01626532207534239660e+02
  +1.02013961896159514708e+02
  +1.02407977292358680188e+02
  +1.02808502782152260124e+02
  +1.03215457212071584081e+02
  +1.03628753914619238685e+02
  +1.04048300743739218888e+02
  +1.04474000120695365013e+02
  +1.04905749090727965722e+02
  +1.05343439390822595669e+02
  +1.05786957528883391433e+02
  +1.06236184874559484115e+02
  +1.06690997761924080578e+02
  +1.07151267604151115620e+02
  +1.07616861020277895022e+02
  +1.08087639974080445882e+02
</dep>
<dep S31_phase frequency>
  -1.61061405093019658352e+02
  -1.61575534920503372405e+02
  -1.62091949071892827305e+02
  -1.62610645065995441882e+02
  -1.63131619771454865031e+02
  -1.63654869393534340816e+02
  -1.64180389461355161984e+02
  -1.64708174815641228861e+02
  -1.65238219597025306484e+02
  -1.65770517234968480125e+02
  -1.66305060437353603220e+02
  -1.66841841180808216905e+02
  -1.67380850701819554160e+02
  -1.67922079488701058381e+02
  -1.68465517274475303111e+02
  -1.69011153030736466008e+02
  -1.69558974962557584831e+02
  -1.70108970504509244392e+02
  -1.70661126317856769674e+02
  -1.71215428289001863504e+02
  -1.71771861529238549338e+02
  -1.72330410375890267005e+02
  -1.72891058394894656658e+02
  -1.73453788384905323028e+02
  -1.74018582382975722567e+02
  -1.74585421671891168671e+02
  -1.75154286789213102793e+02
  -1.75725157538097619181e+02
  -1.76298012999949889945e+02
  -1.76872831548971959137e+02
  -1.77449590868659015541e+02
  -1.78028267970296951717e+02
  -1.78608839213510634636e+02
  -1.79191280328906060504e+02
  -1.79775566442848514725e+02
  -1.80361672104412065210e+02
  -1.80949571314530317068e+02
  -1.81539237557374207199e+02
  -1.82130643833975085499e+02
  -1.82723762698106327207e+02
  -1.83318566294427512275e+02
  -1.83915026398891058079e+02
  -1.84513114461400249411e+02
  -1.85112801650701243261e+02
  -1.85714058901483895170e+02
  -1.86316856963653805224e+02
  -1.86921166453733547996e+02
  -1.87526957908338175685e+02
  -1.88134201839659795041e+02
  -1.88742868792889282759e+02
  -1.89352929405489788905e+02
  -1.89964354468226190420e+02
  -1.90577114987846471195e+02
  -1.91191182251297192352e+02
  -1.91806527891346263459e+02
  -1.92423123953474544123e+02
  -1.93040942963886919870e+02
  -1.93659957998482838093e+02
  -1.94280142752615915924e+02
  -1.94901471611460806344e+02
  -1.95523919720796868660e+02
  -1.96147463058006366055e+02
  -1.96772078503077096912e+02
  -1.97397743909389305372e+02
  -1.98024438174058474260e+02
  -1.98652141307597929654e+02
  -1.99280834502656574614e+02
  -1.99910500201582408408e+02
  -2.00541122162555126351e+02
  -2.01172685524025439463e+02
  -2.01805176867197360480e+02
  -2.02438584276282966812e+02
  -2.03072897396259349989e+02
  -2.03708107487855244244e+02
  -2.04344207479495537427e+02
  -2.04981192015931128481e+02
  -2.05619057503286228439e+02
  -2.06257802150257589346e+02
  -2.06897426005203584509e+02
  -2.07537930988870300553e+02
  -2.08179320922505240787e+02
  -2.08821601551122228102e+02
  -2.09464780561686609417e+02
  -2.10108867596005609357e+02
  -2.10753874258117946283e+02
  -2.11399814115992995767e+02
  -2.12046702697365162749e+02
  -2.12694557479544130274e+02
  -2.13343397873061093151e+02
  -2.13993245199031775883e+02
  -2.14644122660131699831e+02
  -2.15296055305109973688e+02
  -2.15949069986779676356e+02
  -2.16603195313456041049e+02
  -2.17258461593831697201e+02
  -2.17914900775306307423e+02
  -2.18572546375813828945e+02
  -2.19231433409215441088e+02
  -2.19891598304356477911e+02
  -2.20553078817908925657e+02
  -2.21215913941152990674e+02
  -2.21880143800876453497e+02
  -2.22545809554598804425e+02
  -2.23212953280355208108e+02
  -2.23881617861303737982e+02
  -2.24551846865443053503e+02
  -2.25223684420758246461e+02
  -2.25897175086135348465e+02
  -2.26572363718409974354e+02
  -2.27249295335940644236e+02
  -2.27928014979118813699e+02
  -2.28608567568247963209e+02
  -2.29290997759246835130e+02
  -2.29975349797645094441e+02
  -2.30661667371361176038e+02
  -2.31349993462762313357e+02
  -2.32040370200521408606e+02
  -2.32732838711795125164e+02
  -2.33427438975255142850e+02
  -2.34124209675510201123e+02
  -2.34823188059460989052e+02
  -2.35524409795128605083e+02
  -2.36227908833498077001e+02
  -2.36933717273911582879e+02
  -2.37641865233540556801e+02
  -2.38352380721456853507e+02
  -2.39065289517807855191e+02
  -2.39780615058589944510e+02
  -2.40498378326493195800e+02
  -2.41218597748272912895e+02
  -2.41941289099079199332e+02
  -2.42666465414152440871e+02
  -2.43394136908264584918e+02
  -2.44124310903255832272e+02
  -2.44856991763986769683e+02
  -2.45592180842991325562e+02
  -2.46329876434079778846e+02
  -2.47070073735107314405e+02
  -2.47812764820082009010e+02
  -2.48557938620749268921e+02
  -2.49305580917748244474e+02
  -2.50055674341394478688e+02
  -2.50808198382103114454e+02
  -2.51563129410422391175e+02
  -2.52320440706608053461e+02
  -2.53080102499626178769e+02
  -2.53842082015430548836e+02
  -2.54606343534320870958e+02
  -2.55372848457149018486e+02
  -2.56141555380102772688e+02
  -2.56912420177754881934e+02
  -2.57685396094041436754e+02
  -2.58460433840786663495e+02
  -2.59237481703371258845e+02
  -2.60016485653107849885e+02
  -2.60797389465862408997e+02
  -2.61580134846437033502e+02
  -2.62364661558209263603e+02
  -2.63150907557505149725e+02
  -2.63938809132169978966e+02
  -2.64728301043788405877e+02
  -2.65519316672996410489e+02
  -2.66311788167326653820e+02
  -2.67105646591020729375e+02
  -2.67900822076249028214e+02
  -2.68697243975181265796e+02
  -2.69494841012354868326e+02
  -2.70293541436805242029e+02
  -2.71093273173428542577e+02
  -2.71893963973068366613e+02
  -2.72695541560831486549e+02
  -2.73497933782162704119e+02
  -2.74301068746226633266e+02
  -2.75104874966172815220e+02
  -2.75909281495884499691e+02
  -2.76714218062836721401e+02
  -2.77519615196724146244e+02
  -2.78325404353540989177e+02
  -2.79131518034831287878e+02
  -2.79937889901857033692e+02
  -2.80744454884459514687e+02
  -2.81551149284427140174e+02
  -2.82357910873205014468e+02
  -2.83164678983821090696e+02
  -2.83971394596926074883e+02
  -2.84778000420878242949e+02
  -2.85584440965831618087e+02
  -2.86390662611810228100e+02
  -2.87196613670782767258e+02
  -2.88002244442771598187e+02
  -2.88807507266056234130e+02
  -2.89612356561552417133e+02
  -2.90416748871468541893e+02
  -2.91220642892360672249e+02
  -2.92023999502722460875e+02
  -2.92826781785264188329e+02
  -2.93628955044048154832e+02
  -2.94430486816658969929e+02
  -2.95231346881599904464e+02
  -2.96031507261112949436e+02
</dep>
<dep S21_phase frequency>
  -8.38557015656451909535e+01
  -8.41085043594688386293e+01
  -8.43653350615435186910e+01
  -8.46262412228374074630e+01
  -8.48912695338812284263e+01
  -8.51604657812789866966e+01
  -8.54338748044155380512e+01
  -8.57115404524217581184e+01
  -8.59935055414609621494e+01
  -8.62798118123983925898e+01
  -8.65704998889200538770e+01
  -8.68656092361652696354e+01
  -8.71651781199385879972e+01
  -8.74692435665682381796e+01
  -8.77778413234768493112e+01
  -8.80910058205331125691e+01
  -8.84087701322497423462e+01
  -8.87311659408968722573e+01
  -8.90582235005972080444e+01
  -8.93899716024691031180e+01
  -8.97264375408852288274e+01
  -9.00676470809127494022e+01
  -9.04136244269976003807e+01
  -9.07643921929600026033e+01
  -9.11199713733614657940e+01
  -9.14803813163057100155e+01
  -9.18456396977326789965e+01
  -9.22157624972632419258e+01
  -9.25907639756506171125e+01
  -9.29706566538913676823e+01
  -9.33554512940465599513e+01
  -9.37451568818208045286e+01
  -9.41397806109444559297e+01
  -9.45393278693988463601e+01
  -9.49438022275237187841e+01
  -9.53532054280396863533e+01
  -9.57675373780152057179e+01
  -9.61867961428038427130e+01
  -9.66109779419713561310e+01
  -9.70400771472297094533e+01
  -9.74740862823862954656e+01
  -9.79129960253152376026e+01
  -9.83567952119490911400e+01
  -9.88054708422851319938e+01
  -9.92590080883931591416e+01
  -9.97173903044064502410e+01
  -1.00180599038471115136e+02
  -1.00648614046622171259e+02
  -1.01121413308547587917e+02
  -1.01598973045196672160e+02
  -1.02081267738180400784e+02
  -1.02568270150905519245e+02
  -1.03059951351377037554e+02
  -1.03556280736597599912e+02
  -1.04057226058484801001e+02
  -1.04562753451220942225e+02
  -1.05072827459943454187e+02
  -1.05587411070678328429e+02
  -1.06106465741411014392e+02
  -1.06629951434186054371e+02
  -1.07157826648117961099e+02
  -1.07690048453193554678e+02
  -1.08226572524738131165e+02
  -1.08767353178415362436e+02
  -1.09312343405625441051e+02
  -1.09861494909163141642e+02
  -1.10414758138992141312e+02
  -1.10972082327992751516e+02
  -1.11533415527533733780e+02
  -1.12098704642720250035e+02
  -1.12667895467168349910e+02
  -1.13240932717153967246e+02
  -1.13817760064987837154e+02
  -1.14398320171465272210e+02
  -1.14982554717243672826e+02
  -1.15570404433001101552e+02
  -1.16161809128233272759e+02
  -1.16756707718549279207e+02
  -1.17355038251329972354e+02
  -1.17956737929620373961e+02
  -1.18561743134128576571e+02
  -1.19169989443215740721e+02
  -1.19781411650762748877e+02
  -1.20395943781812434281e+02
  -1.21013519105890026140e+02
  -1.21634070147916276028e+02
  -1.22257528696636541099e+02
  -1.22883825810499445197e+02
  -1.23512891820928345510e+02
  -1.24144656332943540633e+02
  -1.24779048223100133441e+02
  -1.25415995634724751540e+02
  -1.26055425970440921901e+02
  -1.26697265881992521486e+02
  -1.27341441257383280572e+02
  -1.27987877205367610145e+02
  -1.28636498037341596046e+02
  -1.29287227246696630800e+02
  -1.29939987485715334969e+02
  -1.30594700540102166997e+02
  -1.31251287301258344087e+02
  -1.31909667736425376461e+02
  -1.32569760856835756613e+02
  -1.33231484684026952436e+02
  -1.33894756214489461854e+02
  -1.34559491382832305817e+02
  -1.35225605023669487537e+02
  -1.35893010832440609192e+02
  -1.36561621325395918802e+02
  -1.37231347798990128695e+02
  -1.37902100288942108364e+02
  -1.38573787529229321080e+02
  -1.39246316911303068764e+02
  -1.39919594443814588658e+02
  -1.40593524713161571071e+02
  -1.41268010845167452771e+02
  -1.41942954468219539876e+02
  -1.42618255678198352143e+02
  -1.43293813005538027028e+02
  -1.43969523384762510432e+02
  -1.44645282126849139104e+02
  -1.45320982894771390193e+02
  -1.45996517682577319874e+02
  -1.46671776798358024507e+02
  -1.47346648851461424101e+02
  -1.48021020744302546746e+02
  -1.48694777669116376728e+02
  -1.49367803109995065824e+02
  -1.50039978850541729116e+02
  -1.50711184987463212792e+02
  -1.51381299950413250599e+02
  -1.52050200528383243181e+02
  -1.52717761902923740536e+02
  -1.53383857688459357860e+02
  -1.54048359979945672649e+02
  -1.54711139408090616598e+02
  -1.55372065202343776491e+02
  -1.56031005261831637654e+02
  -1.56687826234389689262e+02
  -1.57342393603816930181e+02
  -1.57994571785447789125e+02
  -1.58644224230106289042e+02
  -1.59291213536476789159e+02
  -1.59935401571892072070e+02
  -1.60576649601506687759e+02
  -1.61214818425788394052e+02
  -1.61849768526226938548e+02
  -1.62481360219122421995e+02
  -1.63109453817281632837e+02
  -1.63733909799413652308e+02
  -1.64354588986980019172e+02
  -1.64971352728222541373e+02
  -1.65584063089051454654e+02
  -1.66192583050447211690e+02
  -1.66796776711992521314e+02
  -1.67396509501120277719e+02
  -1.67991648387629368244e+02
  -1.68582062102992352948e+02
  -1.69167621363946324209e+02
  -1.69748199099835716197e+02
  -1.70323670683143348015e+02
  -1.70893914162625719655e+02
  -1.71458810498446837300e+02
  -1.72018243798676820688e+02
  -1.72572101556511682929e+02
  -1.73120274887546656828e+02
  -1.73662658766421969858e+02
  -1.74199152262147720194e+02
  -1.74729658771402171169e+02
  -1.75254086249088544491e+02
  -1.75772347435427747087e+02
  -1.76284360078860800058e+02
  -1.76790047154029537069e+02
  -1.77289337074104651037e+02
  -1.77782163896732043895e+02
  -1.78268467522868405695e+02
  -1.78748193887788062284e+02
  -1.79221295143545148676e+02
  -1.79687729832190200341e+02
  -1.80147463049050372774e+02
  -1.80600466595397875835e+02
  -1.81046719119851047708e+02
  -1.81486206247868778973e+02
  -1.81918920698727646368e+02
  -1.82344862389391835222e+02
  -1.82764038524718728240e+02
  -1.83176463673472937899e+02
  -1.83582159829657967975e+02
  -1.83981156458711183177e+02
  -1.84373490528152359502e+02
  -1.84759206522317015242e+02
  -1.85138356440857052121e+02
  -1.85510999780740576171e+02
  -1.85877203501538076580e+02
  -1.86237041973839069442e+02
  -1.86590596910704704214e+02
  -1.86937957282124074254e+02
  -1.87279219212507854309e+02
  -1.87614485861322009441e+02
  -1.87943867287032503555e+02
</dep>
<dep S[3,3] frequency>
  -2.45548923869671892328e-02+j4.18076222328423119379e-01
  -2.13912181753997121536e-02+j4.15362534003383743197e-01
  -1.82552971099957661583e-02+j4.12592938955865795592e-01
  -1.51484116732159279639e-02+j4.09767516083343719124e-01
  -1.20718561700330351272e-02+j4.06886377292690726293e-01
  -9.02693580639746251393e-03+j4.03949668354454560770e-01
  -6.01496571544579694546e-03+j4.00957569735061858385e-01
  -3.03726993128169975300e-03+j3.97910297403907653457e-01
  -9.51803103312331977293e-05+j3.94808103612154570605e-01
  +2.80996459955640265349e-03+j3.91651277640044370720e-01
  +5.67682074191150354281e-03+j3.88440146509361428073e-01
  +8.50403978577377039905e-03+j3.85175075657680499042e-01
  +1.12902704104191065060e-02+j3.81856469570938994451e-01
  +1.40341596396833523386e-02+j3.78484772370832056598e-01
  +1.67343542246866094914e-02+j3.75060468353480169768e-01
  +1.93895020735155021452e-02+j3.71584082475805654866e-01
  +2.19982537261794452998e-02+j3.68056180786041797770e-01
  +2.45592638728928669423e-02+j3.64477370794780819452e-01
  +2.70711929134963280585e-02+j3.60848301783027958223e-01
  +2.95327085555363855196e-02+j3.57169665043722550646e-01
  +3.19424874482678589072e-02+j3.53442194053277536359e-01
  +3.42992168495598048761e-02+j3.49666664569733498524e-01
  +3.66015963224143592303e-02+j3.45843894654265349153e-01
  +3.88483394575078189170e-02+j3.41974744612840053648e-01
  +4.10381756179048762245e-02+j3.38060116855009584746e-01
  +4.31698517017983507404e-02+j3.34100955666962740054e-01
  +4.52421339188637527950e-02+j3.30098246896151414909e-01
  +4.72538095755309084378e-02+j3.26053017545020917822e-01
  +4.92036888642317926656e-02+j3.21966335271594628065e-01
  +5.10906066514045797966e-02+j3.17839307794932079965e-01
  +5.29134242588027159382e-02+j3.13673082203764996834e-01
  +5.46710312324294178676e-02+j3.09468844166905787674e-01
  +5.63623470931891024094e-02+j3.05227817044367855104e-01
  +5.79863230631575132801e-02+j3.00951260898488170970e-01
  +5.95419437611879320826e-02+j2.96640471404712002812e-01
  +6.10282288614267531823e-02+j2.92296778662093803547e-01
  +6.24442347081526349939e-02+j2.87921545904015196982e-01
  +6.37890558802809981565e-02+j2.83516168110010180481e-01
  +6.50618266987679771951e-02+j2.79082070520090208543e-01
  +6.62617226701133210653e-02+j2.74620707053393808827e-01
  +6.73879618591518569914e-02+j2.70133558633502857127e-01
  +6.84398061843335958621e-02+j2.65622131423235707803e-01
  +6.94165626287487069757e-02+j2.61087954972255453789e-01
  +7.03175843602519556885e-02+j2.56532580281326194616e-01
  +7.11422717541651816742e-02+j2.51957577787577435835e-01
  +7.18900733122223578597e-02+j2.47364535275651359347e-01
  +7.25604864716078157283e-02+j2.42755055720119961027e-01
  +7.31530582982260757507e-02+j2.38130755065062371667e-01
  +7.36673860586065931688e-02+j2.33493259947220754835e-01
  +7.41031176652039991204e-02+j2.28844205369597597510e-01
  +7.44599519902244821878e-02+j2.24185232332865469473e-01
  +7.47376390435330328899e-02+j2.19517985432407525259e-01
  +7.49359800106577378376e-02+j2.14844110429215889857e-01
  +7.50548271474012207438e-02+j2.10165251803310360046e-01
  +7.50940835281123930667e-02+j2.05483050298685077095e-01
  +7.50537026452523792219e-02+j2.00799140469154924205e-01
  +7.49336878584708487860e-02+j1.96115148234759506529e-01
  +7.47340916920836706439e-02+j1.91432688458660710262e-01
  +7.44550149804823202526e-02+j1.86753362554673424389e-01
  +7.40966058617059109004e-02+j1.82078756135769986857e-01
  +7.36590586201307240266e-02+j1.77410436713998670433e-01
  +7.31426123799579497309e-02+j1.72749951462352641096e-01
  +7.25475496519417950569e-02+j1.68098825049141392673e-01
  +7.18741947365345024146e-02+j1.63458557555389710769e-01
  +7.11229119874335347085e-02+j1.58830622485698846891e-01
  +7.02941039402543710324e-02+j1.54216464882864834340e-01
  +6.93882093118334819515e-02+j1.49617499556353339418e-01
  +6.84057008764394902656e-02+j1.45035109434458769906e-01
  +6.73470832259064344782e-02+j1.40470644049669718401e-01
  +6.62128904214601410327e-02+j1.35925418166390782337e-01
  +6.50036835457026562768e-02+j1.31400710559728906013e-01
  +6.37200481639670912593e-02+j1.26897762953572246225e-01
  +6.23625917048480082894e-02+j1.22417779125656434047e-01
  +6.09319407704228266365e-02+j1.17961924186698680073e-01
  +5.94287383872247054750e-02+j1.13531324040061470937e-01
  +5.78536412096288532592e-02+j1.09127065027695729915e-01
  +5.62073166877929408791e-02+j1.04750193767390184507e-01
  +5.44904402127894538221e-02+j1.00401717185557279310e-01
  +5.27036922519788231245e-02+j9.60826027489946332683e-02
  +5.08477554880245874447e-02+j9.17937788981696839441e-02
  +4.89233119752914558109e-02+j8.75361356837264931174e-02
  +4.69310403275771670373e-02+j8.33105256069691796350e-02
  +4.48716129513661854400e-02+j7.91177646641556681084e-02
  +4.27456933388874471547e-02+j7.49586335934645658918e-02
  +4.05539334353336999861e-02+j7.08338793225304630408e-02
  +3.82969710946224062287e-02+j6.67442166134435133085e-02
  +3.59754276379647408568e-02+j6.26903299011298681398e-02
  +3.35899055294355819434e-02+j5.86728753200061459161e-02
  +3.11409861824959166565e-02+j5.46924829128262318667e-02
  +2.86292279111592107288e-02+j5.07497590146202270933e-02
  +2.60551640391941119468e-02+j4.68452888036604148114e-02
  +2.34193011802933948040e-02+j4.29796390103900916024e-02
  +2.07221177017402613529e-02+j3.91533607743251022004e-02
  +1.79640623835126966856e-02+j3.53669926379716892395e-02
  +1.51455532842081630474e-02+j3.16210636659139121551e-02
  +1.22669768244802745993e-02+j2.79160966763313811434e-02
  +9.32868709797521344917e-03+j2.42526115713605772140e-02
  +6.33100541894404678089e-03+j2.06311287519119757050e-02
  +3.27422011488115449751e-03+j1.70521726017582309076e-02
  +1.58586571615937366175e-04+j1.35162750250109042760e-02
  -3.01567246268027999712e-03+j1.00239790204021406161e-02
  -6.24836630911815293921e-03+j6.57584227516969099803e-03
  -9.53933552099195392060e-03+j3.17244076078637693428e-03
  -1.28884507746911125547e-02-j1.85627687764616799981e-04
  -1.62956114865837053962e-02-j3.49773982787768278335e-03
  -1.97607441549894902177e-02-j6.76324351948731639084e-03
  -2.32838004276899879219e-02-j9.98145430890437501681e-03
  -2.68647548966773341839e-02-j1.31516521059605040467e-02
  -3.05036026232024803928e-02-j1.62730779742399633836e-02
  -3.42003563975596946989e-02-j1.93449310542396779589e-02
  -3.79550437394422790494e-02-j2.23663656392587284483e-02
  -4.17677036461100437137e-02-j2.53364884237196330563e-02
  -4.56383830970767401247e-02-j2.82543559433932611746e-02
  -4.95671333254594781437e-02-j3.11189722266577983856e-02
  -5.35540058675866847970e-02-j3.39292866755573907511e-02
  -5.75990484039414496475e-02-j3.66841921948160842870e-02
  -6.17023004059269186694e-02-j3.93825235863946576664e-02
  -6.58637886044096676486e-02-j4.20230562263648743659e-02
  -7.00835222973673760416e-02-j4.46045050400436515758e-02
  -7.43614885153653232264e-02-j4.71255237903088208817e-02
  -7.86976470648900194860e-02-j4.95847046929440704588e-02
  -8.30919254708528121078e-02-j5.19805783716075775480e-02
  -8.75442138407799136379e-02-j5.43116141636953986271e-02
  -9.20543596743300801544e-02-j5.65762207869082989209e-02
  -9.66221626428307028833e-02-j5.87727473747580442254e-02
  -1.01247369364468028929e-01-j6.08994848875805405708e-02
  -1.05929668201594967547e-01-j6.29546679038248679916e-02
  -1.10668684107336989797e-01-j6.49364767945307674868e-02
  -1.15463973549264284357e-01-j6.68430402819153446359e-02
  -1.20315019538316941849e-01-j6.86724383809460547923e-02
  -1.25221226791468159822e-01-j7.04227057206785467258e-02
  -1.30181917056721052628e-01-j7.20918352399046724610e-02
  -1.35196324628980291127e-01-j7.36777822495073286824e-02
  -1.40263592085101695961e-01-j7.51784688515641508211e-02
  -1.45382766265998220057e-01-j7.65917887030675981208e-02
  -1.50552794533068939886e-01-j7.79156121097656917396e-02
  -1.55772521325385937541e-01-j7.91477914334356991155e-02
  -1.61040685043073866778e-01-j8.02861667936406175894e-02
  -1.66355915281093225122e-01-j8.13285720428592318054e-02
  -1.71716730436219988665e-01-j8.22728409918064007567e-02
  -1.77121535708407024101e-01-j8.31168138597324079875e-02
  -1.82568621515909607078e-01-j8.38583439226314730774e-02
  -1.88056162341574351071e-01-j8.44953043305148032704e-02
  -1.93582216025538683679e-01-j8.50255950633218293699e-02
  -1.99144723517260896495e-01-j8.54471499936167722122e-02
  -2.04741509097359802860e-01-j8.57579440229586098532e-02
  -2.10370281077133736147e-01-j8.59560002578359516612e-02
  -2.16028632980940854535e-01-j8.60393971902009002672e-02
  -2.21714045213827593006e-01-j8.60062758470980515124e-02
  -2.27423887213946795960e-01-j8.58548468735202963131e-02
  -2.33155420086361919729e-01-j8.55833975125445400867e-02
  -2.38905799711984473399e-01-j8.51902984469835033998e-02
  -2.44672080322394125407e-01-j8.46740104672090709848e-02
  -2.50451218528449870426e-01-j8.40330909305195550285e-02
  -2.56240077787759645833e-01-j8.32661999783589901192e-02
  -2.62035433293326680548e-01-j8.23721064789378343285e-02
  -2.67833977263037592564e-01-j8.13496936642296997189e-02
  -2.73632324607173682551e-01-j8.01979644320708062732e-02
  -2.79427018948755323535e-01-j7.89160462859480049680e-02
  -2.85214538969372821686e-01-j7.75031958872518522696e-02
  -2.90991305051173376750e-01-j7.59588031970537258530e-02
  -2.96753686183921616681e-01-j7.42823951869754639521e-02
  -3.02498007104547605994e-01-j7.24736391013509062553e-02
  -3.08220555635276838302e-01-j7.05323452556411989445e-02
  -3.13917590185482042742e-01-j6.84584693589292414551e-02
  -3.19585347381593887217e-01-j6.62521143512340704440e-02
  -3.25220049788949527869e-01-j6.39135317493839671954e-02
  -3.30817913689251119624e-01-j6.14431224981370205374e-02
  -3.36375156877368630681e-01-j5.88414373262819700994e-02
  -3.41888006441541936198e-01-j5.61091766103097577822e-02
  -3.47352706491640961239e-01-j5.32471897512098724103e-02
  -3.52765525800990187300e-01-j5.02564740726740843968e-02
  -3.58122765328309666799e-01-j4.71381732517020257678e-02
  -3.63420765587683880504e-01-j4.38935752951307711633e-02
  -3.68655913835932269595e-01-j4.05241100780167340378e-02
  -3.73824651048476619408e-01-j3.70313464620077303913e-02
  -3.78923478656680301491e-01-j3.34169890138733549634e-02
  -3.83948965021627286465e-01-j2.96828743462125566044e-02
  -3.88897751621456788662e-01-j2.58309671039535504455e-02
  -3.93766558931643806396e-01-j2.18633556216988600429e-02
  -3.98552191979872627581e-01-j1.77822472781234419692e-02
  -4.03251545559607182945e-01-j1.35899635746008218273e-02
  -4.07861609088804255574e-01-j9.28893496597515966329e-03
  -4.12379471102688410777e-01-j4.88169547187358721096e-03
  -4.16802323371882721403e-01-j3.70877097283006662565e-04
  -4.21127464639596937879e-01+j4.24079590885537149880e-03
  -4.25352303973884349197e-01+j8.95051292836318568291e-03
  -4.29474363733241770724e-01+j1.37553829535471960899e-02
  -4.33491282146033163336e-01+j1.86524406440826268083e-02
  -4.37400815506244045050e-01+j2.36386524339385895033e-02
  -4.41200839990095294851e-01+j2.87109226619913365797e-02
  -4.44889353099854556461e-01+j3.38660997009991582285e-02
  -4.48464474742913843386e-01+j3.91009820606722929837e-02
  -4.51924447955779517994e-01+j4.44123244417747309321e-02
  -4.55267639284042846537e-01+j4.97968437195116797600e-02
  -4.58492538830701734653e-01+j5.52512248358060370501e-02
  -4.61597759986333566751e-01+j6.07721265815074490613e-02
  -4.64582038855593570936e-01+j6.63561872510743944176e-02
  -4.67444233395391872676e-01+j7.20000301537631198778e-02
  -4.70183322280748772215e-01+j7.77002689668839646719e-02
</dep>
<dep S[3,2] frequency>
  -2.71642916669641132366e-01-j1.87556866259149246368e-01
  -2.72138687659623346171e-01-j1.84070548166034603232e-01
  -2.72581280960019711745e-01-j1.80560354178895876576e-01
  -2.72969521977643569954e-01-j1.77027058456621200211e-01
  -2.73302235158257689207e-01-j1.73471478607054419019e-01
  -2.73578245308385425982e-01-j1.69894476613524414432e-01
  -2.73796378981713273149e-01-j1.66296959734120786134e-01
  -2.73955465930547259479e-01-j1.62679881370247192418e-01
  -2.74054340622606418254e-01-j1.59044241900835658932e-01
  -2.74091843823280834069e-01-j1.55391089478535887602e-01
  -2.74066824243280104945e-01-j1.51721520784023011785e-01
  -2.73978140251394164384e-01-j1.48036681734539488087e-01
  -2.73824661651913880966e-01-j1.44337768142648981140e-01
  -2.73605271525993121173e-01-j1.40626026321120395357e-01
  -2.73318868136037229633e-01-j1.36902753629789347700e-01
  -2.72964366891939813620e-01-j1.33169298960188531300e-01
  -2.72540702377756627328e-01-j1.29427063153691179753e-01
  -2.72046830437115638723e-01-j1.25677499348897048215e-01
  -2.71481730315433711365e-01-j1.21922113253955355372e-01
  -2.70844406856691199970e-01-j1.18162463339541418117e-01
  -2.70133892752258519820e-01-j1.14400160948213119871e-01
  -2.69349250838959664023e-01-j1.10636870315917457130e-01
  -2.68489576443289967855e-01-j1.06874308501474057920e-01
  -2.67553999768366690404e-01-j1.03114245219937034070e-01
  -2.66541688319929137574e-01-j9.93585025758451645395e-02
  -2.65451849367377867850e-01-j9.56089546924726030319e-02
  -2.64283732435554641338e-01-j9.18675272333625281274e-02
  -2.63036631822663291569e-01-j8.81361968125662642581e-02
  -2.61709889139438933725e-01-j8.44169902902069946293e-02
  -2.60302895864380934299e-01-j8.07119839502083435967e-02
  -2.58815095909597614465e-01-j7.70233025572542862047e-02
  -2.57245988191528107691e-01-j7.33531182902973089011e-02
  -2.55595129200557602545e-01-j6.97036495502330877283e-02
  -2.53862135563299784469e-01-j6.60771596396492189029e-02
  -2.52046686591086976925e-01-j6.24759553128777234132e-02
  -2.50148526808001703259e-01-j5.89023851949491694668e-02
  -2.48167468451604755764e-01-j5.53588380683823211292e-02
  -2.46103393939327508289e-01-j5.18477410271619421067e-02
  -2.43956258293379468771e-01-j4.83715574976298356979e-02
  -2.41726091516870023046e-01-j4.49327851264610389492e-02
  -2.39413000913796913949e-01-j4.15339535363130618606e-02
  -2.37017173345454718048e-01-j3.81776219501792357658e-02
  -2.34538877415810892435e-01-j3.48663766859599322245e-02
  -2.31978465578381171097e-01-j3.16028285231904904062e-02
  -2.29336376157189325564e-01-j2.83896099443612381918e-02
  -2.26613135274449428724e-01-j2.52293722537366704728e-02
  -2.23809358677713676755e-01-j2.21247825770213291108e-02
  -2.20925753459372847809e-01-j1.90785207457337679937e-02
  -2.17963119661562815255e-01-j1.60932760705790600664e-02
  -2.14922351759739171939e-01-j1.31717440085660775217e-02
  -2.11804440018419415370e-01-j1.03166227290795720073e-02
  -2.08610471712875833461e-01-j7.53060958452123063722e-03
  -2.05341632210861796404e-01-j4.81639749154516572105e-03
  -2.01999205908794166042e-01-j2.17667122931256007412e-03
  -1.98584577017184210623e-01+j3.85896338449320808195e-04
  -1.95099230190510536387e-01+j2.86864811048384571457e-03
  -1.91544750997137802617e-01+j5.26894665668153905358e-03
  -1.87922826225341982331e-01+j7.58417818072626426229e-03
  -1.84235244021963673333e-01+j9.81175652873478298943e-03
  -1.80483893860691135824e-01+j1.19491272357549749294e-02
  -1.76670766337479856478e-01+j1.39937716017921875977e-02
  -1.72797952791114012294e-01+j1.59432107889037610882e-02
  -1.68867644747445033726e-01+j1.77950099308257225772e-02
  -1.64882133186344925768e-01+j1.95467822465198448612e-02
  -1.60843807630951352028e-01+j2.11961931490342037065e-02
  -1.56755155059277340168e-01+j2.27409643411079220865e-02
  -1.52618758638788959425e-01+j2.41788778889851507792e-02
  -1.48437296285032049870e-01+j2.55077802660541586022e-02
  -1.44213539045885547063e-01+j2.67255863580571351168e-02
  -1.39950349313478439317e-01+j2.78302834217807881778e-02
  -1.35650678866243573628e-01+j2.88199349893811795909e-02
  -1.31317566744011432478e-01+j2.96926847107546465487e-02
  -1.26954136959423258268e-01+j3.04467601265887566342e-02
  -1.22563596049299936008e-01+j3.10804763651171545025e-02
  -1.18149230469940955124e-01+j3.15922397558458245559e-02
  -1.13714403840596528505e-01+j3.19805513539301589088e-02
  -1.09262554039623704938e-01+j3.22440103692032964400e-02
  -1.04797190158027520024e-01+j3.23813174942604586892e-02
  -1.00321889315297785306e-01+j3.23912781263546445398e-02
  -9.58402933425296643666e-02+j3.22728054782671636147e-02
  -9.13561053379705473310e-02+j3.20249235736872472913e-02
  -8.68730861001310861180e-02+j3.16467701230199183193e-02
  -8.23950504436590513979e-02+j3.11375992758833319840e-02
  -7.79258634031189806324e-02+j3.04967842469385796988e-02
  -7.34694363297797997658e-02+j2.97238198120069463393e-02
  -6.90297228864203832321e-02+j2.88183246717376162493e-02
  -6.46107149450381446076e-02+j2.77800436803776473749e-02
  -6.02164383921991175352e-02+j2.66088499374456943780e-02
  -5.58509488466111259086e-02+j2.53047467403279269238e-02
  -5.15183272932901725749e-02+j2.38678693959844812067e-02
  -4.72226756385218382484e-02+j2.22984868901258959095e-02
  -4.29681121895630069307e-02+j2.05970034122897605044e-02
  -3.87587670628710551091e-02+j1.87639597353297382654e-02
  -3.45987775243784545509e-02+j1.68000344478352880984e-02
  -3.04922832651531305892e-02+j1.47060450379935259146e-02
  -2.64434216155924606273e-02+j1.24829488273003608167e-02
  -2.24563227010871613309e-02+j1.01318437524754167978e-02
  -1.85351045419867854758e-02+j7.65396899372072780920e-03
  -1.46838681005120874623e-02+j5.05070544733968174178e-03
  -1.09066922772163565902e-02+j2.32357604045640986357e-03
  -7.20762885951453657896e-03-j5.25754114638038450025e-04
  -3.59069742478740350222e-03-j3.49547772929237332562e-03
  -5.98802006269993913889e-05-j6.58364551352885740698e-03
  +3.38088311515163941756e-03-j9.78816652069525172664e-03
  +6.72770057194574389037e-03-j1.31068086654786974954e-02
  +9.97673321824230074917e-03-j1.65371994193476978818e-02
  +1.31242003847177324261e-02-j2.00768266878242063189e-02
  +1.61663849949469917711e-02-j2.37230398743459858224e-02
  +1.90996388997692612133e-02-j2.74730511357588746968e-02
  +2.19203882308799391510e-02-j3.13239368347861257824e-02
  +2.46251387686884370964e-02-j3.52726391950973772182e-02
  +2.72104813189270600127e-02-j3.93159681647728687093e-02
  +2.96730970918251957258e-02-j4.34506034941913588110e-02
  +3.20097630769756169578e-02-j4.76730970344187154897e-02
  +3.42173574062795970985e-02-j5.19798752622806503609e-02
  +3.62928646965257617474e-02-j5.63672420382420047424e-02
  +3.82333813623620399902e-02-j6.08313816031230275572e-02
  +4.00361208894937647962e-02-j6.53683618195108756543e-02
  +4.16984190571015878035e-02-j6.99741376633954553776e-02
  +4.32177390974858577355e-02-j7.46445549712309586177e-02
  +4.45916767800947910771e-02-j7.93753544470891109208e-02
  +4.58179654061101615525e-02-j8.41621759339976904801e-02
  +4.68944806988991214070e-02-j8.90005629528484443203e-02
  +4.78192455747544209466e-02-j9.38859675114153691133e-02
  +4.85904347775028000456e-02-j9.88137551851154954941e-02
  +4.92063793597772303201e-02-j1.03779210470076488360e-01
  +4.96655709930482469616e-02-j1.08777542407909655342e-01
  +4.99666660878478885444e-02-j1.13803890480325381462e-01
  +5.01084897050965705212e-02-j1.18853330770358783797e-01
  +5.00900392389956594652e-02-j1.23920882385475314424e-01
  +4.99104878516262728816e-02-j1.29001514136309919367e-01
  +4.95691876392294061837e-02-j1.34090151463105988761e-01
  +4.90656725100661050831e-02-j1.39181683600273969903e-01
  +4.83996607538878798049e-02-j1.44270970967668332730e-01
  +4.75710572833298872553e-02-j1.49352852775437888733e-01
  +4.65799555279427512922e-02-j1.54422154827444313430e-01
  +4.54266389622453026220e-02-j1.59473697506440248439e-01
  +4.41115822499456300410e-02-j1.64502303922359455202e-01
  +4.26354519874882487152e-02-j1.69502808203289750955e-01
  +4.09991070312292482658e-02-j1.74470063906972144840e-01
  +3.92035983939378607221e-02-j1.79398952528965816011e-01
  +3.72501686977962098712e-02-j1.84284392082072062680e-01
  +3.51402511728539646008e-02-j1.89121345720105527022e-01
  +3.28754681916874347269e-02-j1.93904830377776504768e-01
  +3.04576293331157432753e-02-j1.98629925397238060736e-01
  +2.78887289699443208235e-02-j2.03291781110822522560e-01
  +2.51709433780447078277e-02-j2.07885627348642826329e-01
  +2.23066273664710990055e-02-j2.12406781839076713725e-01
  +1.92983104308147856987e-02-j2.16850658469722679111e-01
  +1.61486924345782545398e-02-j2.21212775376192938293e-01
  +1.28606388259856208034e-02-j2.25488762826105998416e-01
  +9.43717540025754142441e-03-j2.29674370865952298670e-01
  +5.88148262006188415896e-03-j2.33765476698934993038e-01
  +2.19688950945923222591e-03-j2.37758091762694634408e-01
  -1.61313286076564255112e-03-j2.41648368476784836112e-01
  -5.54497827598626757961e-03-j2.45432606631023397803e-01
  -9.59491264605633054074e-03-j2.49107259387283036522e-01
  -1.37590816139809002383e-02-j2.52668938869017811744e-01
  -1.80335184777661305944e-02-j2.56114421314687978892e-01
  -2.24141523963026778610e-02-j2.59440651773387265244e-01
  -2.68968168483521008483e-02-j2.62644748323233867549e-01
  -3.14772583121916693649e-02-j2.65724005795543449793e-01
  -3.61511451320953858257e-02-j2.68675898990404227185e-01
  -4.09140765367653758133e-02-j2.71498085371924102738e-01
  -4.57615917739563615729e-02-j2.74188407234292608194e-01
  -5.06891793249727440340e-02-j2.76744893332575125910e-01
  -5.56922861623496689987e-02-j2.79165759975114613489e-01
  -6.07663270140062217184e-02-j2.81449411577295249831e-01
  -6.59066935973114109704e-02-j2.83594440679341364131e-01
  -7.11087637869970423665e-02-j2.85599627433649805308e-01
  -7.63679106815306485423e-02-j2.87463938569983590288e-01
  -8.16795115335218480102e-02-j2.89186525849527920062e-01
  -8.70389565109074281324e-02-j2.90766724021400801981e-01
  -9.24416572570747330229e-02-j2.92204048297672214218e-01
  -9.78830552196479353189e-02-j2.93498191365249239126e-01
  -1.03358629719460137775e-01-j2.94649019955086299838e-01
  -1.08863905733170923673e-01-j2.95656570991156608663e-01
  -1.14394461365060401414e-01-j2.96521047343334454016e-01
  -1.19945934985722049704e-01-j2.97242813209883993686e-01
  -1.25514032017702781285e-01-j2.97822389156573441582e-01
  -1.31094531350453596952e-01-j2.98260446840505732968e-01
  -1.36683291369429166240e-01-j2.98557803447660141671e-01
  -1.42276255586567451639e-01-j2.98715415873752720977e-01
  -1.47869457861875164273e-01-j2.98734374678475744780e-01
  -1.53459027208250664565e-01-j2.98615897843365840636e-01
  -1.59041192174088075184e-01-j2.98361324363562774309e-01
  -1.64612284800562336251e-01-j2.97972107703506017273e-01
  -1.70168744152742718034e-01-j2.97449809146224986023e-01
  -1.75707119425899754850e-01-j2.96796091065315625901e-01
  -1.81224072630443627796e-01-j2.96012710147926794146e-01
  -1.86716380860882630310e-01-j2.95101510596226024319e-01
  -1.92180938156084613055e-01-j2.94064417333744554384e-01
  -1.97614756959787307711e-01-j2.92903429241876178679e-01
  -2.03014969191909144808e-01-j2.91620612450529781423e-01
  -2.08378826942627964902e-01-j2.90218093705593593867e-01
  -2.13703702802473499700e-01-j2.88698053834437085019e-01
  -2.18987089842812343576e-01-j2.87062721329207737320e-01
  -2.24226601262071084664e-01-j2.85314366066122260257e-01
  -2.29419969713891502838e-01-j2.83455293177437672725e-01
  -2.34565046334065441247e-01-j2.81487837091176751336e-01
</dep>
<dep S[3,1] frequency>
  -6.22711385093298375182e-01-j2.13670502449674615253e-01
  -6.25498032681000348809e-01-j2.08372184171997626434e-01
  -6.28242136177465715363e-01-j2.03014172449236002249e-01
  -6.30942341035035880736e-01-j1.97596615868501357394e-01
  -6.33597280859481970516e-01-j1.92119696728931532714e-01
  -6.36205578333131072100e-01-j1.86583631901516416862e-01
  -6.38765846190279873440e-01-j1.80988673666930749429e-01
  -6.41276688245075887629e-01-j1.75335110528333587565e-01
  -6.43736700471846945426e-01-j1.69623267995957560661e-01
  -6.46144472137736292083e-01-j1.63853509340298131303e-01
  -6.48498586987265923653e-01-j1.58026236310534085039e-01
  -6.50797624478269165493e-01-j1.52141889814823905169e-01
  -6.53040161068457969407e-01-j1.46200950559010139918e-01
  -6.55224771551634610489e-01-j1.40203939640236280306e-01
  -6.57350030442334753999e-01-j1.34151419091926515925e-01
  -6.59414513407479807583e-01-j1.28043992376566245772e-01
  -6.61416798743350575762e-01-j1.21882304822703901870e-01
  -6.63355468895919342387e-01-j1.15667044002594449070e-01
  -6.65229112022383328728e-01-j1.09398940046931403280e-01
  -6.67036323591398305766e-01-j1.03078765893156870659e-01
  -6.68775708019289649719e-01-j9.67073374638767191414e-02
  -6.70445880339209487886e-01-j9.02855137719966172050e-02
  -6.72045467899976434190e-01-j8.38141969493092220400e-02
  -6.73573112090976922062e-01-j7.72943321953360740206e-02
  -6.75027470089308856416e-01-j7.07269076434074300819e-02
  -6.76407216625003027133e-01-j6.41129541411078335278e-02
  -6.77711045759920249765e-01-j5.74535449424017907738e-02
  -6.78937672675632430952e-01-j5.07497953089750264422e-02
  -6.80085835465340515782e-01-j4.40028620185363358863e-02
  -6.81154296924615598741e-01-j3.72139427781065512679e-02
  -6.82141846335513335475e-01-j3.03842755405985300021e-02
  -6.83047301238385085043e-01-j2.35151377232866304334e-02
  -6.83869509185476398549e-01-j1.66078453270981502010e-02
  -6.84607349470219284093e-01-j9.66375195603415976242e-03
  -6.85259734825942157244e-01-j2.68424773636261396192e-03
  -6.85825613087554630809e-01+j4.32924186434163749126e-03
  -6.86303968809655939864e-01+j1.13752573178250854236e-02
  -6.86693824834370580845e-01+j1.84523064145445669926e-02
  -6.86994243802192317006e-01+j2.55588657404367258774e-02
  -6.87204329598995800055e-01+j3.26933822492290054873e-02
  -6.87323228732435786981e-01+j3.98542749279558045084e-02
  -6.87350131630929839233e-01+j4.70399365528682417148e-02
  -6.87284273858481453701e-01+j5.42487355323940864671e-02
  -6.87124937238693167529e-01+j6.14790178333103481956e-02
  -6.86871450881473721850e-01+j6.87291089857800796548e-02
  -6.86523192106076596275e-01+j7.59973161623554022137e-02
  -6.86079587254351475067e-01+j8.32819303255796367091e-02
  -6.85540112388329681004e-01+j9.05812284382836729879e-02
  -6.84904293866559266135e-01+j9.78934757301561930820e-02
  -6.84171708793954946870e-01+j1.05216928013729477120e-01
  -6.83341985340290669626e-01+j1.12549834042405025314e-01
  -6.82414802922894470072e-01+j1.19890437902695032313e-01
  -6.81389892249572026728e-01+j1.27236981432455986685e-01
  -6.80267035218262039464e-01+j1.34587706656448841125e-01
  -6.79046064670484783576e-01+j1.41940858230211380819e-01
  -6.77726863996227502085e-01+j1.49294685882878336303e-01
  -6.76309366588470295412e-01+j1.56647446849276644754e-01
  -6.74793555146270263023e-01+j1.63997408281374407180e-01
  -6.73179460825914954825e-01+j1.71342849628923099559e-01
  -6.71467162240393600214e-01+j1.78682064978965993163e-01
  -6.69656784308148900209e-01+j1.86013365343763503734e-01
  -6.67748496952773606949e-01+j1.93335080886595678251e-01
  -6.65742513656126133625e-01+j2.00645563074892729905e-01
  -6.63639089868021780916e-01+j2.07943186750160713405e-01
  -6.61438521276508595292e-01+j2.15226352104270712839e-01
  -6.59141141943437980366e-01+j2.22493486551813252072e-01
  -6.56747322310857417627e-01+j2.29743046488411262196e-01
  -6.54257467084491173281e-01+j2.36973518925170101301e-01
  -6.51672013001339811566e-01+j2.44183422989736220732e-01
  -6.48991426489174738634e-01+j2.51371311284809162423e-01
  -6.46216201226384789891e-01+j2.58535771095401656350e-01
  -6.43346855611407697495e-01+j2.65675425436617151931e-01
  -6.40383930151553038002e-01+j2.72788933934244859358e-01
  -6.37327984781731249342e-01+j2.79874993531091853516e-01
  -6.34179596124157862747e-01+j2.86932339012586412608e-01
  -6.30939354700713384005e-01+j2.93959743345904800371e-01
  -6.27607862110078906781e-01+j3.00956017827586019830e-01
  -6.24185728182321764024e-01+j3.07920012035409640383e-01
  -6.20673568123965457843e-01+j3.14850613581088789594e-01
  -6.17071999666953252550e-01+j3.21746747661231347060e-01
  -6.13381640235271197170e-01+j3.28607376404870255016e-01
  -6.09603104143160878792e-01+j3.35431498016803386619e-01
  -6.05736999839141310176e-01+j3.42218145716905619569e-01
  -6.01783927210113644968e-01+j3.48966386476555534557e-01
  -5.97744474959924332325e-01+j3.55675319554271784916e-01
  -5.93619218076760990499e-01+j3.62344074833659379742e-01
  -5.89408715403675120825e-01+j3.68971810967761881805e-01
  -5.85113507326408210929e-01+j3.75557713334904952340e-01
  -5.80734113592507483759e-01+j3.82100991812123480518e-01
  -5.76271031275404022054e-01+j3.88600878373269731370e-01
  -5.71724732896876530752e-01+j3.95056624519855015265e-01
  -5.67095664720828285255e-01+j4.01467498553707446973e-01
  -5.62384245230915680303e-01+j4.07832782701406493242e-01
  -5.57590863803991476644e-01+j4.14151770101477689767e-01
  -5.52715879590734981974e-01+j4.20423761666171846851e-01
  -5.47759620614185815946e-01+j4.26648062830569108073e-01
  -5.42722383096177818373e-01+j4.32823980202610258949e-01
  -5.37604431020847650657e-01+j4.38950818128409858687e-01
  -5.32405995943594501085e-01+j4.45027875188068910983e-01
  -5.27127277052917841971e-01+j4.51054440637840392547e-01
  -5.21768441491607171123e-01+j4.57029790815242420443e-01
  -5.16329624942759912720e-01+j4.62953185524324184463e-01
  -5.10810932484971336187e-01+j4.68823864418824509670e-01
  -5.05212439720003403387e-01+j4.74641043401541118385e-01
  -4.99534194174954482293e-01+j4.80403911058602750561e-01
  -4.93776216979845028465e-01+j4.86111625147758463772e-01
  -4.87938504820180307675e-01+j4.91763309160090700267e-01
  -4.82021032162792573139e-01+j4.97358048974772704032e-01
  -4.76023753751924572075e-01+j5.02894889626654517656e-01
  -4.69946607371133251441e-01+j5.08372832206520630649e-01
  -4.63789516865179773930e-01+j5.13790830913816831682e-01
  -4.57552395414700274756e-01+j5.19147790281542897972e-01
  -4.51235149054938555757e-01+j5.24442562592795646914e-01
  -4.44837680428437021174e-01+j5.29673945508075560973e-01
  -4.38359892760096681030e-01+j5.34840679922140349589e-01
  -4.31801694041533901114e-01+j5.39941448068544826988e-01
  -4.25163001410287511028e-01+j5.44974871889467804564e-01
  -4.18443745707913150600e-01+j5.49939511687590143474e-01
  -4.11643876199673020011e-01+j5.54833865075981202963e-01
  -4.04763365437102173860e-01+j5.59656366240891767205e-01
  -3.97802214243451801590e-01+j5.64405385531336678540e-01
  -3.90760456800707922653e-01+j5.69079229388025797931e-01
  -3.83638165815687215421e-01+j5.73676140622946695302e-01
  -3.76435457741597201409e-01+j5.78194299059386795925e-01
  -3.69152498030378417582e-01+j5.82631822540647936748e-01
  -3.61789506390225223953e-01+j5.86986768314018192427e-01
  -3.54346762021828798339e-01+j5.91257134794763716812e-01
  -3.46824608806198031452e-01+j5.95440863713070922536e-01
  -3.39223460416303412845e-01+j5.99535842644854155559e-01
  -3.31543805324379992072e-01+j6.03539907925308316550e-01
  -3.23786211676430402129e-01+j6.07450847941991778356e-01
  -3.15951332005355189914e-01+j6.11266406801987072228e-01
  -3.08039907754195985135e-01+j6.14984288365546749588e-01
  -3.00052773581204079711e-01+j6.18602160636256170889e-01
  -2.91990861418895630841e-01+j6.22117660495605573345e-01
  -2.83855204259838123093e-01+j6.25528398767463800212e-01
  -2.75646939642775867796e-01+j6.28831965595785136180e-01
  -2.67367312813669155691e-01+j6.32025936116596964709e-01
  -2.59017679537480671748e-01+j6.35107876403167681545e-01
  -2.50599508537935722341e-01+j6.38075349661188617745e-01
  -2.42114383544101752221e-01+j6.40925922648748702670e-01
  -2.33564004924434853727e-01+j6.43657172294056945105e-01
  -2.24950190890932072429e-01+j6.46266692482072357961e-01
  -2.16274878258158331779e-01+j6.48752100979619439336e-01
  -2.07540122744278854316e-01+j6.51111046467156673323e-01
  -1.98748098803631506604e-01+j6.53341215644084871705e-01
  -1.89901098983024985145e-01+j6.55440340373516616701e-01
  -1.81001532796593866959e-01+j6.57406204831531226773e-01
  -1.72051925116877529875e-01+j6.59236652625448282805e-01
  -1.63054914082599755609e-01+j6.60929593845245300088e-01
  -1.54013248526610968536e-01+j6.62483012012201166741e-01
  -1.44929784930261318365e-01+j6.63894970889013169568e-01
  -1.35807483913508386664e-01+j6.65163621116057646177e-01
  -1.26649406272890258096e-01+j6.66287206639190943136e-01
  -1.17458708582328680281e-01+j6.67264070895410732476e-01
  -1.08238638374494947070e-01+j6.68092662723954511250e-01
  -9.89925289231052829564e-02+j6.68771541971819427630e-01
  -8.97237936490195425732e-02+j6.69299384764471927411e-01
  -8.04359201753678532132e-02+j6.69674988414333594022e-01
  -7.11324640591011192470e-02+j6.69897275941863323823e-01
  -6.18170422283392598239e-02+j6.69965300186311840669e-01
  -5.24933261566538425513e-02+j6.69878247485743871792e-01
  -4.31650348069044023647e-02+j6.69635440908565859885e-01
  -3.38359273785993480699e-02+j6.69236343021532231745e-01
  -2.45097958936856472056e-02+j6.68680558182119799682e-01
  -1.51904576564700667662e-02+j6.67967834346002931056e-01
  -5.88174762386478242049e-03+j6.67098064383446320846e-01
  +3.41248927767987680904e-03+j6.66071286901306125472e-01
  +1.26884058522200686425e-02+j6.64887686570439284672e-01
  +2.19421603153584152124e-02+j6.63547593961127946116e-01
  +3.11699239208651085464e-02+j6.62051484892136388183e-01
  +4.03678884983395269703e-02+j6.60399979301720563285e-01
  +4.95322738684037464085e-02+j6.58593839651623325082e-01
  +5.86593351032804188883e-02+j6.56633968877643026119e-01
  +6.77453696020696993774e-02+j6.54521407902749485785e-01
  +7.67867239517562305551e-02+j6.52257332730926342457e-01
  +8.57798005468649871208e-02+j6.49843051141995031728e-01
  +9.47210639426626505033e-02+j6.47279999009467199578e-01
  +1.03607046918967632410e-01+j6.44569736265120263319e-01
  +1.12434356233884064080e-01+j6.41713942535419912261e-01
  +1.21199678049041706385e-01+j6.38714412476043102984e-01
  +1.29899783010391456362e-01+j6.35573050831774843950e-01
  +1.38531530970913863143e-01+j6.32291867249754391267e-01
  +1.47091875344111583379e-01+j6.28872970874549408471e-01
  +1.55577867079499249092e-01+j6.25318564753858052718e-01
  +1.63986658253719413958e-01+j6.21630940083694349951e-01
  +1.72315505273238855910e-01+j6.17812470321794204864e-01
  +1.80561771686814337423e-01+j6.13865605197656205583e-01
  +1.88722930608139244368e-01+j6.09792864647158205926e-01
  +1.96796566751116619454e-01+j6.05596832698967135755e-01
  +2.04780378082194930434e-01+j6.01280151339195767513e-01
  +2.12672177096046050027e-01+j5.96845514379761077350e-01
  +2.20469891722574806714e-01+j5.92295661354807823074e-01
  +2.28171565874831339116e-01+j5.87633371468389009706e-01
  +2.35775359648819293756e-01+j5.82861457615278411026e-01
  +2.43279549187498944640e-01+j5.77982760495434177983e-01
  +2.50682526222405555050e-01+j5.73000142841216475453e-01
  +2.57982797307287237132e-01+j5.67916483774945413110e-01
  +2.65178982759038395223e-01+j5.62734673312934585709e-01
  +2.72269815321852626244e-01+j5.57457607030571899998e-01
</dep>
<dep S[2,3] frequency>
  -2.71642916669641132366e-01-j1.87556866259149246368e-01
  -2.72138687659623346171e-01-j1.84070548166034658744e-01
  -2.72581280960019711745e-01-j1.80560354178895848820e-01
  -2.72969521977643569954e-01-j1.77027058456621227966e-01
  -2.73302235158257689207e-01-j1.73471478607054419019e-01
  -2.73578245308385425982e-01-j1.69894476613524414432e-01
  -2.73796378981713328660e-01-j1.66296959734120786134e-01
  -2.73955465930547314990e-01-j1.62679881370247136907e-01
  -2.74054340622606473765e-01-j1.59044241900835686687e-01
  -2.74091843823280834069e-01-j1.55391089478535859847e-01
  -2.74066824243280104945e-01-j1.51721520784023067296e-01
  -2.73978140251394164384e-01-j1.48036681734539432576e-01
  -2.73824661651913936478e-01-j1.44337768142648925629e-01
  -2.73605271525993121173e-01-j1.40626026321120367601e-01
  -2.73318868136037229633e-01-j1.36902753629789319945e-01
  -2.72964366891939813620e-01-j1.33169298960188531300e-01
  -2.72540702377756627328e-01-j1.29427063153691179753e-01
  -2.72046830437115638723e-01-j1.25677499348897048215e-01
  -2.71481730315433711365e-01-j1.21922113253955355372e-01
  -2.70844406856691199970e-01-j1.18162463339541390361e-01
  -2.70133892752258519820e-01-j1.14400160948213119871e-01
  -2.69349250838959664023e-01-j1.10636870315917457130e-01
  -2.68489576443290023366e-01-j1.06874308501474002409e-01
  -2.67553999768366690404e-01-j1.03114245219937034070e-01
  -2.66541688319929137574e-01-j9.93585025758452200506e-02
  -2.65451849367377812339e-01-j9.56089546924725752763e-02
  -2.64283732435554585827e-01-j9.18675272333625281274e-02
  -2.63036631822663291569e-01-j8.81361968125662642581e-02
  -2.61709889139438933725e-01-j8.44169902902069946293e-02
  -2.60302895864380934299e-01-j8.07119839502082880855e-02
  -2.58815095909597614465e-01-j7.70233025572542862047e-02
  -2.57245988191528052180e-01-j7.33531182902971701232e-02
  -2.55595129200557602545e-01-j6.97036495502330877283e-02
  -2.53862135563299839980e-01-j6.60771596396491911474e-02
  -2.52046686591086976925e-01-j6.24759553128776401465e-02
  -2.50148526808001592237e-01-j5.89023851949492527336e-02
  -2.48167468451604811275e-01-j5.53588380683823766404e-02
  -2.46103393939327563800e-01-j5.18477410271618310844e-02
  -2.43956258293379413260e-01-j4.83715574976298356979e-02
  -2.41726091516869967535e-01-j4.49327851264609834381e-02
  -2.39413000913796913949e-01-j4.15339535363130896162e-02
  -2.37017173345454745803e-01-j3.81776219501793467881e-02
  -2.34538877415810864679e-01-j3.48663766859599322245e-02
  -2.31978465578381171097e-01-j3.16028285231904904062e-02
  -2.29336376157189325564e-01-j2.83896099443612381918e-02
  -2.26613135274449484236e-01-j2.52293722537366149616e-02
  -2.23809358677713676755e-01-j2.21247825770213291108e-02
  -2.20925753459372875565e-01-j1.90785207457337402381e-02
  -2.17963119661562815255e-01-j1.60932760705790600664e-02
  -2.14922351759739171939e-01-j1.31717440085660775217e-02
  -2.11804440018419415370e-01-j1.03166227290796275184e-02
  -2.08610471712875833461e-01-j7.53060958452131390395e-03
  -2.05341632210861768648e-01-j4.81639749154516572105e-03
  -2.01999205908794166042e-01-j2.17667122931256007412e-03
  -1.98584577017184210623e-01+j3.85896338449348563771e-04
  -1.95099230190510536387e-01+j2.86864811048384571457e-03
  -1.91544750997137747106e-01+j5.26894665668153905358e-03
  -1.87922826225341954576e-01+j7.58417818072629201787e-03
  -1.84235244021963728844e-01+j9.81175652873472747828e-03
  -1.80483893860691135824e-01+j1.19491272357550026850e-02
  -1.76670766337479856478e-01+j1.39937716017921598421e-02
  -1.72797952791114012294e-01+j1.59432107889038165993e-02
  -1.68867644747445033726e-01+j1.77950099308257503328e-02
  -1.64882133186344925768e-01+j1.95467822465197615944e-02
  -1.60843807630951379783e-01+j2.11961931490342037065e-02
  -1.56755155059277340168e-01+j2.27409643411079220865e-02
  -1.52618758638788959425e-01+j2.41788778889851785348e-02
  -1.48437296285032105381e-01+j2.55077802660541308466e-02
  -1.44213539045885519307e-01+j2.67255863580571351168e-02
  -1.39950349313478439317e-01+j2.78302834217807326667e-02
  -1.35650678866243573628e-01+j2.88199349893811795909e-02
  -1.31317566744011432478e-01+j2.96926847107546465487e-02
  -1.26954136959423230513e-01+j3.04467601265888121453e-02
  -1.22563596049299949886e-01+j3.10804763651170712357e-02
  -1.18149230469940969002e-01+j3.15922397558458245559e-02
  -1.13714403840596528505e-01+j3.19805513539301589088e-02
  -1.09262554039623704938e-01+j3.22440103692032964400e-02
  -1.04797190158027547779e-01+j3.23813174942604864448e-02
  -1.00321889315297813061e-01+j3.23912781263547000510e-02
  -9.58402933425296366110e-02+j3.22728054782671636147e-02
  -9.13561053379705473310e-02+j3.20249235736873305580e-02
  -8.68730861001310861180e-02+j3.16467701230199183193e-02
  -8.23950504436590791535e-02+j3.11375992758833319840e-02
  -7.79258634031189806324e-02+j3.04967842469385796988e-02
  -7.34694363297798413992e-02+j2.97238198120068353170e-02
  -6.90297228864203832321e-02+j2.88183246717376162493e-02
  -6.46107149450381723632e-02+j2.77800436803775363526e-02
  -6.02164383921990620241e-02+j2.66088499374457498892e-02
  -5.58509488466111259086e-02+j2.53047467403279269238e-02
  -5.15183272932901725749e-02+j2.38678693959844812067e-02
  -4.72226756385218243706e-02+j2.22984868901259236651e-02
  -4.29681121895630485641e-02+j2.05970034122898160156e-02
  -3.87587670628710551091e-02+j1.87639597353297382654e-02
  -3.45987775243784545509e-02+j1.68000344478352325872e-02
  -3.04922832651531305892e-02+j1.47060450379935259146e-02
  -2.64434216155924051161e-02+j1.24829488273003608167e-02
  -2.24563227010871613309e-02+j1.01318437524754167978e-02
  -1.85351045419867854758e-02+j7.65396899372072780920e-03
  -1.46838681005120874623e-02+j5.05070544733965398621e-03
  -1.09066922772163288347e-02+j2.32357604045646537472e-03
  -7.20762885951453657896e-03-j5.25754114638038450025e-04
  -3.59069742478740350222e-03-j3.49547772929237332562e-03
  -5.98802006269716358133e-05-j6.58364551352877414025e-03
  +3.38088311515163941756e-03-j9.78816652069525172664e-03
  +6.72770057194571613479e-03-j1.31068086654787807621e-02
  +9.97673321824230074917e-03-j1.65371994193476701263e-02
  +1.31242003847177601816e-02-j2.00768266878242063189e-02
  +1.61663849949469917711e-02-j2.37230398743459858224e-02
  +1.90996388997692889689e-02-j2.74730511357589024524e-02
  +2.19203882308799113954e-02-j3.13239368347861257824e-02
  +2.46251387686884648520e-02-j3.52726391950973494627e-02
  +2.72104813189270322571e-02-j3.93159681647728409537e-02
  +2.96730970918251124591e-02-j4.34506034941913310554e-02
  +3.20097630769756169578e-02-j4.76730970344187154897e-02
  +3.42173574062795693429e-02-j5.19798752622806781165e-02
  +3.62928646965257617474e-02-j5.63672420382420047424e-02
  +3.82333813623620399902e-02-j6.08313816031230275572e-02
  +4.00361208894937925518e-02-j6.53683618195108895321e-02
  +4.16984190571015600479e-02-j6.99741376633955108888e-02
  +4.32177390974858299799e-02-j7.46445549712309586177e-02
  +4.45916767800947910771e-02-j7.93753544470891109208e-02
  +4.58179654061101893081e-02-j8.41621759339976766023e-02
  +4.68944806988991214070e-02-j8.90005629528484443203e-02
  +4.78192455747544764577e-02-j9.38859675114153691133e-02
  +4.85904347775028000456e-02-j9.88137551851154677385e-02
  +4.92063793597772025645e-02-j1.03779210470076474482e-01
  +4.96655709930483302283e-02-j1.08777542407909572075e-01
  +4.99666660878478330332e-02-j1.13803890480325325951e-01
  +5.01084897050965705212e-02-j1.18853330770358783797e-01
  +5.00900392389956594652e-02-j1.23920882385475314424e-01
  +4.99104878516262728816e-02-j1.29001514136309919367e-01
  +4.95691876392294616949e-02-j1.34090151463105988761e-01
  +4.90656725100661050831e-02-j1.39181683600273942147e-01
  +4.83996607538879075605e-02-j1.44270970967668388241e-01
  +4.75710572833298039885e-02-j1.49352852775437805466e-01
  +4.65799555279427512922e-02-j1.54422154827444368941e-01
  +4.54266389622453026220e-02-j1.59473697506440248439e-01
  +4.41115822499456300410e-02-j1.64502303922359427446e-01
  +4.26354519874882487152e-02-j1.69502808203289778710e-01
  +4.09991070312292482658e-02-j1.74470063906972144840e-01
  +3.92035983939378052110e-02-j1.79398952528965816011e-01
  +3.72501686977962098712e-02-j1.84284392082072062680e-01
  +3.51402511728539646008e-02-j1.89121345720105527022e-01
  +3.28754681916874347269e-02-j1.93904830377776504768e-01
  +3.04576293331157987865e-02-j1.98629925397238088491e-01
  +2.78887289699442930679e-02-j2.03291781110822522560e-01
  +2.51709433780447078277e-02-j2.07885627348642798573e-01
  +2.23066273664710990055e-02-j2.12406781839076713725e-01
  +1.92983104308147856987e-02-j2.16850658469722679111e-01
  +1.61486924345781712731e-02-j2.21212775376192993804e-01
  +1.28606388259856208034e-02-j2.25488762826106026171e-01
  +9.43717540025754142441e-03-j2.29674370865952298670e-01
  +5.88148262006185640338e-03-j2.33765476698934993038e-01
  +2.19688950945923222591e-03-j2.37758091762694634408e-01
  -1.61313286076564255112e-03-j2.41648368476784891623e-01
  -5.54497827598626757961e-03-j2.45432606631023370047e-01
  -9.59491264605635829632e-03-j2.49107259387283008767e-01
  -1.37590816139809557495e-02-j2.52668938869017756232e-01
  -1.80335184777661028388e-02-j2.56114421314687978892e-01
  -2.24141523963026223498e-02-j2.59440651773387265244e-01
  -2.68968168483521008483e-02-j2.62644748323233812037e-01
  -3.14772583121917248761e-02-j2.65724005795543560815e-01
  -3.61511451320953580701e-02-j2.68675898990404282696e-01
  -4.09140765367653758133e-02-j2.71498085371924102738e-01
  -4.57615917739563615729e-02-j2.74188407234292608194e-01
  -5.06891793249727440340e-02-j2.76744893332575125910e-01
  -5.56922861623496134875e-02-j2.79165759975114613489e-01
  -6.07663270140062217184e-02-j2.81449411577295249831e-01
  -6.59066935973114387259e-02-j2.83594440679341364131e-01
  -7.11087637869970146109e-02-j2.85599627433649749797e-01
  -7.63679106815306485423e-02-j2.87463938569983590288e-01
  -8.16795115335218757657e-02-j2.89186525849527920062e-01
  -8.70389565109074281324e-02-j2.90766724021400801981e-01
  -9.24416572570747330229e-02-j2.92204048297672214218e-01
  -9.78830552196479353189e-02-j2.93498191365249239126e-01
  -1.03358629719460137775e-01-j2.94649019955086299838e-01
  -1.08863905733170923673e-01-j2.95656570991156608663e-01
  -1.14394461365060401414e-01-j2.96521047343334454016e-01
  -1.19945934985721994193e-01-j2.97242813209883993686e-01
  -1.25514032017702809041e-01-j2.97822389156573441582e-01
  -1.31094531350453624707e-01-j2.98260446840505677457e-01
  -1.36683291369429166240e-01-j2.98557803447660141671e-01
  -1.42276255586567534905e-01-j2.98715415873752720977e-01
  -1.47869457861875164273e-01-j2.98734374678475744780e-01
  -1.53459027208250664565e-01-j2.98615897843365840636e-01
  -1.59041192174088075184e-01-j2.98361324363562718798e-01
  -1.64612284800562169718e-01-j2.97972107703506017273e-01
  -1.70168744152742690279e-01-j2.97449809146224986023e-01
  -1.75707119425899754850e-01-j2.96796091065315681412e-01
  -1.81224072630443683307e-01-j2.96012710147926738635e-01
  -1.86716380860882630310e-01-j2.95101510596226024319e-01
  -1.92180938156084613055e-01-j2.94064417333744554384e-01
  -1.97614756959787307711e-01-j2.92903429241876178679e-01
  -2.03014969191909144808e-01-j2.91620612450529781423e-01
  -2.08378826942627964902e-01-j2.90218093705593593867e-01
  -2.13703702802473499700e-01-j2.88698053834437140530e-01
  -2.18987089842812343576e-01-j2.87062721329207737320e-01
  -2.24226601262071084664e-01-j2.85314366066122260257e-01
  -2.29419969713891419572e-01-j2.83455293177437728236e-01
  -2.34565046334065496758e-01-j2.81487837091176695825e-01
</dep>
<dep S[2,2] frequency>
  -2.45548923869671753550e-02+j4.18076222328423008356e-01
  -2.13912181753994623534e-02+j4.15362534003383798709e-01
  -1.82552971099957384027e-02+j4.12592938955865906614e-01
  -1.51484116732159002083e-02+j4.09767516083343830147e-01
  -1.20718561700332016606e-02+j4.06886377292690837315e-01
  -9.02693580639735149163e-03+j4.03949668354454449748e-01
  -6.01496571544568592316e-03+j4.00957569735061802874e-01
  -3.03726993128172750858e-03+j3.97910297403907486924e-01
  -9.51803103308446196706e-05+j3.94808103612154737139e-01
  +2.80996459955629163119e-03+j3.91651277640044370720e-01
  +5.67682074191178109857e-03+j3.88440146509361483584e-01
  +8.50403978577335406541e-03+j3.85175075657680388019e-01
  +1.12902704104190232393e-02+j3.81856469570939105473e-01
  +1.40341596396836854055e-02+j3.78484772370832112109e-01
  +1.67343542246866650025e-02+j3.75060468353480003234e-01
  +1.93895020735154188785e-02+j3.71584082475805710377e-01
  +2.19982537261792510108e-02+j3.68056180786041631237e-01
  +2.45592638728928669423e-02+j3.64477370794780874963e-01
  +2.70711929134963003030e-02+j3.60848301783028069245e-01
  +2.95327085555363022529e-02+j3.57169665043722495135e-01
  +3.19424874482680531962e-02+j3.53442194053277591870e-01
  +3.42992168495597771205e-02+j3.49666664569733387502e-01
  +3.66015963224141649413e-02+j3.45843894654265238131e-01
  +3.88483394575081519839e-02+j3.41974744612840331204e-01
  +4.10381756179049039801e-02+j3.38060116855009695769e-01
  +4.31698517017986005406e-02+j3.34100955666962573520e-01
  +4.52421339188642246398e-02+j3.30098246896151359397e-01
  +4.72538095755308806822e-02+j3.26053017545020973333e-01
  +4.92036888642318204212e-02+j3.21966335271594628065e-01
  +5.10906066514047463301e-02+j3.17839307794932190987e-01
  +5.29134242588026881826e-02+j3.13673082203764941323e-01
  +5.46710312324294456232e-02+j3.09468844166905898696e-01
  +5.63623470931888803648e-02+j3.05227817044367855104e-01
  +5.79863230631572634799e-02+j3.00951260898488115458e-01
  +5.95419437611879320826e-02+j2.96640471404711947301e-01
  +6.10282288614265033821e-02+j2.92296778662093748036e-01
  +6.24442347081527460162e-02+j2.87921545904015196982e-01
  +6.37890558802809426453e-02+j2.83516168110010069459e-01
  +6.50618266987681992397e-02+j2.79082070520090375076e-01
  +6.62617226701138761769e-02+j2.74620707053393919850e-01
  +6.73879618591518569914e-02+j2.70133558633502912638e-01
  +6.84398061843339844401e-02+j2.65622131423235874337e-01
  +6.94165626287490677981e-02+j2.61087954972255453789e-01
  +7.03175843602520389553e-02+j2.56532580281326083593e-01
  +7.11422717541651539186e-02+j2.51957577787577324813e-01
  +7.18900733122223023486e-02+j2.47364535275651414858e-01
  +7.25604864716073438835e-02+j2.42755055720119988782e-01
  +7.31530582982260479952e-02+j2.38130755065062427178e-01
  +7.36673860586067874578e-02+j2.33493259947220893613e-01
  +7.41031176652036105423e-02+j2.28844205369597597510e-01
  +7.44599519902245376990e-02+j2.24185232332865608251e-01
  +7.47376390435330884010e-02+j2.19517985432407469748e-01
  +7.49359800106578766155e-02+j2.14844110429215778835e-01
  +7.50548271474011929882e-02+j2.10165251803310360046e-01
  +7.50940835281126983780e-02+j2.05483050298685132606e-01
  +7.50537026452524624887e-02+j2.00799140469154924205e-01
  +7.49336878584704879636e-02+j1.96115148234759534285e-01
  +7.47340916920840037108e-02+j1.91432688458660571484e-01
  +7.44550149804824035193e-02+j1.86753362554673396634e-01
  +7.40966058617057443669e-02+j1.82078756135769959101e-01
  +7.36590586201305019820e-02+j1.77410436713998809211e-01
  +7.31426123799577276863e-02+j1.72749951462352724363e-01
  +7.25475496519418228125e-02+j1.68098825049141531451e-01
  +7.18741947365343358811e-02+j1.63458557555389766280e-01
  +7.11229119874332571527e-02+j1.58830622485698874646e-01
  +7.02941039402540379655e-02+j1.54216464882864778829e-01
  +6.93882093118333154180e-02+j1.49617499556353505952e-01
  +6.84057008764394902656e-02+j1.45035109434458742150e-01
  +6.73470832259070451009e-02+j1.40470644049669690645e-01
  +6.62128904214603908329e-02+j1.35925418166390699071e-01
  +6.50036835457025174989e-02+j1.31400710559728933768e-01
  +6.37200481639672022816e-02+j1.26897762953572385003e-01
  +6.23625917048481470673e-02+j1.22417779125656350780e-01
  +6.09319407704225213251e-02+j1.17961924186698680073e-01
  +5.94287383872245111860e-02+j1.13531324040061304403e-01
  +5.78536412096293251039e-02+j1.09127065027695535626e-01
  +5.62073166877931074126e-02+j1.04750193767390059607e-01
  +5.44904402127895926000e-02+j1.00401717185557237677e-01
  +5.27036922519790174135e-02+j9.60826027489944112236e-02
  +5.08477554880245041780e-02+j9.17937788981696978219e-02
  +4.89233119752917056111e-02+j8.75361356837265347508e-02
  +4.69310403275772225484e-02+j8.33105256069690547349e-02
  +4.48716129513664352402e-02+j7.91177646641556264751e-02
  +4.27456933388875026658e-02+j7.49586335934644965029e-02
  +4.05539334353334779415e-02+j7.08338793225305185519e-02
  +3.82969710946224339843e-02+j6.67442166134433745306e-02
  +3.59754276379650184126e-02+j6.26903299011296877286e-02
  +3.35899055294354709211e-02+j5.86728753200062291828e-02
  +3.11409861824959444121e-02+j5.46924829128262735001e-02
  +2.86292279111592384844e-02+j5.07497590146201993377e-02
  +2.60551640391941119468e-02+j4.68452888036604842004e-02
  +2.34193011802932837817e-02+j4.29796390103902858915e-02
  +2.07221177017401503306e-02+j3.91533607743251577116e-02
  +1.79640623835123913743e-02+j3.53669926379718280174e-02
  +1.51455532842080797806e-02+j3.16210636659139676663e-02
  +1.22669768244804688884e-02+j2.79160966763314366546e-02
  +9.32868709797557427166e-03+j2.42526115713603829249e-02
  +6.33100541894360269168e-03+j2.06311287519120312162e-02
  +3.27422011488126551981e-03+j1.70521726017582864188e-02
  +1.58586571616103899629e-04+j1.35162750250106822314e-02
  -3.01567246268019673039e-03+j1.00239790204020851050e-02
  -6.24836630911812518363e-03+j6.57584227516966324245e-03
  -9.53933552099206494290e-03+j3.17244076078632142313e-03
  -1.28884507746913623549e-02-j1.85627687764366999801e-04
  -1.62956114865833723293e-02-j3.49773982787771053893e-03
  -1.97607441549894069510e-02-j6.76324351948731639084e-03
  -2.32838004276900156775e-02-j9.98145430890429175008e-03
  -2.68647548966772231616e-02-j1.31516521059606428246e-02
  -3.05036026232025081484e-02-j1.62730779742398801169e-02
  -3.42003563975595836766e-02-j1.93449310542396779589e-02
  -3.79550437394424178272e-02-j2.23663656392587562038e-02
  -4.17677036461102102471e-02-j2.53364884237194387673e-02
  -4.56383830970769621693e-02-j2.82543559433929281077e-02
  -4.95671333254595614104e-02-j3.11189722266576596077e-02
  -5.35540058675866015303e-02-j3.39292866755573352400e-02
  -5.75990484039416439366e-02-j3.66841921948158899980e-02
  -6.17023004059269186694e-02-j3.93825235863946576664e-02
  -6.58637886044094178484e-02-j4.20230562263649853882e-02
  -7.00835222973673066527e-02-j4.46045050400436515758e-02
  -7.43614885153653926153e-02-j4.71255237903087098594e-02
  -7.86976470648899639748e-02-j4.95847046929441259699e-02
  -8.30919254708526455744e-02-j5.19805783716077995926e-02
  -8.75442138407798164934e-02-j5.43116141636953986271e-02
  -9.20543596743301772989e-02-j5.65762207869086042322e-02
  -9.66221626428306890055e-02-j5.87727473747582385144e-02
  -1.01247369364468070563e-01-j6.08994848875804017929e-02
  -1.05929668201595023058e-01-j6.29546679038248679916e-02
  -1.10668684107337017553e-01-j6.49364767945304066643e-02
  -1.15463973549264159457e-01-j6.68430402819150670801e-02
  -1.20315019538316858583e-01-j6.86724383809461658146e-02
  -1.25221226791468187578e-01-j7.04227057206786022370e-02
  -1.30181917056721274673e-01-j7.20918352399045336831e-02
  -1.35196324628980263372e-01-j7.36777822495072731712e-02
  -1.40263592085101862494e-01-j7.51784688515639842876e-02
  -1.45382766265998331079e-01-j7.65917887030673205651e-02
  -1.50552794533069078664e-01-j7.79156121097653864283e-02
  -1.55772521325385826518e-01-j7.91477914334358656490e-02
  -1.61040685043073783511e-01-j8.02861667936408118784e-02
  -1.66355915281093197367e-01-j8.13285720428593705833e-02
  -1.71716730436219988665e-01-j8.22728409918065395345e-02
  -1.77121535708406996346e-01-j8.31168138597324634986e-02
  -1.82568621515909523811e-01-j8.38583439226316396109e-02
  -1.88056162341574434338e-01-j8.44953043305148310260e-02
  -1.93582216025538655924e-01-j8.50255950633217461032e-02
  -1.99144723517260896495e-01-j8.54471499936166334344e-02
  -2.04741509097359719593e-01-j8.57579440229585543420e-02
  -2.10370281077133625125e-01-j8.59560002578363957504e-02
  -2.16028632980940826780e-01-j8.60393971902009835340e-02
  -2.21714045213827704028e-01-j8.60062758470978572234e-02
  -2.27423887213946879227e-01-j8.58548468735204628466e-02
  -2.33155420086361808707e-01-j8.55833975125448453980e-02
  -2.38905799711984612177e-01-j8.51902984469833923775e-02
  -2.44672080322394180918e-01-j8.46740104672090709848e-02
  -2.50451218528449648382e-01-j8.40330909305196938064e-02
  -2.56240077787759479300e-01-j8.32661999783591011415e-02
  -2.62035433293326569526e-01-j8.23721064789376677950e-02
  -2.67833977263037426031e-01-j8.13496936642300050302e-02
  -2.73632324607173627040e-01-j8.01979644320708340288e-02
  -2.79427018948755379046e-01-j7.89160462859482825237e-02
  -2.85214538969372821686e-01-j7.75031958872519632919e-02
  -2.90991305051173487772e-01-j7.59588031970536148307e-02
  -2.96753686183921672193e-01-j7.42823951869753251742e-02
  -3.02498007104547661505e-01-j7.24736391013508507442e-02
  -3.08220555635276782791e-01-j7.05323452556413932335e-02
  -3.13917590185482153764e-01-j6.84584693589290749216e-02
  -3.19585347381593887217e-01-j6.62521143512342369775e-02
  -3.25220049788949638891e-01-j6.39135317493838561731e-02
  -3.30817913689250953091e-01-j6.14431224981368817595e-02
  -3.36375156877368852726e-01-j5.88414373262817758103e-02
  -3.41888006441541936198e-01-j5.61091766103100630936e-02
  -3.47352706491641016751e-01-j5.32471897512099001659e-02
  -3.52765525800990076277e-01-j5.02564740726736958187e-02
  -3.58122765328309444754e-01-j4.71381732517021645457e-02
  -3.63420765587683769482e-01-j4.38935752951307156522e-02
  -3.68655913835932325107e-01-j4.05241100780167617934e-02
  -3.73824651048476730431e-01-j3.70313464620074528355e-02
  -3.78923478656680301491e-01-j3.34169890138735214968e-02
  -3.83948965021627119931e-01-j2.96828743462123068042e-02
  -3.88897751621456788662e-01-j2.58309671039534394232e-02
  -3.93766558931643695374e-01-j2.18633556216990543319e-02
  -3.98552191979872461047e-01-j1.77822472781235529915e-02
  -4.03251545559607293967e-01-j1.35899635746010161164e-02
  -4.07861609088804144552e-01-j9.28893496597510415214e-03
  -4.12379471102688355266e-01-j4.88169547187355945539e-03
  -4.16802323371882388336e-01-j3.70877097282729106809e-04
  -4.21127464639597048901e-01+j4.24079590885551027668e-03
  -4.25352303973884293686e-01+j8.95051292836351874982e-03
  -4.29474363733241881746e-01+j1.37553829535471683343e-02
  -4.33491282146033329870e-01+j1.86524406440825019082e-02
  -4.37400815506244156072e-01+j2.36386524339387005256e-02
  -4.41200839990095516896e-01+j2.87109226619911561684e-02
  -4.44889353099854611973e-01+j3.38660997009991304729e-02
  -4.48464474742913954408e-01+j3.91009820606721403280e-02
  -4.51924447955779462482e-01+j4.44123244417743423540e-02
  -4.55267639284042846537e-01+j4.97968437195118740490e-02
  -4.58492538830701790165e-01+j5.52512248358059121500e-02
  -4.61597759986333511240e-01+j6.07721265815072131389e-02
  -4.64582038855593681959e-01+j6.63561872510743944176e-02
  -4.67444233395391872676e-01+j7.20000301537633002891e-02
  -4.70183322280749049771e-01+j7.77002689668839785497e-02
</dep>
<dep S[2,1] frequency>
  +5.43684471502752092453e-02-j5.05042558976568134455e-01
  +5.23492938236744254077e-02-j5.07310073997484400898e-01
  +5.02773295874658701643e-02-j5.09593039253617985374e-01
  +4.81513856980773924388e-02-j5.11890662116696426587e-01
  +4.59702922911721933996e-02-j5.14202106194845631748e-01
  +4.37328797042034200793e-02-j5.16526490399748627880e-01
  +4.14379798636144852653e-02-j5.18862888040982128679e-01
  +3.90844277371446419123e-02-j5.21210325951008468515e-01
  +3.66710628515248548975e-02-j5.23567783644423134781e-01
  +3.41967308756979671003e-02-j5.25934192515166376580e-01
  +3.16602852694781861098e-02-j5.28308435075533711078e-01
  +2.90605889973920179792e-02-j5.30689344240871108127e-01
  +2.63965163072259860477e-02-j5.33075702663990846908e-01
  +2.36669545725834359895e-02-j5.35466242123377678119e-01
  +2.08708061985267978589e-02-j5.37859642969333751061e-01
  +1.80069905891280523935e-02-j5.40254533632274380750e-01
  +1.50744461755236893591e-02-j5.42649490197440687034e-01
  +1.20721325027716326617e-02-j5.45043036050269047443e-01
  +8.99903237357273060038e-03-j5.47433641596762221582e-01
  +5.85415404662908978040e-03-j5.49819724063106196610e-01
  +2.63653348711565156670e-03-j5.52199647378829983069e-01
  -6.54763333539066204325e-04-j5.54571722147724655017e-01
  -4.02063809164420263298e-03-j5.56934205710705620973e-01
  -7.46195772243430158199e-03-j5.59285302304697196085e-01
  -1.09795519921309318173e-02-j5.61623163321554930150e-01
  -1.45742110348904031769e-02-j5.63945887670877721298e-01
  -1.82466828589308467656e-02-j5.66251522250462713259e-01
  -2.19976708264382342373e-02-j5.68538062527949805691e-01
  -2.58278311121477692491e-02-j5.70803453237055613556e-01
  -2.97377701457715616640e-02-j5.73045589191540916119e-01
  -3.37280420437351194374e-02-j5.75262316219855462940e-01
  -3.77991460359457867590e-02-j5.77451432223131444488e-01
  -4.19515238935842249557e-02-j5.79610688358917158780e-01
  -4.61855573641330799384e-02-j5.81737790352732653254e-01
  -5.05015656201104959355e-02-j5.83830399939220257011e-01
  -5.48998027281631245655e-02-j5.85886136434290993869e-01
  -5.93804551453708112652e-02-j5.87902578439332468285e-01
  -6.39436392497843009153e-02-j5.89877265678119933057e-01
  -6.85893989123514125072e-02-j5.91807700966710092949e-01
  -7.33177031175235860427e-02-j5.93691352316142451073e-01
  -7.81284436398883008756e-02-j5.95525655167352008235e-01
  -8.30214327842796473433e-02-j5.97308014757269356565e-01
  -8.79964011968081410986e-02-j5.99035808614599152300e-01
  -9.30529957542778063395e-02-j6.00706389183308320234e-01
  -9.81907775394079140874e-02-j6.02317086571426352215e-01
  -1.03409219909210259303e-01-j6.03865211422218939319e-01
  -1.08707706663783709722e-01-j6.05348057904395053797e-01
  -1.14085530322635811395e-01-j6.06762906817492564393e-01
  -1.19541890515465293321e-01-j6.08107028808139604692e-01
  -1.25075892494156376555e-01-j6.09377687692446379231e-01
  -1.30686545772469547844e-01-j6.10572143879320683446e-01
  -1.36372762899648697354e-01-j6.11687657889083968854e-01
  -1.42133358373856877321e-01-j6.12721493961371321824e-01
  -1.47967047701017151429e-01-j6.13670923745875951383e-01
  -1.53872446604257528957e-01-j6.14533230069158165065e-01
  -1.59848070388774715633e-01-j6.15305710770425950962e-01
  -1.65892333466488656191e-01-j6.15985682598804595855e-01
  -1.72003549044451559125e-01-j6.16570485164457227079e-01
  -1.78179928980459062471e-01-j6.17057484935548017368e-01
  -1.84419583808877907138e-01-j6.17444079272927326407e-01
  -1.90720522939168357635e-01-j6.17727700494205556048e-01
  -1.97080655029097495667e-01-j6.17905819958749824572e-01
  -2.03497788534104412372e-01-j6.17975952165070174793e-01
  -2.09969632433766456581e-01-j6.17935658851968661054e-01
  -2.16493797135802079623e-01-j6.17782553094873509991e-01
  -2.23067795557519099603e-01-j6.17514303388743135415e-01
  -2.29689044384101648255e-01-j6.17128637709046801163e-01
  -2.36354865502661631860e-01-j6.16623347542403665855e-01
  -2.43062487610458788367e-01-j6.15996291878637136641e-01
  -2.49809047995255245622e-01-j6.15245401156162663447e-01
  -2.56591594485323648556e-01-j6.14368681152835494075e-01
  -2.63407087566203179652e-01-j6.13364216814692775337e-01
  -2.70252402660917656618e-01-j6.12230176015208016338e-01
  -2.77124332570011233656e-01-j6.10964813238084492042e-01
  -2.84019590067427829538e-01-j6.09566473176852197113e-01
  -2.90934810647979935627e-01-j6.08033594244947850349e-01
  -2.97866555421893886013e-01-j6.06364711990272531317e-01
  -3.04811314151722689836e-01-j6.04558462408633867646e-01
  -3.11765508426713022772e-01-j6.02613585150826414072e-01
  -3.18725494969625322561e-01-j6.00528926618500324963e-01
  -3.25687569070866822507e-01-j5.98303442944380092783e-01
  -3.32647968144787475886e-01-j5.95936202852704099975e-01
  -3.39602875402930493021e-01-j5.93426390396195158061e-01
  -3.46548423639102709526e-01-j5.90773307566165861715e-01
  -3.53480699121132779794e-01-j5.87976376772726738729e-01
  -3.60395745584319249222e-01-j5.85035143192361939413e-01
  -3.67289568321666093365e-01-j5.81949276980408214399e-01
  -3.74158138366167736244e-01-j5.78718575346256702829e-01
  -3.80997396760539175364e-01-j5.75342964489273467343e-01
  -3.87803258910032533358e-01-j5.71822501393640103551e-01
  -3.94571619014115082535e-01-j5.68157375480468185280e-01
  -4.01298354573063953410e-01-j5.64347910115611250959e-01
  -4.07979330965670294873e-01-j5.60394563971689074755e-01
  -4.14610406094546468658e-01-j5.56297932242846404627e-01
  -4.21187435095664475249e-01-j5.52058747710742370174e-01
  -4.27706275108977573840e-01-j5.47677881660182719337e-01
  -4.34162790107192719802e-01-j5.43156344642762189956e-01
  -4.40552855779820173865e-01-j5.38495287086623308781e-01
  -4.46872364469884153504e-01-j5.33695999750379956872e-01
  -4.53117230160645256820e-01-j5.28759914018924193080e-01
  -4.59283393509833381962e-01-j5.23688602038645756309e-01
  -4.65366826928859000923e-01-j5.18483776689289466155e-01
  -4.71363539704425904553e-01-j5.13147291389365878267e-01
  -4.77269583159913635129e-01-j5.07681139731730457498e-01
  -4.83081055853729401939e-01-j5.02087454945580935473e-01
  -4.88794108811608063458e-01-j4.96368509180810213444e-01
  -4.94404950789638475417e-01-j4.90526712610310611229e-01
  -4.99909853564378892088e-01-j4.84564612345463774368e-01
  -5.05305157246099478918e-01-j4.78484891159783765069e-01
  -5.10587275610716928576e-01-j4.72290366015362284013e-01
  -5.15752701445433947569e-01-j4.65983986386487525344e-01
  -5.20798011902559365716e-01-j4.59568832374653735151e-01
  -5.25719873855315822375e-01-j4.53048112608915642952e-01
  -5.30515049248734049669e-01-j4.46425161925525282314e-01
  -5.35180400438019732157e-01-j4.39703438820664094244e-01
  -5.39712895505917722438e-01-j4.32886522670139328728e-01
  -5.44109613549829118639e-01-j4.25978110710028112784e-01
  -5.48367749928490910705e-01-j4.18982014772402155955e-01
  -5.52484621457202229600e-01-j4.11902157770611676568e-01
  -5.56457671539567932939e-01-j4.04742569928913220600e-01
  -5.60284475222931899197e-01-j3.97507384751802195222e-01
  -5.63962744163619911220e-01-j3.90200834728931911233e-01
  -5.67490331487311649994e-01-j3.82827246772251883478e-01
  -5.70865236528920849679e-01-j3.75391037382821812773e-01
  -5.74085609435564081515e-01-j3.67896707545670387240e-01
  -5.77149755615383286411e-01-j3.60348837352138906542e-01
  -5.80056140014294618901e-01-j3.52752080350311802981e-01
  -5.82803391202083020950e-01-j3.45111157625400344351e-01
  -5.85390305248731035448e-01-j3.37430851613318094628e-01
  -5.87815849371412624258e-01-j3.29715999652173574752e-01
  -5.90079165332286437184e-01-j3.21971487277943058114e-01
  -5.92179572567019918417e-01-j3.14202241272246329817e-01
  -5.94116571023942108276e-01-j3.06413222471824953086e-01
  -5.95889843693809262426e-01-j2.98609418351118038881e-01
  -5.97499258810489153326e-01-j2.90795835391093326905e-01
  -5.98944871703236403349e-01-j2.82977491249334189849e-01
  -6.00226926281935635465e-01-j2.75159406748217705285e-01
  -6.01345856137412759779e-01-j2.67346597699810728521e-01
  -6.02302285239954215967e-01-j2.59544066587941990587e-01
  -6.03097028220317743497e-01-j2.51756794129610050881e-01
  -6.03731090218875054987e-01-j2.43989730739581522911e-01
  -6.04205666290073106772e-01-j2.36247787923621083150e-01
  -6.04522140351082537535e-01-j2.28535829627247499829e-01
  -6.04682083665416314489e-01-j2.20858663568281043954e-01
  -6.04687252854280932191e-01-j2.13221032582630226626e-01
  -6.04539587430642511023e-01-j2.05627606013807362473e-01
  -6.04241206853256884735e-01-j1.98082971177510114291e-01
  -6.03794407100332164440e-01-j1.90591624933259012886e-01
  -6.03201656765011806627e-01-j1.83157965395526672880e-01
  -6.02465592677395744836e-01-j1.75786283816993071927e-01
  -6.01589015060497112053e-01-j1.68480756676594456422e-01
  -6.00574882230120898896e-01-j1.61245438004695540446e-01
  -5.99426304851337299340e-01-j1.54084251977308822612e-01
  -5.98146539766832963103e-01-j1.47000985810469247950e-01
  -5.96738983414982215869e-01-j1.39999282984912098993e-01
  -5.95207164858012838238e-01-j1.33082636829955552882e-01
  -5.93554738442980567292e-01-j1.26254384494035892805e-01
  -5.91785476120621600771e-01-j1.19517701327635603170e-01
  -5.89903259449183869911e-01-j1.12875595702455450153e-01
  -5.87912071312367001674e-01-j1.06330904288548744319e-01
  -5.85815987382228953173e-01-j9.98862878088936367860e-02
  -5.83619167359478496770e-01-j9.35442272884089015550e-02
  -5.81325846024916548238e-01-j8.73070208118120333340e-02
  -5.78940324136863249116e-01-j8.11767808020949915848e-02
  -5.76466959210292007043e-01-j7.51554318285052591619e-02
  -5.73910156213919164792e-01-j6.92447089501320167670e-02
  -5.71274358221912414990e-01-j6.34461565982828157306e-02
  -5.68564037056850213325e-01-j5.77611279979106106985e-02
  -5.65783683960463856799e-01-j5.21907851254802476748e-02
  -5.62937800328151327633e-01-j4.67360991977875464554e-02
  -5.60030888542614291303e-01-j4.13978516834799525892e-02
  -5.57067442940974100196e-01-j3.61766358262973208859e-02
  -5.54051940948565579959e-01-j3.10728586664995864997e-02
  -5.50988834411201722219e-01-j2.60867435444742078177e-02
  -5.47882541156117564007e-01-j2.12183330682198800776e-02
  -5.44737436809998754050e-01-j1.64674925243012242049e-02
  -5.41557846900600603490e-01-j1.18339137098925923502e-02
  -5.38348039266340228082e-01-j7.31711916182847463275e-03
  -5.35112216796080564229e-01-j2.91646675701781382326e-03
  -5.31854510519012113612e-01+j1.36884534272193724574e-03
  -5.28578973062172274844e-01+j5.53977342943847740619e-03
  -5.25289572490725165110e-01+j9.59742270035145172979e-03
  -5.21990186543696221833e-01+j1.35430414512138722755e-02
  -5.18684597275351877421e-01+j1.73780150417247591932e-02
  -5.15376486110050713307e-01+j2.11038596631516195412e-02
  -5.12069429315933910551e-01+j2.47222159383381386022e-02
  -5.08766893900490790870e-01+j2.82348423840607480606e-02
  -5.05472233928778380552e-01+j3.16436087652967740214e-02
  -5.02188687262864585925e-01+j3.49504893703848421027e-02
  -4.98919372718981790626e-01+j3.81575562353270794635e-02
  -4.95667287636922249128e-01+j4.12669723445659580863e-02
  -4.92435305854331373254e-01+j4.42809848345463857866e-02
  -4.89226176076870244991e-01+j4.72019182252119001708e-02
  -4.86042520633630070748e-01+j5.00321677033211537067e-02
  -4.82886834605741999127e-01+j5.27741924801062717298e-02
  -4.79761485314884272846e-01+j5.54305092443834676597e-02
  -4.76668712157213736447e-01+j5.80036857307201225709e-02
  -4.73610626767309195184e-01+j6.04963344207317468837e-02
  -4.70589213495863356584e-01+j6.29111063940318709919e-02
  -4.67606330184194285415e-01+j6.52506853437656297867e-02
</dep>
<dep S[1,3] frequency>
  -6.22711385093298375182e-01-j2.13670502449674615253e-01
  -6.25498032681000348809e-01-j2.08372184171997654190e-01
  -6.28242136177465715363e-01-j2.03014172449236030005e-01
  -6.30942341035035880736e-01-j1.97596615868501357394e-01
  -6.33597280859481970516e-01-j1.92119696728931560470e-01
  -6.36205578333131072100e-01-j1.86583631901516416862e-01
  -6.38765846190279873440e-01-j1.80988673666930777184e-01
  -6.41276688245075998651e-01-j1.75335110528333587565e-01
  -6.43736700471847056448e-01-j1.69623267995957588417e-01
  -6.46144472137736292083e-01-j1.63853509340298159058e-01
  -6.48498586987265923653e-01-j1.58026236310534112794e-01
  -6.50797624478269165493e-01-j1.52141889814823932925e-01
  -6.53040161068457969407e-01-j1.46200950559010139918e-01
  -6.55224771551634610489e-01-j1.40203939640236252551e-01
  -6.57350030442334642977e-01-j1.34151419091926488170e-01
  -6.59414513407479807583e-01-j1.28043992376566245772e-01
  -6.61416798743350797807e-01-j1.21882304822703929625e-01
  -6.63355468895919342387e-01-j1.15667044002594435192e-01
  -6.65229112022383328728e-01-j1.09398940046931431036e-01
  -6.67036323591398305766e-01-j1.03078765893156884537e-01
  -6.68775708019289649719e-01-j9.67073374638767191414e-02
  -6.70445880339209487886e-01-j9.02855137719966449605e-02
  -6.72045467899976434190e-01-j8.38141969493092220400e-02
  -6.73573112090976922062e-01-j7.72943321953360740206e-02
  -6.75027470089308856416e-01-j7.07269076434074717152e-02
  -6.76407216625003249177e-01-j6.41129541411078335278e-02
  -6.77711045759920249765e-01-j5.74535449424017907738e-02
  -6.78937672675632430952e-01-j5.07497953089750403199e-02
  -6.80085835465340515782e-01-j4.40028620185363497641e-02
  -6.81154296924615598741e-01-j3.72139427781065582068e-02
  -6.82141846335513335475e-01-j3.03842755405985300021e-02
  -6.83047301238385085043e-01-j2.35151377232866651279e-02
  -6.83869509185476287527e-01-j1.66078453270981710177e-02
  -6.84607349470219395116e-01-j9.66375195603418751800e-03
  -6.85259734825942157244e-01-j2.68424773636260702303e-03
  -6.85825613087554630809e-01+j4.32924186434164443016e-03
  -6.86303968809655939864e-01+j1.13752573178250854236e-02
  -6.86693824834370691867e-01+j1.84523064145445669926e-02
  -6.86994243802192317006e-01+j2.55588657404367050607e-02
  -6.87204329598995800055e-01+j3.26933822492290054873e-02
  -6.87323228732435786981e-01+j3.98542749279558183861e-02
  -6.87350131630929839233e-01+j4.70399365528682555926e-02
  -6.87284273858481453701e-01+j5.42487355323941072838e-02
  -6.87124937238693167529e-01+j6.14790178333103481956e-02
  -6.86871450881473721850e-01+j6.87291089857800796548e-02
  -6.86523192106076596275e-01+j7.59973161623554022137e-02
  -6.86079587254351364045e-01+j8.32819303255796228314e-02
  -6.85540112388329681004e-01+j9.05812284382836729879e-02
  -6.84904293866559266135e-01+j9.78934757301561930820e-02
  -6.84171708793954946870e-01+j1.05216928013729477120e-01
  -6.83341985340290669626e-01+j1.12549834042405025314e-01
  -6.82414802922894470072e-01+j1.19890437902695018435e-01
  -6.81389892249572026728e-01+j1.27236981432456014440e-01
  -6.80267035218262039464e-01+j1.34587706656448813369e-01
  -6.79046064670484783576e-01+j1.41940858230211353064e-01
  -6.77726863996227502085e-01+j1.49294685882878308547e-01
  -6.76309366588470295412e-01+j1.56647446849276644754e-01
  -6.74793555146270263023e-01+j1.63997408281374434935e-01
  -6.73179460825914954825e-01+j1.71342849628923044047e-01
  -6.71467162240393711237e-01+j1.78682064978965937652e-01
  -6.69656784308148900209e-01+j1.86013365343763503734e-01
  -6.67748496952773606949e-01+j1.93335080886595678251e-01
  -6.65742513656126133625e-01+j2.00645563074892729905e-01
  -6.63639089868021780916e-01+j2.07943186750160713405e-01
  -6.61438521276508595292e-01+j2.15226352104270712839e-01
  -6.59141141943437980366e-01+j2.22493486551813252072e-01
  -6.56747322310857417627e-01+j2.29743046488411262196e-01
  -6.54257467084491173281e-01+j2.36973518925170101301e-01
  -6.51672013001339811566e-01+j2.44183422989736220732e-01
  -6.48991426489174738634e-01+j2.51371311284809162423e-01
  -6.46216201226384789891e-01+j2.58535771095401711861e-01
  -6.43346855611407697495e-01+j2.65675425436617151931e-01
  -6.40383930151553038002e-01+j2.72788933934244859358e-01
  -6.37327984781731249342e-01+j2.79874993531091853516e-01
  -6.34179596124157973769e-01+j2.86932339012586412608e-01
  -6.30939354700713384005e-01+j2.93959743345904800371e-01
  -6.27607862110078906781e-01+j3.00956017827586019830e-01
  -6.24185728182321764024e-01+j3.07920012035409640383e-01
  -6.20673568123965568866e-01+j3.14850613581088789594e-01
  -6.17071999666953363572e-01+j3.21746747661231347060e-01
  -6.13381640235271197170e-01+j3.28607376404870255016e-01
  -6.09603104143160989814e-01+j3.35431498016803386619e-01
  -6.05736999839141310176e-01+j3.42218145716905619569e-01
  -6.01783927210113644968e-01+j3.48966386476555534557e-01
  -5.97744474959924332325e-01+j3.55675319554271784916e-01
  -5.93619218076760990499e-01+j3.62344074833659379742e-01
  -5.89408715403675120825e-01+j3.68971810967761881805e-01
  -5.85113507326408210929e-01+j3.75557713334904841318e-01
  -5.80734113592507483759e-01+j3.82100991812123480518e-01
  -5.76271031275404022054e-01+j3.88600878373269731370e-01
  -5.71724732896876530752e-01+j3.95056624519855015265e-01
  -5.67095664720828285255e-01+j4.01467498553707446973e-01
  -5.62384245230915680303e-01+j4.07832782701406493242e-01
  -5.57590863803991476644e-01+j4.14151770101477689767e-01
  -5.52715879590734981974e-01+j4.20423761666171846851e-01
  -5.47759620614185815946e-01+j4.26648062830569108073e-01
  -5.42722383096177818373e-01+j4.32823980202610258949e-01
  -5.37604431020847650657e-01+j4.38950818128409858687e-01
  -5.32405995943594501085e-01+j4.45027875188068966494e-01
  -5.27127277052917841971e-01+j4.51054440637840392547e-01
  -5.21768441491607171123e-01+j4.57029790815242420443e-01
  -5.16329624942759912720e-01+j4.62953185524324184463e-01
  -5.10810932484971225165e-01+j4.68823864418824509670e-01
  -5.05212439720003514410e-01+j4.74641043401541118385e-01
  -4.99534194174954371270e-01+j4.80403911058602695050e-01
  -4.93776216979845028465e-01+j4.86111625147758408261e-01
  -4.87938504820180307675e-01+j4.91763309160090700267e-01
  -4.82021032162792628650e-01+j4.97358048974772704032e-01
  -4.76023753751924572075e-01+j5.02894889626654517656e-01
  -4.69946607371133251441e-01+j5.08372832206520630649e-01
  -4.63789516865179773930e-01+j5.13790830913816831682e-01
  -4.57552395414700274756e-01+j5.19147790281542897972e-01
  -4.51235149054938555757e-01+j5.24442562592795535892e-01
  -4.44837680428437021174e-01+j5.29673945508075560973e-01
  -4.38359892760096625519e-01+j5.34840679922140349589e-01
  -4.31801694041533901114e-01+j5.39941448068544826988e-01
  -4.25163001410287511028e-01+j5.44974871889467804564e-01
  -4.18443745707913150600e-01+j5.49939511687590143474e-01
  -4.11643876199673020011e-01+j5.54833865075981202963e-01
  -4.04763365437102173860e-01+j5.59656366240891767205e-01
  -3.97802214243451746079e-01+j5.64405385531336678540e-01
  -3.90760456800707922653e-01+j5.69079229388025797931e-01
  -3.83638165815687104399e-01+j5.73676140622946695302e-01
  -3.76435457741597201409e-01+j5.78194299059386795925e-01
  -3.69152498030378306559e-01+j5.82631822540647936748e-01
  -3.61789506390225223953e-01+j5.86986768314018192427e-01
  -3.54346762021828687317e-01+j5.91257134794763716812e-01
  -3.46824608806198086963e-01+j5.95440863713070922536e-01
  -3.39223460416303468357e-01+j5.99535842644854266581e-01
  -3.31543805324379992072e-01+j6.03539907925308316550e-01
  -3.23786211676430402129e-01+j6.07450847941991778356e-01
  -3.15951332005355189914e-01+j6.11266406801987072228e-01
  -3.08039907754195985135e-01+j6.14984288365546638566e-01
  -3.00052773581204079711e-01+j6.18602160636256170889e-01
  -2.91990861418895630841e-01+j6.22117660495605573345e-01
  -2.83855204259838012071e-01+j6.25528398767463911234e-01
  -2.75646939642775867796e-01+j6.28831965595785136180e-01
  -2.67367312813669211202e-01+j6.32025936116596964709e-01
  -2.59017679537480671748e-01+j6.35107876403167681545e-01
  -2.50599508537935722341e-01+j6.38075349661188617745e-01
  -2.42114383544101752221e-01+j6.40925922648748702670e-01
  -2.33564004924434853727e-01+j6.43657172294056945105e-01
  -2.24950190890931989163e-01+j6.46266692482072135917e-01
  -2.16274878258158331779e-01+j6.48752100979619439336e-01
  -2.07540122744278854316e-01+j6.51111046467156673323e-01
  -1.98748098803631478848e-01+j6.53341215644084871705e-01
  -1.89901098983025012901e-01+j6.55440340373516616701e-01
  -1.81001532796593894714e-01+j6.57406204831531448818e-01
  -1.72051925116877557631e-01+j6.59236652625448171783e-01
  -1.63054914082599811120e-01+j6.60929593845245522132e-01
  -1.54013248526610913025e-01+j6.62483012012201166741e-01
  -1.44929784930261318365e-01+j6.63894970889013169568e-01
  -1.35807483913508414419e-01+j6.65163621116057646177e-01
  -1.26649406272890230341e-01+j6.66287206639190832114e-01
  -1.17458708582328652525e-01+j6.67264070895410732476e-01
  -1.08238638374494919314e-01+j6.68092662723954511250e-01
  -9.89925289231052829564e-02+j6.68771541971819427630e-01
  -8.97237936490195425732e-02+j6.69299384764471927411e-01
  -8.04359201753679087243e-02+j6.69674988414333594022e-01
  -7.11324640591010914914e-02+j6.69897275941863323823e-01
  -6.18170422283392598239e-02+j6.69965300186311840669e-01
  -5.24933261566538425513e-02+j6.69878247485743871792e-01
  -4.31650348069043607313e-02+j6.69635440908565859885e-01
  -3.38359273785993480699e-02+j6.69236343021532342767e-01
  -2.45097958936856159806e-02+j6.68680558182119799682e-01
  -1.51904576564700667662e-02+j6.67967834346002931056e-01
  -5.88174762386476160381e-03+j6.67098064383446320846e-01
  +3.41248927767981435899e-03+j6.66071286901306125472e-01
  +1.26884058522200686425e-02+j6.64887686570439284672e-01
  +2.19421603153584152124e-02+j6.63547593961127946116e-01
  +3.11699239208651016075e-02+j6.62051484892136388183e-01
  +4.03678884983395269703e-02+j6.60399979301720563285e-01
  +4.95322738684037255918e-02+j6.58593839651623325082e-01
  +5.86593351032804188883e-02+j6.56633968877643026119e-01
  +6.77453696020696993774e-02+j6.54521407902749485785e-01
  +7.67867239517562583107e-02+j6.52257332730926342457e-01
  +8.57798005468650009986e-02+j6.49843051141995031728e-01
  +9.47210639426626227477e-02+j6.47279999009467199578e-01
  +1.03607046918967632410e-01+j6.44569736265120263319e-01
  +1.12434356233883966936e-01+j6.41713942535419912261e-01
  +1.21199678049041706385e-01+j6.38714412476043102984e-01
  +1.29899783010391456362e-01+j6.35573050831774843950e-01
  +1.38531530970913863143e-01+j6.32291867249754391267e-01
  +1.47091875344111583379e-01+j6.28872970874549408471e-01
  +1.55577867079499276848e-01+j6.25318564753857941696e-01
  +1.63986658253719413958e-01+j6.21630940083694349951e-01
  +1.72315505273238855910e-01+j6.17812470321794204864e-01
  +1.80561771686814337423e-01+j6.13865605197656205583e-01
  +1.88722930608139216613e-01+j6.09792864647158205926e-01
  +1.96796566751116647209e-01+j6.05596832698967135755e-01
  +2.04780378082194930434e-01+j6.01280151339195767513e-01
  +2.12672177096046050027e-01+j5.96845514379761077350e-01
  +2.20469891722574806714e-01+j5.92295661354807823074e-01
  +2.28171565874831339116e-01+j5.87633371468389009706e-01
  +2.35775359648819293756e-01+j5.82861457615278411026e-01
  +2.43279549187498944640e-01+j5.77982760495434177983e-01
  +2.50682526222405499539e-01+j5.73000142841216364431e-01
  +2.57982797307287237132e-01+j5.67916483774945413110e-01
  +2.65178982759038450734e-01+j5.62734673312934585709e-01
  +2.72269815321852626244e-01+j5.57457607030571899998e-01
</dep>
<dep S[1,2] frequency>
  +5.43684471502752092453e-02-j5.05042558976568134455e-01
  +5.23492938236744115299e-02-j5.07310073997484289876e-01
  +5.02773295874658701643e-02-j5.09593039253617985374e-01
  +4.81513856980773924388e-02-j5.11890662116696426587e-01
  +4.59702922911721517663e-02-j5.14202106194845631748e-01
  +4.37328797042035172238e-02-j5.16526490399748627880e-01
  +4.14379798636145407764e-02-j5.18862888040982128679e-01
  +3.90844277371446419123e-02-j5.21210325951008468515e-01
  +3.66710628515248548975e-02-j5.23567783644423134781e-01
  +3.41967308756979671003e-02-j5.25934192515166043513e-01
  +3.16602852694782138654e-02-j5.28308435075533822101e-01
  +2.90605889973920492042e-02-j5.30689344240871108127e-01
  +2.63965163072260033950e-02-j5.33075702663990957930e-01
  +2.36669545725834359895e-02-j5.35466242123377678119e-01
  +2.08708061985267978589e-02-j5.37859642969333751061e-01
  +1.80069905891280176990e-02-j5.40254533632274380750e-01
  +1.50744461755236581341e-02-j5.42649490197440687034e-01
  +1.20721325027716326617e-02-j5.45043036050269047443e-01
  +8.99903237357272366148e-03-j5.47433641596762221582e-01
  +5.85415404662910365818e-03-j5.49819724063106085588e-01
  +2.63653348711565156670e-03-j5.52199647378829983069e-01
  -6.54763333539098296709e-04-j5.54571722147724655017e-01
  -4.02063809164420957187e-03-j5.56934205710705620973e-01
  -7.46195772243420530484e-03-j5.59285302304697418130e-01
  -1.09795519921309318173e-02-j5.61623163321554930150e-01
  -1.45742110348904031769e-02-j5.63945887670877721298e-01
  -1.82466828589308779907e-02-j5.66251522250462713259e-01
  -2.19976708264382342373e-02-j5.68538062527949805691e-01
  -2.58278311121477380241e-02-j5.70803453237055502534e-01
  -2.97377701457715616640e-02-j5.73045589191540916119e-01
  -3.37280420437351541318e-02-j5.75262316219855573962e-01
  -3.77991460359458214535e-02-j5.77451432223131333465e-01
  -4.19515238935841625056e-02-j5.79610688358917269802e-01
  -4.61855573641331423884e-02-j5.81737790352732542232e-01
  -5.05015656201105167522e-02-j5.83830399939220145988e-01
  -5.48998027281631106877e-02-j5.85886136434290993869e-01
  -5.93804551453708112652e-02-j5.87902578439332579308e-01
  -6.39436392497843286709e-02-j5.89877265678119933057e-01
  -6.85893989123514402628e-02-j5.91807700966709981927e-01
  -7.33177031175235166538e-02-j5.93691352316142451073e-01
  -7.81284436398883008756e-02-j5.95525655167352008235e-01
  -8.30214327842796473433e-02-j5.97308014757269356565e-01
  -8.79964011968082104875e-02-j5.99035808614599152300e-01
  -9.30529957542778063395e-02-j6.00706389183308320234e-01
  -9.81907775394079140874e-02-j6.02317086571426352215e-01
  -1.03409219909210273181e-01-j6.03865211422218606252e-01
  -1.08707706663783681966e-01-j6.05348057904394831752e-01
  -1.14085530322635783640e-01-j6.06762906817492564393e-01
  -1.19541890515465293321e-01-j6.08107028808139604692e-01
  -1.25075892494156293289e-01-j6.09377687692446379231e-01
  -1.30686545772469547844e-01-j6.10572143879320683446e-01
  -1.36372762899648697354e-01-j6.11687657889083968854e-01
  -1.42133358373856849566e-01-j6.12721493961371432846e-01
  -1.47967047701017068162e-01-j6.13670923745875951383e-01
  -1.53872446604257612224e-01-j6.14533230069157831998e-01
  -1.59848070388774715633e-01-j6.15305710770425950962e-01
  -1.65892333466488656191e-01-j6.15985682598804595855e-01
  -1.72003549044451475858e-01-j6.16570485164457227079e-01
  -1.78179928980459062471e-01-j6.17057484935548128391e-01
  -1.84419583808877879383e-01-j6.17444079272927437430e-01
  -1.90720522939168357635e-01-j6.17727700494205556048e-01
  -1.97080655029097495667e-01-j6.17905819958749824572e-01
  -2.03497788534104412372e-01-j6.17975952165070174793e-01
  -2.09969632433766484336e-01-j6.17935658851968550032e-01
  -2.16493797135802079623e-01-j6.17782553094873287947e-01
  -2.23067795557519210625e-01-j6.17514303388743024392e-01
  -2.29689044384101759277e-01-j6.17128637709046801163e-01
  -2.36354865502661631860e-01-j6.16623347542403665855e-01
  -2.43062487610458788367e-01-j6.15996291878637136641e-01
  -2.49809047995255245622e-01-j6.15245401156162663447e-01
  -2.56591594485323648556e-01-j6.14368681152835494075e-01
  -2.63407087566203179652e-01-j6.13364216814692775337e-01
  -2.70252402660917656618e-01-j6.12230176015208016338e-01
  -2.77124332570011233656e-01-j6.10964813238084492042e-01
  -2.84019590067427829538e-01-j6.09566473176852197113e-01
  -2.90934810647979935627e-01-j6.08033594244947850349e-01
  -2.97866555421893997035e-01-j6.06364711990272642339e-01
  -3.04811314151722689836e-01-j6.04558462408633867646e-01
  -3.11765508426712967260e-01-j6.02613585150826192027e-01
  -3.18725494969625322561e-01-j6.00528926618500547008e-01
  -3.25687569070866822507e-01-j5.98303442944380092783e-01
  -3.32647968144787475886e-01-j5.95936202852704099975e-01
  -3.39602875402930493021e-01-j5.93426390396195158061e-01
  -3.46548423639102709526e-01-j5.90773307566165861715e-01
  -3.53480699121132779794e-01-j5.87976376772726849751e-01
  -3.60395745584319249222e-01-j5.85035143192361939413e-01
  -3.67289568321666093365e-01-j5.81949276980408103377e-01
  -3.74158138366167736244e-01-j5.78718575346256702829e-01
  -3.80997396760539175364e-01-j5.75342964489273467343e-01
  -3.87803258910032644380e-01-j5.71822501393640103551e-01
  -3.94571619014115082535e-01-j5.68157375480468185280e-01
  -4.01298354573063953410e-01-j5.64347910115611250959e-01
  -4.07979330965670294873e-01-j5.60394563971689074755e-01
  -4.14610406094546468658e-01-j5.56297932242846404627e-01
  -4.21187435095664475249e-01-j5.52058747710742148129e-01
  -4.27706275108977573840e-01-j5.47677881660182719337e-01
  -4.34162790107192719802e-01-j5.43156344642762189956e-01
  -4.40552855779820173865e-01-j5.38495287086623308781e-01
  -4.46872364469884153504e-01-j5.33695999750380178916e-01
  -4.53117230160645201309e-01-j5.28759914018924193080e-01
  -4.59283393509833381962e-01-j5.23688602038645756309e-01
  -4.65366826928859000923e-01-j5.18483776689289466155e-01
  -4.71363539704425904553e-01-j5.13147291389365878267e-01
  -4.77269583159913635129e-01-j5.07681139731730457498e-01
  -4.83081055853729401939e-01-j5.02087454945581046495e-01
  -4.88794108811608063458e-01-j4.96368509180810213444e-01
  -4.94404950789638475417e-01-j4.90526712610310611229e-01
  -4.99909853564378892088e-01-j4.84564612345463774368e-01
  -5.05305157246099478918e-01-j4.78484891159783765069e-01
  -5.10587275610717039598e-01-j4.72290366015362395036e-01
  -5.15752701445433947569e-01-j4.65983986386487303299e-01
  -5.20798011902559365716e-01-j4.59568832374653735151e-01
  -5.25719873855316044420e-01-j4.53048112608915753974e-01
  -5.30515049248734049669e-01-j4.46425161925525282314e-01
  -5.35180400438019732157e-01-j4.39703438820664094244e-01
  -5.39712895505917722438e-01-j4.32886522670139328728e-01
  -5.44109613549829118639e-01-j4.25978110710028112784e-01
  -5.48367749928491021727e-01-j4.18982014772402155955e-01
  -5.52484621457202229600e-01-j4.11902157770611565546e-01
  -5.56457671539567932939e-01-j4.04742569928913165089e-01
  -5.60284475222931677152e-01-j3.97507384751802250733e-01
  -5.63962744163619911220e-01-j3.90200834728931911233e-01
  -5.67490331487311649994e-01-j3.82827246772251883478e-01
  -5.70865236528920738657e-01-j3.75391037382821868285e-01
  -5.74085609435564081515e-01-j3.67896707545670331729e-01
  -5.77149755615383064367e-01-j3.60348837352138740009e-01
  -5.80056140014294729923e-01-j3.52752080350311747470e-01
  -5.82803391202083131972e-01-j3.45111157625400455373e-01
  -5.85390305248731035448e-01-j3.37430851613318094628e-01
  -5.87815849371412624258e-01-j3.29715999652173574752e-01
  -5.90079165332286437184e-01-j3.21971487277943058114e-01
  -5.92179572567019918417e-01-j3.14202241272246329817e-01
  -5.94116571023942108276e-01-j3.06413222471824953086e-01
  -5.95889843693809373448e-01-j2.98609418351118205415e-01
  -5.97499258810489153326e-01-j2.90795835391093104860e-01
  -5.98944871703236403349e-01-j2.82977491249334189849e-01
  -6.00226926281935635465e-01-j2.75159406748217705285e-01
  -6.01345856137412759779e-01-j2.67346597699810728521e-01
  -6.02302285239954215967e-01-j2.59544066587941990587e-01
  -6.03097028220317743497e-01-j2.51756794129610050881e-01
  -6.03731090218875054987e-01-j2.43989730739581522911e-01
  -6.04205666290073106772e-01-j2.36247787923621083150e-01
  -6.04522140351082537535e-01-j2.28535829627247499829e-01
  -6.04682083665416314489e-01-j2.20858663568281043954e-01
  -6.04687252854280932191e-01-j2.13221032582630254382e-01
  -6.04539587430642733068e-01-j2.05627606013807306962e-01
  -6.04241206853256884735e-01-j1.98082971177510114291e-01
  -6.03794407100332275462e-01-j1.90591624933259151664e-01
  -6.03201656765011806627e-01-j1.83157965395526672880e-01
  -6.02465592677395744836e-01-j1.75786283816993210705e-01
  -6.01589015060497112053e-01-j1.68480756676594456422e-01
  -6.00574882230120898896e-01-j1.61245438004695540446e-01
  -5.99426304851337299340e-01-j1.54084251977308878123e-01
  -5.98146539766832963103e-01-j1.47000985810469247950e-01
  -5.96738983414982215869e-01-j1.39999282984912043482e-01
  -5.95207164858012838238e-01-j1.33082636829955552882e-01
  -5.93554738442980567292e-01-j1.26254384494035892805e-01
  -5.91785476120621711793e-01-j1.19517701327635575415e-01
  -5.89903259449183758889e-01-j1.12875595702455588931e-01
  -5.87912071312366890652e-01-j1.06330904288548661052e-01
  -5.85815987382228953173e-01-j9.98862878088935257637e-02
  -5.83619167359478496770e-01-j9.35442272884089154328e-02
  -5.81325846024916548238e-01-j8.73070208118120333340e-02
  -5.78940324136863249116e-01-j8.11767808020949915848e-02
  -5.76466959210292007043e-01-j7.51554318285052036508e-02
  -5.73910156213919164792e-01-j6.92447089501320167670e-02
  -5.71274358221912414990e-01-j6.34461565982827602195e-02
  -5.68564037056850213325e-01-j5.77611279979107078431e-02
  -5.65783683960463856799e-01-j5.21907851254802476748e-02
  -5.62937800328151327633e-01-j4.67360991977875464554e-02
  -5.60030888542614180281e-01-j4.13978516834799525892e-02
  -5.57067442940974100196e-01-j3.61766358262974180304e-02
  -5.54051940948565579959e-01-j3.10728586664995864997e-02
  -5.50988834411201722219e-01-j2.60867435444742078177e-02
  -5.47882541156117564007e-01-j2.12183330682198800776e-02
  -5.44737436809998754050e-01-j1.64674925243012242049e-02
  -5.41557846900600603490e-01-j1.18339137098926530656e-02
  -5.38348039266340228082e-01-j7.31711916182853448071e-03
  -5.35112216796080675252e-01-j2.91646675701779257289e-03
  -5.31854510519012224634e-01+j1.36884534272193724574e-03
  -5.28578973062172274844e-01+j5.53977342943849215134e-03
  -5.25289572490725165110e-01+j9.59742270035145172979e-03
  -5.21990186543696332855e-01+j1.35430414512138722755e-02
  -5.18684597275351877421e-01+j1.73780150417247591932e-02
  -5.15376486110050713307e-01+j2.11038596631516750524e-02
  -5.12069429315933910551e-01+j2.47222159383381455411e-02
  -5.08766893900490679847e-01+j2.82348423840606231605e-02
  -5.05472233928778269529e-01+j3.16436087652968434103e-02
  -5.02188687262864585925e-01+j3.49504893703848421027e-02
  -4.98919372718981790626e-01+j3.81575562353270794635e-02
  -4.95667287636922249128e-01+j4.12669723445659580863e-02
  -4.92435305854331373254e-01+j4.42809848345463857866e-02
  -4.89226176076870244991e-01+j4.72019182252119001708e-02
  -4.86042520633630070748e-01+j5.00321677033211537067e-02
  -4.82886834605742110149e-01+j5.27741924801062162187e-02
  -4.79761485314884272846e-01+j5.54305092443834676597e-02
  -4.76668712157213625424e-01+j5.80036857307201086931e-02
  -4.73610626767309195184e-01+j6.04963344207317468837e-02
  -4.70589213495863356584e-01+j6.29111063940318848697e-02
  -4.67606330184194285415e-01+j6.52506853437656714201e-02
</dep>
<dep S[1,1] frequency>
  -2.45548923869672308662e-02+j4.18076222328423008356e-01
  -2.13912181753999064426e-02+j4.15362534003383632175e-01
  -1.82552971099957522805e-02+j4.12592938955865851103e-01
  -1.51484116732157753082e-02+j4.09767516083343719124e-01
  -1.20718561700331045161e-02+j4.06886377292690726293e-01
  -9.02693580639736536941e-03+j4.03949668354454394237e-01
  -6.01496571544571367873e-03+j4.00957569735061969407e-01
  -3.03726993128167199743e-03+j3.97910297403907597946e-01
  -9.51803103312054421536e-05+j3.94808103612154570605e-01
  +2.80996459955659694252e-03+j3.91651277640044426231e-01
  +5.67682074191144803166e-03+j3.88440146509361372562e-01
  +8.50403978577368713232e-03+j3.85175075657680499042e-01
  +1.12902704104190787504e-02+j3.81856469570939049962e-01
  +1.40341596396834633609e-02+j3.78484772370832223132e-01
  +1.67343542246868037804e-02+j3.75060468353480169768e-01
  +1.93895020735154188785e-02+j3.71584082475805599355e-01
  +2.19982537261793342775e-02+j3.68056180786041631237e-01
  +2.45592638728929224534e-02+j3.64477370794780819452e-01
  +2.70711929134963835697e-02+j3.60848301783027902712e-01
  +2.95327085555366630754e-02+j3.57169665043722550646e-01
  +3.19424874482681364629e-02+j3.53442194053277702892e-01
  +3.42992168495598187539e-02+j3.49666664569733498524e-01
  +3.66015963224143453525e-02+j3.45843894654265238131e-01
  +3.88483394575079854505e-02+j3.41974744612840053648e-01
  +4.10381756179048762245e-02+j3.38060116855009473724e-01
  +4.31698517017986005406e-02+j3.34100955666962795565e-01
  +4.52421339188641691287e-02+j3.30098246896151525931e-01
  +4.72538095755309917045e-02+j3.26053017545020862311e-01
  +4.92036888642317926656e-02+j3.21966335271594628065e-01
  +5.10906066514048018412e-02+j3.17839307794932079965e-01
  +5.29134242588026881826e-02+j3.13673082203764941323e-01
  +5.46710312324292790898e-02+j3.09468844166905787674e-01
  +5.63623470931892689428e-02+j3.05227817044367799593e-01
  +5.79863230631573189910e-02+j3.00951260898488170970e-01
  +5.95419437611882651495e-02+j2.96640471404711836279e-01
  +6.10282288614268086935e-02+j2.92296778662093748036e-01
  +6.24442347081526072383e-02+j2.87921545904015141470e-01
  +6.37890558802811091788e-02+j2.83516168110010180481e-01
  +6.50618266987677273949e-02+j2.79082070520090264054e-01
  +6.62617226701133488209e-02+j2.74620707053393919850e-01
  +6.73879618591517459691e-02+j2.70133558633502801616e-01
  +6.84398061843337623955e-02+j2.65622131423235874337e-01
  +6.94165626287488735091e-02+j2.61087954972255398278e-01
  +7.03175843602520389553e-02+j2.56532580281326139104e-01
  +7.11422717541651539186e-02+j2.51957577787577435835e-01
  +7.18900733122222052041e-02+j2.47364535275651414858e-01
  +7.25604864716076353170e-02+j2.42755055720119961027e-01
  +7.31530582982259924840e-02+j2.38130755065062427178e-01
  +7.36673860586066764355e-02+j2.33493259947220754835e-01
  +7.41031176652039574870e-02+j2.28844205369597597510e-01
  +7.44599519902245932101e-02+j2.24185232332865580496e-01
  +7.47376390435331716677e-02+j2.19517985432407441992e-01
  +7.49359800106578349821e-02+j2.14844110429215917613e-01
  +7.50548271474011929882e-02+j2.10165251803310415557e-01
  +7.50940835281125040890e-02+j2.05483050298685077095e-01
  +7.50537026452522820774e-02+j2.00799140469154896449e-01
  +7.49336878584705573525e-02+j1.96115148234759478774e-01
  +7.47340916920838094217e-02+j1.91432688458660738018e-01
  +7.44550149804821814747e-02+j1.86753362554673452145e-01
  +7.40966058617057027336e-02+j1.82078756135770042368e-01
  +7.36590586201305574932e-02+j1.77410436713998781455e-01
  +7.31426123799581578977e-02+j1.72749951462352641096e-01
  +7.25475496519415452568e-02+j1.68098825049141420429e-01
  +7.18741947365345024146e-02+j1.63458557555389849547e-01
  +7.11229119874335347085e-02+j1.58830622485698763624e-01
  +7.02941039402542600101e-02+j1.54216464882864834340e-01
  +6.93882093118336068516e-02+j1.49617499556353339418e-01
  +6.84057008764396567990e-02+j1.45035109434458742150e-01
  +6.73470832259067120340e-02+j1.40470644049669718401e-01
  +6.62128904214601132772e-02+j1.35925418166390754582e-01
  +6.50036835457026701546e-02+j1.31400710559728906013e-01
  +6.37200481639669386036e-02+j1.26897762953572273981e-01
  +6.23625917048478695115e-02+j1.22417779125656572825e-01
  +6.09319407704228960254e-02+j1.17961924186698596806e-01
  +5.94287383872244001637e-02+j1.13531324040061470937e-01
  +5.78536412096288810147e-02+j1.09127065027695660526e-01
  +5.62073166877929270013e-02+j1.04750193767390170629e-01
  +5.44904402127893427998e-02+j1.00401717185557279310e-01
  +5.27036922519788925134e-02+j9.60826027489945777571e-02
  +5.08477554880247123448e-02+j9.17937788981696561885e-02
  +4.89233119752914280554e-02+j8.75361356837264792397e-02
  +4.69310403275770837705e-02+j8.33105256069691380016e-02
  +4.48716129513663380957e-02+j7.91177646641556681084e-02
  +4.27456933388872806212e-02+j7.49586335934646630363e-02
  +4.05539334353338942751e-02+j7.08338793225303936518e-02
  +3.82969710946221703063e-02+j6.67442166134436659641e-02
  +3.59754276379649906570e-02+j6.26903299011296460952e-02
  +3.35899055294356235768e-02+j5.86728753200061875495e-02
  +3.11409861824959166565e-02+j5.46924829128262318667e-02
  +2.86292279111594050178e-02+j5.07497590146201715822e-02
  +2.60551640391940841912e-02+j4.68452888036604564448e-02
  +2.34193011802931727594e-02+j4.29796390103901887469e-02
  +2.07221177017400948195e-02+j3.91533607743251854671e-02
  +1.79640623835125579077e-02+j3.53669926379718002618e-02
  +1.51455532842080520251e-02+j3.16210636659138982774e-02
  +1.22669768244801635770e-02+j2.79160966763314921657e-02
  +9.32868709797528283811e-03+j2.42526115713605494584e-02
  +6.33100541894389412523e-03+j2.06311287519120173384e-02
  +3.27422011488111286415e-03+j1.70521726017583280521e-02
  +1.58586571615923488388e-04+j1.35162750250108626426e-02
  -3.01567246268026611933e-03+j1.00239790204020989828e-02
  -6.24836630911805579469e-03+j6.57584227516976038697e-03
  -9.53933552099189840945e-03+j3.17244076078646020100e-03
  -1.28884507746912929660e-02-j1.85627687764325366437e-04
  -1.62956114865836082517e-02-j3.49773982787766890556e-03
  -1.97607441549895179733e-02-j6.76324351948735802420e-03
  -2.32838004276899879219e-02-j9.98145430890438889460e-03
  -2.68647548966774313284e-02-j1.31516521059603930244e-02
  -3.05036026232025220262e-02-j1.62730779742398801169e-02
  -3.42003563975596530655e-02-j1.93449310542396363255e-02
  -3.79550437394423206827e-02-j2.23663656392588117150e-02
  -4.17677036461101131026e-02-j2.53364884237195081562e-02
  -4.56383830970768650248e-02-j2.82543559433929836189e-02
  -4.95671333254594087547e-02-j3.11189722266578400189e-02
  -5.35540058675865460192e-02-j3.39292866755574046289e-02
  -5.75990484039415329143e-02-j3.66841921948160010203e-02
  -6.17023004059267937693e-02-j3.93825235863946992998e-02
  -6.58637886044097092819e-02-j4.20230562263647217103e-02
  -7.00835222973675009417e-02-j4.46045050400434989202e-02
  -7.43614885153654203709e-02-j4.71255237903086265927e-02
  -7.86976470648901305083e-02-j4.95847046929440010699e-02
  -8.30919254708529231301e-02-j5.19805783716075497924e-02
  -8.75442138407798720046e-02-j5.43116141636954818939e-02
  -9.20543596743300940322e-02-j5.65762207869081601430e-02
  -9.66221626428308139056e-02-j5.87727473747579332031e-02
  -1.01247369364468070563e-01-j6.08994848875805128152e-02
  -1.05929668201595092447e-01-j6.29546679038247014581e-02
  -1.10668684107337156330e-01-j6.49364767945306287089e-02
  -1.15463973549264242724e-01-j6.68430402819153446359e-02
  -1.20315019538316872461e-01-j6.86724383809459992811e-02
  -1.25221226791468187578e-01-j7.04227057206785328480e-02
  -1.30181917056721052628e-01-j7.20918352399045614387e-02
  -1.35196324628980374394e-01-j7.36777822495070927600e-02
  -1.40263592085101640450e-01-j7.51784688515641230655e-02
  -1.45382766265998081279e-01-j7.65917887030677924098e-02
  -1.50552794533069023153e-01-j7.79156121097655529617e-02
  -1.55772521325386048563e-01-j7.91477914334356574821e-02
  -1.61040685043073755756e-01-j8.02861667936407563673e-02
  -1.66355915281093169611e-01-j8.13285720428592873166e-02
  -1.71716730436220071931e-01-j8.22728409918062897344e-02
  -1.77121535708406996346e-01-j8.31168138597326161543e-02
  -1.82568621515909634834e-01-j8.38583439226314314441e-02
  -1.88056162341574295560e-01-j8.44953043305150253151e-02
  -1.93582216025538794701e-01-j8.50255950633216489587e-02
  -1.99144723517260952006e-01-j8.54471499936167167011e-02
  -2.04741509097359802860e-01-j8.57579440229586931199e-02
  -2.10370281077133736147e-01-j8.59560002578361459502e-02
  -2.16028632980940826780e-01-j8.60393971902009557784e-02
  -2.21714045213827593006e-01-j8.60062758470982458014e-02
  -2.27423887213946795960e-01-j8.58548468735204350910e-02
  -2.33155420086361919729e-01-j8.55833975125445678422e-02
  -2.38905799711984445644e-01-j8.51902984469834340109e-02
  -2.44672080322394208673e-01-j8.46740104672092652738e-02
  -2.50451218528449814915e-01-j8.40330909305195827841e-02
  -2.56240077787759479300e-01-j8.32661999783590595081e-02
  -2.62035433293326680548e-01-j8.23721064789377510618e-02
  -2.67833977263037648076e-01-j8.13496936642296719633e-02
  -2.73632324607173571529e-01-j8.01979644320707230065e-02
  -2.79427018948755268024e-01-j7.89160462859480882347e-02
  -2.85214538969372877197e-01-j7.75031958872517690029e-02
  -2.90991305051173376750e-01-j7.59588031970535315640e-02
  -2.96753686183921616681e-01-j7.42823951869751863963e-02
  -3.02498007104547661505e-01-j7.24736391013510589110e-02
  -3.08220555635276838302e-01-j7.05323452556412683334e-02
  -3.13917590185482153764e-01-j6.84584693589292969662e-02
  -3.19585347381593942728e-01-j6.62521143512341953441e-02
  -3.25220049788949583380e-01-j6.39135317493839810732e-02
  -3.30817913689251008602e-01-j6.14431224981370482929e-02
  -3.36375156877368741704e-01-j5.88414373262819423438e-02
  -3.41888006441541936198e-01-j5.61091766103097439045e-02
  -3.47352706491640905728e-01-j5.32471897512097891436e-02
  -3.52765525800990187300e-01-j5.02564740726739733745e-02
  -3.58122765328309611288e-01-j4.71381732517022478124e-02
  -3.63420765587683769482e-01-j4.38935752951306878966e-02
  -3.68655913835932214084e-01-j4.05241100780165675044e-02
  -3.73824651048476619408e-01-j3.70313464620075361022e-02
  -3.78923478656680412513e-01-j3.34169890138735770080e-02
  -3.83948965021627230954e-01-j2.96828743462125843600e-02
  -3.88897751621456788662e-01-j2.58309671039534671788e-02
  -3.93766558931643806396e-01-j2.18633556216989710652e-02
  -3.98552191979872572070e-01-j1.77822472781234836026e-02
  -4.03251545559607238456e-01-j1.35899635746013075499e-02
  -4.07861609088804089041e-01-j9.28893496597504864098e-03
  -4.12379471102688299755e-01-j4.88169547187362884433e-03
  -4.16802323371882610381e-01-j3.70877097282992784777e-04
  -4.21127464639596937879e-01+j4.24079590885557966562e-03
  -4.25352303973884293686e-01+j8.95051292836336609415e-03
  -4.29474363733241770724e-01+j1.37553829535470989454e-02
  -4.33491282146033163336e-01+j1.86524406440827378306e-02
  -4.37400815506244045050e-01+j2.36386524339385201143e-02
  -4.41200839990095294851e-01+j2.87109226619914198464e-02
  -4.44889353099854556461e-01+j3.38660997009991304729e-02
  -4.48464474742913954408e-01+j3.91009820606723068614e-02
  -4.51924447955779462482e-01+j4.44123244417748003210e-02
  -4.55267639284042680003e-01+j4.97968437195117630267e-02
  -4.58492538830701734653e-01+j5.52512248358060648057e-02
  -4.61597759986333622262e-01+j6.07721265815073796723e-02
  -4.64582038855593459914e-01+j6.63561872510744221731e-02
  -4.67444233395391872676e-01+j7.20000301537631753890e-02
  -4.70183322280748827726e-01+j7.77002689668840340609e-02
</dep>
