<Qucs Dataset 1.0.7>
<indep Lfeed_mm 1>
  +5.00000000000000010408e-03
</indep>
<indep L35_mm 1>
  +2.16000000000000011435e-02
</indep>
<indep W35_mm 1>
  +1.87000000000000013434e-03
</indep>
<indep L50_mm 1>
  +2.16000000000000011435e-02
</indep>
<indep W50_mm 1>
  +1.10000000000000006627e-03
</indep>
<indep mm 1>
  +1.00000000000000002082e-03
</indep>
<indep Lfeed 1>
  +5.00000000000000000000e+00
</indep>
<indep L35 1>
  +2.16000000000000014211e+01
</indep>
<indep W35 1>
  +1.87000000000000010658e+00
</indep>
<indep L50 1>
  +2.16000000000000014211e+01
</indep>
<indep W50 1>
  +1.10000000000000008882e+00
</indep>
<indep frequency 200>
  +1.50000000000000000000e+09
  +1.50385539060560917854e+09
  +1.50772069056903266907e+09
  +1.51159592535990095139e+09
  +1.51548112051330733299e+09
  +1.51937630162997722626e+09
  +1.52328149437643694878e+09
  +1.52719672448518157005e+09
  +1.53112201775484633446e+09
  +1.53505740005037498474e+09
  +1.53900289730319166183e+09
  +1.54295853551137018204e+09
  +1.54692434073980689049e+09
  +1.55090033912039113045e+09
  +1.55488655685217833519e+09
  +1.55888302020156216621e+09
  +1.56288975550244784355e+09
  +1.56690678915642571449e+09
  +1.57093414763294482231e+09
  +1.57497185746948814392e+09
  +1.57901994527174544334e+09
  +1.58307843771379232407e+09
  +1.58714736153826165199e+09
  +1.59122674355652284622e+09
  +1.59531661064885759354e+09
  +1.59941698976463580132e+09
  +1.60352790792249631882e+09
  +1.60764939221052050591e+09
  +1.61178146978641486168e+09
  +1.61592416787768769264e+09
  +1.62007751378182935715e+09
  +1.62424153486649107933e+09
  +1.62841625856966733932e+09
  +1.63260171239987468719e+09
  +1.63679792393633294106e+09
  +1.64100492082914924622e+09
  +1.64522273079949808121e+09
  +1.64945138163980412483e+09
  +1.65369090121392607689e+09
  +1.65794131745734047890e+09
  +1.66220265837732434273e+09
  +1.66647495205314207077e+09
  +1.67075822663622784615e+09
  +1.67505251035037255287e+09
  +1.67935783149191045761e+09
  +1.68367421842990398407e+09
  +1.68800169960633087158e+09
  +1.69234030353627395630e+09
  +1.69669005880810570717e+09
  +1.70105099408367824554e+09
  +1.70542313809851312637e+09
  +1.70980651966198873520e+09
  +1.71420116765753149986e+09
  +1.71860711104280543327e+09
  +1.72302437884990358353e+09
  +1.72745300018553924561e+09
  +1.73189300423123693466e+09
  +1.73634442024352574348e+09
  +1.74080727755413150787e+09
  +1.74528160557017040253e+09
  +1.74976743377434206009e+09
  +1.75426479172512483597e+09
  +1.75877370905697011948e+09
  +1.76329421548049688339e+09
  +1.76782634078268909454e+09
  +1.77237011482709050179e+09
  +1.77692556755400180817e+09
  +1.78149272898067808151e+09
  +1.78607162920152664185e+09
  +1.79066229838830542564e+09
  +1.79526476679032206535e+09
  +1.79987906473463177681e+09
  +1.80450522262623858452e+09
  +1.80914327094829583168e+09
  +1.81379324026230549812e+09
  +1.81845516120832204819e+09
  +1.82312906450515127182e+09
  +1.82781498095055532455e+09
  +1.83251294142145419121e+09
  +1.83722297687412977219e+09
  +1.84194511834442949295e+09
  +1.84667939694797134399e+09
  +1.85142584388034796715e+09
  +1.85618449041733360291e+09
  +1.86095536791508841515e+09
  +1.86573850781036686897e+09
  +1.87053394162072348595e+09
  +1.87534170094472193718e+09
  +1.88016181746214127541e+09
  +1.88499432293418717384e+09
  +1.88983924920369815826e+09
  +1.89469662819535899162e+09
  +1.89956649191590809822e+09
  +1.90444887245434999466e+09
  +1.90934380198216533661e+09
  +1.91425131275352525711e+09
  +1.91917143710550189018e+09
  +1.92410420745828175545e+09
  +1.92904965631538033485e+09
  +1.93400781626385474205e+09
  +1.93897871997452020645e+09
  +1.94396240020216393471e+09
  +1.94895888978576159477e+09
  +1.95396822164869379997e+09
  +1.95899042879896259308e+09
  +1.96402554432940912247e+09
  +1.96907360141793155670e+09
  +1.97413463332770466805e+09
  +1.97920867340739750862e+09
  +1.98429575509139394760e+09
  +1.98939591190001392365e+09
  +1.99450917743973135948e+09
  +1.99963558540339946747e+09
  +2.00477516957047009468e+09
  +2.00992796380721688271e+09
  +2.01509400206695938110e+09
  +2.02027331839028477669e+09
  +2.02546594690527439117e+09
  +2.03067192182772755623e+09
  +2.03589127746138691902e+09
  +2.04112404819816422462e+09
  +2.04637026851836800575e+09
  +2.05162997299093031883e+09
  +2.05690319627363395691e+09
  +2.06218997311334109306e+09
  +2.06749033834622263908e+09
  +2.07280432689798784256e+09
  +2.07813197378411340714e+09
  +2.08347331411007547379e+09
  +2.08882838307158017159e+09
  +2.09419721595479607582e+09
  +2.09957984813658595085e+09
  +2.10497631508474063873e+09
  +2.11038665235821223259e+09
  +2.11581089560734891891e+09
  +2.12124908057412886620e+09
  +2.12670124309239697456e+09
  +2.13216741908810067177e+09
  +2.13764764457952594757e+09
  +2.14314195567753553391e+09
  +2.14865038858580589294e+09
  +2.15417297960106754303e+09
  +2.15970976511334133148e+09
  +2.16526078160618162155e+09
  +2.17082606565691375732e+09
  +2.17640565393687725067e+09
  +2.18199958321166563034e+09
  +2.18760789034137058258e+09
  +2.19323061228082227707e+09
  +2.19886778607983732224e+09
  +2.20451944888345623016e+09
  +2.21018563793219470978e+09
  +2.21586639056228494644e+09
  +2.22156174420592451096e+09
  +2.22727173639151906967e+09
  +2.23299640474393415451e+09
  +2.23873578698473978043e+09
  +2.24448992093246126175e+09
  +2.25025884450282621384e+09
  +2.25604259570901584625e+09
  +2.26184121266191673279e+09
  +2.26765473357036685944e+09
  +2.27348319674141502380e+09
  +2.27932664058056688309e+09
  +2.28518510359203910828e+09
  +2.29105862437901687622e+09
  +2.29694724164390373230e+09
  +2.30285099418857955933e+09
  +2.30876992091465425491e+09
  +2.31470406082372570038e+09
  +2.32065345301763582230e+09
  +2.32661813669872808456e+09
  +2.33259815117010688782e+09
  +2.33859353583589506149e+09
  +2.34460433020149517059e+09
  +2.35063057387384796143e+09
  +2.35667230656169509888e+09
  +2.36272956807583951950e+09
  +2.36880239832940912247e+09
  +2.37489083733811855316e+09
  +2.38099492522053194046e+09
  +2.38711470219833087921e+09
  +2.39325020859657526016e+09
  +2.39940148484397220612e+09
  +2.40556857147314023972e+09
  +2.41175150912087726593e+09
  +2.41795033852842950821e+09
  +2.42416510054175758362e+09
  +2.43039583611180686951e+09
  +2.43664258629477787018e+09
  +2.44290539225239658356e+09
  +2.44918429525218439102e+09
  +2.45547933666773128510e+09
  +2.46179055797896909714e+09
  +2.46811800077244186401e+09
  +2.47446170674158382416e+09
  +2.48082171768699121475e+09
  +2.48719807551669836044e+09
  +2.49359082224645614624e+09
  +2.50000000000000429153e+09
</indep>
<dep S32_dB frequency>
  -9.19819633898562294405e+00
  -9.22936318203286809592e+00
  -9.26120097049293633518e+00
  -9.29372669434169473845e+00
  -9.32695778563429911401e+00
  -9.36091213124928600564e+00
  -9.39560808612329090295e+00
  -9.43106448700478061653e+00
  -9.46730066675748815896e+00
  -9.50433646924624753183e+00
  -9.54219226484121740839e+00
  -9.58088896657818267499e+00
  -9.62044804701645261957e+00
  -9.66089155583847158937e+00
  -9.70224213823916770139e+00
  -9.74452305415654862486e+00
  -9.78775819839917637921e+00
  -9.83197212173082846220e+00
  -9.87719005297695140655e+00
  -9.92343792222334108999e+00
  -9.97074238518267996767e+00
  -1.00191308488111516795e+01
  -1.00686314982633682291e+01
  -1.01192733252822861800e+01
  -1.01710861581274851773e+01
  -1.02241006931547655512e+01
  -1.02783485281692357205e+01
  -1.03338621976840183692e+01
  -1.03906752102285828698e+01
  -1.04488220878627622312e+01
  -1.05083384080657751269e+01
  -1.05692608481849035229e+01
  -1.06316272326441652041e+01
  -1.06954765831314801972e+01
  -1.07608491720021461902e+01
  -1.08277865791580403254e+01
  -1.08963317526857359496e+01
  -1.09665290735625138296e+01
  -1.10384244247682659079e+01
  -1.11120652651733955452e+01
  -1.11875007086073665619e+01
  -1.12647816085520737772e+01
  -1.13439606489475544038e+01
  -1.14250924416455745813e+01
  -1.15082336311001203200e+01
  -1.15934430069435467914e+01
  -1.16807816251643377115e+01
  -1.17703129386763194475e+01
  -1.18621029381531339908e+01
  -1.19562203040956767097e+01
  -1.20527365712052194624e+01
  -1.21517263062543463548e+01
  -1.22532673007810526400e+01
  -1.23574407800837882121e+01
  -1.24643316301663418244e+01
  -1.25740286444764652884e+01
  -1.26866247925043307276e+01
  -1.28022175125594355194e+01
  -1.29209090313335401845e+01
  -1.30428067131891971542e+01
  -1.31680234424918563008e+01
  -1.32966780427434940748e+01
  -1.34288957367785215524e+01
  -1.35648086528687787933e+01
  -1.37045563822616323080e+01
  -1.38482865944648025902e+01
  -1.39961557175118738172e+01
  -1.41483296915212761746e+01
  -1.43049848051265922066e+01
  -1.44663086258483541968e+01
  -1.46325010372410417858e+01
  -1.48037753977410151407e+01
  -1.49803598386340830473e+01
  -1.51624987215408406627e+01
  -1.53504542793951905821e+01
  -1.55445084692049313446e+01
  -1.57449650701062981994e+01
  -1.59521520665802931660e+01
  -1.61664243644691865143e+01
  -1.63881668969841562955e+01
  -1.66177981896970123898e+01
  -1.68557744681811207954e+01
  -1.71025944103104627914e+01
  -1.73588046683130841075e+01
  -1.76250063149261322337e+01
  -1.79018624053307995325e+01
  -1.81901068945497996765e+01
  -1.84905552122281129357e+01
  -1.88041168781057628223e+01
  -1.91318106489211849919e+01
  -1.94747828306902164286e+01
  -1.98343295832627504183e+01
  -2.02119243070287559760e+01
  -2.06092515645155991422e+01
  -2.10282494970682591884e+01
  -2.14711634168470126838e+01
  -2.19406142923719187365e+01
  -2.24396873683121640397e+01
  -2.29720484360766299403e+01
  -2.35420987456946875227e+01
  -2.41551849761938797201e+01
  -2.48178893793209809360e+01
  -2.55384395562300525739e+01
  -2.63273017549163199647e+01
  -2.71980646958636569366e+01
  -2.81688001684097883981e+01
  -2.92642388835285913729e+01
  -3.05194070151468501706e+01
  -3.19860176976479522182e+01
  -3.37443244126081935974e+01
  -3.59260152527028324698e+01
  -3.87553419674957595475e+01
  -4.25420362160379923466e+01
  -4.63122716837928010136e+01
  -4.43695478714131397169e+01
  -4.01980443607059214628e+01
  -3.69774441466727381567e+01
  -3.45364581201048608250e+01
  -3.25998000215164580595e+01
  -3.10025522688755863498e+01
  -2.96463652892020093077e+01
  -2.84693343052297933582e+01
  -2.74303679055799207731e+01
  -2.65009344187059916464e+01
  -2.56604717063393259480e+01
  -2.48936968328361949432e+01
  -2.41889536876374293684e+01
  -2.35371561041267227665e+01
  -2.29310878114040477271e+01
  -2.23649245062551074170e+01
  -2.18338988703872551866e+01
  -2.13340603058552034099e+01
  -2.08620990690923058253e+01
  -2.04152151999732289767e+01
  -1.99910192501927781450e+01
  -1.95874560008514357889e+01
  -1.92027450752403261447e+01
  -1.88353341541953547278e+01
  -1.84838617199541808134e+01
  -1.81471270937225206410e+01
  -1.78240661197789052039e+01
  -1.75137312666165705366e+01
  -1.72152752166391991295e+01
  -1.69279372356632826779e+01
  -1.66510317757945642825e+01
  -1.63839388864678738855e+01
  -1.61260960999031688345e+01
  -1.58769915269019268322e+01
  -1.56361579524550329268e+01
  -1.54031677621326750227e+01
  -1.51776285626431590714e+01
  -1.49591793854533250396e+01
  -1.47474873825771517488e+01
  -1.45422449397584081510e+01
  -1.43431671452112734499e+01
  -1.41499895625261622456e+01
  -1.39624662648278796695e+01
  -1.37803680941895514422e+01
  -1.36034811159820190340e+01
  -1.34316052425128074077e+01
  -1.32645530041809180943e+01
  -1.31021484495906719303e+01
  -1.29442261587545068835e+01
  -1.27906303557670142368e+01
  -1.26412141092247072294e+01
  -1.24958386102664604778e+01
  -1.23543725194634035347e+01
  -1.22166913749379286713e+01
  -1.20826770550729900577e+01
  -1.19522172900120935424e+01
  -1.18252052168694952172e+01
  -1.17015389741889705988e+01
  -1.15811213317228904884e+01
  -1.14638593520639542334e+01
  -1.13496640810614586314e+01
  -1.12384502643008055145e+01
  -1.11301360872263472857e+01
  -1.10246429367510589969e+01
  -1.09218951824270895656e+01
  -1.08218199754515431721e+01
  -1.07243470639602289651e+01
  -1.06294086232160722716e+01
  -1.05369390994377489790e+01
  -1.04468750661330815888e+01
  -1.03591550919108055240e+01
  -1.02737196188379780182e+01
  -1.01905108504949630799e+01
  -1.01094726489556059335e+01
  -1.00305504399862304155e+01
  -9.95369112581804138529e+00
  -9.87884300490061306732e+00
  -9.80595569809259437477e+00
  -9.73498008078936116760e+00
  -9.66586822052662597571e+00
  -9.59857331963428173083e+00
  -9.53304966254738594955e+00
  -9.46925256741043241959e+00
  -9.40713834163799766941e+00
  -9.34666424111885163484e+00
  -9.28778843277418530988e+00
</dep>
<dep S31_dB frequency>
  -3.76826337808416278463e+00
  -3.75457164888926087087e+00
  -3.74093201756416204873e+00
  -3.72734787003658629700e+00
  -3.71382263854302419048e+00
  -3.70035980032813283103e+00
  -3.68696287622831331277e+00
  -3.67363542913536411660e+00
  -3.66038106233680782253e+00
  -3.64720341772881484488e+00
  -3.63410617389867329763e+00
  -3.62109304407300891526e+00
  -3.60816777392856469220e+00
  -3.59533413926227307655e+00
  -3.58259594351773857923e+00
  -3.56995701516528818331e+00
  -3.55742120493277624860e+00
  -3.54499238288529472385e+00
  -3.53267443535096337115e+00
  -3.52047126169170621068e+00
  -3.50838677091701267585e+00
  -3.49642487813992142165e+00
  -3.48458950087408725338e+00
  -3.47288455517197114375e+00
  -3.46131395160388999344e+00
  -3.44988159107870062670e+00
  -3.43859136050711722277e+00
  -3.42744712830909392665e+00
  -3.41645273976756991274e+00
  -3.40561201223128540150e+00
  -3.39492873016993623736e+00
  -3.38440664008569136456e+00
  -3.37404944528578498719e+00
  -3.36386080052152491859e+00
  -3.35384430649994724760e+00
  -3.34400350427480308468e+00
  -3.33434186952479905131e+00
  -3.32486280672739198394e+00
  -3.31556964323750325008e+00
  -3.30646562328132676001e+00
  -3.29755390187644081834e+00
  -3.28883753868960493350e+00
  -3.28031949184558691002e+00
  -3.27200261170049033765e+00
  -3.26388963459395853306e+00
  -3.25598317659594904683e+00
  -3.24828572726427244888e+00
  -3.24079964343011539540e+00
  -3.23352714302961352644e+00
  -3.22647029900025472671e+00
  -3.21963103326177879637e+00
  -3.21301111080220280769e+00
  -3.20661213388969645877e+00
  -3.20043553643260469954e+00
  -3.19448257850973416083e+00
  -3.18875434109401290073e+00
  -3.18325172099319209096e+00
  -3.17797542603131200067e+00
  -3.17292597049536695408e+00
  -3.16810367087190947188e+00
  -3.16350864189803182569e+00
  -3.15914079295198924058e+00
  -3.15499982480793628170e+00
  -3.15108522677996871764e+00
  -3.14739627427954138383e+00
  -3.14393202681082462036e+00
  -3.14069132642747872453e+00
  -3.13767279667413401256e+00
  -3.13487484203500033075e+00
  -3.13229564791096093401e+00
  -3.12993318114627694371e+00
  -3.12778519112383346368e+00
  -3.12584921144750804700e+00
  -3.12412256222858353283e+00
  -3.12260235299140775922e+00
  -3.12128548621208645741e+00
  -3.12016866150221972021e+00
  -3.11924838044755903255e+00
  -3.11852095210977964257e+00
  -3.11798249919708547750e+00
  -3.11762896490714336295e+00
  -3.11745612044373388017e+00
  -3.11745957320570310500e+00
  -3.11763477564427393673e+00
  -3.11797703478239274233e+00
  -3.11848152238660158986e+00
  -3.11914328577950339394e+00
  -3.11995725927790390486e+00
  -3.12091827623856854501e+00
  -3.12202108169117487080e+00
  -3.12326034553438036667e+00
  -3.12463067626861112913e+00
  -3.12612663523579215052e+00
  -3.12774275133348877986e+00
  -3.12947353616826573486e+00
  -3.13131349960980420732e+00
  -3.13325716570471035638e+00
  -3.13529908890702468938e+00
  -3.13743387057845968258e+00
  -3.13965617571033028810e+00
  -3.14196074981606621179e+00
  -3.14434243594130791166e+00
  -3.14679619173671021315e+00
  -3.14931710653635610342e+00
  -3.15190041838397050356e+00
  -3.15454153094650235900e+00
  -3.15723603025468912975e+00
  -3.15997970120864346555e+00
  -3.16276854378586502747e+00
  -3.16559878888890411375e+00
  -3.16846691376980693633e+00
  -3.17136965696807315851e+00
  -3.17430403270010152994e+00
  -3.17726734463836546496e+00
  -3.18025719901905645770e+00
  -3.18327151701986021948e+00
  -3.18630854634895532840e+00
  -3.18936687199025392658e+00
  -3.19244542605064740570e+00
  -3.19554349665861092689e+00
  -3.19866073586528676387e+00
  -3.20179716650314860615e+00
  -3.20495318796009875939e+00
  -3.20812958083069643678e+00
  -3.21132751040992037161e+00
  -3.21454852899903187335e+00
  -3.21779457699750137678e+00
  -3.22106798275909600449e+00
  -3.22437146119520701149e+00
  -3.22770811111332056598e+00
  -3.23108141128316628254e+00
  -3.23449521522861394018e+00
  -3.23795374474803221432e+00
  -3.24146158217160085258e+00
  -3.24502366136885056491e+00
  -3.24864525752517563362e+00
  -3.25233197571141152693e+00
  -3.25608973827550007840e+00
  -3.25992477109081502107e+00
  -3.26384358870010782283e+00
  -3.26785297839986554891e+00
  -3.27195998331344206633e+00
  -3.27617188450715968173e+00
  -3.28049618220673711022e+00
  -3.28494057617650936365e+00
  -3.28951294532692495309e+00
  -3.29422132662000821668e+00
  -3.29907389334538780901e+00
  -3.30407893284239806420e+00
  -3.30924482374658213146e+00
  -3.31458001284085268523e+00
  -3.32009299159364390519e+00
  -3.32579227246755815273e+00
  -3.33168636508320936684e+00
  -3.33778375232368906822e+00
  -3.34409286646477177385e+00
  -3.35062206541661700143e+00
  -3.35737960916083943985e+00
  -3.36437363646719411747e+00
  -3.37161214197120573388e+00
  -3.37910295369325375248e+00
  -3.38685371107664590085e+00
  -3.39487184361986393810e+00
  -3.40316455017504271297e+00
  -3.41173877898100474937e+00
  -3.42060120849610393989e+00
  -3.42975822909130378946e+00
  -3.43921592566029543647e+00
  -3.44898006119820532689e+00
  -3.45905606139627064266e+00
  -3.46944900029446756662e+00
  -3.48016358702889405663e+00
  -3.49120415370588244031e+00
  -3.50257464442887256340e+00
  -3.51427860549896831088e+00
  -3.52631917680482676047e+00
  -3.53869908441154734646e+00
  -3.55142063435346599931e+00
  -3.56448570763019301211e+00
  -3.57789575639979817723e+00
  -3.59165180135864181565e+00
  -3.60575443029177433729e+00
  -3.62020379777382439457e+00
  -3.63499962599530990204e+00
  -3.65014120668556696359e+00
  -3.66562740409931420160e+00
  -3.68145665903031460431e+00
  -3.69762699381251191966e+00
  -3.71413601826537753681e+00
  -3.73098093653863482899e+00
  -3.74815855480779980269e+00
  -3.76566528977125791755e+00
  -3.78349717789703721138e+00
  -3.80164988536666381691e+00
  -3.82011871866199559378e+00
  -3.83889863574073419983e+00
  -3.85798425774551390077e+00
  -3.87736988119185221890e+00
  -3.89704949057992777739e+00
  -3.91701677137613746282e+00
</dep>
<dep S21_dB frequency>
  -6.39241851933984950307e+00
  -6.36060567260075337970e+00
  -6.32848826072368275675e+00
  -6.29607135719119881401e+00
  -6.26336027033309683532e+00
  -6.23036054427177177217e+00
  -6.19707795965457641785e+00
  -6.16351853416698514110e+00
  -6.12968852282143128463e+00
  -6.09559441801653800752e+00
  -6.06124294936155472158e+00
  -6.02664108326172076602e+00
  -5.99179602225977525620e+00
  -5.95671520412951771561e+00
  -5.92140630071791562727e+00
  -5.88587721653208539863e+00
  -5.85013608706782672897e+00
  -5.81419127687760717293e+00
  -5.77805137737476215420e+00
  -5.74172520437283839811e+00
  -5.70522179535777240744e+00
  -5.66855040649236485706e+00
  -5.63172050935189894005e+00
  -5.59474178739118421788e+00
  -5.55762413214282169349e+00
  -5.52037763914786161479e+00
  -5.48301260361984965641e+00
  -5.44553951584423501231e+00
  -5.40796905631542124127e+00
  -5.37031209061432157625e+00
  -5.33257966403009131540e+00
  -5.29478299592980761190e+00
  -5.25693347388090970185e+00
  -5.21904264753172508762e+00
  -5.18112222225576424250e+00
  -5.14318405256643629286e+00
  -5.10524013530920139914e+00
  -5.06730260263912857255e+00
  -5.02938371479199641811e+00
  -4.99149585265815076696e+00
  -4.95365151016897709013e+00
  -4.91586328650606052548e+00
  -4.87814387814407357524e+00
  -4.84050607073944050285e+00
  -4.80296273087638070365e+00
  -4.76552679768381715064e+00
  -4.72821127433621590797e+00
  -4.69102921945267414827e+00
  -4.65399373840885122178e+00
  -4.61711797457669881339e+00
  -4.58041510050799871578e+00
  -4.54389830907764658008e+00
  -4.50758080460329146888e+00
  -4.47147579395844729788e+00
  -4.43559647769628817571e+00
  -4.39995604120185657138e+00
  -4.36456764589079426742e+00
  -4.32944442047227173731e+00
  -4.29459945229488759821e+00
  -4.26004577879376888916e+00
  -4.22579637905692884203e+00
  -4.19186416552979679295e+00
  -4.15826197587555501656e+00
  -4.12500256500988182751e+00
  -4.09209859732728187254e+00
  -4.05956263913690129641e+00
  -4.02740715132446513991e+00
  -3.99564448225708179763e+00
  -3.96428686094651983041e+00
  -3.93334639048635414937e+00
  -3.90283504177742601726e+00
  -3.87276464755508165183e+00
  -3.84314689673096765432e+00
  -3.81399332906112054076e+00
  -3.78531533015084242777e+00
  -3.75712412680591301140e+00
  -3.72943078273831130076e+00
  -3.70224619463336734881e+00
  -3.67558108858403809194e+00
  -3.64944601689630943042e+00
  -3.62385135526860491240e+00
  -3.59880730034606433065e+00
  -3.57432386764978060611e+00
  -3.55041088987842412550e+00
  -3.52707801557915789914e+00
  -3.50433470818214409803e+00
  -3.48219024539201393864e+00
  -3.46065371892734496839e+00
  -3.43973403459812132610e+00
  -3.41943991270898717261e+00
  -3.39977988877472148133e+00
  -3.38076231453247633141e+00
  -3.36239535923419907704e+00
  -3.34468701120025135864e+00
  -3.32764507961468947173e+00
  -3.31127719654045682418e+00
  -3.29559081913127016605e+00
  -3.28059323201682317972e+00
  -3.26629154983464253803e+00
  -3.25269271988266783779e+00
  -3.23980352486435974058e+00
  -3.22763058569747629534e+00
  -3.21618036435688159358e+00
  -3.20545916672055719587e+00
  -3.19547314538782156745e+00
  -3.18622830243768184744e+00
  -3.17773049209492342015e+00
  -3.16998542327159604781e+00
  -3.16299866195069823149e+00
  -3.15677563337916744501e+00
  -3.15132162403758675495e+00
  -3.14664178335338817760e+00
  -3.14274112512577596945e+00
  -3.13962452863022978278e+00
  -3.13729673937111863680e+00
  -3.13576236945271480394e+00
  -3.13502589753813509788e+00
  -3.13509166836870578621e+00
  -3.13596389181560475379e+00
  -3.13764664143890525949e+00
  -3.14014385252870553700e+00
  -3.14345931960643687475e+00
  -3.14759669336513958626e+00
  -3.15255947702983263525e+00
  -3.15835102212120677478e+00
  -3.16497452360804176763e+00
  -3.17243301443623382241e+00
  -3.18072935942456291869e+00
  -3.18986624852015010489e+00
  -3.19984618940924958608e+00
  -3.21067149948193408804e+00
  -3.22234429715180281661e+00
  -3.23486649253554814365e+00
  -3.24823977749968406670e+00
  -3.26246561508530685813e+00
  -3.27754522832493311313e+00
  -3.29347958846878352546e+00
  -3.31026940264116475987e+00
  -3.32791510095112696987e+00
  -3.34641682308471288820e+00
  -3.36577440440985808934e+00
  -3.38598736162795876936e+00
  -3.40705487800982353974e+00
  -3.42897578825655191537e+00
  -3.45174856302979637945e+00
  -3.47537129319790505377e+00
  -3.49984167384857824956e+00
  -3.52515698812077094004e+00
  -3.55131409091137406620e+00
  -3.57830939251535351531e+00
  -3.60613884225942316064e+00
  -3.63479791219255954360e+00
  -3.66428158089771383032e+00
  -3.69458431749135174371e+00
  -3.72570006587892965655e+00
  -3.75762222933503231559e+00
  -3.79034365547904972260e+00
  -3.82385662171629192585e+00
  -3.85815282121649527625e+00
  -3.89322334950050663593e+00
  -3.92905869170640276167e+00
  -3.96564871060540502512e+00
  -4.00298263543733146008e+00
  -4.04104905163417527092e+00
  -4.07983589149860925716e+00
  -4.11933042590306275343e+00
  -4.15951925707239666963e+00
  -4.20038831251121269617e+00
  -4.24192284013405185306e+00
  -4.28410740465398909294e+00
  -4.32692588528201671494e+00
  -4.37036147478587189141e+00
  -4.41439667995411078039e+00
  -4.45901332350660162263e+00
  -4.50419254748922170961e+00
  -4.54991481818616172461e+00
  -4.59615993257878585609e+00
  -4.64290702637577012979e+00
  -4.69013458363449942112e+00
  -4.73782044798900336957e+00
  -4.78594183549488416674e+00
  -4.83447534909701825967e+00
  -4.88339699472031618654e+00
  -4.93268219897959969700e+00
  -4.98230582849885905716e+00
  -5.03224221082544609374e+00
  -5.08246515691958045124e+00
  -5.13294798519453276953e+00
  -5.18366354707711529670e+00
  -5.23458425405418559251e+00
  -5.28568210616409395186e+00
  -5.33692872188857236893e+00
  -5.38829536939418218822e+00
  -5.43975299906815479289e+00
  -5.49127227728809330642e+00
  -5.54282362136007566988e+00
  -5.59437723555504806683e+00
  -5.64590314816831728706e+00
  -5.69737124952226370311e+00
  -5.74875133082782152627e+00
</dep>
<dep S11_dB frequency>
  -6.82933636585247683115e+00
  -6.87687714946454597964e+00
  -6.92529124839521426082e+00
  -6.97459580148868685257e+00
  -7.02480832971510071872e+00
  -7.07594674641160992223e+00
  -7.12802936793666219728e+00
  -7.18107492476429687400e+00
  -7.23510257304767634423e+00
  -7.29013190668273125539e+00
  -7.34618296990648733669e+00
  -7.40327627046626979279e+00
  -7.46143279339965914687e+00
  -7.52067401546802738466e+00
  -7.58102192029024557485e+00
  -7.64249901422664379425e+00
  -7.70512834306773797266e+00
  -7.76893350958677686435e+00
  -7.83393869201956061232e+00
  -7.90016866354100955050e+00
  -7.96764881281321990514e+00
  -8.03640516568639107220e+00
  -8.10646440814017310572e+00
  -8.17785391056152732858e+00
  -8.25060175346218471759e+00
  -8.32473675474821384057e+00
  -8.40028849866397919754e+00
  -8.47728736654241465942e+00
  -8.55576456950613284391e+00
  -8.63575218327565785614e+00
  -8.71728318525484091595e+00
  -8.80039149407873644293e+00
  -8.88511201182565102386e+00
  -8.97148066911261565792e+00
  -9.05953447331393313391e+00
  -9.14931156016371716078e+00
  -9.24085124902725318918e+00
  -9.33419410215245193285e+00
  -9.42938198824147022492e+00
  -9.52645815071485024816e+00
  -9.62546728107538029917e+00
  -9.72645559781837043545e+00
  -9.82947093137834215781e+00
  -9.93456281565016396939e+00
  -1.00417825866760814790e+01
  -1.01511834891496359745e+01
  -1.02628207914539597567e+01
  -1.03767519100260141585e+01
  -1.04930365439207644584e+01
  -1.06117368205430437911e+01
  -1.07329174536183398203e+01
  -1.08566459145915761297e+01
  -1.09829926187745190447e+01
  -1.11120311277125249916e+01
  -1.12438383694092269849e+01
  -1.13784948782396568845e+01
  -1.15160850565995804828e+01
  -1.16566974605862974101e+01
  -1.18004251122885417402e+01
  -1.19473658415863610571e+01
  -1.20976226607319485851e+01
  -1.22513041754083928936e+01
  -1.24085250364535237821e+01
  -1.25694064370031099998e+01
  -1.27340766604636996817e+01
  -1.29026716854885563635e+01
  -1.30753358550180820430e+01
  -1.32522226174851596170e+01
  -1.34334953495024489456e+01
  -1.36193282707801355258e+01
  -1.38099074637123013787e+01
  -1.40054320120687521012e+01
  -1.42061152756070097070e+01
  -1.44121863202535713810e+01
  -1.46238915268983724616e+01
  -1.48414964059295346743e+01
  -1.50652876495646044219e+01
  -1.52955754600161863976e+01
  -1.55326961988166303286e+01
  -1.57770154115548084661e+01
  -1.60289312932644847365e+01
  -1.62888786733065948908e+01
  -1.65573336155150059312e+01
  -1.68348187505749962156e+01
  -1.71219094843147416896e+01
  -1.74192412594729937325e+01
  -1.77275180917858392604e+01
  -1.80475226569300097879e+01
  -1.83801282770900584751e+01
  -1.87263132503733551459e+01
  -1.90871780908994139736e+01
  -1.94639664133028524873e+01
  -1.98580904184747204511e+01
  -2.02711622404887208404e+01
  -2.07050328310721596381e+01
  -2.11618406367421805214e+01
  -2.16440731380114925742e+01
  -2.21546454804384254089e+01
  -2.26970021027269979186e+01
  -2.32752497184770845706e+01
  -2.38943336411907871764e+01
  -2.45602748876874379391e+01
  -2.52804937212986473583e+01
  -2.60642577219501561103e+01
  -2.69233109034622053457e+01
  -2.78727660401900791953e+01
  -2.89323708380011055397e+01
  -3.01282587457370851780e+01
  -3.14951204729450218167e+01
  -3.30777371972782461285e+01
  -3.49261230864985350308e+01
  -3.70573103286005576251e+01
  -3.92747868710550278593e+01
  -4.06774340325172616417e+01
  -4.00355505060098764147e+01
  -3.79808077588979244865e+01
  -3.57557097948784203822e+01
  -3.37785018198565936132e+01
  -3.20830399051803851762e+01
  -3.06242408910907357722e+01
  -2.93536995535896068077e+01
  -2.82325765704958513425e+01
  -2.72314483530339828121e+01
  -2.63281480709184094735e+01
  -2.55058077853448992300e+01
  -2.47514017516717075296e+01
  -2.40547137981924237238e+01
  -2.34076107089774332337e+01
  -2.28035272405174254118e+01
  -2.22370964685830507790e+01
  -2.17038805649077630733e+01
  -2.12001717944604877175e+01
  -2.07228432925538115228e+01
  -2.02692356391118586600e+01
  -1.98370695394400051725e+01
  -1.94243778025626561146e+01
  -1.90294517671075666954e+01
  -1.86507986739703035539e+01
  -1.82871074267149467119e+01
  -1.79372208465137674693e+01
  -1.76001130051186613912e+01
  -1.72748705647085785131e+01
  -1.69606773064922542460e+01
  -1.66568012173318145130e+01
  -1.63625836438251184290e+01
  -1.60774301291425949501e+01
  -1.58008026285773404140e+01
  -1.55322128617542514206e+01
  -1.52712166074624562384e+01
  -1.50174087845533694718e+01
  -1.47704191918109515314e+01
  -1.45299088030159957441e+01
  -1.42955665320022298204e+01
  -1.40671063973849559403e+01
  -1.38442650286399100423e+01
  -1.36267994649322119471e+01
  -1.34144852060170407526e+01
  -1.32071144810155960414e+01
  -1.30044947062055715747e+01
  -1.28064471073702890180e+01
  -1.26128054859080975802e+01
  -1.24234151109492696463e+01
  -1.22381317222749714801e+01
  -1.20568206309727994352e+01
  -1.18793559065631519900e+01
  -1.17056196408547492638e+01
  -1.15355012800790586169e+01
  -1.13688970179506458891e+01
  -1.12057092432385978498e+01
  -1.10458460362353978468e+01
  -1.08892207091976231936e+01
  -1.07357513864238800494e+01
  -1.05853606201465879622e+01
  -1.04379750388539314088e+01
  -1.02935250250413616868e+01
  -1.01519444197237813654e+01
  -1.00131702513279137179e+01
  -9.87714248683714046706e+00
  -9.74380380328128481437e+00
  -9.61309937785649637476e+00
  -9.48497669513112739992e+00
  -9.35938536994147263215e+00
  -9.23627698471444880113e+00
  -9.11560494006933019762e+00
  -8.99732431765518114730e+00
  -8.88139175427145843855e+00
  -8.76776532640126049500e+00
  -8.65640444436001388340e+00
  -8.54726975532642185840e+00
  -8.44032305458286380428e+00
  -8.33552720434339811106e+00
  -8.23284605959626425431e+00
  -8.13224440043021878921e+00
  -8.03368787035335074620e+00
  -7.93714292014849309709e+00
  -7.84257675684161359442e+00
  -7.74995729738979655110e+00
  -7.65925312672215330423e+00
  -7.57043345979220561048e+00
  -7.48346810732409295497e+00
</dep>
<dep d_phase frequency>
  +7.30999871118693249628e+01
  +7.33866030010485133062e+01
  +7.36721857888351081556e+01
  +7.39566826910026264841e+01
  +7.42400407185477035910e+01
  +7.45222067056090935466e+01
  +7.48031273379076537822e+01
  +7.50827491816882144349e+01
  +7.53610187131439062114e+01
  +7.56378823483014883777e+01
  +7.59132864733491459219e+01
  +7.61871774753866901619e+01
  +7.64595017735770312584e+01
  +7.67302058506819975037e+01
  +7.69992362849616256426e+01
  +7.72665397824185475883e+01
  +7.75320632093706478827e+01
  +7.77957536253325940834e+01
  +7.80575583161911907837e+01
  +7.83174248276572484428e+01
  +7.85753009989790314194e+01
  +7.88311349969031738283e+01
  +7.90848753498683549878e+01
  +7.93364709824202094524e+01
  +7.95858712498348523923e+01
  +7.98330259729408595604e+01
  +8.00778854731292284441e+01
  +8.03204006075436183210e+01
  +8.05605228044419163780e+01
  +8.07982040987234739760e+01
  +8.10333971676159876552e+01
  +8.12660553665168663429e+01
  +8.14961327649865978628e+01
  +8.17235841828898941230e+01
  +8.19483652266836628542e+01
  +8.21704323258510669348e+01
  +8.23897427694797102049e+01
  +8.26062547429863087700e+01
  +8.28199273649876914760e+01
  +8.30307207243197780144e+01
  +8.32385959172062541711e+01
  +8.34435150845799142871e+01
  +8.36454414495579499089e+01
  +8.38443393550735436293e+01
  +8.40401743016673634656e+01
  +8.42329129854386167153e+01
  +8.44225233361597702242e+01
  +8.46089745555535870380e+01
  +8.47922371557337299919e+01
  +8.49722829978084632785e+01
  +8.51490853306449508864e+01
  +8.53226188297909260427e+01
  +8.54928596365493120857e+01
  +8.56597853971997125200e+01
  +8.58233753023575189900e+01
  +8.59836101264611158967e+01
  +8.61404722673744345229e+01
  +8.62939457860884857610e+01
  +8.64440164465062679255e+01
  +8.65906717552874880539e+01
  +8.67339010017316809353e+01
  +8.68736952976709062568e+01
  +8.70100476173421384374e+01
  +8.71429528372051436236e+01
  +8.72724077756672045325e+01
  +8.73984112326737800913e+01
  +8.75209640291179340466e+01
  +8.76400690460186666542e+01
  +8.77557312634140771479e+01
  +8.78679577989095434987e+01
  +8.79767579458179369567e+01
  +8.80821432108239861236e+01
  +8.81841273510997183394e+01
  +8.82827264107945666183e+01
  +8.83779587568183160329e+01
  +8.84698451138303454400e+01
  +8.85584085983453945801e+01
  +8.86436747518609422514e+01
  +8.87256715729071743226e+01
  +8.88044295479166976293e+01
  +8.88799816808079157227e+01
  +8.89523635211720034022e+01
  +8.90216131909498784580e+01
  +8.90877714094835226888e+01
  +8.91508815168230768222e+01
  +8.92109894951694286647e+01
  +8.92681439883295695381e+01
  +8.93223963190610135143e+01
  +8.93738005041821992336e+01
  +8.94224132673233498281e+01
  +8.94682940491949239004e+01
  +8.95115050152501368075e+01
  +8.95521110606201773408e+01
  +8.95901798122043544481e+01
  +8.96257816277977354957e+01
  +8.96589895921445645399e+01
  +8.96898795098102112888e+01
  +8.97185298947669451763e+01
  +8.97450219565982649783e+01
  +8.97694395832295555238e+01
  +8.97918693201024638029e+01
  +8.98124003457162132236e+01
  +8.98311244434700455486e+01
  +8.98481359697469201819e+01
  +8.98635318181915891955e+01
  +8.98774113801438829796e+01
  +8.98898765012008880149e+01
  +8.99010314338911769028e+01
  +8.99109827864574526757e+01
  +8.99198394677555370436e+01
  +8.99277126282894130327e+01
  +8.99347155974159591096e+01
  +8.99409638167639116091e+01
  +8.99465747699268263204e+01
  +8.99516679084997008431e+01
  +8.99563645745443807300e+01
  +8.99607879195790189897e+01
  +8.99650628202010409495e+01
  +8.99693157904632414557e+01
  +8.99736748911349195623e+01
  +8.99782696359908982231e+01
  +8.99832308952807693458e+01
  +8.99886907965407090160e+01
  +8.99947826229186489400e+01
  +9.00016407091922303607e+01
  +9.00094003356636847002e+01
  +9.00181976201250790837e+01
  +9.00281694080894681065e+01
  +9.00394531614877564607e+01
  +9.00521868460351981867e+01
  +9.00665088174723962311e+01
  +9.00825577068843017514e+01
  +9.01004723053030431856e+01
  +9.01203914477960381646e+01
  +9.01424538972390223535e+01
  +9.01667982279690249925e+01
  +9.01935627095074607951e+01
  +9.02228851905356918905e+01
  +9.02549029833012070867e+01
  +9.02897527486204580782e+01
  +9.03275703816385373557e+01
  +9.03684908984936328125e+01
  +9.04126483240257812213e+01
  +9.04601755806555161143e+01
  +9.05112043785486548586e+01
  +9.05658651071703104662e+01
  +9.06242867283186797067e+01
  +9.06865966707159714133e+01
  +9.07529207262222996633e+01
  +9.08233829477245819817e+01
  +9.08981055487398919013e+01
  +9.09772088047602949246e+01
  +9.10608109563549987797e+01
  +9.11490281140314948516e+01
  +9.12419741648501769760e+01
  +9.13397606807715192190e+01
  +9.14424968287104888987e+01
  +9.15502892822586602506e+01
  +9.16632421350315667041e+01
  +9.17814568155871199906e+01
  +9.19050320038592758465e+01
  +9.20340635490430543086e+01
  +9.21686443888654025614e+01
  +9.23088644701734324372e+01
  +9.24548106707703425400e+01
  +9.26065667224302728755e+01
  +9.27642131350249599109e+01
  +9.29278271216965379153e+01
  +9.30974825250186768244e+01
  +9.32732497440899237517e+01
  +9.34551956625143134261e+01
  +9.36433835772306224499e+01
  +9.38378731281601119463e+01
  +9.40387202286600540901e+01
  +9.42459769967743170582e+01
  +9.44596916872926897213e+01
  +9.46799086246429624225e+01
  +9.49066681366552700183e+01
  +9.51400064892557111307e+01
  +9.53799558221647600931e+01
  +9.56265440856921031809e+01
  +9.58797949787423249290e+01
  +9.61397278881613601698e+01
  +9.64063578295771037574e+01
  +9.66796953899054472004e+01
  +9.69597466717151803550e+01
  +9.72465132396626188438e+01
  +9.75399920692302657699e+01
  +9.78401754980193061328e+01
  +9.81470511798675602222e+01
  +9.84606020420794720849e+01
  +9.87808062460736664434e+01
  +9.91076371517665677402e+01
  +9.94410632860265764066e+01
  +9.97810483155426481972e+01
  +1.00127551024463713247e+02
  +1.00480525297169918986e+02
  +1.00839920106545662293e+02
  +1.01205679508123665755e+02
  +1.01577742640470802371e+02
</dep>
<dep S31_phase frequency>
  -1.55640202962614637272e+02
  -1.56129638661274242395e+02
  -1.56621404728637060089e+02
  -1.57115506618641148862e+02
  -1.57611949314167901548e+02
  -1.58110737310204115147e+02
  -1.58611874596910240598e+02
  -1.59115364642622779456e+02
  -1.59621210376820016563e+02
  -1.60129414173079453576e+02
  -1.60639977832063493679e+02
  -1.61152902564565181365e+02
  -1.61668188974652593970e+02
  -1.62185837042951163767e+02
  -1.62705846110104829449e+02
  -1.63228214860459786451e+02
  -1.63752941306017135048e+02
  -1.64280022770701862100e+02
  -1.64809455874999230218e+02
  -1.65341236521009932403e+02
  -1.65875359877980230294e+02
  -1.66411820368363123634e+02
  -1.66950611654468758616e+02
  -1.67491726625766858660e+02
  -1.68035157386902625376e+02
  -1.68580895246491536454e+02
  -1.69128930706760115754e+02
  -1.69679253454099750797e+02
  -1.70231852350604697222e+02
  -1.70786715426664756023e+02
  -1.71343829874685070536e+02
  -1.71903182044005944817e+02
  -1.72464757437098683113e+02
  -1.73028540707109328878e+02
  -1.73594515656827951489e+02
  -1.74162665239157519181e+02
  -1.74732971559156965213e+02
  -1.75305415877733452135e+02
  -1.75879978617057048496e+02
  -1.76456639367770605986e+02
  -1.77035376898064384932e+02
  -1.77616169164685942405e+02
  -1.78198993325950311828e+02
  -1.78783825756814849228e+02
  -1.79370642066079852839e+02
  -1.79959417115769980455e+02
  -1.80550125042751830051e+02
  -1.81142739282634551046e+02
  -1.81737232595996260898e+02
  -1.82333577096975687937e+02
  -1.82931744284259821143e+02
  -1.83531705074493487473e+02
  -1.84133429838128222400e+02
  -1.84736888437723763445e+02
  -1.85342050268702877247e+02
  -1.85948884302556137982e+02
  -1.86557359132481934694e+02
  -1.87167443021438657524e+02
  -1.87779103952576747361e+02
  -1.88392309682007294214e+02
  -1.89007027793854319953e+02
  -1.89623225757527222868e+02
  -1.90240870987138038117e+02
  -1.90859930902977936285e+02
  -1.91480372994955047261e+02
  -1.92102164887885749067e+02
  -1.92725274408516327185e+02
  -1.93349669654145031927e+02
  -1.93975319062698559947e+02
  -1.94602191484106612052e+02
  -1.95230256252808203499e+02
  -1.95859483261208822569e+02
  -1.96489843033898921476e+02
  -1.97121306802432002314e+02
  -1.97753846580450300507e+02
  -1.98387435238935836423e+02
  -1.99022046581354885575e+02
  -1.99657655418455846075e+02
  -2.00294237642470136507e+02
  -2.00931770300460357248e+02
  -2.01570231666550967020e+02
  -2.02209601312772946358e+02
  -2.02849860178245990028e+02
  -2.03490990636420974624e+02
  -2.04132976560098910568e+02
  -2.04775803383943923563e+02
  -2.05419458164204485229e+02
  -2.06063929635358704218e+02
  -2.06709208263400739725e+02
  -2.07355286295489406712e+02
  -2.08002157805681264335e+02
  -2.08649818736481790893e+02
  -2.09298266935947083311e+02
  -2.09947502190086169094e+02
  -2.10597526250315809193e+02
  -2.11248342855735870671e+02
  -2.11899957750004261925e+02
  -2.12552378692603525678e+02
  -2.13205615464308920082e+02
  -2.13859679866681858584e+02
  -2.14514585715432559709e+02
  -2.15170348827513805645e+02
  -2.15826987001829451174e+02
  -2.16484519993460338583e+02
  -2.17142969481336990611e+02
  -2.17802359029307382343e+02
  -2.18462714040576770458e+02
  -2.19124061705519324050e+02
  -2.19786430942887704987e+02
  -2.20449852334474684312e+02
  -2.21114358053306943930e+02
  -2.21779981785477218637e+02
  -2.22446758645753277506e+02
  -2.23114725087123758840e+02
  -2.23783918804473671571e+02
  -2.24454378632607927102e+02
  -2.25126144438867584086e+02
  -2.25799257010612393515e+02
  -2.26473757937867929968e+02
  -2.27149689491460208046e+02
  -2.27827094496988109995e+02
  -2.28506016205003220421e+02
  -2.29186498157792840402e+02
  -2.29868584053178921067e+02
  -2.30552317605769104603e+02
  -2.31237742406109560989e+02
  -2.31924901778208806036e+02
  -2.32613838635913168673e+02
  -2.33304595338629241041e+02
  -2.33997213546895153513e+02
  -2.34691734078315477063e+02
  -2.35388196764374413306e+02
  -2.36086640308650601128e+02
  -2.36787102146954026693e+02
  -2.37489618309906035165e+02
  -2.38194223288479690837e+02
  -2.38900949903009802711e+02
  -2.39609829176174770282e+02
  -2.40320890210440580859e+02
  -2.41034160070443107315e+02
  -2.41749663670770132740e+02
  -2.42467423669583695300e+02
  -2.43187460368505384167e+02
  -2.43909791619162604093e+02
  -2.44634432736768445693e+02
  -2.45361396421082986308e+02
  -2.46090692685072042423e+02
  -2.46822328791551001359e+02
  -2.47556309198067964417e+02
  -2.48292635510248629771e+02
  -2.49031306443785695137e+02
  -2.49772317795227593251e+02
  -2.50515662421676665872e+02
  -2.51261330229473060172e+02
  -2.52009308171903995799e+02
  -2.52759580255936754156e+02
  -2.53512127557937475331e+02
  -2.54266928248299166171e+02
  -2.55023957624864550553e+02
  -2.55783188154993410990e+02
  -2.56544589526086156184e+02
  -2.57308128704340788317e+02
  -2.58073770001489435799e+02
  -2.58841475149221707852e+02
  -2.59611203380978338373e+02
  -2.60382911520766867852e+02
  -2.61156554078621354620e+02
  -2.61932083352308723079e+02
  -2.62709449534857924391e+02
  -2.63488600827470122567e+02
  -2.64269483557348792147e+02
  -2.65052042299977244966e+02
  -2.65836220005352515727e+02
  -2.66621958127684308693e+02
  -2.67409196758051450615e+02
  -2.68197874759510966669e+02
  -2.68987929904151428673e+02
  -2.69779299011583304946e+02
  -2.70571918088363759125e+02
  -2.71365722467861417044e+02
  -2.72160646950071964056e+02
  -2.72956625940913454542e+02
  -2.73753593590535842850e+02
  -2.74551483930203914952e+02
  -2.75350231007323543508e+02
  -2.76149769018204892745e+02
  -2.76950032438176151572e+02
  -2.77750956148684281288e+02
  -2.78552475561042911067e+02
  -2.79354526736513435026e+02
  -2.80157046502428840995e+02
  -2.80959972564099132342e+02
  -2.81763243612261931048e+02
  -2.82566799425869817242e+02
  -2.83370580970032392543e+02
  -2.84174530488960101593e+02
  -2.84978591593779583491e+02
  -2.85782709345121645583e+02
  -2.86586830330405348377e+02
  -2.87390902735765735088e+02
</dep>
<dep S21_phase frequency>
  -8.25402158507453123093e+01
  -8.27430356602257290888e+01
  -8.29492189398019519331e+01
  -8.31588239276385223775e+01
  -8.33719085956201979570e+01
  -8.35885306045950216003e+01
  -8.38087472590025868158e+01
  -8.40326154609345650215e+01
  -8.42601916636761103518e+01
  -8.44915318247779651983e+01
  -8.47266913587143477571e+01
  -8.49657250891784912028e+01
  -8.52086872010755627116e+01
  -8.54556311922691662630e+01
  -8.57066098251432038069e+01
  -8.59616750780412388622e+01
  -8.62208780966464871653e+01
  -8.64842691453692680170e+01
  -8.67518975588080394346e+01
  -8.70238116933526839603e+01
  -8.73000588790011988749e+01
  -8.75806853714599498062e+01
  -8.78657363046004036278e+01
  -8.81552556433466492081e+01
  -8.84492861370677729838e+01
  -8.87478692735506768940e+01
  -8.90510452336308873100e+01
  -8.93588528465561324765e+01
  -8.96713295461627808436e+01
  -8.99885113279412820475e+01
  -9.03104327070690828805e+01
  -9.06371266774890784745e+01
  -9.09686246721120852499e+01
  -9.13049565242194347547e+01
  -9.16461504301442886344e+01
  -9.19922329133064522466e+01
  -9.23432287896772550084e+01
  -9.26991611347471433646e+01
  -9.30600512520693570195e+01
  -9.34259186434508279717e+01
  -9.37967809808581307607e+01
  -9.41726540801060281183e+01
  -9.45535518763923619190e+01
  -9.49394864017413055990e+01
  -9.53304677644124893732e+01
  -9.57265041303313637400e+01
  -9.61276017065920598270e+01
  -9.65337647270809640077e+01
  -9.69449954402625309058e+01
  -9.73612940991672246582e+01
  -9.77826589536148702564e+01
  -9.82090862447025614301e+01
  -9.86405702015789103143e+01
  -9.90771030405240509253e+01
  -9.95186749663453582571e+01
  -9.99652741760950220851e+01
  -1.00416886865107500171e+02
  -1.00873497235350171763e+02
  -1.01335087506070479435e+02
  -1.01801637926719806160e+02
  -1.02273126792122639017e+02
  -1.02749530459856316611e+02
  -1.03230823369795899680e+02
  -1.03716978065772792661e+02
  -1.04207965219287842729e+02
  -1.04703753655211968976e+02
  -1.05204310379398393138e+02
  -1.05709600608126365273e+02
  -1.06219587799284482799e+02
  -1.06734233685197068553e+02
  -1.07253498306990266542e+02
  -1.07777340050384836445e+02
  -1.08305715682799203137e+02
  -1.08838580391637435696e+02
  -1.09375887823631984475e+02
  -1.09917590125105490984e+02
  -1.10463637983009490995e+02
  -1.11013980666594903823e+02
  -1.11568566069562962184e+02
  -1.12127340752543659619e+02
  -1.12690249985743051298e+02
  -1.13257237791600942955e+02
  -1.13828246987296111570e+02
  -1.14403219226937451936e+02
  -1.14982095043275833746e+02
  -1.15564813888774494899e+02
  -1.16151314175874915691e+02
  -1.16741533316297690703e+02
  -1.17335407759218540491e+02
  -1.17932873028166056883e+02
  -1.18533863756486340435e+02
  -1.19138313721231654085e+02
  -1.19746155875326905971e+02
  -1.20357322377881814646e+02
  -1.20971744622518073697e+02
  -1.21589353263591306131e+02
  -1.22210078240194050636e+02
  -1.22833848797836580502e+02
  -1.23460593507710655103e+02
  -1.24090240283452303061e+02
  -1.24722716395330095907e+02
  -1.25357948481797592422e+02
  -1.25995862558359405625e+02
  -1.26636384023713418401e+02
  -1.27279437663145401416e+02
  -1.27924947649163499364e+02
  -1.28572837539375882443e+02
  -1.29223030271628147148e+02
  -1.29875448156430252311e+02
  -1.30530012866719147269e+02
  -1.31186645425017530897e+02
  -1.31845266188061259527e+02
  -1.32505794828989365897e+02
  -1.33168150317196932519e+02
  -1.33832250895973970728e+02
  -1.34498014058063546372e+02
  -1.35165356519288565096e+02
  -1.35834194190411352565e+02
  -1.36504442147404688512e+02
  -1.37176014600325288484e+02
  -1.37848824860997211772e+02
  -1.38522785309722451075e+02
  -1.39197807361252131386e+02
  -1.39873801430260272127e+02
  -1.40550676896576874242e+02
  -1.41228342070445876288e+02
  -1.41906704158083726952e+02
  -1.42585669227823700567e+02
  -1.43265142177141484581e+02
  -1.43945026700859955326e+02
  -1.44625225260843080832e+02
  -1.45305639057490111554e+02
  -1.45986168003347557942e+02
  -1.46666710699157988529e+02
  -1.47347164412667012812e+02
  -1.48027425060510665844e+02
  -1.48707387193502341916e+02
  -1.49386943985639078392e+02
  -1.50065987227139373772e+02
  -1.50744407321822649237e+02
  -1.51422093289131595384e+02
  -1.52098932771090062488e+02
  -1.52774812044479602946e+02
  -1.53449616038507087978e+02
  -1.54123228358219790834e+02
  -1.54795531313912675841e+02
  -1.55466405956753362716e+02
  -1.56135732120835029946e+02
  -1.56803388471845664753e+02
  -1.57469252562524047789e+02
  -1.58133200895045803236e+02
  -1.58795108990467298327e+02
  -1.59454851465321667092e+02
  -1.60112302115441565320e+02
  -1.60767334007053818823e+02
  -1.61419819575165234937e+02
  -1.62069630729226986432e+02
  -1.62716638966040505920e+02
  -1.63360715489832983849e+02
  -1.64001731339406290999e+02
  -1.64639557522226880337e+02
  -1.65274065155297734009e+02
  -1.65905125612624033238e+02
  -1.66532610679048275415e+02
  -1.67156392710207995833e+02
  -1.67776344798336594977e+02
  -1.68392340943596394709e+02
  -1.69004256230612185163e+02
  -1.69611967009839247567e+02
  -1.70215351083380198816e+02
  -1.70814287894834478720e+02
  -1.71408658722746622516e+02
  -1.71998346877192403781e+02
  -1.72583237899024254602e+02
  -1.73163219761277133557e+02
  -1.73738183072218276948e+02
  -1.74308021279508466250e+02
  -1.74872630874928034928e+02
  -1.75431911599108047994e+02
  -1.75985766645696656951e+02
  -1.76534102864379860875e+02
  -1.77076830962171129613e+02
  -1.77613865702374482680e+02
  -1.78145126100626811194e+02
  -1.78670535617418096308e+02
  -1.79190022346489712390e+02
  -1.79703519198513532729e+02
  -1.80210964079454015518e+02
  -1.80712300063023604935e+02
  -1.81207475556645874804e+02
  -1.81696444460349368910e+02
  -1.82179166318025465898e+02
  -1.82655606460495363308e+02
  -1.83125736139843240835e+02
  -1.83589532654489744345e+02
  -1.84046979464496388346e+02
  -1.84498066296609664505e+02
  -1.84942789238575983291e+02
  -1.85381150822281682622e+02
  -1.85813160095294932717e+02
</dep>
<dep S[3,3] frequency>
  -5.73971034310318956040e-02+j4.51916621625908121462e-01
  -5.39456663693296950557e-02+j4.49837334452559911568e-01
  -5.05078287840086820326e-02+j4.47702130750172289098e-01
  -4.70847108962970523072e-02+j4.45510737257632849495e-01
  -4.36774536355600123683e-02+j4.43262903037900002357e-01
  -4.02872183223161595134e-02+j4.40958400468667965910e-01
  -3.69151863079594660944e-02+j4.38597026242423027043e-01
  -3.35625585696345540843e-02+j4.36178602374240109718e-01
  -3.02305552587537607057e-02+j4.33702977215539742240e-01
  -2.69204152016955106097e-02+j4.31170026471921541411e-01
  -2.36333953512673639041e-02+j4.28579654223002481928e-01
  -2.03707701875798230517e-02+j4.25931793942114278462e-01
  -1.71338310670524351931e-02+j4.23226409513534684859e-01
  -1.39238855183435317198e-02+j4.20463496244816603564e-01
  -1.07422564841044287931e-02+j4.17643081871622467993e-01
  -7.59028150754745278839e-03+j4.14765227552352733209e-01
  -4.46931186293636484308e-03+j4.11830028849719531614e-01
  -1.38071162924388590731e-03+j4.08837616696262506899e-01
  +1.67414329366394332155e-03+j4.05788158340721460959e-01
  +4.69386622677434028894e-03+j4.02681858272002535237e-01
  +7.67706081192359723886e-03+j3.99518959117395433545e-01
  +1.06223221701757797319e-02+j3.96299742511553587665e-01
  +1.35282381185231892484e-02+j3.93024529932685162681e-01
  +1.63933904446523226461e-02+j3.89693683502246424055e-01
  +1.92163562393034836884e-02+j3.86307606744395348741e-01
  +2.19957092855226077344e-02+j3.82866745301353228470e-01
  +2.47300215038602777540e-02+j3.79371587600754400782e-01
  +2.74178644523324077653e-02+j3.75822665471040984198e-01
  +3.00578108796883958220e-02+j3.72220554700883166088e-01
  +3.26484363302523561412e-02+j3.68565875538599763139e-01
  +3.51883207983310630773e-02+j3.64859293127560935233e-01
  +3.76760504298898624143e-02+j3.61101517873538890857e-01
  +4.01102192688887748684e-02+j3.57293305740024935702e-01
  +4.24894310453686752105e-02+j3.53435458467580621011e-01
  +4.48123010020645973217e-02+j3.49528823713356584513e-01
  +4.70774577560196250126e-02+j3.45574295107016205009e-01
  +4.92835451913191391338e-02+j3.41572812219428756375e-01
  +5.14292243787913549991e-02+j3.37525360440629640379e-01
  +5.35131755181596502347e-02+j3.33432970763731795216e-01
  +5.55340998978443578515e-02+j3.29296719471655008338e-01
  +5.74907218672797148962e-02+j3.25117727723786109628e-01
  +5.93817908163347951689e-02+j3.20897161039922829140e-01
  +6.12060831560962415043e-02+j3.16636228679138265196e-01
  +6.29624042950229223514e-02+j3.12336182911511550664e-01
  +6.46495906041888723781e-02+j3.07998318181015195982e-01
  +6.62665113651007831042e-02+j3.03623970158206579750e-01
  +6.78120706933260930516e-02+j2.99214514681763354975e-01
  +6.92852094309643617986e-02+j2.94771366588320260504e-01
  +7.06849070008212509997e-02+j2.90295978430520573710e-01
  +7.20101832149618314993e-02+j2.85789839083638141926e-01
  +7.32601000302232352457e-02+j2.81254472241634745355e-01
  +7.44337632431332218985e-02+j2.76691434804020086613e-01
  +7.55303241166654648620e-02+j2.72102315155415275250e-01
  +7.65489809311908631084e-02+j2.67488731340247587465e-01
  +7.74889804520403624455e-02+j2.62852329135588980158e-01
  +7.83496193061215262521e-02+j2.58194780025698122916e-01
  +7.91302452601500283524e-02+j2.53517779082407412883e-01
  +7.98302583931816134299e-02+j2.48823042756087797756e-01
  +8.04491121563513655879e-02+j2.44112306582486671136e-01
  +8.09863143129114226859e-02+j2.39387322811335345740e-01
  +8.14414277520014440181e-02+j2.34649857963177832509e-01
  +8.18140711698661093898e-02+j2.29901690321444807097e-01
  +8.21039196126568948664e-02+j2.25144607367343485560e-01
  +8.23107048753306813627e-02+j2.20380403165660321285e-01
  +8.24342157516879669998e-02+j2.15610875710087718238e-01
  +8.24742981310729039723e-02+j2.10837824237151832962e-01
  +8.24308549378293120569e-02+j2.06063046518292020126e-01
  +8.23038459102304886805e-02+j2.01288336140025642118e-01
  +8.20932872162180582443e-02+j1.96515479782533419861e-01
  +8.17992509040039172952e-02+j1.91746254507320190719e-01
  +8.14218641862666792086e-02+j1.86982425064888685418e-01
  +8.09613085574765745100e-02+j1.82225741233608434788e-01
  +8.04178187446109582481e-02+j1.77477935201139497279e-01
  +7.97916814923562145445e-02+j1.72740718999891296193e-01
  +7.90832341847065856122e-02+j1.68015782008077291243e-01
  +7.82928633057017875352e-02+j1.63304788527918298691e-01
  +7.74210027429027836110e-02+j1.58609375452509832050e-01
  +7.64681319380470236879e-02+j1.53931150032717456444e-01
  +7.54347738901849917958e-02+j1.49271687755327620017e-01
  +7.43214930174481980263e-02+j1.44632530343371479287e-01
  +7.31288928844355812231e-02+j1.40015183889281302765e-01
  +7.18576138030243283250e-02+j1.35421117131108048603e-01
  +7.05083303152169438288e-02+j1.30851759881618623371e-01
  +6.90817485674203035639e-02+j1.26308501619558699591e-01
  +6.75786035862703804433e-02+j1.21792690251811192015e-01
  +6.59996564668739460480e-02+j1.17305631054530790092e-01
  +6.43456914849453442962e-02+j1.12848585800674555690e-01
  +6.26175131449921429372e-02+j1.08422772080579182807e-01
  +6.08159431772562486529e-02+j1.04029362821460080735e-01
  +5.89418174966226948719e-02+j9.96694860108620767081e-02
  +5.69959831372078562506e-02+j9.53442246282166089300e-02
  +5.49792951766928106316e-02+j9.10546167877168965976e-02
  +5.28926136648607270185e-02+j8.68016560948022958266e-02
  +5.07368005710184810653e-02+j8.25862922175204239306e-02
  +4.85127167652209811965e-02+j7.84094316730543638982e-02
  +4.62212190483391183182e-02+j7.42719388286492004925e-02
  +4.38631572460808916158e-02+j7.01746371151397291266e-02
  +4.14393713820370990231e-02+j6.61183104502319901608e-02
  +3.89506889447926996084e-02+j6.21037048676029990180e-02
  +3.63979222639335409095e-02+j5.81315303468568911338e-02
  +3.37818660095814682354e-02+j5.42024628382961753958e-02
  +3.11032948297735867271e-02+j5.03171464754330888258e-02
  +2.83629611396229441844e-02+j4.64761959671355917578e-02
  +2.55615930757628895265e-02+j4.26801991602894503774e-02
  +2.26998926290329916533e-02+j3.89297197628772073674e-02
  +1.97785339678211158354e-02+j3.52253002164123751871e-02
  +1.67981619637673773582e-02+j3.15674647057518631410e-02
  +1.37593909308575401695e-02+j2.79567222934211934149e-02
  +1.06628035881457805534e-02+j2.43935701647390035252e-02
  +7.50895025548481420685e-03+j2.08784969692390187657e-02
  +4.29834829075356750216e-03+j1.74119862431338368047e-02
  +1.03148177613554548060e-03+j1.39945198968651762783e-02
  -2.29119854004275480541e-03+j1.06265817511487226099e-02
  -5.66927504044378860470e-03+j7.30866110436398375150e-03
  -9.10236277042694719164e-03+j4.04125631356744285938e-03
  -1.25901087011550394390e-02+j8.24878371036813495820e-04
  -1.61321907220227933610e-02-j2.33994554220395833966e-03
  -1.97283163616265022622e-02-j5.45266854467740813561e-03
  -2.33782212377000309100e-02-j8.51272060363134075445e-03
  -2.70816672377557354778e-02-j1.15195051643000589969e-02
  -3.08384404334614559140e-02-j1.44723958785370476754e-02
  -3.46483487331132600229e-02-j1.73707334520843970083e-02
  -3.85112192779268613929e-02-j2.02138226296470213672e-02
  -4.24268955891971832894e-02-j2.30009293367576250766e-02
  -4.63952344747564082716e-02-j2.57312779971380911626e-02
  -5.04161027045209042541e-02-j2.84040490438885184776e-02
  -5.44893734662638684618e-02-j3.10183766423660078893e-02
  -5.86149226140961765452e-02-j3.35733466420606307956e-02
  -6.27926247234793649676e-02-j3.60679947740967787873e-02
  -6.70223489678686279447e-02-j3.85013051102306991247e-02
  -7.13039548333755657250e-02-j4.08722087983621751306e-02
  -7.56372876890560874585e-02-j4.31795830885827180978e-02
  -8.00221742316189338373e-02-j4.54222506627539046598e-02
  -8.44584178244623257070e-02-j4.75989792794052624103e-02
  -8.89457937520196778580e-02-j4.97084817445029303329e-02
  -9.34840444113755747457e-02-j5.17494162172722482751e-02
  -9.80728744640165933655e-02-j5.37203868587869115547e-02
  -1.02711945971394186250e-01-j5.56199448295265630460e-02
  -1.07400873538700494803e-01-j5.74465896404278142384e-02
  -1.12139219491838568188e-01-j5.91987708603048667921e-02
  -1.16926489113080650517e-01-j6.08748901806758779820e-02
  -1.21762125961235895266e-01-j6.24733038372419502426e-02
  -1.26645507302403037553e-01-j6.39923253853129370139e-02
  -1.31575939677434139430e-01-j6.54302288245774965603e-02
  -1.36552654632185549444e-01-j6.67852520665946081113e-02
  -1.41574804636396656132e-01-j6.80556007364045978392e-02
  -1.46641459216652725317e-01-j6.92394522976245430090e-02
  -1.51751601328331597873e-01-j7.03349604883944656830e-02
  -1.56904123990719873705e-01-j7.13402600535370523538e-02
  -1.62097827208588285419e-01-j7.22534717563379502714e-02
  -1.67331415202440603185e-01-j7.30727076514274542784e-02
  -1.72603493968457311070e-01-j7.37960765984077837754e-02
  -1.77912569187709090901e-01-j7.44216899940929599300e-02
  -1.83257044502687010956e-01-j7.49476676995536883474e-02
  -1.88635220177478218906e-01-j7.53721441365949873514e-02
  -1.94045292156046988996e-01-j7.56932745268845130759e-02
  -1.99485351531077326204e-01-j7.59092412456119358666e-02
  -2.04953384433723850844e-01-j7.60182602604979329453e-02
  -2.10447272352362962922e-01-j7.60185876259426296375e-02
  -2.15964792886113310377e-01-j7.59085260013860341211e-02
  -2.21503620936469136637e-01-j7.56864311623364760528e-02
  -2.27061330337909456079e-01-j7.53507184721714518005e-02
  -2.32635395925839594256e-01-j7.48998692826458312144e-02
  -2.38223196037630091659e-01-j7.43324372310924241791e-02
  -2.43822015440017553223e-01-j7.36470544025980833336e-02
  -2.49429048673556863491e-01-j7.28424373259248802981e-02
  -2.55041403802324206929e-01-j7.19173927726715900288e-02
  -2.60656106554646549434e-01-j7.08708233301214018951e-02
  -2.66270104838268073522e-01-j6.97017327193915625649e-02
  -2.71880273611108391751e-01-j6.84092308318425823543e-02
  -2.77483420086645449221e-01-j6.69925384582822081025e-02
  -2.83076289250974333367e-01-j6.54509916872602348636e-02
  -2.88655569666736278034e-01-j6.37840459506396340039e-02
  -2.94217899537507709962e-01-j6.19912796967305446127e-02
  -2.99759873004732835255e-01-j6.00723976734744147254e-02
  -3.05278046648049361522e-01-j5.80272338064908022037e-02
  -3.10768946158813175185e-01-j5.58557536592319547886e-02
  -3.16229073155792961280e-01-j5.35580564650017521000e-02
  -3.21654912111414947873e-01-j5.11343767231240142745e-02
  -3.27042937356588458986e-01-j4.85850853541743565867e-02
  -3.32389620131972762795e-01-j4.59106904117515257635e-02
  -3.37691435653700633424e-01-j4.31118373508682928286e-02
  -3.42944870161830617228e-01-j4.01893088555797250994e-02
  -3.48146427920410395096e-01-j3.71440242309615253902e-02
  -3.53292638138738179787e-01-j3.39770383669600328780e-02
  -3.58380061784398740166e-01-j3.06895402839392483774e-02
  -3.63405298259788345216e-01-j2.72828512719752447335e-02
  -3.68364991915146933188e-01-j2.37584226379743412849e-02
  -3.73255838372644865863e-01-j2.01178330766536850316e-02
  -3.78074590637629881495e-01-j1.63627856831315421360e-02
  -3.82818064974948857326e-01-j1.24951046265303622462e-02
  -3.87483146530073818692e-01-j8.51673150533199807555e-03
  -3.92066794676725838276e-01-j4.42972140650932377781e-03
  -3.96566048074688093372e-01-j2.36238691461027050522e-04
  -4.00978029423564752420e-01+j4.06144746736489259398e-03
  -4.05299949900331135666e-01+j8.46096777463495319793e-03
  -4.09529113270611422326e-01+j1.29598577000754056066e-02
  -4.13662919665717332407e-01+j1.75555625409467702669e-02
  -4.17698869019560437010e-01+j2.22454426336830546340e-02
  -4.21634564161545211114e-01+j2.70267786894053119173e-02
</dep>
<dep S[3,2] frequency>
  -2.61098254604438029247e-01-j2.28263195267005114530e-01
  -2.62168483399640717124e-01-j2.25131085855874074619e-01
  -2.63199903846848604072e-01-j2.21968239768967817716e-01
  -2.64191423209623188484e-01-j2.18774957128091002145e-01
  -2.65141935326270838935e-01-j2.15551569209640248026e-01
  -2.66050321200734962712e-01-j2.12298439525283932916e-01
  -2.66915449645435676196e-01-j2.09015964909997464805e-01
  -2.67736177977831002472e-01-j2.05704576615582168664e-01
  -2.68511352772446587611e-01-j2.02364741407642989568e-01
  -2.69239810670068691056e-01-j1.98996962663888526945e-01
  -2.69920379245755848174e-01-j1.95601781471412605740e-01
  -2.70551877937258211659e-01-j1.92179777720534461505e-01
  -2.71133119035371072947e-01-j1.88731571192569835826e-01
  -2.71662908737671182635e-01-j1.85257822638778379964e-01
  -2.72140048266981460223e-01-j1.81759234847574918659e-01
  -2.72563335055822530961e-01-j1.78236553696934252322e-01
  -2.72931563997988235748e-01-j1.74690569188771016584e-01
  -2.73243528768248644667e-01-j1.71122116461925932729e-01
  -2.73498023211067031735e-01-j1.67532076780233130098e-01
  -2.73693842799037523328e-01-j1.63921378492008995575e-01
  -2.73829786161606802963e-01-j1.60290997957149072839e-01
  -2.73904656684448466475e-01-j1.56641960437891414326e-01
  -2.73917264179685482350e-01-j1.52975340949182081474e-01
  -2.73866426626924508447e-01-j1.49292265064428358867e-01
  -2.73750971984872082388e-01-j1.45593909672349364204e-01
  -2.73569740073055900353e-01-j1.41881503680496789954e-01
  -2.73321584522926319671e-01-j1.38156328660939631270e-01
  -2.73005374797368971507e-01-j1.34419719433534035069e-01
  -2.72619998277374708806e-01-j1.30673064582106646103e-01
  -2.72164362414329952244e-01-j1.26917806898853180453e-01
  -2.71637396946111664420e-01-j1.23155443752203136443e-01
  -2.71038056174848218660e-01-j1.19387527373382928975e-01
  -2.70365321303905836725e-01-j1.15615665056909927566e-01
  -2.69618202831331532643e-01-j1.11841519270274830644e-01
  -2.68795742996658315604e-01-j1.08066807668097453199e-01
  -2.67897018277640786010e-01-j1.04293303006114862486e-01
  -2.66921141933144978609e-01-j1.00522832950435458965e-01
  -2.65867266588083572820e-01-j9.67572797776130588687e-02
  -2.64734586855938314187e-01-j9.29985799612205732423e-02
  -2.63522341994055386838e-01-j8.92487236407597528398e-02
  -2.62229818586583063311e-01-j8.55097539689490260262e-02
  -2.60856353249570016573e-01-j8.17837663336148656956e-02
  -2.59401335352407669266e-01-j7.80729074506827103175e-02
  -2.57864209749487094392e-01-j7.43793743250110439558e-02
  -2.56244479515636724987e-01-j7.07054130761077814782e-02
  -2.54541708678600875349e-01-j6.70533176261154384434e-02
  -2.52755524941540465900e-01-j6.34254282477540176632e-02
  -2.50885622388282325534e-01-j5.98241299703325124515e-02
  -2.48931764163797142331e-01-j5.62518508423180130240e-02
  -2.46893785122171804947e-01-j5.27110600493601588745e-02
  -2.44771594434150807640e-01-j4.92042658871495175443e-02
  -2.42565178146148419103e-01-j4.57340135889309218342e-02
  -2.40274601682521682378e-01-j4.23028830079809348153e-02
  -2.37900012282764666827e-01-j3.89134861558734501674e-02
  -2.35441641365238818473e-01-j3.55684645978667224320e-02
  -2.32899806809017340115e-01-j3.22704867072758916358e-02
  -2.30274915145421699147e-01-j2.90222447812414907631e-02
  -2.27567463650880374981e-01-j2.58264520208389969369e-02
  -2.24778042332829885996e-01-j2.26858393790354551101e-02
  -2.21907335800479776911e-01-j1.96031522805470148629e-02
  -2.18956125012476826575e-01-j1.65811472181903729606e-02
  -2.15925288893653588573e-01-j1.36225882308671775167e-02
  -2.12815805813353853271e-01-j1.07302432688459181698e-02
  -2.09628754918077281344e-01-j7.90688045253024052172e-03
  -2.06365317311543061685e-01-j5.15526423138620848441e-03
  -2.03026777075627107294e-01-j2.47815145017940552385e-03
  -1.99614522126052046369e-01+j1.21712669859108668646e-04
  -1.96130044897132871373e-01+j2.64159862691668023693e-03
  -1.92574942850383207249e-01+j5.07879680312040004964e-03
  -1.88950918802278988728e-01+j7.43062168890526453247e-03
  -1.85259781067013989952e-01+j9.69441615813820822822e-03
  -1.81503443410659465185e-01+j1.18675557846391888095e-02
  -1.77683924813703153500e-01+j1.39474531904686671613e-02
  -1.73803349039555576905e-01+j1.59315624162040259115e-02
  -1.69863944007227318789e-01+j1.78173833032466422122e-02
  -1.65868040966996255214e-01+j1.96024658781288330101e-02
  -1.61818073478522450603e-01+j2.12844147287311880046e-02
  -1.57716576191487878322e-01+j2.28608933623326293638e-02
  -1.53566183429480140887e-01+j2.43296285354387409328e-02
  -1.49369627578428837422e-01+j2.56884145454819023957e-02
  -1.45129737281545184713e-01+j2.69351174745752208750e-02
  -1.40849435443263559797e-01+j2.80676793757552722752e-02
  -1.36531737045280182619e-01+j2.90841223923266889440e-02
  -1.32179746778300688526e-01+j2.99825528012525599486e-02
  -1.27796656493634031015e-01+j3.07611649718263491238e-02
  -1.23385742479233034841e-01+j3.14182452312219695489e-02
  -1.18950362565235959189e-01+j3.19521756289069536194e-02
  -1.14493953064440795453e-01+j3.23614375923269026458e-02
  -1.10020025553530104157e-01+j3.26446154667106580582e-02
  -1.05532163501146802886e-01+j3.28003999322884209899e-02
  -1.01034018749222076483e-01+j3.28275912927289414966e-02
  -9.65293078541319266028e-02+j3.27251026290580337985e-02
  -9.20218082944864734785e-02+j3.24919628138319593891e-02
  -8.75153545524287312940e-02+j3.21273193808272183869e-02
  -8.30138340754302400670e-02+j3.16304412460070571989e-02
  -7.85211831255937658947e-02+j3.10007212759838002292e-02
  -7.40413825234442907197e-02+j3.02376787007151981435e-02
  -6.95784532931681687362e-02+j2.93409613675302827218e-02
  -6.51364522161212156082e-02+j2.83103478341134584539e-02
  -6.07194672993277700934e-02+j2.71457492983794568264e-02
  -5.63316131655128699007e-02+j2.58472113635921652008e-02
  -5.19770263710103153088e-02+j2.44149156373818509991e-02
  -4.76598606576794647793e-02+j2.28491811636201969105e-02
  -4.33842821447164989079e-02+j2.11504656863574780346e-02
  -3.91544644659875956672e-02+j1.93193667452292716646e-02
  -3.49745838582639911873e-02+j1.73566226019087055388e-02
  -3.08488142054388903013e-02+j1.52631129972983781151e-02
  -2.67813220435719756551e-02+j1.30398597392125670247e-02
  -2.27762615313252259064e-02+j1.06880271203488863563e-02
  -1.88377693901109755092e-02+j8.20892216631030624541e-03
  -1.49699598180522974733e-02+j5.60399471337175159036e-03
  -1.11769193816387835128e-02+j2.87483731562163113971e-03
  -7.46270188879799567516e-03+j2.31849808976503091174e-05
  -3.83132324695725778874e-03-j2.94908526516687863328e-03
  -2.86756309560570743500e-04-j6.03995498792136986665e-03
  +3.16707428552309711023e-03-j9.24726512647061626993e-03
  +6.52629728231407524319e-03-j1.25687169518224894915e-02
  +9.78709997428220401794e-03-j1.60018732021276477440e-02
  +1.29457333696357812514e-02-j1.95441593969245819284e-02
  +1.59985173506013156342e-02-j2.31928653326689548919e-02
  +1.89418458228191310955e-02-j2.69451467620238638290e-02
  +2.17721918506432465801e-02-j3.07980272597077886498e-02
  +2.44861127738566497491e-02-j3.47484002779111234016e-02
  +2.70802553008898938547e-02-j3.87930313945196447722e-02
  +2.95513605732188322506e-02-j4.29285607575637662148e-02
  +3.18962691950914201122e-02-j4.71515057294612238703e-02
  +3.41119262222128183382e-02-j5.14582637347006932593e-02
  +3.61953861023989464929e-02-j5.58451153146592160770e-02
  +3.81438175606058638145e-02-j6.03082273932148554829e-02
  +3.99545084200313149747e-02-j6.48436567567129557021e-02
  +4.16248703503240002899e-02-j6.94473537516827887917e-02
  +4.31524435331972211483e-02-j7.41151662034200964246e-02
  +4.45349012350092776646e-02-j7.88428435582455011676e-02
  +4.57700542751434402700e-02-j8.36260412517745854721e-02
  +4.68558553783013087557e-02-j8.84603253050341431507e-02
  +4.77904033980803832904e-02-j9.33411771496347186794e-02
  +4.85719473985535277194e-02-j9.82639986824746930472e-02
  +4.91988905799006503994e-02-j1.03224117549653035542e-01
  +4.96697940335519561028e-02-j1.08216792658337904176e-01
  +4.99833803117600838917e-02-j1.13237219914356104788e-01
  +5.01385367960618943961e-02-j1.18280538182147870740e-01
  +5.01343188487049229440e-02-j1.23341835462574808679e-01
  +4.99699527308226643108e-02-j1.28416155282801036641e-01
  +4.96448382709821223191e-02-j1.33498503291145820260e-01
  +4.91585512676263880483e-02-j1.38583854048425686445e-01
  +4.85108456090379835945e-02-j1.43667158005853279334e-01
  +4.77016550946006145928e-02-j1.48743348658097962467e-01
  +4.67310949414987131245e-02-j1.53807349858606140502e-01
  +4.55994629614472068990e-02-j1.58854083282768954177e-01
  +4.43072403926890179271e-02-j1.63878476023013280871e-01
  +4.28550923732664568178e-02-j1.68875468298383429877e-01
  +4.12438680425134263086e-02-j1.73840021259757976368e-01
  +3.94746002587985922450e-02-j1.78767124870393839808e-01
  +3.75485049227912703884e-02-j1.83651805840172988038e-01
  +3.54669798969076965900e-02-j1.88489135590658080099e-01
  +3.32316035131375031586e-02-j1.93274238226917527417e-01
  +3.08441326630729539815e-02-j1.98002298491006645254e-01
  +2.83065004658166474716e-02-j2.02668569671115822439e-01
  +2.56208135112699075808e-02-j2.07268381439599053140e-01
  +2.27893486783551368902e-02-j2.11797147592516277204e-01
  +1.98145495297839813187e-02-j2.16250373662857792167e-01
  +1.66990222871389593085e-02-j2.20623664379389489154e-01
  +1.34455313922383634662e-02-j2.24912730942989302907e-01
  +1.00569946629746331812e-02-j2.29113398092456510557e-01
  +6.53647805408408277827e-03-j2.33221610932154599372e-01
  +2.88719003550877428843e-03-j2.37233441494353158863e-01
  -8.87524396762623402068e-04-j2.41145095009896226479e-01
  -4.78419006034178084796e-03-j2.44952915861781417295e-01
  -8.79920825746613455287e-03-j2.48653393197382222013e-01
  -1.29288637562868236053e-02-j2.52243166176384592259e-01
  -1.71693320594650256083e-02-j2.55719028833049311089e-01
  -2.15166869353173584312e-02-j2.59077934533111675641e-01
  -2.59669081852135497090e-02-j2.62317000007488199120e-01
  -3.05158896194618334263e-02-j2.65433508946981588927e-01
  -3.51594472126675883228e-02-j2.68424915144307996151e-01
  -3.98933274085019884403e-02-j2.71288845172016013230e-01
  -4.47132155429419420045e-02-j2.74023100587220569402e-01
  -4.96147443544160404727e-02-j2.76625659656481615034e-01
  -5.45935025488239189517e-02-j2.79094678596603695819e-01
  -5.96450433872292018478e-02-j2.81428492329658885840e-01
  -6.47648932639877661366e-02-j2.83625614752983035149e-01
  -6.99485602433535247346e-02-j2.85684738527422432686e-01
  -7.51915425229952305575e-02-j2.87604734389495853009e-01
  -8.04893367935683168302e-02-j2.89384649995575948811e-01
  -8.58374464643046619639e-02-j2.91023708308440931525e-01
  -9.12313897256549766190e-02-j2.92521305538789633260e-01
  -9.66667074212560206714e-02-j2.93877008656389049346e-01
  -1.02138970702872422525e-01-j2.95090552487469959253e-01
  -1.07643788443534171861e-01-j2.96161836416825086093e-01
  -1.13176814385786625450e-01-j2.97090920714678796699e-01
  -1.18733754003720035075e-01-j2.97878022509925011185e-01
  -1.24310371059436208796e-01-j2.98523511432599975013e-01
  -1.29902493836508203806e-01-j2.99027904949608624996e-01
  -1.35506021035097901084e-01-j2.99391863418638437544e-01
  -1.41116927315451445857e-01-j2.99616184885965752827e-01
  -1.46731268478624277130e-01-j2.99701799654397249562e-01
  -1.52345186275398336573e-01-j2.99649764647971550424e-01
  -1.57954912836461347503e-01-j2.99461257600223240694e-01
  -1.63556774719019692999e-01-j2.99137571092836174191e-01
  -1.69147196567005164702e-01-j2.98680106471325035322e-01
</dep>
<dep S[3,1] frequency>
  -5.90326772762787221893e-01-j2.67284808336588186606e-01
  -5.93523269233562911218e-01-j2.62646078168532581820e-01
  -5.96691917250853576249e-01-j2.57947035451249806481e-01
  -5.99831524438916297015e-01-j2.53187471500862737450e-01
  -6.02940877688622922648e-01-j2.48367200621632977509e-01
  -6.06018743475997823111e-01-j2.43486061101403805651e-01
  -6.09063868224066995438e-01-j2.38543916216500118122e-01
  -6.12074978709588934933e-01-j2.33540655244436928806e-01
  -6.15050782516157301671e-01-j2.28476194482651107087e-01
  -6.17989968535165079544e-01-j2.23350478271384988993e-01
  -6.20891207516019560941e-01-j2.18163480018640776326e-01
  -6.23753152666979282515e-01-j2.12915203225065630122e-01
  -6.26574440307890556667e-01-j2.07605682506445038404e-01
  -6.29353690576030411208e-01-j2.02234984611364743134e-01
  -6.32089508186157944536e-01-j1.96803209431453463019e-01
  -6.34780483245779958423e-01-j1.91310491001496940644e-01
  -6.37425192126540585136e-01-j1.85756998486569457896e-01
  -6.40022198392460550664e-01-j1.80142937153192711497e-01
  -6.42570053785707084870e-01-j1.74468549321421001475e-01
  -6.45067299270313920800e-01-j1.68734115294610909075e-01
  -6.47512466134204878188e-01-j1.62939954263515263122e-01
  -6.49904077149625503118e-01-j1.57086425181225119996e-01
  -6.52240647791952010692e-01-j1.51173927605410068908e-01
  -6.54520687516597865496e-01-j1.45202902504140612949e-01
  -6.56742701093565806048e-01-j1.39173833021561221823e-01
  -6.58905189998930218565e-01-j1.33087245199557197006e-01
  -6.61006653862317383741e-01-j1.26943708651498676776e-01
  -6.63045591969197545268e-01-j1.20743837184123209427e-01
  -6.65020504816530633185e-01-j1.14488289363528852882e-01
  -6.66929895720035803564e-01-j1.08177769021267938809e-01
  -6.68772272471084505696e-01-j1.01813025696510336959e-01
  -6.70546149040911032557e-01-j9.53948550102591275035e-02
  -6.72250047329542077534e-01-j8.89240989676176457612e-02
  -6.73882498956533515511e-01-j8.24016461842020375705e-02
  -6.75442047090293096190e-01-j7.58284320328098115915e-02
  -6.76927248312463536450e-01-j6.92054387066038251275e-02
  -6.78336674513491999505e-01-j6.25336951951602770805e-02
  -6.79668914815224622927e-01-j5.58142771698955514337e-02
  -6.80922577516026916733e-01-j4.90483067755426091483e-02
  -6.82096292053618658002e-01-j4.22369523245558764479e-02
  -6.83188710980485613966e-01-j3.53814278915585977980e-02
  -6.84198511946483955981e-01-j2.84829928051763756058e-02
  -6.85124399682871754180e-01-j2.15429510349079249287e-02
  -6.85965107981781230251e-01-j1.45626504709755674738e-02
  -6.86719401664875439550e-01-j7.54348209544071848787e-03
  -6.87386078534645506011e-01-j4.86879043250332960158e-04
  -6.87963971301607690734e-01+j6.60568444776519700379e-03
  -6.88451949480431091288e-01+j1.37326941984712465328e-02
  -6.88848921247847356675e-01+j2.08925973616662721821e-02
  -6.89153835255039926011e-01+j2.80838038066348015531e-02
  -6.89365682387079958815e-01+j3.53046876141354659673e-02
  -6.89483497461860994626e-01+j4.25535886804637303316e-02
  -6.89506360860975719973e-01+j4.98288144286806455874e-02
  -6.89433400084881853331e-01+j5.71286416245841907613e-02
  -6.89263791224784538869e-01+j6.44513182944047996470e-02
  -6.88996760343684844230e-01+j7.17950657406667136495e-02
  -6.88631584759138437590e-01+j7.91580806520649354896e-02
  -6.88167594220443712416e-01+j8.65385373026372473060e-02
  -6.87604171973137612284e-01+j9.39345898349171898323e-02
  -6.86940755703913774610e-01+j1.01344374621182731211e-01
  -6.86176838359397356371e-01+j1.08766012696341854427e-01
  -6.85311968832485352010e-01+j1.16197612255429238992e-01
  -6.84345752510401750257e-01+j1.23637271208144244872e-01
  -6.83277851678979031291e-01+j1.31083079782325861995e-01
  -6.82107985778219960693e-01+j1.38533123167758842609e-01
  -6.80835931504646607593e-01+j1.45985484191230030504e-01
  -6.79461522756563462977e-01+j1.53438246013274270929e-01
  -6.77984650418924639226e-01+j1.60889494836689073143e-01
  -6.76405261985165928706e-01+j1.68337322616469109438e-01
  -6.74723361014059275220e-01+j1.75779829760507821934e-01
  -6.72939006420306462530e-01+j1.83215127810127609287e-01
  -6.71052311598429929163e-01+j1.90641342089252208147e-01
  -6.69063443380223166201e-01+j1.98056614310864687045e-01
  -6.66972620826848716646e-01+j2.05459105129261132561e-01
  -6.64780113857512677811e-01+j2.12846996626543105702e-01
  -6.62486241717457735589e-01+j2.20218494721793778268e-01
  -6.60091371288873407508e-01+j2.27571831491417270188e-01
  -6.57595915249179485684e-01+j2.34905267389279359680e-01
  -6.55000330081981108066e-01+j2.42217093355416801526e-01
  -6.52305113946849535189e-01+j2.49505632802396210002e-01
  -6.49510804414934916906e-01+j2.56769243468663754815e-01
  -6.46617976078201039947e-01+j2.64006319128653910155e-01
  -6.43627238040916926920e-01+j2.71215291149831005946e-01
  -6.40539231302796885359e-01+j2.78394629887388334044e-01
  -6.37354626043915573064e-01+j2.85542845907861053689e-01
  -6.34074118822261834083e-01+j2.92658491033572387696e-01
  -6.30698429695436102449e-01+j2.99740159200499789449e-01
  -6.27228299278629108926e-01+j3.06786487122898465785e-01
  -6.23664485751614483533e-01+j3.13796154758809286989e-01
  -6.20007761827955028444e-01+j3.20767885571421440538e-01
  -6.16258911700158673597e-01+j3.27700446582125937134e-01
  -6.12418727974842980188e-01+j3.34592648212060195245e-01
  -6.08488008612380282258e-01+j3.41443343909829999383e-01
  -6.04467553885715047635e-01+j3.48251429564161885111e-01
  -6.00358163373263753471e-01+j3.55015842701178807594e-01
  -5.96160633000961892591e-01+j3.61735561467066646379e-01
  -5.91875752148572464861e-01+j3.68409603397942708725e-01
  -5.87504300835322235130e-01+j3.75037023979743699975e-01
  -5.83047046999930707045e-01+j3.81616915002095824505e-01
  -5.78504743889862282913e-01+j3.88148402711108064800e-01
  -5.73878127574442342684e-01+j3.94630645767135523894e-01
  -5.69167914596164226104e-01+j4.01062833014586894720e-01
  -5.64374799774127744456e-01+j4.07444181071874633737e-01
  -5.59499454173136512303e-01+j4.13773931750633816584e-01
  -5.54542523251391639150e-01+j4.20051349314295885407e-01
  -5.49504625199238150302e-01+j4.26275717587085489768e-01
  -5.44386349480660003408e-01+j4.32446336925416063846e-01
  -5.39188255588563425391e-01+j4.38562521064544186267e-01
  -5.33910872024104588007e-01+j4.44623593854193921437e-01
  -5.28554695509447114432e-01+j4.50628885897659703375e-01
  -5.23120190442444732426e-01+j4.56577731109633622175e-01
  -5.17607788600829232806e-01+j4.62469463208714182123e-01
  -5.12017889102398648937e-01+j4.68303412161189869245e-01
  -5.06350858626711475274e-01+j4.74078900593239871419e-01
  -5.00607031902685961633e-01+j4.79795240189283989096e-01
  -4.94786712465276390382e-01+j4.85451728094556500537e-01
  -4.88890173683346973554e-01+j4.91047643340471351436e-01
  -4.82917660059508646597e-01+j4.96582243311561977173e-01
  -4.76869388801523796939e-01+j5.02054760273076938759e-01
  -4.70745551663540706677e-01+j5.07464397978408032763e-01
  -4.64546317054156776560e-01+j5.12810328375666868439e-01
  -4.58271832406945911487e-01+j5.18091688432645858242e-01
  -4.51922226807755789135e-01+j5.23307577099356491246e-01
  -4.45497613871735198554e-01+j5.28457052427110607340e-01
  -4.38998094861671406264e-01+j5.33539128862866585123e-01
  -4.32423762037875136777e-01+j5.38552774737165229624e-01
  -4.25774702228475909749e-01+j5.43496909963513408215e-01
  -4.19051000607673862497e-01+j5.48370403966529695872e-01
  -4.12252744668137660611e-01+j5.53172073855485946225e-01
  -4.05380028372463452335e-01+j5.57900682859102770017e-01
  -3.98432956467326793160e-01+j5.62554939036630230476e-01
  -3.91411648942738166213e-01+j5.67133494279229655177e-01
  -3.84316245617628005071e-01+j5.71634943614662049960e-01
  -3.77146910831865966873e-01+j5.76057824827061359940e-01
  -3.69903838223758107961e-01+j5.80400618402356682779e-01
  -3.62587255571080180339e-01+j5.84661747808523202252e-01
  -3.55197429672799547262e-01+j5.88839580118381777929e-01
  -3.47734671247830084972e-01+j5.92932426981145344058e-01
  -3.40199339826443347690e-01+j5.96938545947246823609e-01
  -3.32591848609373352819e-01+j6.00856142149329697233e-01
  -3.24912669269139753325e-01+j6.04683370340428849588e-01
  -3.17162336667800304202e-01+j6.08418337288611943414e-01
  -3.09341453465072135920e-01+j6.12059104525361719062e-01
  -3.01450694590722489963e-01+j6.15603691443118217208e-01
  -2.93490811555175867831e-01+j6.19050078735345010728e-01
  -2.85462636572522021616e-01+j6.22396212170545082287e-01
  -2.77367086470499901729e-01+j6.25640006689579419863e-01
  -2.69205166362570746941e-01+j6.28779350813668536091e-01
  -2.60977973057938239521e-01+j6.31812111348451832527e-01
  -2.52686698186233904551e-01+j6.34736138367510749347e-01
  -2.44332631014704371175e-01+j6.37549270456847727573e-01
  -2.35917160936885833555e-01+j6.40249340199978145272e-01
  -2.27441779613231143120e-01+j6.42834179881507816745e-01
  -2.18908082745676468850e-01+j6.45301627385399090286e-01
  -2.10317771469839348564e-01+j6.47649532262562832585e-01
  -2.01672653350427222296e-01+j6.49875761941010932077e-01
  -1.92974642967424170337e-01+j6.51978208050450591671e-01
  -1.84225762082756094884e-01+j6.53954792832170950234e-01
  -1.75428139379359970818e-01+j6.55803475603998098364e-01
  -1.66584009766932411578e-01+j6.57522259249433638217e-01
  -1.57695713251045088743e-01+j6.59109196699428689925e-01
  -1.48765693364806939059e-01+j6.60562397374920950988e-01
  -1.39796495164737244465e-01+j6.61880033558087887968e-01
  -1.30790762795139570152e-01+j6.63060346660309773981e-01
  -1.21751236627747005947e-01+j6.64101653355164911474e-01
  -1.12680749985971523364e-01+j6.65002351545217029738e-01
  -1.03582225465625343830e-01+j6.65760926132140218314e-01
  -9.44586708663528451524e-02+j6.66375954560629146783e-01
  -8.53131747504292520246e-02+j6.66846112107743582698e-01
  -7.61489016477874952615e-02+j6.67170176890663491065e-01
  -6.69690869283081635643e-02+j6.67347034567420616114e-01
  -5.77770313643507504864e-02+j6.67375682706930151156e-01
  -4.85760954083789206481e-02+j6.67255234806526154046e-01
  -3.93696932121444034824e-02+j6.66984923937330886901e-01
  -3.01612864153804061118e-02+j6.66564105999970957228e-01
  -2.09543777332156754001e-02+j6.65992262575476168251e-01
  -1.17525043725408250006e-02+j6.65269003358665012016e-01
  -2.55923130841752624609e-03+j6.64394068163779882852e-01
  +6.62185554781244065103e-03+j6.63367328494715691178e-01
  +1.57871562566843301467e-02+j6.62188788674793027411e-01
  +2.49330638028481370305e-02+j6.60858586533581648936e-01
  +3.40559710593524508915e-02+j6.59376993650916176648e-01
  +4.31522777321791534133e-02+j6.57744415160750550697e-01
  +5.22183972538712570799e-02+j6.55961389120025106791e-01
  +6.12507635957748597377e-02+j6.54028585450106891841e-01
  +7.02458379694140544469e-02+j6.51946804460695528149e-01
  +7.92001153886621456213e-02+j6.49716974968283622616e-01
  +8.81101310656613179173e-02+j6.47340152023313852858e-01
  +9.69724666149781450164e-02+j6.44817514262139512837e-01
  +1.05783756042051688140e-01+j6.42150360901579952966e-01
  +1.14540691493764917874e-01+j6.39340108395556661058e-01
  +1.23240028750826915993e-01+j6.36388286774611344754e-01
  +1.31878592443587072669e-01+j6.33296535690403006313e-01
  +1.40453280974908889522e-01+j6.30066600188280756534e-01
  +1.48961071135792461062e-01+j6.26700326231908189101e-01
  +1.57399022401537275195e-01+j6.23199656004534530140e-01
  +1.65764280898296256783e-01+j6.19566623012008932392e-01
  +1.74054083032005868503e-01+j6.15803347012873203425e-01
  +1.82265758773726915809e-01+j6.11912028801004925782e-01
  +1.90396734597436056990e-01+j6.07894944866177233678e-01
</dep>
<dep S[2,3] frequency>
  -2.61098254604438029247e-01-j2.28263195267005114530e-01
  -2.62168483399640717124e-01-j2.25131085855874074619e-01
  -2.63199903846848604072e-01-j2.21968239768967789960e-01
  -2.64191423209623188484e-01-j2.18774957128091057657e-01
  -2.65141935326270838935e-01-j2.15551569209640248026e-01
  -2.66050321200734962712e-01-j2.12298439525283932916e-01
  -2.66915449645435731707e-01-j2.09015964909997464805e-01
  -2.67736177977831002472e-01-j2.05704576615582168664e-01
  -2.68511352772446532100e-01-j2.02364741407642989568e-01
  -2.69239810670068691056e-01-j1.98996962663888499190e-01
  -2.69920379245755848174e-01-j1.95601781471412605740e-01
  -2.70551877937258211659e-01-j1.92179777720534405994e-01
  -2.71133119035371128458e-01-j1.88731571192569808071e-01
  -2.71662908737671182635e-01-j1.85257822638778407720e-01
  -2.72140048266981460223e-01-j1.81759234847574918659e-01
  -2.72563335055822530961e-01-j1.78236553696934252322e-01
  -2.72931563997988235748e-01-j1.74690569188771016584e-01
  -2.73243528768248644667e-01-j1.71122116461925960484e-01
  -2.73498023211066976224e-01-j1.67532076780233102342e-01
  -2.73693842799037412306e-01-j1.63921378492009078842e-01
  -2.73829786161606747452e-01-j1.60290997957149072839e-01
  -2.73904656684448466475e-01-j1.56641960437891497593e-01
  -2.73917264179685482350e-01-j1.52975340949182081474e-01
  -2.73866426626924508447e-01-j1.49292265064428414378e-01
  -2.73750971984872082388e-01-j1.45593909672349364204e-01
  -2.73569740073056011376e-01-j1.41881503680496789954e-01
  -2.73321584522926319671e-01-j1.38156328660939631270e-01
  -2.73005374797368971507e-01-j1.34419719433534035069e-01
  -2.72619998277374708806e-01-j1.30673064582106646103e-01
  -2.72164362414329952244e-01-j1.26917806898853180453e-01
  -2.71637396946111664420e-01-j1.23155443752203191954e-01
  -2.71038056174848218660e-01-j1.19387527373382956730e-01
  -2.70365321303905892236e-01-j1.15615665056909927566e-01
  -2.69618202831331532643e-01-j1.11841519270274830644e-01
  -2.68795742996658315604e-01-j1.08066807668097453199e-01
  -2.67897018277640786010e-01-j1.04293303006114862486e-01
  -2.66921141933144978609e-01-j1.00522832950435458965e-01
  -2.65867266588083628331e-01-j9.67572797776130311131e-02
  -2.64734586855938314187e-01-j9.29985799612205732423e-02
  -2.63522341994055386838e-01-j8.92487236407597528398e-02
  -2.62229818586583063311e-01-j8.55097539689490260262e-02
  -2.60856353249570016573e-01-j8.17837663336148934512e-02
  -2.59401335352407724777e-01-j7.80729074506827103175e-02
  -2.57864209749487094392e-01-j7.43793743250110439558e-02
  -2.56244479515636724987e-01-j7.07054130761077537226e-02
  -2.54541708678600875349e-01-j6.70533176261154661990e-02
  -2.52755524941540465900e-01-j6.34254282477540176632e-02
  -2.50885622388282270023e-01-j5.98241299703325957182e-02
  -2.48931764163797170086e-01-j5.62518508423179852684e-02
  -2.46893785122171804947e-01-j5.27110600493601588745e-02
  -2.44771594434150807640e-01-j4.92042658871495175443e-02
  -2.42565178146148419103e-01-j4.57340135889308940786e-02
  -2.40274601682521682378e-01-j4.23028830079809348153e-02
  -2.37900012282764639071e-01-j3.89134861558735334341e-02
  -2.35441641365238873984e-01-j3.55684645978667224320e-02
  -2.32899806809017340115e-01-j3.22704867072759193913e-02
  -2.30274915145421671392e-01-j2.90222447812415462742e-02
  -2.27567463650880374981e-01-j2.58264520208390802036e-02
  -2.24778042332829830485e-01-j2.26858393790354551101e-02
  -2.21907335800479804666e-01-j1.96031522805470703741e-02
  -2.18956125012476854330e-01-j1.65811472181903452050e-02
  -2.15925288893653588573e-01-j1.36225882308671775167e-02
  -2.12815805813353853271e-01-j1.07302432688459181698e-02
  -2.09628754918077281344e-01-j7.90688045253024052172e-03
  -2.06365317311543089440e-01-j5.15526423138626399556e-03
  -2.03026777075627107294e-01-j2.47815145017943327943e-03
  -1.99614522126052046369e-01+j1.21712669859164179798e-04
  -1.96130044897132815862e-01+j2.64159862691662472578e-03
  -1.92574942850383235005e-01+j5.07879680312048331636e-03
  -1.88950918802278988728e-01+j7.43062168890526453247e-03
  -1.85259781067013989952e-01+j9.69441615813820822822e-03
  -1.81503443410659465185e-01+j1.18675557846391888095e-02
  -1.77683924813703153500e-01+j1.39474531904687226724e-02
  -1.73803349039555576905e-01+j1.59315624162040259115e-02
  -1.69863944007227318789e-01+j1.78173833032466422122e-02
  -1.65868040966996255214e-01+j1.96024658781288052545e-02
  -1.61818073478522422848e-01+j2.12844147287311602490e-02
  -1.57716576191487906078e-01+j2.28608933623327403861e-02
  -1.53566183429480140887e-01+j2.43296285354387131772e-02
  -1.49369627578428837422e-01+j2.56884145454819023957e-02
  -1.45129737281545184713e-01+j2.69351174745752208750e-02
  -1.40849435443263559797e-01+j2.80676793757552722752e-02
  -1.36531737045280210374e-01+j2.90841223923267444551e-02
  -1.32179746778300716281e-01+j2.99825528012525044375e-02
  -1.27796656493634031015e-01+j3.07611649718262658570e-02
  -1.23385742479233034841e-01+j3.14182452312219695489e-02
  -1.18950362565235917556e-01+j3.19521756289068981083e-02
  -1.14493953064440795453e-01+j3.23614375923268748902e-02
  -1.10020025553530076401e-01+j3.26446154667106303027e-02
  -1.05532163501146830642e-01+j3.28003999322885042567e-02
  -1.01034018749222076483e-01+j3.28275912927289414966e-02
  -9.65293078541319404806e-02+j3.27251026290580615541e-02
  -9.20218082944864734785e-02+j3.24919628138319593891e-02
  -8.75153545524286757828e-02+j3.21273193808271906313e-02
  -8.30138340754302678226e-02+j3.16304412460070571989e-02
  -7.85211831255937381391e-02+j3.10007212759838002292e-02
  -7.40413825234442907197e-02+j3.02376787007151981435e-02
  -6.95784532931681687362e-02+j2.93409613675302827218e-02
  -6.51364522161211878526e-02+j2.83103478341133751872e-02
  -6.07194672993277839712e-02+j2.71457492983794568264e-02
  -5.63316131655128699007e-02+j2.58472113635921652008e-02
  -5.19770263710103153088e-02+j2.44149156373818509991e-02
  -4.76598606576794370238e-02+j2.28491811636201969105e-02
  -4.33842821447165405413e-02+j2.11504656863573947678e-02
  -3.91544644659875956672e-02+j1.93193667452292716646e-02
  -3.49745838582639911873e-02+j1.73566226019087055388e-02
  -3.08488142054388903013e-02+j1.52631129972983781151e-02
  -2.67813220435719756551e-02+j1.30398597392125392691e-02
  -2.27762615313251981508e-02+j1.06880271203488863563e-02
  -1.88377693901109755092e-02+j8.20892216631033400098e-03
  -1.49699598180523252289e-02+j5.60399471337172383478e-03
  -1.11769193816387557572e-02+j2.87483731562152011740e-03
  -7.46270188879799567516e-03+j2.31849808975392868149e-05
  -3.83132324695731329989e-03-j2.94908526516690638886e-03
  -2.86756309560570743500e-04-j6.03995498792136986665e-03
  +3.16707428552309711023e-03-j9.24726512647061626993e-03
  +6.52629728231407524319e-03-j1.25687169518224894915e-02
  +9.78709997428220401794e-03-j1.60018732021276477440e-02
  +1.29457333696357812514e-02-j1.95441593969245819284e-02
  +1.59985173506013433897e-02-j2.31928653326689548919e-02
  +1.89418458228191310955e-02-j2.69451467620238360734e-02
  +2.17721918506432743357e-02-j3.07980272597077608943e-02
  +2.44861127738566775047e-02-j3.47484002779111234016e-02
  +2.70802553008898938547e-02-j3.87930313945196725278e-02
  +2.95513605732188322506e-02-j4.29285607575637662148e-02
  +3.18962691950914201122e-02-j4.71515057294611961147e-02
  +3.41119262222128183382e-02-j5.14582637347006932593e-02
  +3.61953861023989742485e-02-j5.58451153146591883214e-02
  +3.81438175606059470812e-02-j6.03082273932147860940e-02
  +3.99545084200312872191e-02-j6.48436567567129557021e-02
  +4.16248703503240002899e-02-j6.94473537516828026694e-02
  +4.31524435331972211483e-02-j7.41151662034200964246e-02
  +4.45349012350091943979e-02-j7.88428435582455844344e-02
  +4.57700542751434402700e-02-j8.36260412517745715943e-02
  +4.68558553783013920224e-02-j8.84603253050341709063e-02
  +4.77904033980803832904e-02-j9.33411771496347186794e-02
  +4.85719473985535277194e-02-j9.82639986824747763139e-02
  +4.91988905799006503994e-02-j1.03224117549653035542e-01
  +4.96697940335520116140e-02-j1.08216792658337848665e-01
  +4.99833803117600838917e-02-j1.13237219914356104788e-01
  +5.01385367960618943961e-02-j1.18280538182147842985e-01
  +5.01343188487048674329e-02-j1.23341835462574822557e-01
  +4.99699527308226643108e-02-j1.28416155282801036641e-01
  +4.96448382709821223191e-02-j1.33498503291145820260e-01
  +4.91585512676263047815e-02-j1.38583854048425714200e-01
  +4.85108456090379558390e-02-j1.43667158005853362601e-01
  +4.77016550946005868372e-02-j1.48743348658098017978e-01
  +4.67310949414987131245e-02-j1.53807349858606140502e-01
  +4.55994629614472624102e-02-j1.58854083282768981933e-01
  +4.43072403926890179271e-02-j1.63878476023013336382e-01
  +4.28550923732664568178e-02-j1.68875468298383429877e-01
  +4.12438680425134263086e-02-j1.73840021259757976368e-01
  +3.94746002587985644894e-02-j1.78767124870393839808e-01
  +3.75485049227912703884e-02-j1.83651805840172988038e-01
  +3.54669798969076133233e-02-j1.88489135590658107855e-01
  +3.32316035131375031586e-02-j1.93274238226917527417e-01
  +3.08441326630729539815e-02-j1.98002298491006617498e-01
  +2.83065004658165919604e-02-j2.02668569671115850195e-01
  +2.56208135112699075808e-02-j2.07268381439599053140e-01
  +2.27893486783551368902e-02-j2.11797147592516304959e-01
  +1.98145495297839258075e-02-j2.16250373662857847679e-01
  +1.66990222871389870640e-02-j2.20623664379389461399e-01
  +1.34455313922385022440e-02-j2.24912730942989386174e-01
  +1.00569946629746331812e-02-j2.29113398092456510557e-01
  +6.53647805408416604500e-03-j2.33221610932154599372e-01
  +2.88719003550877428843e-03-j2.37233441494353158863e-01
  -8.87524396762540135342e-04-j2.41145095009896170968e-01
  -4.78419006034175309239e-03-j2.44952915861781445050e-01
  -8.79920825746613455287e-03-j2.48653393197382166502e-01
  -1.29288637562868236053e-02-j2.52243166176384592259e-01
  -1.71693320594650256083e-02-j2.55719028833049311089e-01
  -2.15166869353173584312e-02-j2.59077934533111620130e-01
  -2.59669081852135497090e-02-j2.62317000007488199120e-01
  -3.05158896194618334263e-02-j2.65433508946981588927e-01
  -3.51594472126675883228e-02-j2.68424915144307996151e-01
  -3.98933274085019884403e-02-j2.71288845172016013230e-01
  -4.47132155429419420045e-02-j2.74023100587220513891e-01
  -4.96147443544160959839e-02-j2.76625659656481559523e-01
  -5.45935025488239189517e-02-j2.79094678596603695819e-01
  -5.96450433872292018478e-02-j2.81428492329658885840e-01
  -6.47648932639877106254e-02-j2.83625614752983035149e-01
  -6.99485602433534414679e-02-j2.85684738527422377175e-01
  -7.51915425229952305575e-02-j2.87604734389495853009e-01
  -8.04893367935683168302e-02-j2.89384649995576004322e-01
  -8.58374464643046619639e-02-j2.91023708308440931525e-01
  -9.12313897256549766190e-02-j2.92521305538789633260e-01
  -9.66667074212559929158e-02-j2.93877008656388993835e-01
  -1.02138970702872450280e-01-j2.95090552487469959253e-01
  -1.07643788443534199617e-01-j2.96161836416825086093e-01
  -1.13176814385786625450e-01-j2.97090920714678796699e-01
  -1.18733754003719924053e-01-j2.97878022509925011185e-01
  -1.24310371059436208796e-01-j2.98523511432599975013e-01
  -1.29902493836508203806e-01-j2.99027904949608624996e-01
  -1.35506021035097762306e-01-j2.99391863418638382033e-01
  -1.41116927315451501368e-01-j2.99616184885965752827e-01
  -1.46731268478624332641e-01-j2.99701799654397194050e-01
  -1.52345186275398308817e-01-j2.99649764647971605935e-01
  -1.57954912836461403014e-01-j2.99461257600223240694e-01
  -1.63556774719019748510e-01-j2.99137571092836229703e-01
  -1.69147196567005275725e-01-j2.98680106471325035322e-01
</dep>
<dep S[2,2] frequency>
  -5.73971034310320482597e-02+j4.51916621625907899418e-01
  -5.39456663693294591333e-02+j4.49837334452560022591e-01
  -5.05078287840088346883e-02+j4.47702130750172344609e-01
  -4.70847108962967886292e-02+j4.45510737257633071540e-01
  -4.36774536355602482907e-02+j4.43262903037899724801e-01
  -4.02872183223161317578e-02+j4.40958400468668076932e-01
  -3.69151863079595354833e-02+j4.38597026242423027043e-01
  -3.35625585696346928621e-02+j4.36178602374239998696e-01
  -3.02305552587538994835e-02+j4.33702977215539964284e-01
  -2.69204152016956355098e-02+j4.31170026471921485900e-01
  -2.36333953512673500263e-02+j4.28579654223002537439e-01
  -2.03707701875797675406e-02+j4.25931793942114111928e-01
  -1.71338310670521853929e-02+j4.23226409513534851392e-01
  -1.39238855183435039642e-02+j4.20463496244816770098e-01
  -1.07422564841044843043e-02+j4.17643081871622467993e-01
  -7.59028150754736952166e-03+j4.14765227552352788720e-01
  -4.46931186293658688768e-03+j4.11830028849719420592e-01
  -1.38071162924396917404e-03+j4.08837616696262506899e-01
  +1.67414329366399883270e-03+j4.05788158340721405448e-01
  +4.69386622677420151106e-03+j4.02681858272002424215e-01
  +7.67706081192354172771e-03+j3.99518959117395433545e-01
  +1.06223221701760572877e-02+j3.96299742511553532154e-01
  +1.35282381185232170040e-02+j3.93024529932685107170e-01
  +1.63933904446524336684e-02+j3.89693683502246535078e-01
  +1.92163562393034559328e-02+j3.86307606744395348741e-01
  +2.19957092855224134453e-02+j3.82866745301353283981e-01
  +2.47300215038602222428e-02+j3.79371587600754400782e-01
  +2.74178644523322412319e-02+j3.75822665471041039709e-01
  +3.00578108796884513332e-02+j3.72220554700882999555e-01
  +3.26484363302523283856e-02+j3.68565875538599763139e-01
  +3.51883207983309520550e-02+j3.64859293127560824210e-01
  +3.76760504298896958808e-02+j3.61101517873538835346e-01
  +4.01102192688885805794e-02+j3.57293305740024935702e-01
  +4.24894310453691192997e-02+j3.53435458467580621011e-01
  +4.48123010020644585438e-02+j3.49528823713356529002e-01
  +4.70774577560198470572e-02+j3.45574295107016260520e-01
  +4.92835451913192224005e-02+j3.41572812219428867397e-01
  +5.14292243787913827546e-02+j3.37525360440629640379e-01
  +5.35131755181595392123e-02+j3.33432970763731739705e-01
  +5.55340998978445798961e-02+j3.29296719471655119360e-01
  +5.74907218672798259185e-02+j3.25117727723786109628e-01
  +5.93817908163349894579e-02+j3.20897161039922940162e-01
  +6.12060831560961027265e-02+j3.16636228679138320707e-01
  +6.29624042950231443960e-02+j3.12336182911511661686e-01
  +6.46495906041886225779e-02+j3.07998318181015140471e-01
  +6.62665113651011439266e-02+j3.03623970158206579750e-01
  +6.78120706933257877402e-02+j2.99214514681763410486e-01
  +6.92852094309641675096e-02+j2.94771366588320260504e-01
  +7.06849070008214730443e-02+j2.90295978430520573710e-01
  +7.20101832149617204770e-02+j2.85789839083637975392e-01
  +7.32601000302230409567e-02+j2.81254472241634634333e-01
  +7.44337632431336104766e-02+j2.76691434804020253146e-01
  +7.55303241166655481287e-02+j2.72102315155415108716e-01
  +7.65489809311907243305e-02+j2.67488731340247587465e-01
  +7.74889804520402791788e-02+j2.62852329135589091180e-01
  +7.83496193061217205411e-02+j2.58194780025698289450e-01
  +7.91302452601502226415e-02+j2.53517779082407523905e-01
  +7.98302583931816966967e-02+j2.48823042756087770000e-01
  +8.04491121563518651882e-02+j2.44112306582486698892e-01
  +8.09863143129115892194e-02+j2.39387322811335262474e-01
  +8.14414277520009721734e-02+j2.34649857963177638220e-01
  +8.18140711698661093898e-02+j2.29901690321444751586e-01
  +8.21039196126568948664e-02+j2.25144607367343457804e-01
  +8.23107048753305980959e-02+j2.20380403165660321285e-01
  +8.24342157516879669998e-02+j2.15610875710087801504e-01
  +8.24742981310728207056e-02+j2.10837824237151805207e-01
  +8.24308549378293675680e-02+j2.06063046518291936859e-01
  +8.23038459102307107251e-02+j2.01288336140025697629e-01
  +8.20932872162185578446e-02+j1.96515479782533392106e-01
  +8.17992509040039172952e-02+j1.91746254507320190719e-01
  +8.14218641862665681863e-02+j1.86982425064888602151e-01
  +8.09613085574762969543e-02+j1.82225741233608518055e-01
  +8.04178187446112358039e-02+j1.77477935201139358501e-01
  +7.97916814923561590334e-02+j1.72740718999891351704e-01
  +7.90832341847063635676e-02+j1.68015782008077152465e-01
  +7.82928633057021206021e-02+j1.63304788527918465224e-01
  +7.74210027429023672774e-02+j1.58609375452509915316e-01
  +7.64681319380473012437e-02+j1.53931150032717345422e-01
  +7.54347738901850473070e-02+j1.49271687755327453484e-01
  +7.43214930174479482261e-02+j1.44632530343371562553e-01
  +7.31288928844357477566e-02+j1.40015183889281386032e-01
  +7.18576138030244671029e-02+j1.35421117131107909826e-01
  +7.05083303152171381178e-02+j1.30851759881618567860e-01
  +6.90817485674201092749e-02+j1.26308501619558782858e-01
  +6.75786035862702694210e-02+j1.21792690251811080993e-01
  +6.59996564668741680926e-02+j1.17305631054530734581e-01
  +6.43456914849453442962e-02+j1.12848585800674611201e-01
  +6.26175131449917543591e-02+j1.08422772080579321585e-01
  +6.08159431772563041640e-02+j1.04029362821460164001e-01
  +5.89418174966227503830e-02+j9.96694860108619795636e-02
  +5.69959831372080505396e-02+j9.53442246282165395410e-02
  +5.49792951766929216539e-02+j9.10546167877168410865e-02
  +5.28926136648604217072e-02+j8.68016560948024207267e-02
  +5.07368005710184255541e-02+j8.25862922175204239306e-02
  +4.85127167652208424187e-02+j7.84094316730543916538e-02
  +4.62212190483388685180e-02+j7.42719388286494364149e-02
  +4.38631572460808638603e-02+j7.01746371151398817823e-02
  +4.14393713820368492229e-02+j6.61183104502320317941e-02
  +3.89506889447930881865e-02+j6.21037048676028047289e-02
  +3.63979222639332911093e-02+j5.81315303468570576673e-02
  +3.37818660095812184352e-02+j5.42024628382962725404e-02
  +3.11032948297734201937e-02+j5.03171464754331998481e-02
  +2.83629611396228886733e-02+j4.64761959671355917578e-02
  +2.55615930757626674819e-02+j4.26801991602897556888e-02
  +2.26998926290329361422e-02+j3.89297197628772906342e-02
  +1.97785339678212546133e-02+j3.52253002164124029427e-02
  +1.67981619637674328693e-02+j3.15674647057517798743e-02
  +1.37593909308573736361e-02+j2.79567222934213321928e-02
  +1.06628035881454197309e-02+j2.43935701647392533253e-02
  +7.50895025548470318455e-03+j2.08784969692389910101e-02
  +4.29834829075370628004e-03+j1.74119862431337257824e-02
  +1.03148177613548996945e-03+j1.39945198968652873006e-02
  -2.29119854004261602753e-03+j1.06265817511485560765e-02
  -5.66927504044417718276e-03+j7.30866110436412252938e-03
  -9.10236277042669739146e-03+j4.04125631356733183708e-03
  -1.25901087011549006611e-02+j8.24878371036619206791e-04
  -1.61321907220225990720e-02-j2.33994554220412487311e-03
  -1.97283163616263634843e-02-j5.45266854467751915791e-03
  -2.33782212377000586656e-02-j8.51272060363122973214e-03
  -2.70816672377561795670e-02-j1.15195051642996704189e-02
  -3.08384404334614004028e-02-j1.44723958785371031865e-02
  -3.46483487331131490006e-02-j1.73707334520843970083e-02
  -3.85112192779267503706e-02-j2.02138226296471046339e-02
  -4.24268955891967947114e-02-j2.30009293367579581435e-02
  -4.63952344747564915384e-02-j2.57312779971382021849e-02
  -5.04161027045210430320e-02-j2.84040490438882686774e-02
  -5.44893734662637574395e-02-j3.10183766423662299339e-02
  -5.86149226140963153231e-02-j3.35733466420606307956e-02
  -6.27926247234793233343e-02-j3.60679947740968342984e-02
  -6.70223489678685446780e-02-j3.85013051102306991247e-02
  -7.13039548333754824583e-02-j4.08722087983622306417e-02
  -7.56372876890560319474e-02-j4.31795830885828291201e-02
  -8.00221742316191420041e-02-j4.54222506627539601709e-02
  -8.44584178244623673404e-02-j4.75989792794053179215e-02
  -8.89457937520197472470e-02-j4.97084817445027082883e-02
  -9.34840444113757274014e-02-j5.17494162172720262305e-02
  -9.80728744640163851987e-02-j5.37203868587871613549e-02
  -1.02711945971393991961e-01-j5.56199448295269238685e-02
  -1.07400873538700453169e-01-j5.74465896404279252607e-02
  -1.12139219491838609821e-01-j5.91987708603049500589e-02
  -1.16926489113080372961e-01-j6.08748901806760445155e-02
  -1.21762125961235811999e-01-j6.24733038372419779982e-02
  -1.26645507302403120820e-01-j6.39923253853129092583e-02
  -1.31575939677434222697e-01-j6.54302288245772190045e-02
  -1.36552654632185521688e-01-j6.67852520665942472888e-02
  -1.41574804636396600621e-01-j6.80556007364044868169e-02
  -1.46641459216652558784e-01-j6.92394522976247928092e-02
  -1.51751601328331875429e-01-j7.03349604883943269051e-02
  -1.56904123990719956971e-01-j7.13402600535368858203e-02
  -1.62097827208588396442e-01-j7.22534717563379502714e-02
  -1.67331415202440436651e-01-j7.30727076514280926567e-02
  -1.72603493968457422092e-01-j7.37960765984078670421e-02
  -1.77912569187709035390e-01-j7.44216899940928766632e-02
  -1.83257044502686927689e-01-j7.49476676995533552805e-02
  -1.88635220177478302173e-01-j7.53721441365947653068e-02
  -1.94045292156046850218e-01-j7.56932745268843465425e-02
  -1.99485351531077270693e-01-j7.59092412456119913777e-02
  -2.04953384433723850844e-01-j7.60182602604978496785e-02
  -2.10447272352363101700e-01-j7.60185876259424908596e-02
  -2.15964792886113227111e-01-j7.59085260013862006545e-02
  -2.21503620936468970104e-01-j7.56864311623364760528e-02
  -2.27061330337909483834e-01-j7.53507184721712852671e-02
  -2.32635395925839510989e-01-j7.48998692826456924365e-02
  -2.38223196037630063904e-01-j7.43324372310921743789e-02
  -2.43822015440017636490e-01-j7.36470544025977225111e-02
  -2.49429048673556919002e-01-j7.28424373259249358092e-02
  -2.55041403802324040395e-01-j7.19173927726716732955e-02
  -2.60656106554646660456e-01-j7.08708233301213463839e-02
  -2.66270104838268184544e-01-j6.97017327193915625649e-02
  -2.71880273611108225218e-01-j6.84092308318428043989e-02
  -2.77483420086645504732e-01-j6.69925384582821803470e-02
  -2.83076289250974333367e-01-j6.54509916872601515969e-02
  -2.88655569666736333545e-01-j6.37840459506396340039e-02
  -2.94217899537507598939e-01-j6.19912796967304058349e-02
  -2.99759873004732835255e-01-j6.00723976734745535033e-02
  -3.05278046648049417033e-01-j5.80272338064906079147e-02
  -3.10768946158813008651e-01-j5.58557536592316217217e-02
  -3.16229073155793072303e-01-j5.35580564650016688333e-02
  -3.21654912111415169917e-01-j5.11343767231240975413e-02
  -3.27042937356588292452e-01-j4.85850853541745508757e-02
  -3.32389620131972596262e-01-j4.59106904117514424968e-02
  -3.37691435653700633424e-01-j4.31118373508682650730e-02
  -3.42944870161830561717e-01-j4.01893088555796418326e-02
  -3.48146427920410506118e-01-j3.71440242309618029459e-02
  -3.53292638138738068765e-01-j3.39770383669599773668e-02
  -3.58380061784398740166e-01-j3.06895402839391095995e-02
  -3.63405298259788567261e-01-j2.72828512719754390226e-02
  -3.68364991915146988699e-01-j2.37584226379741192403e-02
  -3.73255838372645198930e-01-j2.01178330766536017649e-02
  -3.78074590637629937007e-01-j1.63627856831314866248e-02
  -3.82818064974948857326e-01-j1.24951046265304177574e-02
  -3.87483146530073541136e-01-j8.51673150533177603094e-03
  -3.92066794676725671742e-01-j4.42972140650937928896e-03
  -3.96566048074688037861e-01-j2.36238691461332361854e-04
  -4.00978029423564530376e-01+j4.06144746736480932725e-03
  -4.05299949900331246688e-01+j8.46096777463489768678e-03
  -4.09529113270611477837e-01+j1.29598577000754056066e-02
  -4.13662919665717110362e-01+j1.75555625409470894560e-02
  -4.17698869019560437010e-01+j2.22454426336830546340e-02
  -4.21634564161545155603e-01+j2.70267786894052286506e-02
</dep>
<dep S[2,1] frequency>
  +6.21949353607116964260e-02-j4.74993496196321918212e-01
  +6.07351734543956009449e-02-j4.76954374780337198025e-01
  +5.92370604901713629364e-02-j4.78937521248204711721e-01
  +5.76995132008859684669e-02-j4.80942619650794322972e-01
  +5.61214347430148766116e-02-j4.82969322637315956470e-01
  +5.45017152879294572432e-02-j4.85017250369111085906e-01
  +5.28392326651601282328e-02-j4.87085989426012111458e-01
  +5.11328530594276284282e-02-j4.89175091707171105782e-01
  +4.93814317631828883504e-02-j4.91284073328352666188e-01
  +4.75838139863677123120e-02-j4.93412413517853809530e-01
  +4.57388357250295904399e-02-j4.95559553513369110966e-01
  +4.38453246904077983959e-02-j4.97724895462232364007e-01
  +4.19021012999926251164e-02-j4.99907801327662881796e-01
  +3.99079797320223347845e-02-j5.02107591803774289119e-01
  +3.78617690447627316952e-02-j5.04323545242243764797e-01
  +3.57622743618213195793e-02-j5.06554896593718551046e-01
  +3.36082981246441300782e-02-j5.08800836367191644527e-01
  +3.13986414131941782291e-02-j5.11060509610681279469e-01
  +2.91321053356956120861e-02-j5.13333014916780960846e-01
  +2.68074924881640044849e-02-j5.15617403456696266062e-01
  +2.44236084842691034136e-02-j5.17912678046616670180e-01
  +2.19792635559175157656e-02-j5.20217792250333044279e-01
  +1.94732742247397845603e-02-j5.22531649522199881375e-01
  +1.69044650444515748289e-02-j5.24853102394609916104e-01
  +1.42716704138610289698e-02-j5.27180951714317780343e-01
  +1.15737364600437230011e-02-j5.29513945932002738637e-01
  +8.80952299096218922891e-03-j5.31850780449593996124e-01
  +5.97790551656890434273e-03-j5.34190097029936472595e-01
  +3.07777733712523253462e-03-j5.36530483273456981763e-01
  +1.08051697218065900774e-04-j5.38870472166541825132e-01
  -2.93233599635259710448e-03-j5.41208541706358348122e-01
  -6.04442589494436771647e-03-j5.43543114606904187447e-01
  -9.22923136915061205487e-03-j5.45872558091038184713e-01
  -1.24877366133387367186e-02-j5.48195183773237282310e-01
  -1.58208941967566824038e-02-j5.50509247637798515562e-01
  -1.92296225646269892950e-02-j5.52812950117119061844e-01
  -2.27148034930090385319e-02-j5.55104436274626023007e-01
  -2.62772795015318652578e-02-j5.57381796096790282924e-01
  -2.99178512284614117611e-02-j5.59643064898562414555e-01
  -3.36372747729060325717e-02-j5.61886223846373655810e-01
  -3.74362590092935515473e-02-j5.64109200602668003910e-01
  -4.13154628796019648962e-02-j5.66309870095735634621e-01
  -4.52754926691554329676e-02-j5.68486055418365943126e-01
  -4.93168992721103871535e-02-j5.70635528858540297392e-01
  -5.34401754530719128033e-02-j5.72756013065161884157e-01
  -5.76457531115700735902e-02-j5.74845182351415906474e-01
  -6.19340005564147297323e-02-j5.76900664138069951825e-01
  -6.63052197972093665390e-02-j5.78920040538606017755e-01
  -7.07596438605242322728e-02-j5.80900850087695763690e-01
  -7.52974341384763101725e-02-j5.82840589614117443595e-01
  -7.99186777776343254542e-02-j5.84736716258731914486e-01
  -8.46233851163415429220e-02-j5.86586649637700463522e-01
  -8.94114871786664267006e-02-j5.88387774150633591219e-01
  -9.42828332333218166461e-02-j5.90137441432837639432e-01
  -9.92371884259269781969e-02-j5.91832972950337765639e-01
  -1.04274231493042351948e-01-j5.93471662735802985011e-01
  -1.09393552566384388847e-01-j5.95050780262954770450e-01
  -1.14594651075601058898e-01-j5.96567573456536104359e-01
  -1.19876933757875780984e-01-j5.98019271834307808433e-01
  -1.25239712782532486290e-01-j5.99403089777023390106e-01
  -1.30682203998620072305e-01-j6.00716229921811173398e-01
  -1.36203525313266571306e-01-j6.01955886673781526142e-01
  -1.41802695208326251519e-01-j6.03119249830234016585e-01
  -1.47478631402559179353e-01-j6.04203508311239478878e-01
  -1.53230149666251924678e-01-j6.05205853989959186023e-01
  -1.59055962794816985184e-01-j6.06123485615506996105e-01
  -1.64954679747483040630e-01-j6.06953612820775867398e-01
  -1.70924804956780723719e-01-j6.07693460207172519993e-01
  -1.76964737814007788685e-01-j6.08340271497863183114e-01
  -1.83072772335373334940e-01-j6.08891313750738460975e-01
  -1.89247097012985893150e-01-j6.09343881621997929265e-01
  -1.95485794854267758147e-01-j6.09695301670993616838e-01
  -2.01786843612818928007e-01-j6.09942936696715176659e-01
  -2.08148116213133532737e-01-j6.10084190096111145252e-01
  -2.14567381370964260778e-01-j6.10116510234313902394e-01
  -2.21042304410514645063e-01-j6.10037394816715927703e-01
  -2.27570448278989007074e-01-j6.09844395252818971542e-01
  -2.34149274758428033172e-01-j6.09535121001764657045e-01
  -2.40776145874098679300e-01-j6.09107243889508653822e-01
  -2.47448325498128840483e-01-j6.08558502387705591019e-01
  -2.54162981146429323154e-01-j6.07886705844509322993e-01
  -2.60917185966406117714e-01-j6.07089738657705879632e-01
  -2.67707920912346353237e-01-j6.06165564380794275046e-01
  -2.74532077104888083685e-01-j6.05112229752966968022e-01
  -2.81386458370399550333e-01-j6.03927868644203780235e-01
  -2.88267783955686973663e-01-j6.02610705907096755318e-01
  -2.95172691412958876356e-01-j6.01159061127372496003e-01
  -3.02097739649615726343e-01-j5.99571352265531043457e-01
  -3.09039412137031621608e-01-j5.97846099182434143060e-01
  -3.15994120272235057278e-01-j5.95981927042149361995e-01
  -3.22958206886067467067e-01-j5.93977569585845577294e-01
  -3.29927949891253347037e-01-j5.91831872271002423780e-01
  -3.36899566063547872830e-01-j5.89543795270699888533e-01
  -3.43869214949107271373e-01-j5.87112416328266606413e-01
  -3.50833002891060341533e-01-j5.84536933463015384582e-01
  -3.57786987168283943106e-01-j5.81816667523313846289e-01
  -3.64727180239388049099e-01-j5.78951064583711483280e-01
  -3.71649554084931665887e-01-j5.75939698183210224691e-01
  -3.78550044641063287987e-01-j5.72782271402326070842e-01
  -3.85424556317836675134e-01-j5.69478618776854905725e-01
  -3.92268966595660795171e-01-j5.66028708046700912426e-01
  -3.99079130693533956631e-01-j5.62432641738423888533e-01
  -4.05850886302916213921e-01-j5.58690658580453414217e-01
  -4.12580058381349257246e-01-j5.54803134750189719249e-01
  -4.19262464000184409407e-01-j5.50770584952373964960e-01
  -4.25893917241034203336e-01-j5.46593663328324264050e-01
  -4.32470234135855946533e-01-j5.42273164195723356151e-01
  -4.38987237645809491582e-01-j5.37810022618697147756e-01
  -4.45440762674318979641e-01-j5.33205314807995933712e-01
  -4.51826661110009464295e-01-j5.28460258351035827573e-01
  -4.58140806895402652454e-01-j5.23576212271481544747e-01
  -4.64379101117480652672e-01-j5.18554676918020929222e-01
  -4.70537477116393154652e-01-j5.13397293681726929471e-01
  -4.76611905608704256032e-01-j5.08105844541336115761e-01
  -4.82598399821729528991e-01-j5.02682251435514260152e-01
  -4.88493020635488106596e-01-j4.97128575460911992234e-01
  -4.94291881728893489623e-01-j4.91447015894663163937e-01
  -4.99991154726678044273e-01-j4.85639909039583317352e-01
  -5.05587074343538112053e-01-j4.79709726890165277791e-01
  -5.11075943521725584162e-01-j4.73659075617088087817e-01
  -5.16454138558225972488e-01-j4.67490693867771811565e-01
  -5.21718114217276873745e-01-j4.61207450880168567942e-01
  -5.26864408823728647135e-01-j4.54812344406784418993e-01
  -5.31889649332327185682e-01-j4.48308498445701530954e-01
  -5.36790556367574778207e-01-j4.41699160775167742887e-01
  -5.41563949228308749717e-01-j4.34987700288201106780e-01
  -5.46206750850600109004e-01-j4.28177604123547050907e-01
  -5.50715992721982128266e-01-j4.21272474589315326643e-01
  -5.55088819739391059471e-01-j4.14276025875614739569e-01
  -5.59322495002501862693e-01-j4.07192080552649771086e-01
  -5.63414404533471802061e-01-j4.00024565850864877170e-01
  -5.67362061913382120792e-01-j3.92777509720037554253e-01
  -5.71163112824910501608e-01-j3.85455036664502981303e-01
  -5.74815339490060139838e-01-j3.78061363352180157538e-01
  -5.78316664991027740150e-01-j3.70600793995565169769e-01
  -5.81665157461577653208e-01-j3.63077715503488551718e-01
  -5.84859034135604805016e-01-j3.55496592403159505924e-01
  -5.87896665238930027364e-01-j3.47861961532824393029e-01
  -5.90776577709750116973e-01-j3.40178426506296538445e-01
  -5.93497458732662241943e-01-j3.32450651951600173462e-01
  -5.96058159070678827973e-01-j3.24683357527075167059e-01
  -5.98457696179298559436e-01-j3.16881311719476865818e-01
  -6.00695257086390377310e-01-j3.09049325429842203228e-01
  -6.02770201021496476734e-01-j3.01192245354234389154e-01
  -6.04682061778039292577e-01-j2.93314947167852002607e-01
  -6.06430549792056461378e-01-j2.85422328522446200338e-01
  -6.08015553921193774300e-01-j2.77519301868440537717e-01
  -6.09437142908075935033e-01-j2.69610787114662797670e-01
  -6.10695566512640453105e-01-j2.61701704140120616771e-01
  -6.11791256298611418885e-01-j2.53796965173729849319e-01
  -6.12724826060123572979e-01-j2.45901467059466694032e-01
  -6.13497071875391264406e-01-j2.38020083425775685892e-01
  -6.14108971775441991880e-01-j2.30157656779575781059e-01
  -6.14561685017147252275e-01-j2.22318990546493011617e-01
  -6.14856550951173419506e-01-j2.14508841080213730201e-01
  -6.14995087477041124657e-01-j2.06731909665026580836e-01
  -6.14978989079054350064e-01-j1.98992834536660057054e-01
  -6.14810124438774474598e-01-j1.91296182947434778576e-01
  -6.14490533621480539139e-01-j1.83646443302521750196e-01
  -6.14022424836158431383e-01-j1.76048017394685063497e-01
  -6.13408170770576521846e-01-j1.68505212765362205607e-01
  -6.12650304505193199489e-01-j1.61022235220162207581e-01
  -6.11751515011826896284e-01-j1.53603181526912491162e-01
  -6.10714642245234418105e-01-j1.46252032324309250155e-01
  -6.09542671838031235865e-01-j1.38972645268823497000e-01
  -6.08238729411562428773e-01-j1.31768748447003480884e-01
  -6.06806074517579174810e-01-j1.24643934079595147812e-01
  -6.05248094227711641580e-01-j1.17601652542886458974e-01
  -6.03568296389809910707e-01-j1.10645206731598194638e-01
  -6.01770302572215531889e-01-j1.03777746786242214272e-01
  -5.99857840718889590015e-01-j9.70022652063929485822e-02
  -5.97834737540105631837e-01-j9.03215923695622202594e-02
  -5.95704910664951015065e-01-j8.37383924735518314630e-02
  -5.93472360583376601362e-01-j7.72551599181168641151e-02
  -5.91141162406742193269e-01-j7.08742161396457154288e-02
  -5.88715457476880810184e-01-j6.45977069103253614957e-02
  -5.86199444854573425978e-01-j5.84276001108950809870e-02
  -5.83597372718955176296e-01-j5.23656839837102622282e-02
  -5.80913529709816800484e-01-j4.64135658703554374038e-02
  -5.78152236244974471191e-01-j4.05726714355665735168e-02
  -5.75317835844871283690e-01-j3.48442443767412873834e-02
  -5.72414686496331537313e-01-j2.92293466158053613646e-02
  -5.69447152086972274709e-01-j2.37288589678233026448e-02
  -5.66419593941073218346e-01-j1.83434822782875817104e-02
  -5.63336362486887232137e-01-j1.30737390187901335314e-02
  -5.60201789084299628385e-01-j7.91997532854087603338e-03
  -5.57020178040512625728e-01-j2.88236348711003002865e-03
  -5.53795798840023500986e-01+j2.03909519815992324940e-03
  -5.50532878613652298938e-01+j6.84456710845993999970e-03
  -5.47235594869606045698e-01+j1.15343826535607013595e-02
  -5.43908068507872433095e-01+j1.61090322571092632586e-02
  -5.40554357137217000862e-01+j2.05691620099893723861e-02
  -5.37178448712161804579e-01+j2.49155690156866588270e-02
  -5.33784255505220461835e-01+j2.91491964525187260970e-02
  -5.30375608427601785699e-01+j3.32711283783524991442e-02
  -5.26956251709472578426e-01+j3.72825843039767748643e-02
  -5.23529837948740306430e-01+j4.11849135616628170276e-02
  -5.20099923535215946657e-01+j4.49795894956302177992e-02
  -5.16669964454941732512e-01+j4.86682035011515717882e-02
  -5.13243312477425273066e-01+j5.22524589388321664130e-02
</dep>
<dep S[1,3] frequency>
  -5.90326772762787221893e-01-j2.67284808336588186606e-01
  -5.93523269233562911218e-01-j2.62646078168532581820e-01
  -5.96691917250853576249e-01-j2.57947035451249806481e-01
  -5.99831524438916185993e-01-j2.53187471500862737450e-01
  -6.02940877688622922648e-01-j2.48367200621633005264e-01
  -6.06018743475997823111e-01-j2.43486061101403861162e-01
  -6.09063868224066995438e-01-j2.38543916216500118122e-01
  -6.12074978709588934933e-01-j2.33540655244436928806e-01
  -6.15050782516157301671e-01-j2.28476194482651079332e-01
  -6.17989968535165079544e-01-j2.23350478271384988993e-01
  -6.20891207516019560941e-01-j2.18163480018640776326e-01
  -6.23753152666979282515e-01-j2.12915203225065713388e-01
  -6.26574440307890556667e-01-j2.07605682506445066160e-01
  -6.29353690576030633252e-01-j2.02234984611364743134e-01
  -6.32089508186158055558e-01-j1.96803209431453518530e-01
  -6.34780483245779958423e-01-j1.91310491001496940644e-01
  -6.37425192126540585136e-01-j1.85756998486569457896e-01
  -6.40022198392460550664e-01-j1.80142937153192739252e-01
  -6.42570053785707084870e-01-j1.74468549321421029230e-01
  -6.45067299270313920800e-01-j1.68734115294610909075e-01
  -6.47512466134204878188e-01-j1.62939954263515263122e-01
  -6.49904077149625503118e-01-j1.57086425181225147751e-01
  -6.52240647791952010692e-01-j1.51173927605410068908e-01
  -6.54520687516597865496e-01-j1.45202902504140640705e-01
  -6.56742701093565806048e-01-j1.39173833021561249579e-01
  -6.58905189998930218565e-01-j1.33087245199557224762e-01
  -6.61006653862317383741e-01-j1.26943708651498676776e-01
  -6.63045591969197545268e-01-j1.20743837184123209427e-01
  -6.65020504816530522163e-01-j1.14488289363528852882e-01
  -6.66929895720035803564e-01-j1.08177769021267924932e-01
  -6.68772272471084505696e-01-j1.01813025696510309204e-01
  -6.70546149040911032557e-01-j9.53948550102591136257e-02
  -6.72250047329542077534e-01-j8.89240989676176318834e-02
  -6.73882498956533515511e-01-j8.24016461842020375705e-02
  -6.75442047090293096190e-01-j7.58284320328098393471e-02
  -6.76927248312463536450e-01-j6.92054387066038390053e-02
  -6.78336674513492110528e-01-j6.25336951951602909583e-02
  -6.79668914815224622927e-01-j5.58142771698955375559e-02
  -6.80922577516027027755e-01-j4.90483067755425883316e-02
  -6.82096292053618658002e-01-j4.22369523245558625701e-02
  -6.83188710980485613966e-01-j3.53814278915585977980e-02
  -6.84198511946483955981e-01-j2.84829928051763686669e-02
  -6.85124399682871754180e-01-j2.15429510349079388065e-02
  -6.85965107981781230251e-01-j1.45626504709755674738e-02
  -6.86719401664875439550e-01-j7.54348209544071848787e-03
  -6.87386078534645506011e-01-j4.86879043250319082370e-04
  -6.87963971301607690734e-01+j6.60568444776517965655e-03
  -6.88451949480431091288e-01+j1.37326941984712604106e-02
  -6.88848921247847356675e-01+j2.08925973616662236099e-02
  -6.89153835255039926011e-01+j2.80838038066347876753e-02
  -6.89365682387079958815e-01+j3.53046876141354312728e-02
  -6.89483497461860994626e-01+j4.25535886804637442093e-02
  -6.89506360860975719973e-01+j4.98288144286806455874e-02
  -6.89433400084881853331e-01+j5.71286416245841699446e-02
  -6.89263791224784538869e-01+j6.44513182944048135248e-02
  -6.88996760343684844230e-01+j7.17950657406667136495e-02
  -6.88631584759138437590e-01+j7.91580806520649216118e-02
  -6.88167594220443712416e-01+j8.65385373026372611838e-02
  -6.87604171973137612284e-01+j9.39345898349171898323e-02
  -6.86940755703913774610e-01+j1.01344374621182758966e-01
  -6.86176838359397356371e-01+j1.08766012696341854427e-01
  -6.85311968832485352010e-01+j1.16197612255429266748e-01
  -6.84345752510401750257e-01+j1.23637271208144244872e-01
  -6.83277851678979031291e-01+j1.31083079782325834239e-01
  -6.82107985778219960693e-01+j1.38533123167758842609e-01
  -6.80835931504646607593e-01+j1.45985484191230058260e-01
  -6.79461522756563685022e-01+j1.53438246013274243174e-01
  -6.77984650418924639226e-01+j1.60889494836689073143e-01
  -6.76405261985165928706e-01+j1.68337322616469109438e-01
  -6.74723361014059275220e-01+j1.75779829760507821934e-01
  -6.72939006420306462530e-01+j1.83215127810127664798e-01
  -6.71052311598429929163e-01+j1.90641342089252208147e-01
  -6.69063443380223166201e-01+j1.98056614310864742556e-01
  -6.66972620826848716646e-01+j2.05459105129261132561e-01
  -6.64780113857512677811e-01+j2.12846996626543105702e-01
  -6.62486241717457735589e-01+j2.20218494721793806024e-01
  -6.60091371288873407508e-01+j2.27571831491417242432e-01
  -6.57595915249179485684e-01+j2.34905267389279359680e-01
  -6.55000330081981108066e-01+j2.42217093355416746014e-01
  -6.52305113946849535189e-01+j2.49505632802396237757e-01
  -6.49510804414934916906e-01+j2.56769243468663754815e-01
  -6.46617976078201150969e-01+j2.64006319128653910155e-01
  -6.43627238040916926920e-01+j2.71215291149831005946e-01
  -6.40539231302796885359e-01+j2.78394629887388334044e-01
  -6.37354626043915573064e-01+j2.85542845907861053689e-01
  -6.34074118822261834083e-01+j2.92658491033572387696e-01
  -6.30698429695436102449e-01+j2.99740159200499789449e-01
  -6.27228299278629108926e-01+j3.06786487122898465785e-01
  -6.23664485751614483533e-01+j3.13796154758809286989e-01
  -6.20007761827955028444e-01+j3.20767885571421385027e-01
  -6.16258911700158673597e-01+j3.27700446582125937134e-01
  -6.12418727974842980188e-01+j3.34592648212060195245e-01
  -6.08488008612380282258e-01+j3.41443343909829999383e-01
  -6.04467553885714936612e-01+j3.48251429564161885111e-01
  -6.00358163373263753471e-01+j3.55015842701178807594e-01
  -5.96160633000961892591e-01+j3.61735561467066535357e-01
  -5.91875752148572464861e-01+j3.68409603397942708725e-01
  -5.87504300835322235130e-01+j3.75037023979743699975e-01
  -5.83047046999930707045e-01+j3.81616915002095824505e-01
  -5.78504743889862282913e-01+j3.88148402711108064800e-01
  -5.73878127574442342684e-01+j3.94630645767135523894e-01
  -5.69167914596164226104e-01+j4.01062833014586894720e-01
  -5.64374799774127744456e-01+j4.07444181071874633737e-01
  -5.59499454173136401280e-01+j4.13773931750633816584e-01
  -5.54542523251391639150e-01+j4.20051349314295996429e-01
  -5.49504625199238150302e-01+j4.26275717587085489768e-01
  -5.44386349480660003408e-01+j4.32446336925416119357e-01
  -5.39188255588563425391e-01+j4.38562521064544186267e-01
  -5.33910872024104588007e-01+j4.44623593854193921437e-01
  -5.28554695509447114432e-01+j4.50628885897659703375e-01
  -5.23120190442444732426e-01+j4.56577731109633622175e-01
  -5.17607788600829232806e-01+j4.62469463208714182123e-01
  -5.12017889102398648937e-01+j4.68303412161189869245e-01
  -5.06350858626711475274e-01+j4.74078900593239871419e-01
  -5.00607031902685961633e-01+j4.79795240189283989096e-01
  -4.94786712465276390382e-01+j4.85451728094556500537e-01
  -4.88890173683347029066e-01+j4.91047643340471462459e-01
  -4.82917660059508646597e-01+j4.96582243311561977173e-01
  -4.76869388801523796939e-01+j5.02054760273077049781e-01
  -4.70745551663540706677e-01+j5.07464397978408143786e-01
  -4.64546317054156832071e-01+j5.12810328375666868439e-01
  -4.58271832406945911487e-01+j5.18091688432645858242e-01
  -4.51922226807755789135e-01+j5.23307577099356491246e-01
  -4.45497613871735198554e-01+j5.28457052427110607340e-01
  -4.38998094861671406264e-01+j5.33539128862866585123e-01
  -4.32423762037875136777e-01+j5.38552774737165229624e-01
  -4.25774702228475909749e-01+j5.43496909963513408215e-01
  -4.19051000607673751475e-01+j5.48370403966529695872e-01
  -4.12252744668137660611e-01+j5.53172073855485946225e-01
  -4.05380028372463452335e-01+j5.57900682859102770017e-01
  -3.98432956467326793160e-01+j5.62554939036630230476e-01
  -3.91411648942738166213e-01+j5.67133494279229655177e-01
  -3.84316245617628060582e-01+j5.71634943614662049960e-01
  -3.77146910831865911362e-01+j5.76057824827061359940e-01
  -3.69903838223758163473e-01+j5.80400618402356682779e-01
  -3.62587255571080180339e-01+j5.84661747808523202252e-01
  -3.55197429672799602773e-01+j5.88839580118381777929e-01
  -3.47734671247830084972e-01+j5.92932426981145344058e-01
  -3.40199339826443347690e-01+j5.96938545947246823609e-01
  -3.32591848609373352819e-01+j6.00856142149329697233e-01
  -3.24912669269139753325e-01+j6.04683370340428738565e-01
  -3.17162336667800304202e-01+j6.08418337288611943414e-01
  -3.09341453465072135920e-01+j6.12059104525361719062e-01
  -3.01450694590722489963e-01+j6.15603691443118106186e-01
  -2.93490811555175756808e-01+j6.19050078735344899705e-01
  -2.85462636572522021616e-01+j6.22396212170545082287e-01
  -2.77367086470499901729e-01+j6.25640006689579419863e-01
  -2.69205166362570746941e-01+j6.28779350813668536091e-01
  -2.60977973057938239521e-01+j6.31812111348451721504e-01
  -2.52686698186233904551e-01+j6.34736138367510749347e-01
  -2.44332631014704371175e-01+j6.37549270456847727573e-01
  -2.35917160936885916822e-01+j6.40249340199978034249e-01
  -2.27441779613231143120e-01+j6.42834179881507816745e-01
  -2.18908082745676468850e-01+j6.45301627385399090286e-01
  -2.10317771469839348564e-01+j6.47649532262562832585e-01
  -2.01672653350427194541e-01+j6.49875761941010932077e-01
  -1.92974642967424142581e-01+j6.51978208050450591671e-01
  -1.84225762082756094884e-01+j6.53954792832170950234e-01
  -1.75428139379359970818e-01+j6.55803475603998098364e-01
  -1.66584009766932383823e-01+j6.57522259249433638217e-01
  -1.57695713251045088743e-01+j6.59109196699428689925e-01
  -1.48765693364806966814e-01+j6.60562397374920950988e-01
  -1.39796495164737272221e-01+j6.61880033558087776946e-01
  -1.30790762795139570152e-01+j6.63060346660309773981e-01
  -1.21751236627746992069e-01+j6.64101653355164911474e-01
  -1.12680749985971495608e-01+j6.65002351545217029738e-01
  -1.03582225465625357708e-01+j6.65760926132140218314e-01
  -9.44586708663528590302e-02+j6.66375954560629146783e-01
  -8.53131747504292520246e-02+j6.66846112107743582698e-01
  -7.61489016477875091393e-02+j6.67170176890663380043e-01
  -6.69690869283081635643e-02+j6.67347034567420616114e-01
  -5.77770313643507157919e-02+j6.67375682706930262178e-01
  -4.85760954083789206481e-02+j6.67255234806526154046e-01
  -3.93696932121444242991e-02+j6.66984923937330886901e-01
  -3.01612864153803957035e-02+j6.66564105999970957228e-01
  -2.09543777332156754001e-02+j6.65992262575476279274e-01
  -1.17525043725408250006e-02+j6.65269003358665012016e-01
  -2.55923130841747767383e-03+j6.64394068163779882852e-01
  +6.62185554781244065103e-03+j6.63367328494715691178e-01
  +1.57871562566843301467e-02+j6.62188788674793027411e-01
  +2.49330638028481162138e-02+j6.60858586533581648936e-01
  +3.40559710593524439526e-02+j6.59376993650916176648e-01
  +4.31522777321791256577e-02+j6.57744415160750550697e-01
  +5.22183972538712293243e-02+j6.55961389120025106791e-01
  +6.12507635957748597377e-02+j6.54028585450106891841e-01
  +7.02458379694140405691e-02+j6.51946804460695528149e-01
  +7.92001153886621456213e-02+j6.49716974968283622616e-01
  +8.81101310656612901617e-02+j6.47340152023313852858e-01
  +9.69724666149781727720e-02+j6.44817514262139512837e-01
  +1.05783756042051715895e-01+j6.42150360901579952966e-01
  +1.14540691493764917874e-01+j6.39340108395556661058e-01
  +1.23240028750826915993e-01+j6.36388286774611344754e-01
  +1.31878592443587044913e-01+j6.33296535690403006313e-01
  +1.40453280974908889522e-01+j6.30066600188280756534e-01
  +1.48961071135792433306e-01+j6.26700326231908189101e-01
  +1.57399022401537275195e-01+j6.23199656004534530140e-01
  +1.65764280898296256783e-01+j6.19566623012008932392e-01
  +1.74054083032005868503e-01+j6.15803347012873203425e-01
  +1.82265758773726915809e-01+j6.11912028801004925782e-01
  +1.90396734597436001479e-01+j6.07894944866177233678e-01
</dep>
<dep S[1,2] frequency>
  +6.21949353607116825482e-02-j4.74993496196321918212e-01
  +6.07351734543955870671e-02-j4.76954374780337198025e-01
  +5.92370604901713351809e-02-j4.78937521248204711721e-01
  +5.76995132008859545891e-02-j4.80942619650794322972e-01
  +5.61214347430149182450e-02-j4.82969322637315956470e-01
  +5.45017152879294572432e-02-j4.85017250369111085906e-01
  +5.28392326651600935383e-02-j4.87085989426012111458e-01
  +5.11328530594276561838e-02-j4.89175091707171105782e-01
  +4.93814317631828883504e-02-j4.91284073328352777210e-01
  +4.75838139863677123120e-02-j4.93412413517853809530e-01
  +4.57388357250296112566e-02-j4.95559553513369110966e-01
  +4.38453246904078469681e-02-j4.97724895462232419519e-01
  +4.19021012999926112386e-02-j4.99907801327662881796e-01
  +3.99079797320223278456e-02-j5.02107591803774400141e-01
  +3.78617690447627594508e-02-j5.04323545242243764797e-01
  +3.57622743618213750905e-02-j5.06554896593718551046e-01
  +3.36082981246441300782e-02-j5.08800836367191644527e-01
  +3.13986414131941851680e-02-j5.11060509610681279469e-01
  +2.91321053356956190250e-02-j5.13333014916781182890e-01
  +2.68074924881639697904e-02-j5.15617403456696266062e-01
  +2.44236084842691034136e-02-j5.17912678046616670180e-01
  +2.19792635559174533155e-02-j5.20217792250333044279e-01
  +1.94732742247397880297e-02-j5.22531649522199881375e-01
  +1.69044650444515782983e-02-j5.24853102394610138148e-01
  +1.42716704138610289698e-02-j5.27180951714317780343e-01
  +1.15737364600437334095e-02-j5.29513945932002738637e-01
  +8.80952299096218922891e-03-j5.31850780449594218169e-01
  +5.97790551656890434273e-03-j5.34190097029936472595e-01
  +3.07777733712523253462e-03-j5.36530483273456981763e-01
  +1.08051697218003450729e-04-j5.38870472166541714110e-01
  -2.93233599635256934890e-03-j5.41208541706358126078e-01
  -6.04442589494440414566e-03-j5.43543114606904187447e-01
  -9.22923136915067797437e-03-j5.45872558091038295736e-01
  -1.24877366133387696784e-02-j5.48195183773237282310e-01
  -1.58208941967566824038e-02-j5.50509247637798515562e-01
  -1.92296225646269788867e-02-j5.52812950117119061844e-01
  -2.27148034930090107764e-02-j5.55104436274626245051e-01
  -2.62772795015318687273e-02-j5.57381796096790060879e-01
  -2.99178512284614117611e-02-j5.59643064898562414555e-01
  -3.36372747729060325717e-02-j5.61886223846373655810e-01
  -3.74362590092935584862e-02-j5.64109200602668003910e-01
  -4.13154628796019024461e-02-j5.66309870095735634621e-01
  -4.52754926691554399065e-02-j5.68486055418365943126e-01
  -4.93168992721103871535e-02-j5.70635528858540297392e-01
  -5.34401754530719821923e-02-j5.72756013065161884157e-01
  -5.76457531115701013458e-02-j5.74845182351415906474e-01
  -6.19340005564147366712e-02-j5.76900664138069951825e-01
  -6.63052197972093665390e-02-j5.78920040538606017755e-01
  -7.07596438605242183950e-02-j5.80900850087695763690e-01
  -7.52974341384763379281e-02-j5.82840589614117443595e-01
  -7.99186777776343393320e-02-j5.84736716258731914486e-01
  -8.46233851163415429220e-02-j5.86586649637700463522e-01
  -8.94114871786664267006e-02-j5.88387774150633591219e-01
  -9.42828332333217888905e-02-j5.90137441432837972499e-01
  -9.92371884259269920747e-02-j5.91832972950337765639e-01
  -1.04274231493042351948e-01-j5.93471662735802985011e-01
  -1.09393552566384388847e-01-j5.95050780262954770450e-01
  -1.14594651075601058898e-01-j5.96567573456536104359e-01
  -1.19876933757875836495e-01-j5.98019271834307808433e-01
  -1.25239712782532569557e-01-j5.99403089777023390106e-01
  -1.30682203998620100061e-01-j6.00716229921811173398e-01
  -1.36203525313266571306e-01-j6.01955886673781526142e-01
  -1.41802695208326251519e-01-j6.03119249830234016585e-01
  -1.47478631402559179353e-01-j6.04203508311239478878e-01
  -1.53230149666252007945e-01-j6.05205853989958963979e-01
  -1.59055962794817068451e-01-j6.06123485615506996105e-01
  -1.64954679747482957364e-01-j6.06953612820775756376e-01
  -1.70924804956780723719e-01-j6.07693460207172519993e-01
  -1.76964737814007788685e-01-j6.08340271497863183114e-01
  -1.83072772335373334940e-01-j6.08891313750738460975e-01
  -1.89247097012985893150e-01-j6.09343881621997929265e-01
  -1.95485794854267758147e-01-j6.09695301670993616838e-01
  -2.01786843612818928007e-01-j6.09942936696715176659e-01
  -2.08148116213133699270e-01-j6.10084190096111478319e-01
  -2.14567381370964260778e-01-j6.10116510234313902394e-01
  -2.21042304410514534041e-01-j6.10037394816716149748e-01
  -2.27570448278988951563e-01-j6.09844395252818971542e-01
  -2.34149274758428033172e-01-j6.09535121001764657045e-01
  -2.40776145874098679300e-01-j6.09107243889508653822e-01
  -2.47448325498128840483e-01-j6.08558502387705591019e-01
  -2.54162981146429378665e-01-j6.07886705844509322993e-01
  -2.60917185966406117714e-01-j6.07089738657705879632e-01
  -2.67707920912346408748e-01-j6.06165564380794275046e-01
  -2.74532077104888139196e-01-j6.05112229752966968022e-01
  -2.81386458370399550333e-01-j6.03927868644203780235e-01
  -2.88267783955686973663e-01-j6.02610705907096755318e-01
  -2.95172691412958876356e-01-j6.01159061127372496003e-01
  -3.02097739649615726343e-01-j5.99571352265531043457e-01
  -3.09039412137031621608e-01-j5.97846099182434143060e-01
  -3.15994120272235001767e-01-j5.95981927042149361995e-01
  -3.22958206886067467067e-01-j5.93977569585845577294e-01
  -3.29927949891253458059e-01-j5.91831872271002534802e-01
  -3.36899566063547872830e-01-j5.89543795270699888533e-01
  -3.43869214949107271373e-01-j5.87112416328266828458e-01
  -3.50833002891060286021e-01-j5.84536933463015384582e-01
  -3.57786987168283943106e-01-j5.81816667523313735266e-01
  -3.64727180239388160121e-01-j5.78951064583711483280e-01
  -3.71649554084931665887e-01-j5.75939698183209891624e-01
  -3.78550044641063399009e-01-j5.72782271402326292886e-01
  -3.85424556317836619623e-01-j5.69478618776854905725e-01
  -3.92268966595660795171e-01-j5.66028708046700912426e-01
  -3.99079130693533956631e-01-j5.62432641738423888533e-01
  -4.05850886302916213921e-01-j5.58690658580453414217e-01
  -4.12580058381349257246e-01-j5.54803134750189719249e-01
  -4.19262464000184464918e-01-j5.50770584952373853938e-01
  -4.25893917241034203336e-01-j5.46593663328324264050e-01
  -4.32470234135855946533e-01-j5.42273164195723356151e-01
  -4.38987237645809491582e-01-j5.37810022618697147756e-01
  -4.45440762674318979641e-01-j5.33205314807995822690e-01
  -4.51826661110009464295e-01-j5.28460258351035827573e-01
  -4.58140806895402652454e-01-j5.23576212271481544747e-01
  -4.64379101117480652672e-01-j5.18554676918020929222e-01
  -4.70537477116393154652e-01-j5.13397293681726818448e-01
  -4.76611905608704256032e-01-j5.08105844541336115761e-01
  -4.82598399821729528991e-01-j5.02682251435514260152e-01
  -4.88493020635488217618e-01-j4.97128575460911992234e-01
  -4.94291881728893489623e-01-j4.91447015894663163937e-01
  -4.99991154726678044273e-01-j4.85639909039583317352e-01
  -5.05587074343538112053e-01-j4.79709726890165277791e-01
  -5.11075943521725584162e-01-j4.73659075617088087817e-01
  -5.16454138558225972488e-01-j4.67490693867771922587e-01
  -5.21718114217276873745e-01-j4.61207450880168567942e-01
  -5.26864408823728647135e-01-j4.54812344406784418993e-01
  -5.31889649332327185682e-01-j4.48308498445701530954e-01
  -5.36790556367574778207e-01-j4.41699160775167742887e-01
  -5.41563949228308749717e-01-j4.34987700288201106780e-01
  -5.46206750850600109004e-01-j4.28177604123547050907e-01
  -5.50715992721982128266e-01-j4.21272474589315326643e-01
  -5.55088819739391059471e-01-j4.14276025875614739569e-01
  -5.59322495002501862693e-01-j4.07192080552649771086e-01
  -5.63414404533471802061e-01-j4.00024565850864877170e-01
  -5.67362061913382120792e-01-j3.92777509720037554253e-01
  -5.71163112824910612630e-01-j3.85455036664503147836e-01
  -5.74815339490059917793e-01-j3.78061363352179991004e-01
  -5.78316664991027740150e-01-j3.70600793995565169769e-01
  -5.81665157461577653208e-01-j3.63077715503488551718e-01
  -5.84859034135604805016e-01-j3.55496592403159505924e-01
  -5.87896665238930138386e-01-j3.47861961532824393029e-01
  -5.90776577709750005951e-01-j3.40178426506296538445e-01
  -5.93497458732662241943e-01-j3.32450651951600173462e-01
  -5.96058159070678827973e-01-j3.24683357527075222571e-01
  -5.98457696179298670458e-01-j3.16881311719476865818e-01
  -6.00695257086390377310e-01-j3.09049325429842203228e-01
  -6.02770201021496476734e-01-j3.01192245354234222621e-01
  -6.04682061778039292577e-01-j2.93314947167852002607e-01
  -6.06430549792056461378e-01-j2.85422328522446200338e-01
  -6.08015553921193774300e-01-j2.77519301868440537717e-01
  -6.09437142908075935033e-01-j2.69610787114662797670e-01
  -6.10695566512640564127e-01-j2.61701704140120672282e-01
  -6.11791256298611418885e-01-j2.53796965173729849319e-01
  -6.12724826060123572979e-01-j2.45901467059466638521e-01
  -6.13497071875391264406e-01-j2.38020083425775741404e-01
  -6.14108971775441991880e-01-j2.30157656779575781059e-01
  -6.14561685017147252275e-01-j2.22318990546493011617e-01
  -6.14856550951173419506e-01-j2.14508841080213757957e-01
  -6.14995087477041124657e-01-j2.06731909665026580836e-01
  -6.14978989079054350064e-01-j1.98992834536659918276e-01
  -6.14810124438774252553e-01-j1.91296182947434806332e-01
  -6.14490533621480539139e-01-j1.83646443302521750196e-01
  -6.14022424836158431383e-01-j1.76048017394685063497e-01
  -6.13408170770576410824e-01-j1.68505212765362122340e-01
  -6.12650304505193199489e-01-j1.61022235220162207581e-01
  -6.11751515011826674240e-01-j1.53603181526912518917e-01
  -6.10714642245234418105e-01-j1.46252032324309250155e-01
  -6.09542671838031235865e-01-j1.38972645268823497000e-01
  -6.08238729411562428773e-01-j1.31768748447003425373e-01
  -6.06806074517579174810e-01-j1.24643934079595147812e-01
  -6.05248094227711641580e-01-j1.17601652542886486730e-01
  -6.03568296389809910707e-01-j1.10645206731598194638e-01
  -6.01770302572215531889e-01-j1.03777746786242297539e-01
  -5.99857840718889590015e-01-j9.70022652063930873600e-02
  -5.97834737540105631837e-01-j9.03215923695622202594e-02
  -5.95704910664951015065e-01-j8.37383924735518314630e-02
  -5.93472360583376601362e-01-j7.72551599181168641151e-02
  -5.91141162406742193269e-01-j7.08742161396457154288e-02
  -5.88715457476880810184e-01-j6.45977069103253198623e-02
  -5.86199444854573425978e-01-j5.84276001108949422091e-02
  -5.83597372718955176296e-01-j5.23656839837101650836e-02
  -5.80913529709816800484e-01-j4.64135658703554374038e-02
  -5.78152236244974471191e-01-j4.05726714355665735168e-02
  -5.75317835844871283690e-01-j3.48442443767412873834e-02
  -5.72414686496331426291e-01-j2.92293466158054376924e-02
  -5.69447152086972496754e-01-j2.37288589678233026448e-02
  -5.66419593941073218346e-01-j1.83434822782876510994e-02
  -5.63336362486887232137e-01-j1.30737390187901335314e-02
  -5.60201789084299628385e-01-j7.91997532854090552368e-03
  -5.57020178040512625728e-01-j2.88236348711003002865e-03
  -5.53795798840023500986e-01+j2.03909519815992324940e-03
  -5.50532878613652298938e-01+j6.84456710845993999970e-03
  -5.47235594869606045698e-01+j1.15343826535607308498e-02
  -5.43908068507872544117e-01+j1.61090322571093291781e-02
  -5.40554357137217000862e-01+j2.05691620099893723861e-02
  -5.37178448712161804579e-01+j2.49155690156866588270e-02
  -5.33784255505220350813e-01+j2.91491964525187503832e-02
  -5.30375608427601896722e-01+j3.32711283783524436330e-02
  -5.26956251709472578426e-01+j3.72825843039767748643e-02
  -5.23529837948740306430e-01+j4.11849135616628170276e-02
  -5.20099923535215946657e-01+j4.49795894956302177992e-02
  -5.16669964454941732512e-01+j4.86682035011515926048e-02
  -5.13243312477425273066e-01+j5.22524589388321178407e-02
</dep>
<dep S[1,1] frequency>
  -5.73971034310319649929e-02+j4.51916621625907954929e-01
  -5.39456663693296534223e-02+j4.49837334452559967080e-01
  -5.05078287840086403993e-02+j4.47702130750172233586e-01
  -4.70847108962969135293e-02+j4.45510737257632905006e-01
  -4.36774536355601233906e-02+j4.43262903037899835823e-01
  -4.02872183223159929799e-02+j4.40958400468667965910e-01
  -3.69151863079595077277e-02+j4.38597026242423027043e-01
  -3.35625585696345402065e-02+j4.36178602374240220740e-01
  -3.02305552587536774389e-02+j4.33702977215539908773e-01
  -2.69204152016954273430e-02+j4.31170026471921485900e-01
  -2.36333953512674749264e-02+j4.28579654223002426416e-01
  -2.03707701875799479518e-02+j4.25931793942114111928e-01
  -1.71338310670524907042e-02+j4.23226409513534629347e-01
  -1.39238855183436982532e-02+j4.20463496244816714587e-01
  -1.07422564841044704265e-02+j4.17643081871622245949e-01
  -7.59028150754745278839e-03+j4.14765227552352677698e-01
  -4.46931186293651749875e-03+j4.11830028849719531614e-01
  -1.38071162924383039616e-03+j4.08837616696262617921e-01
  +1.67414329366408209943e-03+j4.05788158340721349937e-01
  +4.69386622677442355567e-03+j4.02681858272002535237e-01
  +7.67706081192387479462e-03+j3.99518959117395489056e-01
  +1.06223221701759740210e-02+j3.96299742511553698687e-01
  +1.35282381185232725151e-02+j3.93024529932685218192e-01
  +1.63933904446523365239e-02+j3.89693683502246368544e-01
  +1.92163562393034836884e-02+j3.86307606744395237719e-01
  +2.19957092855227465122e-02+j3.82866745301353339492e-01
  +2.47300215038603748985e-02+j3.79371587600754345271e-01
  +2.74178644523323661319e-02+j3.75822665471040984198e-01
  +3.00578108796883680665e-02+j3.72220554700883110577e-01
  +3.26484363302525504302e-02+j3.68565875538599929673e-01
  +3.51883207983309798106e-02+j3.64859293127560935233e-01
  +3.76760504298901677256e-02+j3.61101517873538946368e-01
  +4.01102192688887748684e-02+j3.57293305740024935702e-01
  +4.24894310453686196993e-02+j3.53435458467580621011e-01
  +4.48123010020645140550e-02+j3.49528823713356473490e-01
  +4.70774577560196805237e-02+j3.45574295107016205009e-01
  +4.92835451913190003559e-02+j3.41572812219428811886e-01
  +5.14292243787913411213e-02+j3.37525360440629640379e-01
  +5.35131755181593449233e-02+j3.33432970763731906239e-01
  +5.55340998978444688738e-02+j3.29296719471654952827e-01
  +5.74907218672796593850e-02+j3.25117727723785998606e-01
  +5.93817908163344898576e-02+j3.20897161039922829140e-01
  +6.12060831560961998710e-02+j3.16636228679138320707e-01
  +6.29624042950228668403e-02+j3.12336182911511717197e-01
  +6.46495906041890389115e-02+j3.07998318181015307005e-01
  +6.62665113651009496376e-02+j3.03623970158206635261e-01
  +6.78120706933257877402e-02+j2.99214514681763299464e-01
  +6.92852094309643617986e-02+j2.94771366588320093971e-01
  +7.06849070008213897776e-02+j2.90295978430520518199e-01
  +7.20101832149618870105e-02+j2.85789839083638086414e-01
  +7.32601000302232352457e-02+j2.81254472241634800866e-01
  +7.44337632431333190430e-02+j2.76691434804020253146e-01
  +7.55303241166655481287e-02+j2.72102315155415164227e-01
  +7.65489809311908631084e-02+j2.67488731340247531953e-01
  +7.74889804520403624455e-02+j2.62852329135589202203e-01
  +7.83496193061216233966e-02+j2.58194780025698178427e-01
  +7.91302452601500005969e-02+j2.53517779082407468394e-01
  +7.98302583931818077190e-02+j2.48823042756087714489e-01
  +8.04491121563512268100e-02+j2.44112306582486726647e-01
  +8.09863143129113810526e-02+j2.39387322811335373496e-01
  +8.14414277520013329958e-02+j2.34649857963177804754e-01
  +8.18140711698661649010e-02+j2.29901690321444862608e-01
  +8.21039196126567005773e-02+j2.25144607367343513316e-01
  +8.23107048753305287070e-02+j2.20380403165660404552e-01
  +8.24342157516879392443e-02+j2.15610875710087718238e-01
  +8.24742981310729872391e-02+j2.10837824237151749696e-01
  +8.24308549378293536902e-02+j2.06063046518292075637e-01
  +8.23038459102308078696e-02+j2.01288336140025614363e-01
  +8.20932872162182247777e-02+j1.96515479782533392106e-01
  +8.17992509040039450507e-02+j1.91746254507320273985e-01
  +8.14218641862668873754e-02+j1.86982425064888574395e-01
  +8.09613085574765606323e-02+j1.82225741233608351521e-01
  +8.04178187446109166148e-02+j1.77477935201139525034e-01
  +7.97916814923561590334e-02+j1.72740718999891379459e-01
  +7.90832341847065162233e-02+j1.68015782008077291243e-01
  +7.82928633057017736574e-02+j1.63304788527918381957e-01
  +7.74210027429026031998e-02+j1.58609375452509804294e-01
  +7.64681319380468571545e-02+j1.53931150032717428688e-01
  +7.54347738901849640403e-02+j1.49271687755327592262e-01
  +7.43214930174481980263e-02+j1.44632530343371451531e-01
  +7.31288928844355673453e-02+j1.40015183889281413787e-01
  +7.18576138030243422028e-02+j1.35421117131108048603e-01
  +7.05083303152172630179e-02+j1.30851759881618512349e-01
  +6.90817485674200676415e-02+j1.26308501619558755102e-01
  +6.75786035862703110544e-02+j1.21792690251811192015e-01
  +6.59996564668738905368e-02+j1.17305631054530748458e-01
  +6.43456914849455524630e-02+j1.12848585800674527935e-01
  +6.26175131449921429372e-02+j1.08422772080579210563e-01
  +6.08159431772561792640e-02+j1.04029362821460052979e-01
  +5.89418174966226254829e-02+j9.96694860108620350747e-02
  +5.69959831372078562506e-02+j9.53442246282166505633e-02
  +5.49792951766927828761e-02+j9.10546167877168827198e-02
  +5.28926136648605882407e-02+j8.68016560948023790933e-02
  +5.07368005710183145318e-02+j8.25862922175205071973e-02
  +4.85127167652211060966e-02+j7.84094316730542528759e-02
  +4.62212190483390072959e-02+j7.42719388286492698814e-02
  +4.38631572460808083491e-02+j7.01746371151397568822e-02
  +4.14393713820372933121e-02+j6.61183104502318791384e-02
  +3.89506889447927828751e-02+j6.21037048676029296290e-02
  +3.63979222639336102985e-02+j5.81315303468569050116e-02
  +3.37818660095815792577e-02+j5.42024628382960366180e-02
  +3.11032948297736144827e-02+j5.03171464754331027036e-02
  +2.83629611396229580622e-02+j4.64761959671356750246e-02
  +2.55615930757629450376e-02+j4.26801991602894364997e-02
  +2.26998926290328251199e-02+j3.89297197628772073674e-02
  +1.97785339678210742020e-02+j3.52253002164124306983e-02
  +1.67981619637673357248e-02+j3.15674647057519464077e-02
  +1.37593909308576373141e-02+j2.79567222934210962704e-02
  +1.06628035881458638201e-02+j2.43935701647389480140e-02
  +7.50895025548488359579e-03+j2.08784969692390187657e-02
  +4.29834829075360913553e-03+j1.74119862431338784381e-02
  +1.03148177613548996945e-03+j1.39945198968652317895e-02
  -2.29119854004267153869e-03+j1.06265817511486670988e-02
  -5.66927504044360819346e-03+j7.30866110436387272919e-03
  -9.10236277042669739146e-03+j4.04125631356731795929e-03
  -1.25901087011549561723e-02+j8.24878371036757984669e-04
  -1.61321907220227794832e-02-j2.33994554220401385081e-03
  -1.97283163616265300178e-02-j5.45266854467740813561e-03
  -2.33782212377001558101e-02-j8.51272060363125748772e-03
  -2.70816672377559991558e-02-j1.15195051642998924635e-02
  -3.08384404334612616250e-02-j1.44723958785371170643e-02
  -3.46483487331132877785e-02-j1.73707334520843831305e-02
  -3.85112192779269862930e-02-j2.02138226296470491228e-02
  -4.24268955891971139005e-02-j2.30009293367576528322e-02
  -4.63952344747563111271e-02-j2.57312779971382438182e-02
  -5.04161027045209597652e-02-j2.84040490438884629665e-02
  -5.44893734662637851951e-02-j3.10183766423662021783e-02
  -5.86149226140961210341e-02-j3.35733466420606585512e-02
  -6.27926247234794066010e-02-j3.60679947740968898096e-02
  -6.70223489678686557003e-02-j3.85013051102306574913e-02
  -7.13039548333755240916e-02-j4.08722087983622306417e-02
  -7.56372876890561429697e-02-j4.31795830885826070755e-02
  -8.00221742316190309818e-02-j4.54222506627539601709e-02
  -8.44584178244622563181e-02-j4.75989792794052762881e-02
  -8.89457937520197194914e-02-j4.97084817445029303329e-02
  -9.34840444113755886235e-02-j5.17494162172721927639e-02
  -9.80728744640166072433e-02-j5.37203868587870780882e-02
  -1.02711945971394186250e-01-j5.56199448295266185571e-02
  -1.07400873538700508680e-01-j5.74465896404278142384e-02
  -1.12139219491838526555e-01-j5.91987708603048806699e-02
  -1.16926489113080595006e-01-j6.08748901806761000266e-02
  -1.21762125961235839755e-01-j6.24733038372419363649e-02
  -1.26645507302403176331e-01-j6.39923253853126733359e-02
  -1.31575939677434194941e-01-j6.54302288245773300268e-02
  -1.36552654632185577199e-01-j6.67852520665944415779e-02
  -1.41574804636396739399e-01-j6.80556007364045423280e-02
  -1.46641459216652642050e-01-j6.92394522976245152535e-02
  -1.51751601328331708896e-01-j7.03349604883944656830e-02
  -1.56904123990719901460e-01-j7.13402600535370662316e-02
  -1.62097827208588202152e-01-j7.22534717563380057825e-02
  -1.67331415202440603185e-01-j7.30727076514276763231e-02
  -1.72603493968457366581e-01-j7.37960765984078115309e-02
  -1.77912569187709035390e-01-j7.44216899940929599300e-02
  -1.83257044502687094223e-01-j7.49476676995535218140e-02
  -1.88635220177478163395e-01-j7.53721441365949318403e-02
  -1.94045292156047016752e-01-j7.56932745268845547093e-02
  -1.99485351531077381715e-01-j7.59092412456117138220e-02
  -2.04953384433723906355e-01-j7.60182602604978913119e-02
  -2.10447272352362907410e-01-j7.60185876259426018819e-02
  -2.15964792886113282622e-01-j7.59085260013861173878e-02
  -2.21503620936469136637e-01-j7.56864311623362262527e-02
  -2.27061330337909539345e-01-j7.53507184721712020004e-02
  -2.32635395925839594256e-01-j7.48998692826456230476e-02
  -2.38223196037630147170e-01-j7.43324372310922576457e-02
  -2.43822015440017331178e-01-j7.36470544025980833336e-02
  -2.49429048673556807980e-01-j7.28424373259251300983e-02
  -2.55041403802324151417e-01-j7.19173927726713957398e-02
  -2.60656106554646660456e-01-j7.08708233301212076061e-02
  -2.66270104838268073522e-01-j6.97017327193918123651e-02
  -2.71880273611108280729e-01-j6.84092308318427905212e-02
  -2.77483420086645504732e-01-j6.69925384582821803470e-02
  -2.83076289250974277856e-01-j6.54509916872600405746e-02
  -2.88655569666736333545e-01-j6.37840459506394813483e-02
  -2.94217899537507654451e-01-j6.19912796967305723683e-02
  -2.99759873004732890767e-01-j6.00723976734745118700e-02
  -3.05278046648049306011e-01-j5.80272338064905524035e-02
  -3.10768946158813008651e-01-j5.58557536592320380553e-02
  -3.16229073155792961280e-01-j5.35580564650016133221e-02
  -3.21654912111415169917e-01-j5.11343767231240003968e-02
  -3.27042937356588458986e-01-j4.85850853541745092423e-02
  -3.32389620131972707284e-01-j4.59106904117515396413e-02
  -3.37691435653700633424e-01-j4.31118373508682789508e-02
  -3.42944870161830617228e-01-j4.01893088555797667327e-02
  -3.48146427920410506118e-01-j3.71440242309616641680e-02
  -3.53292638138738124276e-01-j3.39770383669601161447e-02
  -3.58380061784398740166e-01-j3.06895402839392206218e-02
  -3.63405298259788400728e-01-j2.72828512719755361671e-02
  -3.68364991915146933188e-01-j2.37584226379742163848e-02
  -3.73255838372644865863e-01-j2.01178330766535740093e-02
  -3.78074590637629937007e-01-j1.63627856831316809139e-02
  -3.82818064974948857326e-01-j1.24951046265305981686e-02
  -3.87483146530073707670e-01-j8.51673150533199807555e-03
  -3.92066794676725727253e-01-j4.42972140650943480011e-03
  -3.96566048074688315417e-01-j2.36238691461082561673e-04
  -4.00978029423564696909e-01+j4.06144746736489259398e-03
  -4.05299949900331135666e-01+j8.46096777463489768678e-03
  -4.09529113270611477837e-01+j1.29598577000754472399e-02
  -4.13662919665717221385e-01+j1.75555625409470894560e-02
  -4.17698869019560437010e-01+j2.22454426336830962674e-02
  -4.21634564161545155603e-01+j2.70267786894054090618e-02
</dep>
