<Qucs Dataset 1.0.7>
<indep L_trans_mm 1>
  +5.00000000000000010408e-04
</indep>
<indep L_trans 1>
  +5.00000000000000000000e-01
</indep>
<indep L_feed_mm 1>
  +1.00000000000000002082e-02
</indep>
<indep L_feed 1>
  +1.00000000000000000000e+01
</indep>
<indep W0_mm 1>
  +1.08000000000000001381e-03
</indep>
<indep W0 1>
  +1.08000000000000007105e+00
</indep>
<indep S_coupled_mm 1>
  +2.99999999999999973719e-04
</indep>
<indep S_coupled 1>
  +2.99999999999999988898e-01
</indep>
<indep W_coupled_mm 1>
  +1.00000000000000002082e-03
</indep>
<indep W_coupled 1>
  +1.00000000000000000000e+00
</indep>
<indep L_coupled_mm 1>
  +2.27499999999999993894e-02
</indep>
<indep L_coupled 1>
  +2.27500000000000000000e+01
</indep>
<indep mm 1>
  +1.00000000000000002082e-03
</indep>
<indep L4 1>
  +3.74999999999999986122e-02
</indep>
<indep lambda 1>
  +1.49999999999999994449e-01
</indep>
<indep f0 1>
  +2.00000000000000000000e+09
</indep>
<indep Z0o 1>
  +4.17744205698102248903e+01
</indep>
<indep Z0e 1>
  +5.98452346172507887445e+01
</indep>
<indep C 1>
  +1.77827941003892292526e-01
</indep>
<indep C_dB 1>
  +1.50000000000000000000e+01
</indep>
<indep Z0 1>
  +5.00000000000000000000e+01
</indep>
<indep frequency 200>
  +1.00000000000000000000e+08
  +1.24623115577889442444e+08
  +1.49246231155778884888e+08
  +1.73869346733668327332e+08
  +1.98492462311557769775e+08
  +2.23115577889447212219e+08
  +2.47738693467336684465e+08
  +2.72361809045226097107e+08
  +2.96984924623115539551e+08
  +3.21608040201004981995e+08
  +3.46231155778894424438e+08
  +3.70854271356783926487e+08
  +3.95477386934673368931e+08
  +4.20100502512562811375e+08
  +4.44723618090452253819e+08
  +4.69346733668341696262e+08
  +4.93969849246231138706e+08
  +5.18592964824120581150e+08
  +5.43216080402009963989e+08
  +5.67839195979899406433e+08
  +5.92462311557788848877e+08
  +6.17085427135678291321e+08
  +6.41708542713567852974e+08
  +6.66331658291457295418e+08
  +6.90954773869346737862e+08
  +7.15577889447236180305e+08
  +7.40201005025125622749e+08
  +7.64824120603015065193e+08
  +7.89447236180904507637e+08
  +8.14070351758793950081e+08
  +8.38693467336683392525e+08
  +8.63316582914572834969e+08
  +8.87939698492462277412e+08
  +9.12562814070351719856e+08
  +9.37185929648241162300e+08
  +9.61809045226130604744e+08
  +9.86432160804020047188e+08
  +1.01105527638190948963e+09
  +1.03567839195979893208e+09
  +1.06030150753768837452e+09
  +1.08492462311557769775e+09
  +1.10954773869346714020e+09
  +1.13417085427135658264e+09
  +1.15879396984924602509e+09
  +1.18341708542713570595e+09
  +1.20804020100502514839e+09
  +1.23266331658291459084e+09
  +1.25728643216080403328e+09
  +1.28190954773869347572e+09
  +1.30653266331658291817e+09
  +1.33115577889447236061e+09
  +1.35577889447236180305e+09
  +1.38040201005025124550e+09
  +1.40502512562814068794e+09
  +1.42964824120603013039e+09
  +1.45427135678391957283e+09
  +1.47889447236180901527e+09
  +1.50351758793969845772e+09
  +1.52814070351758790016e+09
  +1.55276381909547734261e+09
  +1.57738693467336678505e+09
  +1.60201005025125622749e+09
  +1.62663316582914566994e+09
  +1.65125628140703511238e+09
  +1.67587939698492455482e+09
  +1.70050251256281399727e+09
  +1.72512562814070343971e+09
  +1.74974874371859288216e+09
  +1.77437185929648232460e+09
  +1.79899497487437176704e+09
  +1.82361809045226120949e+09
  +1.84824120603015065193e+09
  +1.87286432160804009438e+09
  +1.89748743718592953682e+09
  +1.92211055276381897926e+09
  +1.94673366834170842171e+09
  +1.97135678391959786415e+09
  +1.99597989949748730659e+09
  +2.02060301507537674904e+09
  +2.04522613065326619148e+09
  +2.06984924623115563393e+09
  +2.09447236180904507637e+09
  +2.11909547738693451881e+09
  +2.14371859296482396126e+09
  +2.16834170854271316528e+09
  +2.19296482412060260773e+09
  +2.21758793969849205017e+09
  +2.24221105527638149261e+09
  +2.26683417085427141190e+09
  +2.29145728643216085434e+09
  +2.31608040201005029678e+09
  +2.34070351758793973923e+09
  +2.36532663316582918167e+09
  +2.38994974874371862411e+09
  +2.41457286432160806656e+09
  +2.43919597989949750900e+09
  +2.46381909547738695145e+09
  +2.48844221105527639389e+09
  +2.51306532663316583633e+09
  +2.53768844221105527878e+09
  +2.56231155778894472122e+09
  +2.58693467336683416367e+09
  +2.61155778894472360611e+09
  +2.63618090452261304855e+09
  +2.66080402010050249100e+09
  +2.68542713567839193344e+09
  +2.71005025125628137589e+09
  +2.73467336683417081833e+09
  +2.75929648241206026077e+09
  +2.78391959798994970322e+09
  +2.80854271356783914566e+09
  +2.83316582914572858810e+09
  +2.85778894472361803055e+09
  +2.88241206030150747299e+09
  +2.90703517587939691544e+09
  +2.93165829145728635788e+09
  +2.95628140703517580032e+09
  +2.98090452261306524277e+09
  +3.00552763819095468521e+09
  +3.03015075376884412766e+09
  +3.05477386934673357010e+09
  +3.07939698492462301254e+09
  +3.10402010050251245499e+09
  +3.12864321608040189743e+09
  +3.15326633165829133987e+09
  +3.17788944723618078232e+09
  +3.20251256281407022476e+09
  +3.22713567839195966721e+09
  +3.25175879396984910965e+09
  +3.27638190954773855209e+09
  +3.30100502512562799454e+09
  +3.32562814070351743698e+09
  +3.35025125628140687943e+09
  +3.37487437185929632187e+09
  +3.39949748743718576431e+09
  +3.42412060301507520676e+09
  +3.44874371859296464920e+09
  +3.47336683417085409164e+09
  +3.49798994974874353409e+09
  +3.52261306532663297653e+09
  +3.54723618090452241898e+09
  +3.57185929648241186142e+09
  +3.59648241206030130386e+09
  +3.62110552763819074631e+09
  +3.64572864321608018875e+09
  +3.67035175879396963120e+09
  +3.69497487437185907364e+09
  +3.71959798994974851608e+09
  +3.74422110552763795853e+09
  +3.76884422110552740097e+09
  +3.79346733668341684341e+09
  +3.81809045226130628586e+09
  +3.84271356783919572830e+09
  +3.86733668341708517075e+09
  +3.89195979899497461319e+09
  +3.91658291457286405563e+09
  +3.94120603015075349808e+09
  +3.96582914572864294052e+09
  +3.99045226130653238297e+09
  +4.01507537688442182541e+09
  +4.03969849246231126785e+09
  +4.06432160804020071030e+09
  +4.08894472361809015274e+09
  +4.11356783919597959518e+09
  +4.13819095477386903763e+09
  +4.16281407035175848007e+09
  +4.18743718592964792252e+09
  +4.21206030150753736496e+09
  +4.23668341708542680740e+09
  +4.26130653266331624985e+09
  +4.28592964824120569229e+09
  +4.31055276381909561157e+09
  +4.33517587939698410034e+09
  +4.35979899497487449646e+09
  +4.38442211055276298523e+09
  +4.40904522613065338135e+09
  +4.43366834170854282379e+09
  +4.45829145728643226624e+09
  +4.48291457286432170868e+09
  +4.50753768844221115112e+09
  +4.53216080402010059357e+09
  +4.55678391959799003601e+09
  +4.58140703517587947845e+09
  +4.60603015075376892090e+09
  +4.63065326633165836334e+09
  +4.65527638190954780579e+09
  +4.67989949748743724823e+09
  +4.70452261306532669067e+09
  +4.72914572864321613312e+09
  +4.75376884422110557556e+09
  +4.77839195979899501801e+09
  +4.80301507537688446045e+09
  +4.82763819095477390289e+09
  +4.85226130653266334534e+09
  +4.87688442211055278778e+09
  +4.90150753768844223022e+09
  +4.92613065326633167267e+09
  +4.95075376884422111511e+09
  +4.97537688442211055756e+09
  +5.00000000000000000000e+09
</indep>
<dep isolated frequency>
  -3.24849105929876145638e+02
  -3.25112395317099696967e+02
  -3.43174195056938572179e+02
  -3.37153595143658947109e+02
  -3.24849105929876145638e+02
  -inf
  -inf
  -3.31132995230379322038e+02
  -3.37153595143658947109e+02
  -3.22102095360459884432e+02
  -3.31132995230379322038e+02
  -3.24143295187019134573e+02
  -3.25112395317099696967e+02
  -inf
  -inf
  -3.31132995230379322038e+02
  -3.22102095360459884432e+02
  -3.31132995230379322038e+02
  -3.25112395317099696967e+02
  -3.25112395317099696967e+02
  -3.24143295187019134573e+02
  -3.25112395317099696967e+02
  -inf
  -inf
  -inf
  -inf
  -inf
  -3.22102095360459884432e+02
  -inf
  -3.25112395317099696967e+02
  -3.18122695273739509503e+02
  -3.22102095360459884432e+02
  -3.22102095360459884432e+02
  -inf
  -3.25112395317099696967e+02
  -3.25112395317099696967e+02
  -3.25112395317099696967e+02
  -inf
  -3.25112395317099696967e+02
  -3.25112395317099696967e+02
  -3.22102095360459884432e+02
  -3.22102095360459884432e+02
  -3.25112395317099696967e+02
  -inf
  -3.25112395317099696967e+02
  -3.22102095360459884432e+02
  -3.25112395317099696967e+02
  -3.22102095360459884432e+02
  -3.25112395317099696967e+02
  -inf
  -3.22102095360459884432e+02
  -3.24143295187019134573e+02
  -3.25112395317099696967e+02
  -3.24143295187019134573e+02
  -3.25112395317099696967e+02
  -inf
  -3.31132995230379322038e+02
  -3.24143295187019134573e+02
  -inf
  -inf
  -3.25112395317099696967e+02
  -3.25112395317099696967e+02
  -inf
  -3.25112395317099696967e+02
  -3.24849105929876145638e+02
  -3.37153595143658947109e+02
  -3.31132995230379322038e+02
  -3.24143295187019134573e+02
  -3.24143295187019134573e+02
  -inf
  -3.24849105929876145638e+02
  -3.43174195056938572179e+02
  -inf
  -3.25045061490510022395e+02
  -3.25112395317099696967e+02
  -3.25095463736905230689e+02
  -3.25108156229580060881e+02
  -3.73277194623336697532e+02
  -3.25112395317099696967e+02
  -3.25095463736905230689e+02
  -3.25095463736905230689e+02
  -3.43174195056938572179e+02
  -3.43174195056938572179e+02
  -3.25112395317099696967e+02
  -3.24849105929876145638e+02
  -3.37153595143658947109e+02
  -inf
  -3.24143295187019134573e+02
  -3.24143295187019134573e+02
  -inf
  -3.31132995230379322038e+02
  -3.25112395317099696967e+02
  -3.31132995230379322038e+02
  -3.31132995230379322038e+02
  -3.25112395317099696967e+02
  -3.24143295187019134573e+02
  -3.31132995230379322038e+02
  -inf
  -3.22102095360459884432e+02
  -3.24143295187019134573e+02
  -3.31132995230379322038e+02
  -3.24143295187019134573e+02
  -3.19993561707310959719e+02
  -3.22102095360459884432e+02
  -3.24143295187019134573e+02
  -3.22102095360459884432e+02
  -inf
  -3.22102095360459884432e+02
  -3.22102095360459884432e+02
  -3.22102095360459884432e+02
  -inf
  -3.25112395317099696967e+02
  -inf
  -3.25112395317099696967e+02
  -inf
  -inf
  -inf
  -3.25112395317099696967e+02
  -inf
  -3.25112395317099696967e+02
  -3.22102095360459884432e+02
  -inf
  -3.25112395317099696967e+02
  -inf
  -3.25112395317099696967e+02
  -inf
  -3.25112395317099696967e+02
  -3.22102095360459884432e+02
  -3.22102095360459884432e+02
  -inf
  -3.25112395317099696967e+02
  -inf
  -3.25112395317099696967e+02
  -3.22102095360459884432e+02
  -3.31132995230379322038e+02
  -3.24143295187019134573e+02
  -inf
  -3.25112395317099696967e+02
  -3.31132995230379322038e+02
  -inf
  -3.25112395317099696967e+02
  -3.31132995230379322038e+02
  -inf
  -3.24143295187019134573e+02
  -3.24143295187019134573e+02
  -inf
  -3.24143295187019134573e+02
  -3.37153595143658947109e+02
  -3.25112395317099696967e+02
  -3.24143295187019134573e+02
  -3.24849105929876145638e+02
  -3.37153595143658947109e+02
  -3.25045061490510022395e+02
  -3.25045061490510022395e+02
  -3.19024461577230397324e+02
  -3.19074863823625605619e+02
  -3.25095463736905230689e+02
  -3.25108156229580060881e+02
  -3.25112130252873100744e+02
  -3.19090735243966378221e+02
  -3.19087556316300492654e+02
  -3.25112395317099696967e+02
  -3.18941736317570473602e+02
  -3.43174195056938572179e+02
  -3.24849105929876145638e+02
  -3.24849105929876145638e+02
  -3.37153595143658947109e+02
  -3.25112395317099696967e+02
  -3.37153595143658947109e+02
  -3.24143295187019134573e+02
  -3.31132995230379322038e+02
  -inf
  -3.24143295187019134573e+02
  -3.31132995230379322038e+02
  -inf
  -inf
  -3.25112395317099696967e+02
  -3.19091795403820071897e+02
  -3.24143295187019134573e+02
  -3.31132995230379322038e+02
  -3.25112395317099696967e+02
  -3.21590570135986069999e+02
  -3.24143295187019134573e+02
  -3.31132995230379322038e+02
  -3.31132995230379322038e+02
  -3.25112395317099696967e+02
  -3.25112395317099696967e+02
  -3.25112395317099696967e+02
  -inf
  -3.25112395317099696967e+02
  -3.25112395317099696967e+02
  -3.25112395317099696967e+02
  -3.22102095360459884432e+02
  -inf
  -3.25112395317099696967e+02
  -3.22102095360459884432e+02
  -3.25112395317099696967e+02
  -3.18122695273739509503e+02
  -3.22102095360459884432e+02
  -3.22102095360459884432e+02
</dep>
<dep coupled frequency>
  -3.69624551735957993515e+01
  -3.50559134024796676954e+01
  -3.34964388572879556705e+01
  -3.21778571869853351473e+01
  -3.10364390544256529836e+01
  -3.00309138498574199616e+01
  -2.91330176380000658298e+01
  -2.83225435679225476804e+01
  -2.75845434938246825141e+01
  -2.69076480365876911094e+01
  -2.62830081546541549642e+01
  -2.57036012145328385259e+01
  -2.51637605892088735970e+01
  -2.46588475871790500094e+01
  -2.41850169702198627419e+01
  -2.37390457448882266078e+01
  -2.33182057844855314954e+01
  -2.29201674704141602490e+01
  -2.25429257082894309860e+01
  -2.21847423605295155369e+01
  -2.18441009098667962007e+01
  -2.15196703626701157930e+01
  -2.12102762210665893861e+01
  -2.09148769256320434806e+01
  -2.06325445767479820347e+01
  -2.03624490351166684832e+01
  -2.01038447151113111033e+01
  -1.98560595419663208361e+01
  -1.96184856612274991505e+01
  -1.93905715774256890427e+01
  -1.91718154663591207054e+01
  -1.89617594571740895049e+01
  -1.87599847205762735314e+01
  -1.85661072308585843871e+01
  -1.83797740941035954165e+01
  -1.82006603544692566743e+01
  -1.80284662060622480340e+01
  -1.78629145504213440176e+01
  -1.77037488497410144817e+01
  -1.75507312341726269267e+01
  -1.74036408282402490499e+01
  -1.72622722669046417820e+01
  -1.71264343763404909282e+01
  -1.69959489982446534384e+01
  -1.68706499396149958159e+01
  -1.67503820325469057195e+01
  -1.66350002907814662478e+01
  -1.65243691515803803327e+01
  -1.64183617930583984901e+01
  -1.63168595184234597184e+01
  -1.62197511996970717973e+01
  -1.61269327744460184704e+01
  -1.60383067898771507487e+01
  -1.59537819893522421211e+01
  -1.58732729369873553082e+01
  -1.57966996765264653391e+01
  -1.57239874211340051602e+01
  -1.56550662711467971633e+01
  -1.55898709571704170429e+01
  -1.55283406062065321152e+01
  -1.54704185287619431222e+01
  -1.54160520251220560795e+01
  -1.53651922091764188139e+01
  -1.53177938483646780554e+01
  -1.52738152184719577775e+01
  -1.52332179721453524479e+01
  -1.51959670201306611403e+01
  -1.51620304243427632684e+01
  -1.51313793019856941413e+01
  -1.51039877400313642397e+01
  -1.50798327194499659498e+01
  -1.50588940486621396531e+01
  -1.50411543057533769741e+01
  -1.50265987890562655593e+01
  -1.50152154757668085949e+01
  -1.50069949883177482519e+01
  -1.50019305682853421047e+01
  -1.50000180576573640678e+01
  -1.50012558873390204894e+01
  -1.50056450728215260426e+01
  -1.50131892169849567864e+01
  -1.50238945200537266089e+01
  -1.50377697967698953363e+01
  -1.50548265008971871026e+01
  -1.50750787572173905460e+01
  -1.50985434012314421182e+01
  -1.51252400268305997599e+01
  -1.51551910422590374594e+01
  -1.51884217347488927885e+01
  -1.52249603442729526392e+01
  -1.52648381469292679924e+01
  -1.53080895485476737861e+01
  -1.53547521891904654723e+01
  -1.54048670593105825333e+01
  -1.54584786284309831927e+01
  -1.55156349873205350320e+01
  -1.55763880047662475192e+01
  -1.56407935001809192954e+01
  -1.57089114334417203622e+01
  -1.57808061135316322066e+01
  -1.58565464277548269223e+01
  -1.59362060935231486525e+01
  -1.60198639349675993060e+01
  -1.61076041869217725377e+01
  -1.61995168291590445619e+01
  -1.62956979541492970043e+01
  -1.63962501720426381269e+01
  -1.65012830570965824961e+01
  -1.66109136403520700753e+01
  -1.67252669540463507758e+01
  -1.68444766340453497833e+01
  -1.69686855875046340714e+01
  -1.70980467340532698017e+01
  -1.72327238300688030392e+01
  -1.73728923871128380085e+01
  -1.75187406973722943349e+01
  -1.76704709810581874763e+01
  -1.78283006732242803594e+01
  -1.79924638704706225667e+01
  -1.81632129616032536035e+01
  -1.83408204706719359933e+01
  -1.85255811460796451229e+01
  -1.87178143358764188520e+01
  -1.89178666972047508921e+01
  -1.91261152975263222231e+01
  -1.93429711772115133783e+01
  -1.95688834579440751327e+01
  -1.98043441000101871907e+01
  -2.00498934350005271199e+01
  -2.03061266302209091350e+01
  -2.05737012791559195080e+01
  -2.08533463613470040343e+01
  -2.11458728787219740752e+01
  -2.14521865588708848804e+01
  -2.17733031261983533966e+01
  -2.21103667895188849002e+01
  -2.24646727942214319285e+01
  -2.28376951601028324035e+01
  -2.32311211042124377002e+01
  -2.36468941795552538565e+01
  -2.40872689188774025126e+01
  -2.45548808731195222776e+01
  -2.50528375603852104803e+01
  -2.55848382942568832732e+01
  -2.61553346450875601192e+01
  -2.67697492775776098028e+01
  -2.74347806618440941406e+01
  -2.81588375632371956669e+01
  -2.89526758653387439324e+01
  -2.98303625112736412461e+01
  -3.08107915276135280180e+01
  -3.19201812371162851889e+01
  -3.31964295873045500684e+01
  -3.46972815829765437456e+01
  -3.65171800169655185186e+01
  -3.88269509192805202247e+01
  -4.19878113736711355841e+01
  -4.70140088848047810188e+01
  -6.03274323251440591775e+01
  -5.19237850514395304913e+01
  -4.43936378938401006167e+01
  -4.04240511137744249481e+01
  -3.77123765728266846509e+01
  -3.56517119446597163801e+01
  -3.39903390896256141218e+01
  -3.25993298528615014220e+01
  -3.14037447876320996443e+01
  -3.03561494927397212962e+01
  -2.94246099992249625643e+01
  -2.85865977702127551652e+01
  -2.78256241538599802254e+01
  -2.71292573635112148622e+01
  -2.64878919194497726153e+01
  -2.58939519635329489233e+01
  -2.53413569075722300283e+01
  -2.48251521324893751341e+01
  -2.43412471051948102740e+01
  -2.38862254730612058040e+01
  -2.34572046292518336941e+01
  -2.30517300476675615073e+01
  -2.26676945435581131960e+01
  -2.23032757213915786565e+01
  -2.19568869055525581757e+01
  -2.16271382106668070833e+01
  -2.13128053372497561213e+01
  -2.10128043235398891397e+01
  -2.07261709397316877812e+01
  -2.04520437369679015660e+01
  -2.01896500002248160399e+01
  -1.99382940282682312727e+01
  -1.96973472932702549087e+01
  -1.94662401299362883833e+01
  -1.92444546778132448139e+01
  -1.90315188570042295169e+01
  -1.88270012012157970105e+01
  -1.86305064061081147031e+01
  -1.84416714776412575816e+01
  -1.82601623862387114627e+01
  -1.80856711494049982036e+01
  -1.79179132789050861163e+01
</dep>
<dep through frequency>
  -8.74143032611645774341e-04
  -1.35600337186190579054e-03
  -1.94194765486528468645e-03
  -2.63105628453777582593e-03
  -3.42224822595947001519e-03
  -4.31428292939336262973e-03
  -5.30576253310835899840e-03
  -6.39513434042004221686e-03
  -7.58069356481218693117e-03
  -8.86058633624248193073e-03
  -1.02328129612944285914e-02
  -1.16952314290796922924e-02
  -1.32455611544495671650e-02
  -1.48813869494221658052e-02
  -1.66001632133592411100e-02
  -1.83992183319827175281e-02
  -2.02757592748939521887e-02
  -2.22268763809696720535e-02
  -2.42495483207042263063e-02
  -2.63406472242287484353e-02
  -2.84969439636403726324e-02
  -3.07151135779809222881e-02
  -3.29917408291449110180e-02
  -3.53233258768520103077e-02
  -3.77062900608045870054e-02
  -4.01369817780933973994e-02
  -4.26116824439467731245e-02
  -4.51266125239988546980e-02
  -4.76779376263068294106e-02
  -5.02617746414768112873e-02
  -5.28741979194488967431e-02
  -5.55112454716250661169e-02
  -5.81689251872747545291e-02
  -6.08432210533618733628e-02
  -6.35300993672112540578e-02
  -6.62255149317286101462e-02
  -6.89254172231533873694e-02
  -7.16257565216502911642e-02
  -7.43224899954260248558e-02
  -7.70115877293043038510e-02
  -7.96890386891423857518e-02
  -8.23508566137692021858e-02
  -8.49930858265382782601e-02
  -8.76118069588988912511e-02
  -9.02031425788338281357e-02
  -9.27632627173306245627e-02
  -9.52883902864588017145e-02
  -9.77748063829615432496e-02
  -1.00218855471661677514e-01
  -1.02616950443337601184e-01
  -1.04965577542037460934e-01
  -1.07261301157202101897e-01
  -1.09500768476238852234e-01
  -1.11680713993547189866e-01
  -1.13797963872294211063e-01
  -1.15849440155525063023e-01
  -1.17832164823491541972e-01
  -1.19743263694343363146e-01
  -1.21579970165593617693e-01
  -1.23339628793976849308e-01
  -1.25019698711624605014e-01
  -1.26617756876570730640e-01
  -1.28131501155958976712e-01
  -1.29558753240343937918e-01
  -1.30897461387801727906e-01
  -1.32145702996569830434e-01
  -1.33301687005259794638e-01
  -1.34363756119635191499e-01
  -1.35330388865191969527e-01
  -1.36200201464871162305e-01
  -1.36971949541244336634e-01
  -1.37644529642752339038e-01
  -1.38216980593472427152e-01
  -1.38688484666152300750e-01
  -1.39058368578146462902e-01
  -1.39326104310039888823e-01
  -1.39491309746792246926e-01
  -1.39553749141220428953e-01
  -1.39513333399763128639e-01
  -1.39370120190414781280e-01
  -1.39124313872864252550e-01
  -1.38776265250821040365e-01
  -1.38326471146566043480e-01
  -1.37775573797851963453e-01
  -1.37124360077275048164e-01
  -1.36373760534280435985e-01
  -1.35524848260048458304e-01
  -1.34578837575527077153e-01
  -1.33537082542960205966e-01
  -1.32401075301345566571e-01
  -1.31172444226248408050e-01
  -1.29852951914637720909e-01
  -1.28444492995317294248e-01
  -1.26949091765814064958e-01
  -1.25368899656554455557e-01
  -1.23706192523385730131e-01
  -1.21963367769615554925e-01
  -1.20142941298850447485e-01
  -1.18247544300176810061e-01
  -1.16279919867313036308e-01
  -1.14242919453630575877e-01
  -1.12139499165101602651e-01
  -1.09972715893509931373e-01
  -1.07745723292409723015e-01
  -1.05461767598723721306e-01
  -1.03124183302927704964e-01
  -1.00736388671280735485e-01
  -9.83018811236436307333e-02
  -9.58242324709058235221e-02
  -9.33070840162208980928e-02
  -9.07541415247033328439e-02
  -8.81691700664456595726e-02
  -8.55559887382114359067e-02
  -8.29184652693637364029e-02
  -8.02605105180854427882e-02
  -7.75860728642181612935e-02
  -7.48991325054575995956e-02
  -7.22036956640358523751e-02
  -6.95037887113318236798e-02
  -6.68034522182958528935e-02
  -6.41067349398891789258e-02
  -6.14176877421283989866e-02
  -5.87403574806549949594e-02
  -5.60787808401510337597e-02
  -5.34369781441615329665e-02
  -5.08189471453112939781e-02
  -4.82286568061239609428e-02
  -4.56700410809838461268e-02
  -4.31469927100299466272e-02
  -4.06633570359956897367e-02
  -3.82229258552721842812e-02
  -3.58294313146129070335e-02
  -3.34865398650926182622e-02
  -3.11978462850443331866e-02
  -2.89668677837995013069e-02
  -2.67970381981436599206e-02
  -2.46917022933745532176e-02
  -2.26541101809084495511e-02
  -2.06874118642614603092e-02
  -1.87946519251962207431e-02
  -1.69787643616872846453e-02
  -1.52425675891465998296e-02
  -1.35887596162121235960e-02
  -1.20199134060697716830e-02
  -1.05384724340689787947e-02
  -9.14674645196473373732e-03
  -7.84690746883321375849e-03
  -6.64098595821634423569e-03
  -5.53086730065362013053e-03
  -4.51828847022847646109e-03
  -3.60483497323921264766e-03
  -2.79193804656923273005e-03
  -2.08087212267512233418e-03
  -1.47275256757226882982e-03
  -9.68533697441217021097e-04
  -5.69007078925790120254e-04
  -2.74800117362527965108e-04
  -8.63749365892255919607e-05
  -4.02755314807790677561e-06
  -2.78873469942966985009e-05
  -1.57916830104106462387e-04
  -3.93911713518381575647e-04
  -7.35501272702476435739e-04
  -1.18214901023315391120e-03
  -1.73315361418236108318e-03
  -2.38765020968269119084e-03
  -3.14461190055475908398e-03
  -4.00285159702582805930e-03
  -4.96102412495814503596e-03
  -6.01762861125096620157e-03
  -7.17101113944944995593e-03
  -8.41936766895470117822e-03
  -9.76074721057478347785e-03
  -1.11930552506512466515e-02
  -1.27140574153731152063e-02
  -1.43213833664210775376e-02
  -1.60125309186071665413e-02
  -1.77848703697240234645e-02
  -1.96356490324244084555e-02
  -2.15619959575858791134e-02
  -2.35609268383310671569e-02
  -2.56293490835523135596e-02
  -2.77640670495827440734e-02
  -2.99617874184739119148e-02
  -3.22191247111386774860e-02
  -3.45326069235873112095e-02
  -3.68986812743292355576e-02
  -3.93137200510548096011e-02
  -4.17740265446512049063e-02
  -4.42758410587221831745e-02
  -4.68153469827916474122e-02
  -4.93886769175337220217e-02
  -5.19919188404787471769e-02
  -5.46211223008771160070e-02
  -5.72723046325024215397e-02
  -5.99414571735302770250e-02
  -6.26245514827794419466e-02
  -6.53175455419432587911e-02
  -6.80163899336694299791e-02
  -7.07170339857366020420e-02
</dep>
<dep RL frequency>
  -3.41211634182346358557e+02
  -3.41202870767242870897e+02
  -3.41168660970187715975e+02
  -3.38202684014316957928e+02
  -3.37003536057409348814e+02
  -3.37003536057409348814e+02
  -3.37003536057409348814e+02
  -3.35118761716704000264e+02
  -3.34952105496274270990e+02
  -3.31952036274210286138e+02
  -3.32029544782709535866e+02
  -3.32029544782709535866e+02
  -3.30728331684447027783e+02
  -3.30561566369013632993e+02
  -3.30728331684447027783e+02
  -3.29498306565410985058e+02
  -3.30869705843155770708e+02
  -3.30163895100298759644e+02
  -3.30163895100298759644e+02
  -3.29194794970218197250e+02
  -3.26642069919185132676e+02
  -3.26915927924081415767e+02
  -3.27859405886516015016e+02
  -3.26014161620590584789e+02
  -3.27046356489741185669e+02
  -3.27462932286095451673e+02
  -3.26014161620590584789e+02
  -3.24769997279573715332e+02
  -3.26014161620590584789e+02
  -3.25320896706830922085e+02
  -3.27859405886516015016e+02
  -3.26014161620590584789e+02
  -3.26184495013578384714e+02
  -3.25320896706830922085e+02
  -3.26184495013578384714e+02
  -3.24481877859628809802e+02
  -3.25320896706830922085e+02
  -3.27046356489741185669e+02
  -3.25320896706830922085e+02
  -3.23880005799795640087e+02
  -3.23680294990489414886e+02
  -3.25320896706830922085e+02
  -3.23306477714276127244e+02
  -3.23880005799795640087e+02
  -3.24481877859628809802e+02
  -3.22921136404290848532e+02
  -3.24481877859628809802e+02
  -3.25320896706830922085e+02
  -3.23174195056938572179e+02
  -3.23174195056938572179e+02
  -3.20621470005905507605e+02
  -3.22205094926858009785e+02
  -3.21838805973236389946e+02
  -3.22205094926858009785e+02
  -3.22205094926858009785e+02
  -3.22205094926858009785e+02
  -3.21838805973236389946e+02
  -3.22799930077532337691e+02
  -3.21235994796777447391e+02
  -3.22910905669715020849e+02
  -3.22799930077532337691e+02
  -3.22529615164669394289e+02
  -3.21327280748762518670e+02
  -3.22910905669715020849e+02
  -3.20056656446380998204e+02
  -3.21471577902988997266e+02
  -3.21406050250190787665e+02
  -3.21471577902988997266e+02
  -3.23043188327052632758e+02
  -3.21471577902988997266e+02
  -3.25074391668301586833e+02
  -3.23130981319112095207e+02
  -3.20217149925101978170e+02
  -3.20223680928870408025e+02
  -3.21578805094335280046e+02
  -3.21584801283161425545e+02
  -3.21588685586241126657e+02
  -3.23174178489950406856e+02
  -3.21589509976132376323e+02
  -3.20246098402765710489e+02
  -3.20234702763179370777e+02
  -3.21573638555791603721e+02
  -3.20217149925101978170e+02
  -3.23106861230348897607e+02
  -3.23106861230348897607e+02
  -3.23043188327052632758e+02
  -3.20140884274478082716e+02
  -3.23003861663950772254e+02
  -3.23003861663950772254e+02
  -3.21406050250190787665e+02
  -3.22910905669715020849e+02
  -3.21235994796777447391e+02
  -3.22799930077532337691e+02
  -3.22672331560185000399e+02
  -3.21132995230379322038e+02
  -3.22672331560185000399e+02
  -3.22373344206479885088e+02
  -3.22529615164669394289e+02
  -3.22205094926858009785e+02
  -3.24143295187019134573e+02
  -3.22529615164669394289e+02
  -3.24143295187019134573e+02
  -3.24540966455734007923e+02
  -3.24540966455734007923e+02
  -3.24143295187019134573e+02
  -3.24143295187019134573e+02
  -3.22205094926858009785e+02
  -3.26014161620590584789e+02
  -3.23680294990489414886e+02
  -3.21838805973236389946e+02
  -3.23880005799795640087e+02
  -3.24481877859628809802e+02
  -3.23880005799795640087e+02
  -3.24481877859628809802e+02
  -3.25320896706830922085e+02
  -3.22643410622104340746e+02
  -3.25320896706830922085e+02
  -3.26014161620590584789e+02
  -3.23880005799795640087e+02
  -3.25320896706830922085e+02
  -3.25320896706830922085e+02
  -3.23880005799795640087e+02
  -3.23880005799795640087e+02
  -3.26014161620590584789e+02
  -3.27046356489741185669e+02
  -3.27046356489741185669e+02
  -3.27859405886516015016e+02
  -3.25672969789104570282e+02
  -3.27859405886516015016e+02
  -3.26618009221526335750e+02
  -3.24769997279573715332e+02
  -3.27859405886516015016e+02
  -3.27462932286095451673e+02
  -3.27462932286095451673e+02
  -3.26915927924081415767e+02
  -3.28225694840137634856e+02
  -3.28550215077949019360e+02
  -3.29939095874784413809e+02
  -3.30163895100298759644e+02
  -3.29652369875824945211e+02
  -3.30372396490029984761e+02
  -3.32936527837361040838e+02
  -3.31560515034588831895e+02
  -3.30469590360073993907e+02
  -3.31952036274210286138e+02
  -3.33368480575321768811e+02
  -3.35045061490510022395e+02
  -3.34952105496274270990e+02
  -3.35118761716704000264e+02
  -3.35148061056908090904e+02
  -3.38177109493934381135e+02
  -3.41065661403789647466e+02
  -3.41168660970187715975e+02
  -3.43122549187753406841e+02
  -3.42083810781401268741e+02
  -3.43161225897400697704e+02
  -3.47245750897134826118e+02
  -3.55211155795978186234e+02
  -3.68416298410739102565e+02
  -3.61235398425015944213e+02
  -3.49190555882698561163e+02
  -3.45665436491779360040e+02
  -3.47250491734055231063e+02
  -3.43136191408140462045e+02
  -3.41139361629983625335e+02
  -3.38225694840137634856e+02
  -3.38177109493934381135e+02
  -3.39467849990029662877e+02
  -3.35084388153611882899e+02
  -3.33409477280674252597e+02
  -3.33368480575321768811e+02
  -3.34841129904091587832e+02
  -3.33277194623336697532e+02
  -3.32936527837361040838e+02
  -3.32097856272940248346e+02
  -3.31771472146646715373e+02
  -3.29498306565410985058e+02
  -3.32662669832464757746e+02
  -3.31560515034588831895e+02
  -3.28393944119759510158e+02
  -3.30163895100298759644e+02
  -3.29700894903769039956e+02
  -3.28550215077949019360e+02
  -3.28225694840137634856e+02
  -3.27859405886516015016e+02
  -3.27859405886516015016e+02
  -3.26014161620590584789e+02
  -3.27462932286095451673e+02
  -3.27462932286095451673e+02
  -3.25672969789104570282e+02
  -3.25320896706830922085e+02
  -3.25320896706830922085e+02
  -3.26184495013578384714e+02
  -3.26184495013578384714e+02
  -3.25045061490510022395e+02
  -3.26184495013578384714e+02
  -3.24600870092625882535e+02
  -3.29194794970218197250e+02
  -3.24600870092625882535e+02
  -3.25320896706830922085e+02
</dep>
<dep S[1,1] frequency>
  +6.50521303491302660404e-19+j8.67361737988403547206e-18
  +7.58941520739853103805e-19+j8.67361737988403547206e-18
  +1.08420217248550443401e-18+j8.67361737988403547206e-18
  +1.95156391047390798121e-18+j1.21430643318376496609e-17
  +2.60208521396521064162e-18+j1.38777878078144567553e-17
  +2.60208521396521064162e-18+j1.38777878078144567553e-17
  +2.60208521396521064162e-18+j1.38777878078144567553e-17
  +2.60208521396521064162e-18+j1.73472347597680709441e-17
  +4.33680868994201773603e-18+j1.73472347597680709441e-17
  +6.93889390390722837765e-18+j2.42861286636752993218e-17
  +6.07153216591882483044e-18+j2.42861286636752993218e-17
  +6.07153216591882483044e-18+j2.42861286636752993218e-17
  +8.67361737988403547206e-18+j2.77555756156289135106e-17
  +1.04083408558608425665e-17+j2.77555756156289135106e-17
  +8.67361737988403547206e-18+j2.77555756156289135106e-17
  +1.21430643318376496609e-17+j3.12250225675825276994e-17
  +6.93889390390722837765e-18+j2.77555756156289135106e-17
  +1.38777878078144567553e-17+j2.77555756156289135106e-17
  +1.38777878078144567553e-17+j2.77555756156289135106e-17
  +2.08166817117216851329e-17+j2.77555756156289135106e-17
  +2.08166817117216851329e-17+j4.16333634234433702659e-17
  +1.73472347597680709441e-17+j4.16333634234433702659e-17
  +2.08166817117216851329e-17+j3.46944695195361418882e-17
  +2.77555756156289135106e-17+j4.16333634234433702659e-17
  +2.77555756156289135106e-17+j3.46944695195361418882e-17
  +2.42861286636752993218e-17+j3.46944695195361418882e-17
  +2.77555756156289135106e-17+j4.16333634234433702659e-17
  +3.12250225675825276994e-17+j4.85722573273505986435e-17
  +2.77555756156289135106e-17+j4.16333634234433702659e-17
  +3.46944695195361418882e-17+j4.16333634234433702659e-17
  +2.08166817117216851329e-17+j3.46944695195361418882e-17
  +2.77555756156289135106e-17+j4.16333634234433702659e-17
  +3.46944695195361418882e-17+j3.46944695195361418882e-17
  +3.46944695195361418882e-17+j4.16333634234433702659e-17
  +3.46944695195361418882e-17+j3.46944695195361418882e-17
  +4.85722573273505986435e-17+j3.46944695195361418882e-17
  +4.16333634234433702659e-17+j3.46944695195361418882e-17
  +3.46944695195361418882e-17+j2.77555756156289135106e-17
  +4.16333634234433702659e-17+j3.46944695195361418882e-17
  +4.85722573273505986435e-17+j4.16333634234433702659e-17
  +5.55111512312578270212e-17+j3.46944695195361418882e-17
  +4.16333634234433702659e-17+j3.46944695195361418882e-17
  +6.24500451351650553988e-17+j2.77555756156289135106e-17
  +4.85722573273505986435e-17+j4.16333634234433702659e-17
  +4.85722573273505986435e-17+j3.46944695195361418882e-17
  +6.24500451351650553988e-17+j3.46944695195361418882e-17
  +4.85722573273505986435e-17+j3.46944695195361418882e-17
  +4.16333634234433702659e-17+j3.46944695195361418882e-17
  +5.55111512312578270212e-17+j4.16333634234433702659e-17
  +5.55111512312578270212e-17+j4.16333634234433702659e-17
  +8.32667268468867405318e-17+j4.16333634234433702659e-17
  +6.93889390390722837765e-17+j3.46944695195361418882e-17
  +6.93889390390722837765e-17+j4.16333634234433702659e-17
  +6.93889390390722837765e-17+j3.46944695195361418882e-17
  +6.93889390390722837765e-17+j3.46944695195361418882e-17
  +6.93889390390722837765e-17+j3.46944695195361418882e-17
  +6.93889390390722837765e-17+j4.16333634234433702659e-17
  +6.93889390390722837765e-17+j2.08166817117216851329e-17
  +8.32667268468867405318e-17+j2.42861286636752993218e-17
  +6.93889390390722837765e-17+j1.73472347597680709441e-17
  +6.93889390390722837765e-17+j2.08166817117216851329e-17
  +6.93889390390722837765e-17+j2.77555756156289135106e-17
  +8.32667268468867405318e-17+j2.08166817117216851329e-17
  +6.93889390390722837765e-17+j1.73472347597680709441e-17
  +9.71445146547011972871e-17+j2.08166817117216851329e-17
  +8.32667268468867405318e-17+j1.38777878078144567553e-17
  +8.32667268468867405318e-17+j1.73472347597680709441e-17
  +8.32667268468867405318e-17+j1.38777878078144567553e-17
  +6.93889390390722837765e-17+j1.21430643318376496609e-17
  +8.32667268468867405318e-17+j1.38777878078144567553e-17
  +5.55111512312578270212e-17+j5.20417042793042128324e-18
  +6.93889390390722837765e-17+j6.93889390390722837765e-18
  +9.71445146547011972871e-17+j8.67361737988403547206e-18
  +9.71445146547011972871e-17+j7.80625564189563192485e-18
  +8.32667268468867405318e-17+j4.33680868994201773603e-18
  +8.32667268468867405318e-17+j3.03576608295941241522e-18
  +8.32667268468867405318e-17+j1.73472347597680709441e-18
  +6.93889390390722837765e-17+j1.35525271560688054251e-19
  +8.32667268468867405318e-17-j1.30104260698260532081e-18
  +9.71445146547011972871e-17-j3.46944695195361418882e-18
  +9.71445146547011972871e-17-j6.07153216591882483044e-18
  +8.32667268468867405318e-17-j5.20417042793042128324e-18
  +9.71445146547011972871e-17-j8.67361737988403547206e-18
  +6.93889390390722837765e-17-j8.67361737988403547206e-18
  +6.93889390390722837765e-17-j8.67361737988403547206e-18
  +6.93889390390722837765e-17-j1.21430643318376496609e-17
  +9.71445146547011972871e-17-j1.56125112837912638497e-17
  +6.93889390390722837765e-17-j1.38777878078144567553e-17
  +6.93889390390722837765e-17-j1.38777878078144567553e-17
  +8.32667268468867405318e-17-j1.73472347597680709441e-17
  +6.93889390390722837765e-17-j1.73472347597680709441e-17
  +8.32667268468867405318e-17-j2.42861286636752993218e-17
  +6.93889390390722837765e-17-j2.08166817117216851329e-17
  +6.93889390390722837765e-17-j2.42861286636752993218e-17
  +8.32667268468867405318e-17-j2.77555756156289135106e-17
  +6.93889390390722837765e-17-j2.42861286636752993218e-17
  +6.93889390390722837765e-17-j3.12250225675825276994e-17
  +6.93889390390722837765e-17-j2.77555756156289135106e-17
  +6.93889390390722837765e-17-j3.46944695195361418882e-17
  +5.55111512312578270212e-17-j2.77555756156289135106e-17
  +6.93889390390722837765e-17-j2.77555756156289135106e-17
  +5.55111512312578270212e-17-j2.77555756156289135106e-17
  +5.55111512312578270212e-17-j2.08166817117216851329e-17
  +5.55111512312578270212e-17-j2.08166817117216851329e-17
  +5.55111512312578270212e-17-j2.77555756156289135106e-17
  +5.55111512312578270212e-17-j2.77555756156289135106e-17
  +6.93889390390722837765e-17-j3.46944695195361418882e-17
  +4.16333634234433702659e-17-j2.77555756156289135106e-17
  +5.55111512312578270212e-17-j3.46944695195361418882e-17
  +6.93889390390722837765e-17-j4.16333634234433702659e-17
  +4.85722573273505986435e-17-j4.16333634234433702659e-17
  +4.85722573273505986435e-17-j3.46944695195361418882e-17
  +4.85722573273505986435e-17-j4.16333634234433702659e-17
  +4.85722573273505986435e-17-j3.46944695195361418882e-17
  +4.16333634234433702659e-17-j3.46944695195361418882e-17
  +5.55111512312578270212e-17-j4.85722573273505986435e-17
  +4.16333634234433702659e-17-j3.46944695195361418882e-17
  +4.16333634234433702659e-17-j2.77555756156289135106e-17
  +4.85722573273505986435e-17-j4.16333634234433702659e-17
  +4.16333634234433702659e-17-j3.46944695195361418882e-17
  +3.46944695195361418882e-17-j4.16333634234433702659e-17
  +4.85722573273505986435e-17-j4.16333634234433702659e-17
  +4.85722573273505986435e-17-j4.16333634234433702659e-17
  +2.77555756156289135106e-17-j4.16333634234433702659e-17
  +2.77555756156289135106e-17-j3.46944695195361418882e-17
  +2.77555756156289135106e-17-j3.46944695195361418882e-17
  +2.08166817117216851329e-17-j3.46944695195361418882e-17
  +3.12250225675825276994e-17-j4.16333634234433702659e-17
  +2.08166817117216851329e-17-j3.46944695195361418882e-17
  +3.12250225675825276994e-17-j3.46944695195361418882e-17
  +3.12250225675825276994e-17-j4.85722573273505986435e-17
  +2.08166817117216851329e-17-j3.46944695195361418882e-17
  +2.42861286636752993218e-17-j3.46944695195361418882e-17
  +2.42861286636752993218e-17-j3.46944695195361418882e-17
  +1.73472347597680709441e-17-j4.16333634234433702659e-17
  +1.73472347597680709441e-17-j3.46944695195361418882e-17
  +1.38777878078144567553e-17-j3.46944695195361418882e-17
  +1.56125112837912638497e-17-j2.77555756156289135106e-17
  +1.38777878078144567553e-17-j2.77555756156289135106e-17
  +1.04083408558608425665e-17-j3.12250225675825276994e-17
  +1.21430643318376496609e-17-j2.77555756156289135106e-17
  +8.67361737988403547206e-18-j2.08166817117216851329e-17
  +1.04083408558608425665e-17-j2.42861286636752993218e-17
  +1.12757025938492461137e-17-j2.77555756156289135106e-17
  +6.93889390390722837765e-18-j2.42861286636752993218e-17
  +5.20417042793042128324e-18-j2.08166817117216851329e-17
  +3.46944695195361418882e-18-j1.73472347597680709441e-17
  +4.33680868994201773603e-18-j1.73472347597680709441e-17
  +2.60208521396521064162e-18-j1.73472347597680709441e-17
  +2.16840434497100886801e-18-j1.73472347597680709441e-17
  +2.16840434497100886801e-18-j1.21430643318376496609e-17
  +1.73472347597680709441e-18-j8.67361737988403547206e-18
  +1.08420217248550443401e-18-j8.67361737988403547206e-18
  +7.58941520739853103805e-19-j6.93889390390722837765e-18
  +9.75781955236953990607e-19-j7.80625564189563192485e-18
  +3.79470760369926551903e-19-j6.93889390390722837765e-18
  +2.16840434497100886801e-19-j4.33680868994201773603e-18
  +5.42101086242752217004e-20-j1.73472347597680709441e-18
  +2.11758236813575084767e-21-j3.79470760369926551903e-19
  +1.01643953670516040688e-20+j8.67361737988403547206e-19
  +1.08420217248550443401e-19+j3.46944695195361418882e-18
  +2.16840434497100886801e-19+j5.20417042793042128324e-18
  +1.62630325872825665101e-19+j4.33680868994201773603e-18
  +6.50521303491302660404e-19+j6.93889390390722837765e-18
  +1.30104260698260532081e-18+j8.67361737988403547206e-18
  +1.73472347597680709441e-18+j1.21430643318376496609e-17
  +2.16840434497100886801e-18+j1.21430643318376496609e-17
  +2.16840434497100886801e-18+j1.04083408558608425665e-17
  +3.03576608295941241522e-18+j1.73472347597680709441e-17
  +4.77048955893621950963e-18+j2.08166817117216851329e-17
  +5.20417042793042128324e-18+j2.08166817117216851329e-17
  +5.20417042793042128324e-18+j1.73472347597680709441e-17
  +6.07153216591882483044e-18+j2.08166817117216851329e-17
  +8.67361737988403547206e-18+j2.08166817117216851329e-17
  +5.20417042793042128324e-18+j2.42861286636752993218e-17
  +8.67361737988403547206e-18+j2.42861286636752993218e-17
  +1.21430643318376496609e-17+j3.12250225675825276994e-17
  +1.04083408558608425665e-17+j2.08166817117216851329e-17
  +1.04083408558608425665e-17+j2.42861286636752993218e-17
  +1.56125112837912638497e-17+j3.46944695195361418882e-17
  +1.38777878078144567553e-17+j2.77555756156289135106e-17
  +1.73472347597680709441e-17+j2.77555756156289135106e-17
  +1.38777878078144567553e-17+j3.46944695195361418882e-17
  +1.73472347597680709441e-17+j3.46944695195361418882e-17
  +2.08166817117216851329e-17+j3.46944695195361418882e-17
  +2.08166817117216851329e-17+j3.46944695195361418882e-17
  +2.77555756156289135106e-17+j4.16333634234433702659e-17
  +2.42861286636752993218e-17+j3.46944695195361418882e-17
  +2.42861286636752993218e-17+j3.46944695195361418882e-17
  +3.12250225675825276994e-17+j4.16333634234433702659e-17
  +3.46944695195361418882e-17+j4.16333634234433702659e-17
  +4.16333634234433702659e-17+j3.46944695195361418882e-17
  +3.46944695195361418882e-17+j3.46944695195361418882e-17
  +3.46944695195361418882e-17+j3.46944695195361418882e-17
  +2.77555756156289135106e-17+j4.85722573273505986435e-17
  +3.46944695195361418882e-17+j3.46944695195361418882e-17
  +4.16333634234433702659e-17+j4.16333634234433702659e-17
  +2.08166817117216851329e-17+j2.77555756156289135106e-17
  +4.16333634234433702659e-17+j4.16333634234433702659e-17
  +4.16333634234433702659e-17+j3.46944695195361418882e-17
</dep>
<dep S[1,3] frequency>
  +1.13176037035821706878e-03+j1.41413484093523052904e-02
  +1.75553163424990331040e-03+j1.75812594704419927760e-02
  +2.51394698140985656948e-03+j2.09935724942594131859e-02
  +3.40576188860599714942e-03+j2.43729442242510141448e-02
  +4.42951416212567904845e-03+j2.77140900515589483355e-02
  +5.58352692848671210840e-03+j3.10117933095047371150e-02
  +6.86591205378397819586e-03+j3.42609143968446092088e-02
  +8.27457398043028244383e-03+j3.74563997077493326948e-02
  +9.80721396876153145294e-03+j4.05932903473025102903e-02
  +1.14613347297581411738e-02+j4.36667306122376502886e-02
  +1.32342454339924794904e-02+j4.66719762176393687669e-02
  +1.51230670808523010029e-02+j4.96044022514106064392e-02
  +1.71247382111163193308e-02+j5.24595108394486017711e-02
  +1.92360209450759024608e-02+j5.52329385056706534396e-02
  +2.14535073276082982607e-02+j5.79204632122772011815e-02
  +2.37736259609161240669e-02+j6.05180110669282511626e-02
  +2.61926489050554600624e-02+j6.30216626848289634966e-02
  +2.87066988258834823733e-02+j6.54276591950662123054e-02
  +3.13117563696655165639e-02+j6.77324078818982988626e-02
  +3.40036677432917489039e-02+j6.99324874530704854170e-02
  +3.67781524788630687084e-02+j7.20246529285974157464e-02
  +3.96308113613138973674e-02+j7.40058401448160513292e-02
  +4.25571344977440091384e-02+j7.58731698698588419294e-02
  +4.55525095072280283848e-02+j7.76239515280205821801e-02
  +4.86122298100598870807e-02+j7.92556865317871617194e-02
  +5.17315029956613714468e-02+j8.07660712215533260760e-02
  +5.49054592487399489853e-02+j8.21529994142727315598e-02
  +5.81291598137133186386e-02+j8.34145645634538912550e-02
  +6.13976054779200863809e-02+j8.45490615340318690807e-02
  +6.47057450547092183335e-02+j8.55549879967071186249e-02
  +6.80484838481285048140e-02+j8.64310454473408984466e-02
  +7.14206920816207041502e-02+j8.71761398579331825420e-02
  +7.48172132738687267750e-02+j8.77893819665772345839e-02
  +7.82328725457088480777e-02+j8.82700872145837089899e-02
  +8.16624848428448013582e-02+j8.86177753396958090004e-02
  +8.51008630599384974236e-02+j8.88321696349732015108e-02
  +8.85428260525215615750e-02+j8.89131958835054636570e-02
  +9.19832065240576146614e-02+j8.88609809796263999671e-02
  +9.54168587763834091797e-02+j8.86758512477390237194e-02
  +9.88386663126613052022e-02+j8.83583304702263289121e-02
  +1.02243549282881374118e-01+j8.79091376362195475735e-02
  +1.05626471762852627845e-01+j8.73291844232221559086e-02
  +1.08982448858514435752e-01+j8.66195724237478620333e-02
  +1.12306553628277350221e-01+j8.57815901292266619338e-02
  +1.15593923816962013129e-01+j8.48167096834669953509e-02
  +1.18839768395740480456e-01+j8.37265834179367618439e-02
  +1.22039373903296555213e-01+j8.25130401810450497813e-02
  +1.25188110584199985276e-01+j8.11780814734739675220e-02
  +1.28281438321239227296e-01+j7.97238774014277090663e-02
  +1.31314912359167368372e-01+j7.81527624594390013524e-02
  +1.34284188817991811948e-01+j7.64672311541048782546e-02
  +1.37185029994570550915e-01+j7.46699334798181235673e-02
  +1.40013309451871126310e-01+j7.27636702572213162066e-02
  +1.42765016895796126306e-01+j7.07513883447410951710e-02
  +1.45436262839985896989e-01+j6.86361757331666044735e-02
  +1.48023283059465327050e-01+j6.64212565328182735769e-02
  +1.50522442834420178137e-01+j6.41099858624202961765e-02
  +1.52930240985752918803e-01+j6.17058446483397804450e-02
  +1.55243313704393953723e-01+j5.92124343423983956480e-02
  +1.57458438176621473570e-01+j5.66334715659948112476e-02
  +1.59572536007874576924e-01+j5.39727826878082447837e-02
  +1.61582676447737605407e-01+j5.12342983418827141451e-02
  +1.63486079418916074868e-01+j4.84220478924273084465e-02
  +1.65280118353133664844e-01+j4.55401538512060638508e-02
  +1.66962322836942400617e-01+j4.25928262529411891246e-02
  +1.68530381070465418158e-01+j3.95843569937157080396e-02
  +1.69982142142081349423e-01+j3.65191141369356347957e-02
  +1.71315618122014262648e-01+j3.34015361910058247719e-02
  +1.72528985977712712163e-01+j3.02361263624868065181e-02
  +1.73620589313793760589e-01+j2.70274467881317821683e-02
  +1.74588939939188420025e-01+j2.37801127488613123218e-02
  +1.75432719263958425415e-01+j2.04987868684162501121e-02
  +1.76150779528066459001e-01+j1.71881732991369870489e-02
  +1.76742144864168837515e-01+j1.38530118970553693669e-02
  +1.77206012196268414272e-01+j1.04980723882535792457e-02
  +1.77541751975817507780e-01+j7.12814852824014862087e-03
  +1.77748908756598072989e-01+j3.74805225592303491514e-03
  +1.77827201609429219609e-01+j3.62607843623797805946e-04
  +1.77776524377470740435e-01-j3.02335395553295516874e-03
  +1.77596945772597769597e-01-j6.40500176158768225188e-03
  +1.77288709313026648928e-01-j9.77750942184432703108e-03
  +1.76852233102075873106e-01-j1.31360618638761590671e-02
  +1.76288109447648888573e-01-j1.64758609461837512988e-02
  +1.75597104321733810117e-01-j1.97921313051862904353e-02
  +1.74780156658928098601e-01-j2.30801261971306653775e-02
  +1.73838377492720130846e-01-j2.63351333333691969840e-02
  +1.72773048927993444490e-01-j2.95524807072943332398e-02
  +1.71585622947966365270e-01-j3.27275424110242546538e-02
  +1.70277720053547187984e-01-j3.58557444397030536387e-02
  +1.68851127732865896602e-01-j3.89325704810274120238e-02
  +1.67307798758551229401e-01-j4.19535676873238339013e-02
  +1.65649849310149283044e-01-j4.49143524271887056853e-02
  +1.63879556918937074883e-01-j4.78106160133668842138e-02
  +1.61999358232265855406e-01-j5.06381304031831708246e-02
  +1.60011846594485973583e-01-j5.33927538674566007360e-02
  +1.57919769441451307568e-01-j5.60704366234251599943e-02
  +1.55726025505581955333e-01-j5.86672264267886767186e-02
  +1.53433661828484724232e-01-j6.11792741175402748910e-02
  +1.51045870578185414956e-01-j6.36028391138097892732e-02
  +1.48565985668124928010e-01-j6.59342948474838097539e-02
  +1.45997479175208000335e-01-j6.81701341349024436678e-02
  +1.43343957554374401564e-01-j7.03069744754632880435e-02
  +1.40609157647385907275e-01-j7.23415632704941802267e-02
  +1.37796942483790901823e-01-j7.42707829542891828645e-02
  +1.34911296872341601727e-01-j7.60916560287412391261e-02
  +1.31956322781498047725e-01-j7.78013499925541557323e-02
  +1.28936234508057356862e-01-j7.93971821555783385804e-02
  +1.25855353633396727098e-01-j8.08766243283949720633e-02
  +1.22718103767313471697e-01-j8.22373073768726536859e-02
  +1.19529005079986525018e-01-j8.34770256310461838956e-02
  +1.16292668623162620545e-01-j8.45937411373220149446e-02
  +1.13013790442302780592e-01-j8.55855877426996425328e-02
  +1.09697145482081065415e-01-j8.64508749994240682790e-02
  +1.06347581288339626537e-01-j8.71880918782461655780e-02
  +1.02970011510340950234e-01-j8.77959102782770450801e-02
  +9.95694092079293380237e-02-j8.82731883212790058302e-02
  +9.61507999690238424062e-02-j8.86189734181421773229e-02
  +9.27192548436919089516e-02-j8.88325050952601252829e-02
  +8.92798831019075977977e-02-j8.89132175685378167707e-02
  +8.58378248229754309273e-02-j8.88607420528474967192e-02
  +8.23982433254887292051e-02-j8.86749087948948827576e-02
  +7.89663174475885576431e-02-j8.83557488176693606174e-02
  +7.55472336881987949209e-02-j8.79034953649339423354e-02
  +7.21461782208153157292e-02-j8.73185850345606640044e-02
  +6.87683287923273878217e-02-j8.66016585899405111348e-02
  +6.54188465202388408359e-02-j8.57535614391912726084e-02
  +6.21028676025296780261e-02-j8.47753437724545755305e-02
  +5.88254949552464573292e-02-j8.36682603482145209606e-02
  +5.55917897937314581247e-02-j8.24337699202822848932e-02
  +5.24067631741857165029e-02-j8.10735342978759210286e-02
  +4.92753675130052221087e-02-j7.95894170320782801120e-02
  +4.62024881020248884278e-02-j7.79834817228761967289e-02
  +4.31929346384509055268e-02-j7.62579899419721929377e-02
  +4.02514327888428419255e-02-j7.44153987676055561629e-02
  +3.73826158070265507360e-02-j7.24583579287257778523e-02
  +3.45910162262676595946e-02-j7.03897065570207869367e-02
  +3.18810576464055653312e-02-j6.82124695465078645373e-02
  +2.92570466369399886930e-02-j6.59298535216468473141e-02
  +2.67231647772690830700e-02-j6.35452424162220308457e-02
  +2.42834608553932837505e-02-j6.10621926665574910054e-02
  +2.19418432464243973179e-02-j5.84844280239719058190e-02
  +1.97020724921690565390e-02-j5.58158339927404822944e-02
  +1.75677541028838070380e-02-j5.30604519011958486452e-02
  +1.55423316020342865140e-02-j5.02224726149747696669e-02
  +1.36290798345186058016e-02-j4.73062299027773996984e-02
  +1.18310985583467611487e-02-j4.43161934663572898430e-02
  +1.01513063391962567172e-02-j4.12569616477852646463e-02
  +8.59243476659550184382e-03-j3.81332538283286059944e-02
  +7.15702300971658104262e-03-j3.49499025345388764086e-02
  +5.84741272989923802084e-03-j3.17118452683558399441e-02
  +4.66574336607131733012e-03-j2.84241160791851854572e-02
  +3.61394780819021760668e-03-j2.50918368970004454499e-02
  +2.69374847270440614944e-03-j2.17202086465394447745e-02
  +1.90665379283237344452e-03-j1.83145021636112390051e-02
  +1.25395513518113208701e-03-j1.48800489353856299490e-02
  +7.36724152889097665467e-04-j1.14222316873128972720e-02
  +3.55810584080237053608e-04-j7.94647483999271972421e-03
  +1.11840502970237765188e-04-j4.45823485988933176927e-03
  +5.21502947635161505379e-06-j9.62990528261714042943e-04
  +3.61095016599186324465e-05+j2.53376684695925296145e-03
  +2.04473113783176611846e-04+j6.02654325135534851832e-03
  +5.10029021197992964848e-04+j9.50985179113772796655e-03
  +9.52274911713620530671e-04+j1.29782225020307513674e-02
  +1.53048404152177248971e-03+j1.64262121148419232286e-02
  +2.24370673219964752651e-03+j1.98484137528296411546e-02
  +3.09077232377448626530e-03+j2.32394665362874036640e-02
  +4.07029157732389026969e-03+j2.65940650701723055316e-02
  +5.18065951911616390246e-03+j2.99069687911301569649e-02
  +6.42005871686886914196e-03+j3.31730111508864722314e-02
  +7.78646297733259773466e-03+j3.63871086136934099309e-02
  +9.27764145309604645884e-03+j3.95442694463334770694e-02
  +1.08911631452667904962e-02+j4.26396022800805546416e-02
  +1.26244017875117922611e-02+j4.56683244249944941817e-02
  +1.44745410958569513393e-02+j4.86257699179849789406e-02
  +1.64385803676366723525e-02+j5.15073972871915447547e-02
  +1.85133404120778125024e-02+j5.43087970164178313048e-02
  +2.06954697941741788680e-02+j5.70256986945768679087e-02
  +2.29814513727912561603e-02+j5.96539778363905440206e-02
  +2.53676091133089517959e-02+j6.21896623618883315210e-02
  +2.78501151545894470862e-02+j6.46289387235938206366e-02
  +3.04249971096294639927e-02+j6.69681576716413956563e-02
  +3.30881455789332756812e-02+j6.92038396484332685166e-02
  +3.58353218554200853019e-02+j7.13326798058196154262e-02
  +3.86621657995526862850e-02+j7.33515526391463335010e-02
  +4.15642038633473251408e-02+j7.52575162338698366860e-02
  +4.45368572419918076766e-02+j7.70478161217703627628e-02
  +4.75754501319548273042e-02+j7.87198887450989981396e-02
  +5.06752180747146729889e-02+j8.02713645282665533287e-02
  +5.38313163655655679829e-02+j8.17000705579135344525e-02
  +5.70388285073621936760e-02+j8.30040328733854942955e-02
  +6.02927746895484811818e-02+j8.41814783707754837883e-02
  +6.35881202733608874578e-02+j8.52308363247728517642e-02
  +6.69197842647102081326e-02+j8.61507395335799341929e-02
  +7.02826477569118146516e-02+j8.69400250931141316268e-02
  +7.36715623261558066881e-02+j8.75977348076053263792e-02
  +7.70813583633677690266e-02+j8.81231152445197951639e-02
  +8.05068533269171215938e-02+j8.85156174424958919200e-02
  +8.39428599014610810070e-02+j8.87748962816555242661e-02
  +8.73841940490743540604e-02+j8.89008095262646680368e-02
  +9.08256829396944381783e-02+j8.88934165502502648959e-02
</dep>
<dep S[1,4] frequency>
  +5.55111512312578270212e-17-j1.38777878078144567553e-17
  -5.55111512312578270212e-17
  +0.00000000000000000000e+00+j6.93889390390722837765e-18
  +0.00000000000000000000e+00-j1.38777878078144567553e-17
  +5.55111512312578270212e-17-j1.38777878078144567553e-17
  +0.00000000000000000000e+00
  +0.00000000000000000000e+00
  +0.00000000000000000000e+00+j2.77555756156289135106e-17
  +0.00000000000000000000e+00-j1.38777878078144567553e-17
  +5.55111512312578270212e-17-j5.55111512312578270212e-17
  +0.00000000000000000000e+00-j2.77555756156289135106e-17
  +5.55111512312578270212e-17-j2.77555756156289135106e-17
  +5.55111512312578270212e-17
  +0.00000000000000000000e+00
  +0.00000000000000000000e+00
  +0.00000000000000000000e+00-j2.77555756156289135106e-17
  -5.55111512312578270212e-17+j5.55111512312578270212e-17
  +0.00000000000000000000e+00-j2.77555756156289135106e-17
  -5.55111512312578270212e-17
  +0.00000000000000000000e+00-j5.55111512312578270212e-17
  +5.55111512312578270212e-17+j2.77555756156289135106e-17
  +0.00000000000000000000e+00+j5.55111512312578270212e-17
  +0.00000000000000000000e+00
  +0.00000000000000000000e+00
  +0.00000000000000000000e+00
  +0.00000000000000000000e+00
  +0.00000000000000000000e+00
  +5.55111512312578270212e-17-j5.55111512312578270212e-17
  +0.00000000000000000000e+00
  -5.55111512312578270212e-17
  -5.55111512312578270212e-17+j1.11022302462515654042e-16
  +5.55111512312578270212e-17+j5.55111512312578270212e-17
  -5.55111512312578270212e-17+j5.55111512312578270212e-17
  +0.00000000000000000000e+00
  +0.00000000000000000000e+00-j5.55111512312578270212e-17
  +0.00000000000000000000e+00-j5.55111512312578270212e-17
  -5.55111512312578270212e-17
  +0.00000000000000000000e+00
  +0.00000000000000000000e+00+j5.55111512312578270212e-17
  +0.00000000000000000000e+00-j5.55111512312578270212e-17
  -5.55111512312578270212e-17+j5.55111512312578270212e-17
  -5.55111512312578270212e-17+j5.55111512312578270212e-17
  -5.55111512312578270212e-17
  +0.00000000000000000000e+00
  +5.55111512312578270212e-17
  +5.55111512312578270212e-17-j5.55111512312578270212e-17
  -5.55111512312578270212e-17
  -5.55111512312578270212e-17+j5.55111512312578270212e-17
  +5.55111512312578270212e-17
  +0.00000000000000000000e+00
  +5.55111512312578270212e-17-j5.55111512312578270212e-17
  -2.77555756156289135106e-17-j5.55111512312578270212e-17
  +0.00000000000000000000e+00-j5.55111512312578270212e-17
  -2.77555756156289135106e-17+j5.55111512312578270212e-17
  +5.55111512312578270212e-17
  +0.00000000000000000000e+00
  +2.77555756156289135106e-17
  -2.77555756156289135106e-17+j5.55111512312578270212e-17
  +0.00000000000000000000e+00
  +0.00000000000000000000e+00
  -5.55111512312578270212e-17
  +0.00000000000000000000e+00+j5.55111512312578270212e-17
  +0.00000000000000000000e+00
  +0.00000000000000000000e+00-j5.55111512312578270212e-17
  +1.38777878078144567553e-17-j5.55111512312578270212e-17
  -1.38777878078144567553e-17
  -2.77555756156289135106e-17
  +2.77555756156289135106e-17-j5.55111512312578270212e-17
  -2.77555756156289135106e-17+j5.55111512312578270212e-17
  +0.00000000000000000000e+00
  -1.38777878078144567553e-17+j5.55111512312578270212e-17
  -6.93889390390722837765e-18
  +0.00000000000000000000e+00
  +6.93889390390722837765e-18-j5.55111512312578270212e-17
  +0.00000000000000000000e+00-j5.55111512312578270212e-17
  -3.46944695195361418882e-18-j5.55111512312578270212e-17
  -1.73472347597680709441e-18+j5.55111512312578270212e-17
  -2.16840434497100886801e-19
  +0.00000000000000000000e+00-j5.55111512312578270212e-17
  -3.46944695195361418882e-18-j5.55111512312578270212e-17
  -3.46944695195361418882e-18-j5.55111512312578270212e-17
  +6.93889390390722837765e-18
  -6.93889390390722837765e-18
  +0.00000000000000000000e+00+j5.55111512312578270212e-17
  +1.38777878078144567553e-17+j5.55111512312578270212e-17
  +1.38777878078144567553e-17
  +0.00000000000000000000e+00
  +2.77555756156289135106e-17+j5.55111512312578270212e-17
  +2.77555756156289135106e-17+j5.55111512312578270212e-17
  +0.00000000000000000000e+00
  +2.77555756156289135106e-17
  +0.00000000000000000000e+00+j5.55111512312578270212e-17
  +2.77555756156289135106e-17
  -2.77555756156289135106e-17
  -5.55111512312578270212e-17
  +2.77555756156289135106e-17+j5.55111512312578270212e-17
  -2.77555756156289135106e-17
  +0.00000000000000000000e+00
  -5.55111512312578270212e-17-j5.55111512312578270212e-17
  -2.77555756156289135106e-17+j5.55111512312578270212e-17
  -2.77555756156289135106e-17
  -2.77555756156289135106e-17-j5.55111512312578270212e-17
  +8.32667268468867405318e-17+j5.55111512312578270212e-17
  +5.55111512312578270212e-17+j5.55111512312578270212e-17
  +2.77555756156289135106e-17-j5.55111512312578270212e-17
  +5.55111512312578270212e-17+j5.55111512312578270212e-17
  +0.00000000000000000000e+00
  +5.55111512312578270212e-17+j5.55111512312578270212e-17
  +5.55111512312578270212e-17+j5.55111512312578270212e-17
  -5.55111512312578270212e-17-j5.55111512312578270212e-17
  +0.00000000000000000000e+00
  +5.55111512312578270212e-17
  +0.00000000000000000000e+00
  +5.55111512312578270212e-17
  +0.00000000000000000000e+00
  +0.00000000000000000000e+00
  +0.00000000000000000000e+00
  +5.55111512312578270212e-17
  +0.00000000000000000000e+00
  +5.55111512312578270212e-17
  +5.55111512312578270212e-17+j5.55111512312578270212e-17
  +0.00000000000000000000e+00
  +5.55111512312578270212e-17
  +0.00000000000000000000e+00
  +5.55111512312578270212e-17
  +0.00000000000000000000e+00
  +0.00000000000000000000e+00+j5.55111512312578270212e-17
  -5.55111512312578270212e-17-j5.55111512312578270212e-17
  +5.55111512312578270212e-17+j5.55111512312578270212e-17
  +0.00000000000000000000e+00
  -5.55111512312578270212e-17
  +0.00000000000000000000e+00
  +5.55111512312578270212e-17
  +5.55111512312578270212e-17-j5.55111512312578270212e-17
  +0.00000000000000000000e+00+j2.77555756156289135106e-17
  -5.55111512312578270212e-17-j2.77555756156289135106e-17
  +0.00000000000000000000e+00
  +5.55111512312578270212e-17
  +0.00000000000000000000e+00-j2.77555756156289135106e-17
  +0.00000000000000000000e+00
  +5.55111512312578270212e-17
  +0.00000000000000000000e+00-j2.77555756156289135106e-17
  +0.00000000000000000000e+00
  -5.55111512312578270212e-17-j2.77555756156289135106e-17
  +5.55111512312578270212e-17+j2.77555756156289135106e-17
  +0.00000000000000000000e+00
  +5.55111512312578270212e-17+j2.77555756156289135106e-17
  +0.00000000000000000000e+00-j1.38777878078144567553e-17
  -5.55111512312578270212e-17
  +5.55111512312578270212e-17+j2.77555756156289135106e-17
  +5.55111512312578270212e-17+j1.38777878078144567553e-17
  +0.00000000000000000000e+00+j1.38777878078144567553e-17
  +5.55111512312578270212e-17+j6.93889390390722837765e-18
  +5.55111512312578270212e-17+j6.93889390390722837765e-18
  -1.11022302462515654042e-16-j1.38777878078144567553e-17
  -1.11022302462515654042e-16-j6.93889390390722837765e-18
  -5.55111512312578270212e-17-j3.46944695195361418882e-18
  -5.55111512312578270212e-17-j1.73472347597680709441e-18
  +5.55111512312578270212e-17+j4.33680868994201773603e-19
  +1.11022302462515654042e-16-j1.73472347597680709441e-18
  -1.11022302462515654042e-16+j3.46944695195361418882e-18
  -5.55111512312578270212e-17
  +1.11022302462515654042e-16-j2.08166817117216851329e-17
  +0.00000000000000000000e+00-j6.93889390390722837765e-18
  -5.55111512312578270212e-17+j1.38777878078144567553e-17
  -5.55111512312578270212e-17+j1.38777878078144567553e-17
  +0.00000000000000000000e+00+j1.38777878078144567553e-17
  +5.55111512312578270212e-17
  +0.00000000000000000000e+00-j1.38777878078144567553e-17
  -5.55111512312578270212e-17+j2.77555756156289135106e-17
  +0.00000000000000000000e+00+j2.77555756156289135106e-17
  +0.00000000000000000000e+00
  +5.55111512312578270212e-17-j2.77555756156289135106e-17
  +0.00000000000000000000e+00+j2.77555756156289135106e-17
  +0.00000000000000000000e+00
  +0.00000000000000000000e+00
  +0.00000000000000000000e+00+j5.55111512312578270212e-17
  +1.11022302462515654042e-16
  +5.55111512312578270212e-17-j2.77555756156289135106e-17
  +0.00000000000000000000e+00+j2.77555756156289135106e-17
  +5.55111512312578270212e-17
  +0.00000000000000000000e+00+j8.32667268468867405318e-17
  +5.55111512312578270212e-17-j2.77555756156289135106e-17
  +0.00000000000000000000e+00+j2.77555756156289135106e-17
  +0.00000000000000000000e+00-j2.77555756156289135106e-17
  +5.55111512312578270212e-17
  +5.55111512312578270212e-17
  +0.00000000000000000000e+00+j5.55111512312578270212e-17
  +0.00000000000000000000e+00
  +5.55111512312578270212e-17
  +0.00000000000000000000e+00+j5.55111512312578270212e-17
  +5.55111512312578270212e-17
  +5.55111512312578270212e-17-j5.55111512312578270212e-17
  +0.00000000000000000000e+00
  +0.00000000000000000000e+00+j5.55111512312578270212e-17
  +5.55111512312578270212e-17-j5.55111512312578270212e-17
  +0.00000000000000000000e+00-j5.55111512312578270212e-17
  +5.55111512312578270212e-17-j1.11022302462515654042e-16
  -5.55111512312578270212e-17+j5.55111512312578270212e-17
  +5.55111512312578270212e-17-j5.55111512312578270212e-17
</dep>
<dep S[1,2] frequency>
  +9.96712428938514749532e-01-j7.97688873127592595891e-02
  +9.94896386293194101569e-01-j9.93428304653025534554e-02
  +9.92684394530348845898e-01-j1.18872380477626604645e-01
  +9.90077751013841766969e-01-j1.38348860939195794639e-01
  +9.87077980999385040661e-01-j1.57763646139024216186e-01
  +9.83686835000711301547e-01-j1.77108169063572656876e-01
  +9.79906285781982022698e-01-j1.96373929230237803667e-01
  +9.75738524987881161721e-01-j2.15552500335416785671e-01
  +9.71185959424142764007e-01-j2.34635537696994078694e-01
  +9.66251207002513767819e-01-j2.53614785472054182769e-01
  +9.60937092365303335839e-01-j2.72482083631657157063e-01
  +9.55246642205765716938e-01-j2.91229374675629704150e-01
  +9.49183080301538195656e-01-j3.09848710071496502572e-01
  +9.42749822279270288661e-01-j3.28332256402921074390e-01
  +9.35950470129372935624e-01-j3.46672301214310141226e-01
  +9.28788806490523310977e-01-j3.64861258539575628035e-01
  +9.21268788724167730919e-01-j3.82891674104414048152e-01
  +9.13394542799757958029e-01-j4.00756230192863771578e-01
  +9.05170357011855220009e-01-j4.18447750170313714779e-01
  +8.96600675550535131109e-01-j4.35959202656571787049e-01
  +8.87690091946704784576e-01-j4.53283705344023180039e-01
  +8.78443342414045535982e-01-j4.70414528457342551171e-01
  +8.68865299109273125922e-01-j4.87345097852634412394e-01
  +8.58960963332309757057e-01-j5.04068997755267256267e-01
  +8.48735458687750576878e-01-j5.20579973137041185360e-01
  +8.38194024228726908277e-01-j5.36871931734652196866e-01
  +8.27342007603885098987e-01-j5.52938945712721729997e-01
  +8.16184858227741338865e-01-j5.68775252975903589103e-01
  +8.04728120494143328578e-01-j5.84375258135776842749e-01
  +7.92977427051957617365e-01-j5.99733533139389707323e-01
  +7.80938492161433295280e-01-j6.14844817567390289348e-01
  +7.68617105148958756899e-01-j6.29704018610717453086e-01
  +7.56019123977140772297e-01-j6.44306210735777096232e-01
  +7.43150468946305542417e-01-j6.58646635048918072108e-01
  +7.30017116542634125764e-01-j6.72720698371852776631e-01
  +7.16625093447236904964e-01-j6.86523972040405938699e-01
  +7.02980470719525740719e-01-j7.00052190439661603527e-01
  +6.89089358167268017930e-01-j7.13301249289186256597e-01
  +6.74957898914718024130e-01-j7.26267203692529506043e-01
  +6.60592264179219457176e-01-j7.38946265965679804921e-01
  +6.45998648265655006639e-01-j7.51334803259533279274e-01
  +6.31183263787102877274e-01-j7.63429334991763797191e-01
  +6.16152337119046267233e-01-j7.75226530103727662357e-01
  +6.00912104093466070687e-01-j7.86723204158237487960e-01
  +5.85468805938150538282e-01-j7.97916316294149496890e-01
  +5.69828685465562312373e-01-j8.08802966053782101952e-01
  +5.53997983514632030833e-01-j8.19380390099185951236e-01
  +5.37982935647903337539e-01-j8.29645958833229002494e-01
  +5.21789769105513778769e-01-j8.39597172941364155996e-01
  +5.05424700016601335939e-01-j8.49231659869785660000e-01
  +4.88893930867851100874e-01-j8.58547170255484326518e-01
  +4.72203648228043282309e-01-j8.67541574323464237395e-01
  +4.55360020726657821477e-01-j8.76212858266101290994e-01
  +4.38369197283803191389e-01-j8.84559120619299754651e-01
  +4.21237305587990662481e-01-j8.92578568649748826935e-01
  +4.03970450817560167156e-01-j9.00269514767192524651e-01
  +3.86574714600885660509e-01-j9.07630372975212207365e-01
  +3.69056154209840947544e-01-j9.14659655373580404714e-01
  +3.51420801980399932773e-01-j9.21355968724780538537e-01
  +3.33674664953670374601e-01-j9.27718011096808958804e-01
  +3.15823724730118937654e-01-j9.33744568593865675865e-01
  +2.97873937529239740662e-01-j9.39434512186042347537e-01
  +2.79831234446450527464e-01-j9.44786794648565630972e-01
  +2.61701521898554112511e-01-j9.49800447620637644519e-01
  +2.43490682248697520862e-01-j9.54474578793350181272e-01
  +2.25204574601392037980e-01-j9.58808369235606972047e-01
  +2.06849035757797533597e-01-j9.62801070866413422067e-01
  +1.88429881321164588437e-01-j9.66452004081343352127e-01
  +1.69952906942042847316e-01-j9.69760555540409407982e-01
  +1.51423889692589103140e-01-j9.72726176123996477685e-01
  +1.32848589559079910405e-01-j9.75348379062950687768e-01
  +1.14232751041524388524e-01-j9.77626738248326354608e-01
  +9.55821048490768931938e-02-j9.79560886725737711700e-01
  +7.69023696797865585761e-02-j9.81150515378668597322e-01
  +5.81992540730874585719e-02-j9.82395371804531292170e-01
  +3.94784583232985902823e-02-j9.83295259386687048320e-01
  +2.07456764423076325810e-02-j9.83850036565063312821e-01
  +2.00659815954490339251e-03-j9.84059616307435658378e-01
  -1.67330890527314160576e-02-j9.83923965782864451413e-01
  -3.54676979408329595689e-02-j9.83443106238208741843e-01
  -5.41915394297490526920e-02-j9.82617113078060100406e-01
  -7.28989205939981066429e-02-j9.81446116147874803026e-01
  -9.15841426512276624017e-02-j9.79930300219508221282e-01
  -1.10241498990537784008e-01-j9.78069905677779072306e-01
  -1.28865273247451672667e-01-j9.75865229406122747235e-01
  -1.47449737437372163651e-01-j9.73316625868818841028e-01
  -1.65989150159270099083e-01-j9.70424508386702688867e-01
  -1.84477754881245764595e-01-j9.67189350602697617276e-01
  -2.02909778319441597150e-01-j9.63611688132930410688e-01
  -2.21279428921653004148e-01-j9.59692120398613290888e-01
  -2.39580895466783905245e-01-j9.55431312633308826854e-01
  -2.57808345791086857002e-01-j9.50829998059608216820e-01
  -2.75955925651904188101e-01-j9.45888980228692721752e-01
  -2.94017757739367890935e-01-j9.40609135515660832461e-01
  -3.11987940846226219360e-01-j9.34991415762948863133e-01
  -3.29860549205656439220e-01-j9.29036851063594903977e-01
  -3.47629632006590250093e-01-j9.22746552675535847143e-01
  -3.65289213095693787725e-01-j9.16121716057578194814e-01
  -3.82833290874756038136e-01-j9.09163624017121252407e-01
  -4.00255838401799568516e-01-j9.01873649959181511448e-01
  -4.17550803703766071351e-01-j8.94253261225729678685e-01
  -4.34712110308128285574e-01-j8.86304022513838329900e-01
  -4.51733658000247118025e-01-j8.78027599360629018577e-01
  -4.68609323812730127479e-01-j8.69425761682532494135e-01
  -4.85332963252437799007e-01-j8.60500387355888740615e-01
  -5.01898411770156593903e-01-j8.51253465825494215480e-01
  -5.18299486477276194485e-01-j8.41687101727256470340e-01
  -5.34529988113108922576e-01-j8.31803518510745520942e-01
  -5.50583703265746349231e-01-j8.21605062047047640661e-01
  -5.66454406848563518651e-01-j8.11094204207023272701e-01
  -5.82135864833698279952e-01-j8.00273546394741908117e-01
  -5.97621837242956921443e-01-j7.89145823020658720992e-01
  -6.12906081395766855202e-01-j7.77713904898840513447e-01
  -6.27982355412871173783e-01-j7.65980802552422179730e-01
  -6.42844421973546076288e-01-j7.53949669411338452285e-01
  -6.57486052323184133606e-01-j7.41623804886315074469e-01
  -6.71901030527104148327e-01-j7.29006657303105320977e-01
  -6.86083157965466261530e-01-j7.16101826680999753449e-01
  -7.00026258063187523106e-01-j7.02913067339746899798e-01
  -7.13724181247719080545e-01-j6.89444290319203845208e-01
  -7.27170810126544830965e-01-j6.75699565596275419921e-01
  -7.40360064875248080618e-01-j6.61683124083993767783e-01
  -7.53285908825965133673e-01-j6.47399359397989870857e-01
  -7.65942354245042755778e-01-j6.32852829376036041253e-01
  -7.78323468287730246828e-01-j6.18048257336868966938e-01
  -7.90423379116751090301e-01-j6.02990533065083211817e-01
  -8.02236282170651349155e-01-j5.87684713509561973410e-01
  -8.13756446566900493167e-01-j5.72136023183635211709e-01
  -8.24978221623836160958e-01-j5.56349854255963949257e-01
  -8.35896043484695150383e-01-j5.40331766322033502092e-01
  -8.46504441826175790808e-01-j5.24087485847073653034e-01
  -8.56798046633241106029e-01-j5.07622905272232860518e-01
  -8.66771595021170515594e-01-j4.90944081776921448235e-01
  -8.76419938085263305894e-01-j4.74057235691352718554e-01
  -8.85738047758039326318e-01-j4.56968748554509196502e-01
  -8.94721023653302971468e-01-j4.39685160814003661578e-01
  -9.03364099876052595306e-01-j4.22213169165580048947e-01
  -9.11662651776899091161e-01-j4.04559623531329071167e-01
  -9.19612202629438768575e-01-j3.86731523677062649647e-01
  -9.27208430208900757918e-01-j3.68736015470665423610e-01
  -9.34447173250353868568e-01-j3.50580386784659414623e-01
  -9.41324437764827326447e-01-j3.32272063047647780998e-01
  -9.47836403191870457974e-01-j3.13818602450714079222e-01
  -9.53979428367341730777e-01-j2.95227690816309507049e-01
  -9.59750057285595037371e-01-j2.76507136138557707561e-01
  -9.65145024635711945571e-01-j2.57664862805323413575e-01
  -9.70161261092002735751e-01-j2.38708905513757341232e-01
  -9.74795898339685717993e-01-j2.19647402892388432516e-01
  -9.79046273817437029408e-01-j2.00488590844109665356e-01
  -9.82909935159377301517e-01-j1.81240795625683404069e-01
  -9.86384644320039472021e-01-j1.61912426680561494230e-01
  -9.89468381366918503517e-01-j1.42511969242952063475e-01
  -9.92159347926355073000e-01-j1.23047976732112679388e-01
  -9.94455970269721545307e-01-j1.03529062956833034503e-01
  -9.96356902028189161946e-01-j8.39638941509323055712e-02
  -9.97861026525701744205e-01-j6.43611808614204528034e-02
  -9.98967458721220280538e-01-j4.47296697116419811335e-02
  -9.99675546752761157165e-01-j2.50781350623263468713e-02
  -9.99984873077276237296e-01-j5.41537059395296935249e-03
  -9.99895255201969312964e-01+j1.42498191657967135382e-02
  -9.99406746004214863177e-01+j3.39086273454415332296e-02
  -9.98519633638843773227e-01+j5.35522532397815706484e-02
  -9.97234441033151619571e-01+j7.31719108024255493472e-02
  -9.95551924971589841107e-01+j9.27588370966292152797e-02
  -9.93473074773674857951e-01+j1.12304300680501331633e-01
  -9.90999110570225827388e-01+j1.31799609902960579433e-01
  -9.88131481184568394305e-01+j1.51236121087225339199e-01
  -9.84871861626845701565e-01+j1.70605246579185798605e-01
  -9.81222150211023547151e-01+j1.89898462638618703568e-01
  -9.77184465305577454330e-01+j2.09107317151960653279e-01
  -9.72761141730181577714e-01+j2.28223437146181928892e-01
  -9.67954726811982801848e-01+j2.47238536084242649382e-01
  -9.62767976116242429896e-01+j2.66144420923594360318e-01
  -9.57203848867219986296e-01+j2.84932998920321645109e-01
  -9.51265503076218488232e-01+j3.03596284162611806945e-01
  -9.44956290394614373263e-01+j3.22126403818540352209e-01
  -9.38279750710558579918e-01+j3.40515604084344281066e-01
  -9.31239606508746819991e-01+j3.58756255820759262232e-01
  -9.23839757013317219858e-01+j3.76840859866288457880e-01
  -9.16084272134450205982e-01+j3.94762052017709308416e-01
  -9.07977386239685158031e-01+j4.12512607669504760555e-01
  -8.99523491771298089326e-01+j4.30085446105343716106e-01
  -8.90727132731300885737e-01+j4.47473634436169387385e-01
  -8.81592998055753640507e-01+j4.64670391180869613024e-01
  -8.72125914900103826888e-01+j4.81669089486933654776e-01
  -8.62330841857181340515e-01+j4.98463259989898377356e-01
  -8.52212862129322124005e-01+j5.15046593311760725342e-01
  -8.41777176675823413099e-01+j5.31412942199877003091e-01
  -8.31029097356585588763e-01+j5.47556323309192571891e-01
  -8.19974040092369627075e-01+j5.63470918631883699312e-01
  -8.08617518061581774802e-01+j5.79151076579741630468e-01
  -7.96965134952921872014e-01+j5.94591312725767262570e-01
  -7.85022578292575712311e-01+j6.09786310212568460898e-01
  -7.72795612863922620761e-01+j6.24730919836181008975e-01
  -7.60290074236957158504e-01+j6.39420159814938715570e-01
  -7.47511862423812400991e-01+j6.53849215253901050460e-01
  -7.34466935675893828339e-01+j6.68013437316222313811e-01
  -7.21161304437243799725e-01+j6.81908342113599630352e-01
  -7.07601025467815558656e-01+j6.95529609328650044731e-01
  -6.93792196149366713342e-01+j7.08873080582695269669e-01
</dep>
<dep S[3,1] frequency>
  +1.13176037035821706878e-03+j1.41413484093523052904e-02
  +1.75553163424990331040e-03+j1.75812594704419927760e-02
  +2.51394698140985656948e-03+j2.09935724942594131859e-02
  +3.40576188860599714942e-03+j2.43729442242510141448e-02
  +4.42951416212567904845e-03+j2.77140900515589483355e-02
  +5.58352692848671210840e-03+j3.10117933095047371150e-02
  +6.86591205378397819586e-03+j3.42609143968446092088e-02
  +8.27457398043028244383e-03+j3.74563997077493326948e-02
  +9.80721396876153145294e-03+j4.05932903473025102903e-02
  +1.14613347297581411738e-02+j4.36667306122376502886e-02
  +1.32342454339924794904e-02+j4.66719762176393687669e-02
  +1.51230670808523010029e-02+j4.96044022514106064392e-02
  +1.71247382111163193308e-02+j5.24595108394486017711e-02
  +1.92360209450759024608e-02+j5.52329385056706534396e-02
  +2.14535073276082982607e-02+j5.79204632122772011815e-02
  +2.37736259609161240669e-02+j6.05180110669282511626e-02
  +2.61926489050554600624e-02+j6.30216626848289634966e-02
  +2.87066988258834823733e-02+j6.54276591950662123054e-02
  +3.13117563696655165639e-02+j6.77324078818982988626e-02
  +3.40036677432917489039e-02+j6.99324874530704854170e-02
  +3.67781524788630687084e-02+j7.20246529285974157464e-02
  +3.96308113613138973674e-02+j7.40058401448160513292e-02
  +4.25571344977440091384e-02+j7.58731698698588419294e-02
  +4.55525095072280283848e-02+j7.76239515280205821801e-02
  +4.86122298100598870807e-02+j7.92556865317871617194e-02
  +5.17315029956613714468e-02+j8.07660712215533260760e-02
  +5.49054592487399489853e-02+j8.21529994142727315598e-02
  +5.81291598137133186386e-02+j8.34145645634538912550e-02
  +6.13976054779200863809e-02+j8.45490615340318690807e-02
  +6.47057450547092183335e-02+j8.55549879967071186249e-02
  +6.80484838481285048140e-02+j8.64310454473408984466e-02
  +7.14206920816207041502e-02+j8.71761398579331825420e-02
  +7.48172132738687267750e-02+j8.77893819665772345839e-02
  +7.82328725457088480777e-02+j8.82700872145837089899e-02
  +8.16624848428448013582e-02+j8.86177753396958090004e-02
  +8.51008630599384974236e-02+j8.88321696349732015108e-02
  +8.85428260525215615750e-02+j8.89131958835054636570e-02
  +9.19832065240576146614e-02+j8.88609809796263999671e-02
  +9.54168587763834091797e-02+j8.86758512477390237194e-02
  +9.88386663126613052022e-02+j8.83583304702263289121e-02
  +1.02243549282881374118e-01+j8.79091376362195475735e-02
  +1.05626471762852627845e-01+j8.73291844232221559086e-02
  +1.08982448858514435752e-01+j8.66195724237478620333e-02
  +1.12306553628277350221e-01+j8.57815901292266619338e-02
  +1.15593923816962013129e-01+j8.48167096834669953509e-02
  +1.18839768395740480456e-01+j8.37265834179367618439e-02
  +1.22039373903296555213e-01+j8.25130401810450497813e-02
  +1.25188110584199985276e-01+j8.11780814734739675220e-02
  +1.28281438321239227296e-01+j7.97238774014277090663e-02
  +1.31314912359167368372e-01+j7.81527624594390013524e-02
  +1.34284188817991811948e-01+j7.64672311541048782546e-02
  +1.37185029994570550915e-01+j7.46699334798181235673e-02
  +1.40013309451871126310e-01+j7.27636702572213162066e-02
  +1.42765016895796126306e-01+j7.07513883447410951710e-02
  +1.45436262839985896989e-01+j6.86361757331666044735e-02
  +1.48023283059465327050e-01+j6.64212565328182735769e-02
  +1.50522442834420178137e-01+j6.41099858624202961765e-02
  +1.52930240985752918803e-01+j6.17058446483397804450e-02
  +1.55243313704393953723e-01+j5.92124343423983956480e-02
  +1.57458438176621473570e-01+j5.66334715659948112476e-02
  +1.59572536007874576924e-01+j5.39727826878082447837e-02
  +1.61582676447737605407e-01+j5.12342983418827141451e-02
  +1.63486079418916074868e-01+j4.84220478924273084465e-02
  +1.65280118353133664844e-01+j4.55401538512060638508e-02
  +1.66962322836942400617e-01+j4.25928262529411891246e-02
  +1.68530381070465418158e-01+j3.95843569937157080396e-02
  +1.69982142142081349423e-01+j3.65191141369356347957e-02
  +1.71315618122014262648e-01+j3.34015361910058247719e-02
  +1.72528985977712712163e-01+j3.02361263624868065181e-02
  +1.73620589313793760589e-01+j2.70274467881317821683e-02
  +1.74588939939188420025e-01+j2.37801127488613123218e-02
  +1.75432719263958425415e-01+j2.04987868684162501121e-02
  +1.76150779528066459001e-01+j1.71881732991369870489e-02
  +1.76742144864168837515e-01+j1.38530118970553693669e-02
  +1.77206012196268414272e-01+j1.04980723882535792457e-02
  +1.77541751975817507780e-01+j7.12814852824014862087e-03
  +1.77748908756598072989e-01+j3.74805225592303491514e-03
  +1.77827201609429219609e-01+j3.62607843623797805946e-04
  +1.77776524377470740435e-01-j3.02335395553295516874e-03
  +1.77596945772597769597e-01-j6.40500176158768225188e-03
  +1.77288709313026648928e-01-j9.77750942184432703108e-03
  +1.76852233102075873106e-01-j1.31360618638761590671e-02
  +1.76288109447648888573e-01-j1.64758609461837512988e-02
  +1.75597104321733810117e-01-j1.97921313051862904353e-02
  +1.74780156658928098601e-01-j2.30801261971306653775e-02
  +1.73838377492720130846e-01-j2.63351333333691969840e-02
  +1.72773048927993444490e-01-j2.95524807072943332398e-02
  +1.71585622947966365270e-01-j3.27275424110242546538e-02
  +1.70277720053547187984e-01-j3.58557444397030536387e-02
  +1.68851127732865896602e-01-j3.89325704810274120238e-02
  +1.67307798758551229401e-01-j4.19535676873238339013e-02
  +1.65649849310149283044e-01-j4.49143524271887056853e-02
  +1.63879556918937074883e-01-j4.78106160133668842138e-02
  +1.61999358232265855406e-01-j5.06381304031831708246e-02
  +1.60011846594485973583e-01-j5.33927538674566007360e-02
  +1.57919769441451307568e-01-j5.60704366234251599943e-02
  +1.55726025505581955333e-01-j5.86672264267886767186e-02
  +1.53433661828484724232e-01-j6.11792741175402748910e-02
  +1.51045870578185414956e-01-j6.36028391138097892732e-02
  +1.48565985668124928010e-01-j6.59342948474838097539e-02
  +1.45997479175208000335e-01-j6.81701341349024436678e-02
  +1.43343957554374401564e-01-j7.03069744754632880435e-02
  +1.40609157647385907275e-01-j7.23415632704941802267e-02
  +1.37796942483790901823e-01-j7.42707829542891828645e-02
  +1.34911296872341601727e-01-j7.60916560287412391261e-02
  +1.31956322781498047725e-01-j7.78013499925541557323e-02
  +1.28936234508057356862e-01-j7.93971821555783385804e-02
  +1.25855353633396727098e-01-j8.08766243283949720633e-02
  +1.22718103767313471697e-01-j8.22373073768726536859e-02
  +1.19529005079986525018e-01-j8.34770256310461838956e-02
  +1.16292668623162620545e-01-j8.45937411373220149446e-02
  +1.13013790442302780592e-01-j8.55855877426996425328e-02
  +1.09697145482081065415e-01-j8.64508749994240682790e-02
  +1.06347581288339626537e-01-j8.71880918782461655780e-02
  +1.02970011510340950234e-01-j8.77959102782770450801e-02
  +9.95694092079293380237e-02-j8.82731883212790058302e-02
  +9.61507999690238424062e-02-j8.86189734181421773229e-02
  +9.27192548436919089516e-02-j8.88325050952601252829e-02
  +8.92798831019075977977e-02-j8.89132175685378167707e-02
  +8.58378248229754309273e-02-j8.88607420528474967192e-02
  +8.23982433254887292051e-02-j8.86749087948948827576e-02
  +7.89663174475885576431e-02-j8.83557488176693606174e-02
  +7.55472336881987949209e-02-j8.79034953649339423354e-02
  +7.21461782208153157292e-02-j8.73185850345606640044e-02
  +6.87683287923273878217e-02-j8.66016585899405111348e-02
  +6.54188465202388408359e-02-j8.57535614391912726084e-02
  +6.21028676025296780261e-02-j8.47753437724545755305e-02
  +5.88254949552464573292e-02-j8.36682603482145209606e-02
  +5.55917897937314581247e-02-j8.24337699202822848932e-02
  +5.24067631741857165029e-02-j8.10735342978759210286e-02
  +4.92753675130052221087e-02-j7.95894170320782801120e-02
  +4.62024881020248884278e-02-j7.79834817228761967289e-02
  +4.31929346384509055268e-02-j7.62579899419721929377e-02
  +4.02514327888428419255e-02-j7.44153987676055561629e-02
  +3.73826158070265507360e-02-j7.24583579287257778523e-02
  +3.45910162262676595946e-02-j7.03897065570207869367e-02
  +3.18810576464055653312e-02-j6.82124695465078645373e-02
  +2.92570466369399886930e-02-j6.59298535216468473141e-02
  +2.67231647772690830700e-02-j6.35452424162220308457e-02
  +2.42834608553932837505e-02-j6.10621926665574910054e-02
  +2.19418432464243973179e-02-j5.84844280239719058190e-02
  +1.97020724921690565390e-02-j5.58158339927404822944e-02
  +1.75677541028838070380e-02-j5.30604519011958486452e-02
  +1.55423316020342865140e-02-j5.02224726149747696669e-02
  +1.36290798345186058016e-02-j4.73062299027773996984e-02
  +1.18310985583467611487e-02-j4.43161934663572898430e-02
  +1.01513063391962567172e-02-j4.12569616477852646463e-02
  +8.59243476659550184382e-03-j3.81332538283286059944e-02
  +7.15702300971658104262e-03-j3.49499025345388764086e-02
  +5.84741272989923802084e-03-j3.17118452683558399441e-02
  +4.66574336607131733012e-03-j2.84241160791851854572e-02
  +3.61394780819021760668e-03-j2.50918368970004454499e-02
  +2.69374847270440614944e-03-j2.17202086465394447745e-02
  +1.90665379283237344452e-03-j1.83145021636112390051e-02
  +1.25395513518113208701e-03-j1.48800489353856299490e-02
  +7.36724152889097665467e-04-j1.14222316873128972720e-02
  +3.55810584080237053608e-04-j7.94647483999271972421e-03
  +1.11840502970237765188e-04-j4.45823485988933176927e-03
  +5.21502947635161505379e-06-j9.62990528261714042943e-04
  +3.61095016599186324465e-05+j2.53376684695925296145e-03
  +2.04473113783176611846e-04+j6.02654325135534851832e-03
  +5.10029021197992964848e-04+j9.50985179113772796655e-03
  +9.52274911713620530671e-04+j1.29782225020307513674e-02
  +1.53048404152177248971e-03+j1.64262121148419232286e-02
  +2.24370673219964752651e-03+j1.98484137528296411546e-02
  +3.09077232377448626530e-03+j2.32394665362874036640e-02
  +4.07029157732389026969e-03+j2.65940650701723055316e-02
  +5.18065951911616390246e-03+j2.99069687911301569649e-02
  +6.42005871686886914196e-03+j3.31730111508864722314e-02
  +7.78646297733259773466e-03+j3.63871086136934099309e-02
  +9.27764145309604645884e-03+j3.95442694463334770694e-02
  +1.08911631452667904962e-02+j4.26396022800805546416e-02
  +1.26244017875117922611e-02+j4.56683244249944941817e-02
  +1.44745410958569513393e-02+j4.86257699179849789406e-02
  +1.64385803676366723525e-02+j5.15073972871915447547e-02
  +1.85133404120778125024e-02+j5.43087970164178313048e-02
  +2.06954697941741788680e-02+j5.70256986945768679087e-02
  +2.29814513727912561603e-02+j5.96539778363905440206e-02
  +2.53676091133089517959e-02+j6.21896623618883315210e-02
  +2.78501151545894470862e-02+j6.46289387235938206366e-02
  +3.04249971096294639927e-02+j6.69681576716413956563e-02
  +3.30881455789332756812e-02+j6.92038396484332685166e-02
  +3.58353218554200853019e-02+j7.13326798058196154262e-02
  +3.86621657995526862850e-02+j7.33515526391463335010e-02
  +4.15642038633473251408e-02+j7.52575162338698366860e-02
  +4.45368572419918076766e-02+j7.70478161217703627628e-02
  +4.75754501319548273042e-02+j7.87198887450989981396e-02
  +5.06752180747146729889e-02+j8.02713645282665533287e-02
  +5.38313163655655679829e-02+j8.17000705579135344525e-02
  +5.70388285073621936760e-02+j8.30040328733854942955e-02
  +6.02927746895484811818e-02+j8.41814783707754837883e-02
  +6.35881202733608874578e-02+j8.52308363247728517642e-02
  +6.69197842647102081326e-02+j8.61507395335799341929e-02
  +7.02826477569118146516e-02+j8.69400250931141316268e-02
  +7.36715623261558066881e-02+j8.75977348076053263792e-02
  +7.70813583633677690266e-02+j8.81231152445197951639e-02
  +8.05068533269171215938e-02+j8.85156174424958919200e-02
  +8.39428599014610810070e-02+j8.87748962816555242661e-02
  +8.73841940490743540604e-02+j8.89008095262646680368e-02
  +9.08256829396944381783e-02+j8.88934165502502648959e-02
</dep>
<dep S[3,3] frequency>
  +6.50521303491302660404e-19+j8.67361737988403547206e-18
  +7.58941520739853103805e-19+j8.67361737988403547206e-18
  +1.08420217248550443401e-18+j8.67361737988403547206e-18
  +1.95156391047390798121e-18+j1.21430643318376496609e-17
  +2.60208521396521064162e-18+j1.38777878078144567553e-17
  +2.60208521396521064162e-18+j1.38777878078144567553e-17
  +2.60208521396521064162e-18+j1.38777878078144567553e-17
  +2.60208521396521064162e-18+j1.73472347597680709441e-17
  +4.33680868994201773603e-18+j1.73472347597680709441e-17
  +6.93889390390722837765e-18+j2.42861286636752993218e-17
  +6.07153216591882483044e-18+j2.42861286636752993218e-17
  +6.07153216591882483044e-18+j2.42861286636752993218e-17
  +8.67361737988403547206e-18+j2.77555756156289135106e-17
  +1.04083408558608425665e-17+j2.77555756156289135106e-17
  +8.67361737988403547206e-18+j2.77555756156289135106e-17
  +1.21430643318376496609e-17+j3.12250225675825276994e-17
  +6.93889390390722837765e-18+j2.77555756156289135106e-17
  +1.38777878078144567553e-17+j2.77555756156289135106e-17
  +1.38777878078144567553e-17+j2.77555756156289135106e-17
  +2.08166817117216851329e-17+j2.77555756156289135106e-17
  +2.08166817117216851329e-17+j4.16333634234433702659e-17
  +1.73472347597680709441e-17+j4.16333634234433702659e-17
  +2.08166817117216851329e-17+j3.46944695195361418882e-17
  +2.77555756156289135106e-17+j4.16333634234433702659e-17
  +2.77555756156289135106e-17+j3.46944695195361418882e-17
  +2.42861286636752993218e-17+j3.46944695195361418882e-17
  +2.77555756156289135106e-17+j4.16333634234433702659e-17
  +3.12250225675825276994e-17+j4.85722573273505986435e-17
  +2.77555756156289135106e-17+j4.16333634234433702659e-17
  +3.46944695195361418882e-17+j4.16333634234433702659e-17
  +2.08166817117216851329e-17+j3.46944695195361418882e-17
  +2.77555756156289135106e-17+j4.16333634234433702659e-17
  +3.46944695195361418882e-17+j3.46944695195361418882e-17
  +3.46944695195361418882e-17+j4.16333634234433702659e-17
  +3.46944695195361418882e-17+j3.46944695195361418882e-17
  +4.85722573273505986435e-17+j3.46944695195361418882e-17
  +4.16333634234433702659e-17+j3.46944695195361418882e-17
  +3.46944695195361418882e-17+j2.77555756156289135106e-17
  +4.16333634234433702659e-17+j3.46944695195361418882e-17
  +4.85722573273505986435e-17+j4.16333634234433702659e-17
  +5.55111512312578270212e-17+j3.46944695195361418882e-17
  +4.16333634234433702659e-17+j3.46944695195361418882e-17
  +6.24500451351650553988e-17+j2.77555756156289135106e-17
  +4.85722573273505986435e-17+j4.16333634234433702659e-17
  +4.85722573273505986435e-17+j3.46944695195361418882e-17
  +6.24500451351650553988e-17+j3.46944695195361418882e-17
  +4.85722573273505986435e-17+j3.46944695195361418882e-17
  +4.16333634234433702659e-17+j3.46944695195361418882e-17
  +5.55111512312578270212e-17+j4.16333634234433702659e-17
  +5.55111512312578270212e-17+j4.16333634234433702659e-17
  +8.32667268468867405318e-17+j4.16333634234433702659e-17
  +6.93889390390722837765e-17+j3.46944695195361418882e-17
  +6.93889390390722837765e-17+j4.16333634234433702659e-17
  +6.93889390390722837765e-17+j3.46944695195361418882e-17
  +6.93889390390722837765e-17+j3.46944695195361418882e-17
  +6.93889390390722837765e-17+j3.46944695195361418882e-17
  +6.93889390390722837765e-17+j4.16333634234433702659e-17
  +6.93889390390722837765e-17+j2.08166817117216851329e-17
  +8.32667268468867405318e-17+j2.42861286636752993218e-17
  +6.93889390390722837765e-17+j1.73472347597680709441e-17
  +6.93889390390722837765e-17+j2.08166817117216851329e-17
  +6.93889390390722837765e-17+j2.77555756156289135106e-17
  +8.32667268468867405318e-17+j2.08166817117216851329e-17
  +6.93889390390722837765e-17+j1.73472347597680709441e-17
  +9.71445146547011972871e-17+j2.08166817117216851329e-17
  +8.32667268468867405318e-17+j1.38777878078144567553e-17
  +8.32667268468867405318e-17+j1.73472347597680709441e-17
  +8.32667268468867405318e-17+j1.38777878078144567553e-17
  +6.93889390390722837765e-17+j1.21430643318376496609e-17
  +8.32667268468867405318e-17+j1.38777878078144567553e-17
  +5.55111512312578270212e-17+j5.20417042793042128324e-18
  +6.93889390390722837765e-17+j6.93889390390722837765e-18
  +9.71445146547011972871e-17+j8.67361737988403547206e-18
  +9.71445146547011972871e-17+j7.80625564189563192485e-18
  +8.32667268468867405318e-17+j4.33680868994201773603e-18
  +8.32667268468867405318e-17+j3.03576608295941241522e-18
  +8.32667268468867405318e-17+j1.73472347597680709441e-18
  +6.93889390390722837765e-17+j1.35525271560688054251e-19
  +8.32667268468867405318e-17-j1.30104260698260532081e-18
  +9.71445146547011972871e-17-j3.46944695195361418882e-18
  +9.71445146547011972871e-17-j6.07153216591882483044e-18
  +8.32667268468867405318e-17-j5.20417042793042128324e-18
  +9.71445146547011972871e-17-j8.67361737988403547206e-18
  +6.93889390390722837765e-17-j8.67361737988403547206e-18
  +6.93889390390722837765e-17-j8.67361737988403547206e-18
  +6.93889390390722837765e-17-j1.21430643318376496609e-17
  +9.71445146547011972871e-17-j1.56125112837912638497e-17
  +6.93889390390722837765e-17-j1.38777878078144567553e-17
  +6.93889390390722837765e-17-j1.38777878078144567553e-17
  +8.32667268468867405318e-17-j1.73472347597680709441e-17
  +6.93889390390722837765e-17-j1.73472347597680709441e-17
  +8.32667268468867405318e-17-j2.42861286636752993218e-17
  +6.93889390390722837765e-17-j2.08166817117216851329e-17
  +6.93889390390722837765e-17-j2.42861286636752993218e-17
  +8.32667268468867405318e-17-j2.77555756156289135106e-17
  +6.93889390390722837765e-17-j2.42861286636752993218e-17
  +6.93889390390722837765e-17-j3.12250225675825276994e-17
  +6.93889390390722837765e-17-j2.77555756156289135106e-17
  +6.93889390390722837765e-17-j3.46944695195361418882e-17
  +5.55111512312578270212e-17-j2.77555756156289135106e-17
  +6.93889390390722837765e-17-j2.77555756156289135106e-17
  +5.55111512312578270212e-17-j2.77555756156289135106e-17
  +5.55111512312578270212e-17-j2.08166817117216851329e-17
  +5.55111512312578270212e-17-j2.08166817117216851329e-17
  +5.55111512312578270212e-17-j2.77555756156289135106e-17
  +5.55111512312578270212e-17-j2.77555756156289135106e-17
  +6.93889390390722837765e-17-j3.46944695195361418882e-17
  +4.16333634234433702659e-17-j2.77555756156289135106e-17
  +5.55111512312578270212e-17-j3.46944695195361418882e-17
  +6.93889390390722837765e-17-j4.16333634234433702659e-17
  +4.85722573273505986435e-17-j4.16333634234433702659e-17
  +4.85722573273505986435e-17-j3.46944695195361418882e-17
  +4.85722573273505986435e-17-j4.16333634234433702659e-17
  +4.85722573273505986435e-17-j3.46944695195361418882e-17
  +4.16333634234433702659e-17-j3.46944695195361418882e-17
  +5.55111512312578270212e-17-j4.85722573273505986435e-17
  +4.16333634234433702659e-17-j3.46944695195361418882e-17
  +4.16333634234433702659e-17-j2.77555756156289135106e-17
  +4.85722573273505986435e-17-j4.16333634234433702659e-17
  +4.16333634234433702659e-17-j3.46944695195361418882e-17
  +3.46944695195361418882e-17-j4.16333634234433702659e-17
  +4.85722573273505986435e-17-j4.16333634234433702659e-17
  +4.85722573273505986435e-17-j4.16333634234433702659e-17
  +2.77555756156289135106e-17-j4.16333634234433702659e-17
  +2.77555756156289135106e-17-j3.46944695195361418882e-17
  +2.77555756156289135106e-17-j3.46944695195361418882e-17
  +2.08166817117216851329e-17-j3.46944695195361418882e-17
  +3.12250225675825276994e-17-j4.16333634234433702659e-17
  +2.08166817117216851329e-17-j3.46944695195361418882e-17
  +3.12250225675825276994e-17-j3.46944695195361418882e-17
  +3.12250225675825276994e-17-j4.85722573273505986435e-17
  +2.08166817117216851329e-17-j3.46944695195361418882e-17
  +2.42861286636752993218e-17-j3.46944695195361418882e-17
  +2.42861286636752993218e-17-j3.46944695195361418882e-17
  +1.73472347597680709441e-17-j4.16333634234433702659e-17
  +1.73472347597680709441e-17-j3.46944695195361418882e-17
  +1.38777878078144567553e-17-j3.46944695195361418882e-17
  +1.56125112837912638497e-17-j2.77555756156289135106e-17
  +1.38777878078144567553e-17-j2.77555756156289135106e-17
  +1.04083408558608425665e-17-j3.12250225675825276994e-17
  +1.21430643318376496609e-17-j2.77555756156289135106e-17
  +8.67361737988403547206e-18-j2.08166817117216851329e-17
  +1.04083408558608425665e-17-j2.42861286636752993218e-17
  +1.12757025938492461137e-17-j2.77555756156289135106e-17
  +6.93889390390722837765e-18-j2.42861286636752993218e-17
  +5.20417042793042128324e-18-j2.08166817117216851329e-17
  +3.46944695195361418882e-18-j1.73472347597680709441e-17
  +4.33680868994201773603e-18-j1.73472347597680709441e-17
  +2.60208521396521064162e-18-j1.73472347597680709441e-17
  +2.16840434497100886801e-18-j1.73472347597680709441e-17
  +2.16840434497100886801e-18-j1.21430643318376496609e-17
  +1.73472347597680709441e-18-j8.67361737988403547206e-18
  +1.08420217248550443401e-18-j8.67361737988403547206e-18
  +7.58941520739853103805e-19-j6.93889390390722837765e-18
  +9.75781955236953990607e-19-j7.80625564189563192485e-18
  +3.79470760369926551903e-19-j6.93889390390722837765e-18
  +2.16840434497100886801e-19-j4.33680868994201773603e-18
  +5.42101086242752217004e-20-j1.73472347597680709441e-18
  +2.11758236813575084767e-21-j3.79470760369926551903e-19
  +1.01643953670516040688e-20+j8.67361737988403547206e-19
  +1.08420217248550443401e-19+j3.46944695195361418882e-18
  +2.16840434497100886801e-19+j5.20417042793042128324e-18
  +1.62630325872825665101e-19+j4.33680868994201773603e-18
  +6.50521303491302660404e-19+j6.93889390390722837765e-18
  +1.30104260698260532081e-18+j8.67361737988403547206e-18
  +1.73472347597680709441e-18+j1.21430643318376496609e-17
  +2.16840434497100886801e-18+j1.21430643318376496609e-17
  +2.16840434497100886801e-18+j1.04083408558608425665e-17
  +3.03576608295941241522e-18+j1.73472347597680709441e-17
  +4.77048955893621950963e-18+j2.08166817117216851329e-17
  +5.20417042793042128324e-18+j2.08166817117216851329e-17
  +5.20417042793042128324e-18+j1.73472347597680709441e-17
  +6.07153216591882483044e-18+j2.08166817117216851329e-17
  +8.67361737988403547206e-18+j2.08166817117216851329e-17
  +5.20417042793042128324e-18+j2.42861286636752993218e-17
  +8.67361737988403547206e-18+j2.42861286636752993218e-17
  +1.21430643318376496609e-17+j3.12250225675825276994e-17
  +1.04083408558608425665e-17+j2.08166817117216851329e-17
  +1.04083408558608425665e-17+j2.42861286636752993218e-17
  +1.56125112837912638497e-17+j3.46944695195361418882e-17
  +1.38777878078144567553e-17+j2.77555756156289135106e-17
  +1.73472347597680709441e-17+j2.77555756156289135106e-17
  +1.38777878078144567553e-17+j3.46944695195361418882e-17
  +1.73472347597680709441e-17+j3.46944695195361418882e-17
  +2.08166817117216851329e-17+j3.46944695195361418882e-17
  +2.08166817117216851329e-17+j3.46944695195361418882e-17
  +2.77555756156289135106e-17+j4.16333634234433702659e-17
  +2.42861286636752993218e-17+j3.46944695195361418882e-17
  +2.42861286636752993218e-17+j3.46944695195361418882e-17
  +3.12250225675825276994e-17+j4.16333634234433702659e-17
  +3.46944695195361418882e-17+j4.16333634234433702659e-17
  +4.16333634234433702659e-17+j3.46944695195361418882e-17
  +3.46944695195361418882e-17+j3.46944695195361418882e-17
  +3.46944695195361418882e-17+j3.46944695195361418882e-17
  +2.77555756156289135106e-17+j4.85722573273505986435e-17
  +3.46944695195361418882e-17+j3.46944695195361418882e-17
  +4.16333634234433702659e-17+j4.16333634234433702659e-17
  +2.08166817117216851329e-17+j2.77555756156289135106e-17
  +4.16333634234433702659e-17+j4.16333634234433702659e-17
  +4.16333634234433702659e-17+j3.46944695195361418882e-17
</dep>
<dep S[3,4] frequency>
  +9.96712428938514749532e-01-j7.97688873127592595891e-02
  +9.94896386293194101569e-01-j9.93428304653025534554e-02
  +9.92684394530348845898e-01-j1.18872380477626604645e-01
  +9.90077751013841766969e-01-j1.38348860939195794639e-01
  +9.87077980999385040661e-01-j1.57763646139024216186e-01
  +9.83686835000711301547e-01-j1.77108169063572656876e-01
  +9.79906285781982022698e-01-j1.96373929230237803667e-01
  +9.75738524987881161721e-01-j2.15552500335416785671e-01
  +9.71185959424142764007e-01-j2.34635537696994078694e-01
  +9.66251207002513767819e-01-j2.53614785472054182769e-01
  +9.60937092365303335839e-01-j2.72482083631657157063e-01
  +9.55246642205765716938e-01-j2.91229374675629704150e-01
  +9.49183080301538195656e-01-j3.09848710071496502572e-01
  +9.42749822279270288661e-01-j3.28332256402921074390e-01
  +9.35950470129372935624e-01-j3.46672301214310141226e-01
  +9.28788806490523310977e-01-j3.64861258539575628035e-01
  +9.21268788724167730919e-01-j3.82891674104414048152e-01
  +9.13394542799757958029e-01-j4.00756230192863771578e-01
  +9.05170357011855220009e-01-j4.18447750170313714779e-01
  +8.96600675550535131109e-01-j4.35959202656571787049e-01
  +8.87690091946704784576e-01-j4.53283705344023180039e-01
  +8.78443342414045535982e-01-j4.70414528457342551171e-01
  +8.68865299109273125922e-01-j4.87345097852634412394e-01
  +8.58960963332309757057e-01-j5.04068997755267256267e-01
  +8.48735458687750576878e-01-j5.20579973137041185360e-01
  +8.38194024228726908277e-01-j5.36871931734652196866e-01
  +8.27342007603885098987e-01-j5.52938945712721729997e-01
  +8.16184858227741338865e-01-j5.68775252975903589103e-01
  +8.04728120494143328578e-01-j5.84375258135776842749e-01
  +7.92977427051957617365e-01-j5.99733533139389707323e-01
  +7.80938492161433295280e-01-j6.14844817567390289348e-01
  +7.68617105148958756899e-01-j6.29704018610717453086e-01
  +7.56019123977140772297e-01-j6.44306210735777096232e-01
  +7.43150468946305542417e-01-j6.58646635048918072108e-01
  +7.30017116542634125764e-01-j6.72720698371852776631e-01
  +7.16625093447236904964e-01-j6.86523972040405938699e-01
  +7.02980470719525740719e-01-j7.00052190439661603527e-01
  +6.89089358167268017930e-01-j7.13301249289186256597e-01
  +6.74957898914718024130e-01-j7.26267203692529506043e-01
  +6.60592264179219457176e-01-j7.38946265965679804921e-01
  +6.45998648265655006639e-01-j7.51334803259533279274e-01
  +6.31183263787102877274e-01-j7.63429334991763797191e-01
  +6.16152337119046267233e-01-j7.75226530103727662357e-01
  +6.00912104093466070687e-01-j7.86723204158237487960e-01
  +5.85468805938150538282e-01-j7.97916316294149496890e-01
  +5.69828685465562312373e-01-j8.08802966053782101952e-01
  +5.53997983514632030833e-01-j8.19380390099185951236e-01
  +5.37982935647903337539e-01-j8.29645958833229002494e-01
  +5.21789769105513778769e-01-j8.39597172941364155996e-01
  +5.05424700016601335939e-01-j8.49231659869785660000e-01
  +4.88893930867851100874e-01-j8.58547170255484326518e-01
  +4.72203648228043282309e-01-j8.67541574323464237395e-01
  +4.55360020726657821477e-01-j8.76212858266101290994e-01
  +4.38369197283803191389e-01-j8.84559120619299754651e-01
  +4.21237305587990662481e-01-j8.92578568649748826935e-01
  +4.03970450817560167156e-01-j9.00269514767192524651e-01
  +3.86574714600885660509e-01-j9.07630372975212207365e-01
  +3.69056154209840947544e-01-j9.14659655373580404714e-01
  +3.51420801980399932773e-01-j9.21355968724780538537e-01
  +3.33674664953670374601e-01-j9.27718011096808958804e-01
  +3.15823724730118937654e-01-j9.33744568593865675865e-01
  +2.97873937529239740662e-01-j9.39434512186042347537e-01
  +2.79831234446450527464e-01-j9.44786794648565630972e-01
  +2.61701521898554112511e-01-j9.49800447620637644519e-01
  +2.43490682248697520862e-01-j9.54474578793350181272e-01
  +2.25204574601392037980e-01-j9.58808369235606972047e-01
  +2.06849035757797533597e-01-j9.62801070866413422067e-01
  +1.88429881321164588437e-01-j9.66452004081343352127e-01
  +1.69952906942042847316e-01-j9.69760555540409407982e-01
  +1.51423889692589103140e-01-j9.72726176123996477685e-01
  +1.32848589559079910405e-01-j9.75348379062950687768e-01
  +1.14232751041524388524e-01-j9.77626738248326354608e-01
  +9.55821048490768931938e-02-j9.79560886725737711700e-01
  +7.69023696797865585761e-02-j9.81150515378668597322e-01
  +5.81992540730874585719e-02-j9.82395371804531292170e-01
  +3.94784583232985902823e-02-j9.83295259386687048320e-01
  +2.07456764423076325810e-02-j9.83850036565063312821e-01
  +2.00659815954490339251e-03-j9.84059616307435658378e-01
  -1.67330890527314160576e-02-j9.83923965782864451413e-01
  -3.54676979408329595689e-02-j9.83443106238208741843e-01
  -5.41915394297490526920e-02-j9.82617113078060100406e-01
  -7.28989205939981066429e-02-j9.81446116147874803026e-01
  -9.15841426512276624017e-02-j9.79930300219508221282e-01
  -1.10241498990537784008e-01-j9.78069905677779072306e-01
  -1.28865273247451672667e-01-j9.75865229406122747235e-01
  -1.47449737437372163651e-01-j9.73316625868818841028e-01
  -1.65989150159270099083e-01-j9.70424508386702688867e-01
  -1.84477754881245764595e-01-j9.67189350602697617276e-01
  -2.02909778319441597150e-01-j9.63611688132930410688e-01
  -2.21279428921653004148e-01-j9.59692120398613290888e-01
  -2.39580895466783905245e-01-j9.55431312633308826854e-01
  -2.57808345791086857002e-01-j9.50829998059608216820e-01
  -2.75955925651904188101e-01-j9.45888980228692721752e-01
  -2.94017757739367890935e-01-j9.40609135515660832461e-01
  -3.11987940846226219360e-01-j9.34991415762948863133e-01
  -3.29860549205656439220e-01-j9.29036851063594903977e-01
  -3.47629632006590250093e-01-j9.22746552675535847143e-01
  -3.65289213095693787725e-01-j9.16121716057578194814e-01
  -3.82833290874756038136e-01-j9.09163624017121252407e-01
  -4.00255838401799568516e-01-j9.01873649959181511448e-01
  -4.17550803703766071351e-01-j8.94253261225729678685e-01
  -4.34712110308128285574e-01-j8.86304022513838329900e-01
  -4.51733658000247118025e-01-j8.78027599360629018577e-01
  -4.68609323812730127479e-01-j8.69425761682532494135e-01
  -4.85332963252437799007e-01-j8.60500387355888740615e-01
  -5.01898411770156593903e-01-j8.51253465825494215480e-01
  -5.18299486477276194485e-01-j8.41687101727256470340e-01
  -5.34529988113108922576e-01-j8.31803518510745520942e-01
  -5.50583703265746349231e-01-j8.21605062047047640661e-01
  -5.66454406848563518651e-01-j8.11094204207023272701e-01
  -5.82135864833698279952e-01-j8.00273546394741908117e-01
  -5.97621837242956921443e-01-j7.89145823020658720992e-01
  -6.12906081395766855202e-01-j7.77713904898840513447e-01
  -6.27982355412871173783e-01-j7.65980802552422179730e-01
  -6.42844421973546076288e-01-j7.53949669411338452285e-01
  -6.57486052323184133606e-01-j7.41623804886315074469e-01
  -6.71901030527104148327e-01-j7.29006657303105320977e-01
  -6.86083157965466261530e-01-j7.16101826680999753449e-01
  -7.00026258063187523106e-01-j7.02913067339746899798e-01
  -7.13724181247719080545e-01-j6.89444290319203845208e-01
  -7.27170810126544830965e-01-j6.75699565596275419921e-01
  -7.40360064875248080618e-01-j6.61683124083993767783e-01
  -7.53285908825965133673e-01-j6.47399359397989870857e-01
  -7.65942354245042755778e-01-j6.32852829376036041253e-01
  -7.78323468287730246828e-01-j6.18048257336868966938e-01
  -7.90423379116751090301e-01-j6.02990533065083211817e-01
  -8.02236282170651349155e-01-j5.87684713509561973410e-01
  -8.13756446566900493167e-01-j5.72136023183635211709e-01
  -8.24978221623836160958e-01-j5.56349854255963949257e-01
  -8.35896043484695150383e-01-j5.40331766322033502092e-01
  -8.46504441826175790808e-01-j5.24087485847073653034e-01
  -8.56798046633241106029e-01-j5.07622905272232860518e-01
  -8.66771595021170515594e-01-j4.90944081776921448235e-01
  -8.76419938085263305894e-01-j4.74057235691352718554e-01
  -8.85738047758039326318e-01-j4.56968748554509196502e-01
  -8.94721023653302971468e-01-j4.39685160814003661578e-01
  -9.03364099876052595306e-01-j4.22213169165580048947e-01
  -9.11662651776899091161e-01-j4.04559623531329071167e-01
  -9.19612202629438768575e-01-j3.86731523677062649647e-01
  -9.27208430208900757918e-01-j3.68736015470665423610e-01
  -9.34447173250353868568e-01-j3.50580386784659414623e-01
  -9.41324437764827326447e-01-j3.32272063047647780998e-01
  -9.47836403191870457974e-01-j3.13818602450714079222e-01
  -9.53979428367341730777e-01-j2.95227690816309507049e-01
  -9.59750057285595037371e-01-j2.76507136138557707561e-01
  -9.65145024635711945571e-01-j2.57664862805323413575e-01
  -9.70161261092002735751e-01-j2.38708905513757341232e-01
  -9.74795898339685717993e-01-j2.19647402892388432516e-01
  -9.79046273817437029408e-01-j2.00488590844109665356e-01
  -9.82909935159377301517e-01-j1.81240795625683404069e-01
  -9.86384644320039472021e-01-j1.61912426680561494230e-01
  -9.89468381366918503517e-01-j1.42511969242952063475e-01
  -9.92159347926355073000e-01-j1.23047976732112679388e-01
  -9.94455970269721545307e-01-j1.03529062956833034503e-01
  -9.96356902028189161946e-01-j8.39638941509323055712e-02
  -9.97861026525701744205e-01-j6.43611808614204528034e-02
  -9.98967458721220280538e-01-j4.47296697116419811335e-02
  -9.99675546752761157165e-01-j2.50781350623263468713e-02
  -9.99984873077276237296e-01-j5.41537059395296935249e-03
  -9.99895255201969312964e-01+j1.42498191657967135382e-02
  -9.99406746004214863177e-01+j3.39086273454415332296e-02
  -9.98519633638843773227e-01+j5.35522532397815706484e-02
  -9.97234441033151619571e-01+j7.31719108024255493472e-02
  -9.95551924971589841107e-01+j9.27588370966292152797e-02
  -9.93473074773674857951e-01+j1.12304300680501331633e-01
  -9.90999110570225827388e-01+j1.31799609902960579433e-01
  -9.88131481184568394305e-01+j1.51236121087225339199e-01
  -9.84871861626845701565e-01+j1.70605246579185798605e-01
  -9.81222150211023547151e-01+j1.89898462638618703568e-01
  -9.77184465305577454330e-01+j2.09107317151960653279e-01
  -9.72761141730181577714e-01+j2.28223437146181928892e-01
  -9.67954726811982801848e-01+j2.47238536084242649382e-01
  -9.62767976116242429896e-01+j2.66144420923594360318e-01
  -9.57203848867219986296e-01+j2.84932998920321645109e-01
  -9.51265503076218488232e-01+j3.03596284162611806945e-01
  -9.44956290394614373263e-01+j3.22126403818540352209e-01
  -9.38279750710558579918e-01+j3.40515604084344281066e-01
  -9.31239606508746819991e-01+j3.58756255820759262232e-01
  -9.23839757013317219858e-01+j3.76840859866288457880e-01
  -9.16084272134450205982e-01+j3.94762052017709308416e-01
  -9.07977386239685158031e-01+j4.12512607669504760555e-01
  -8.99523491771298089326e-01+j4.30085446105343716106e-01
  -8.90727132731300885737e-01+j4.47473634436169387385e-01
  -8.81592998055753640507e-01+j4.64670391180869613024e-01
  -8.72125914900103826888e-01+j4.81669089486933654776e-01
  -8.62330841857181340515e-01+j4.98463259989898377356e-01
  -8.52212862129322124005e-01+j5.15046593311760725342e-01
  -8.41777176675823413099e-01+j5.31412942199877003091e-01
  -8.31029097356585588763e-01+j5.47556323309192571891e-01
  -8.19974040092369627075e-01+j5.63470918631883699312e-01
  -8.08617518061581774802e-01+j5.79151076579741630468e-01
  -7.96965134952921872014e-01+j5.94591312725767262570e-01
  -7.85022578292575712311e-01+j6.09786310212568460898e-01
  -7.72795612863922620761e-01+j6.24730919836181008975e-01
  -7.60290074236957158504e-01+j6.39420159814938715570e-01
  -7.47511862423812400991e-01+j6.53849215253901050460e-01
  -7.34466935675893828339e-01+j6.68013437316222313811e-01
  -7.21161304437243799725e-01+j6.81908342113599630352e-01
  -7.07601025467815558656e-01+j6.95529609328650044731e-01
  -6.93792196149366713342e-01+j7.08873080582695269669e-01
</dep>
<dep S[3,2] frequency>
  +5.55111512312578270212e-17-j1.38777878078144567553e-17
  -5.55111512312578270212e-17
  +0.00000000000000000000e+00+j6.93889390390722837765e-18
  +0.00000000000000000000e+00-j1.38777878078144567553e-17
  +5.55111512312578270212e-17-j1.38777878078144567553e-17
  +0.00000000000000000000e+00
  +0.00000000000000000000e+00
  +0.00000000000000000000e+00+j2.77555756156289135106e-17
  +0.00000000000000000000e+00-j1.38777878078144567553e-17
  +5.55111512312578270212e-17-j5.55111512312578270212e-17
  +0.00000000000000000000e+00-j2.77555756156289135106e-17
  +5.55111512312578270212e-17-j2.77555756156289135106e-17
  +5.55111512312578270212e-17
  +0.00000000000000000000e+00
  +0.00000000000000000000e+00
  +0.00000000000000000000e+00-j2.77555756156289135106e-17
  -5.55111512312578270212e-17+j5.55111512312578270212e-17
  +0.00000000000000000000e+00-j2.77555756156289135106e-17
  -5.55111512312578270212e-17
  +0.00000000000000000000e+00-j5.55111512312578270212e-17
  +5.55111512312578270212e-17+j2.77555756156289135106e-17
  +0.00000000000000000000e+00+j5.55111512312578270212e-17
  +0.00000000000000000000e+00
  +0.00000000000000000000e+00
  +0.00000000000000000000e+00
  +0.00000000000000000000e+00
  +0.00000000000000000000e+00
  +5.55111512312578270212e-17-j5.55111512312578270212e-17
  +0.00000000000000000000e+00
  -5.55111512312578270212e-17
  -5.55111512312578270212e-17+j1.11022302462515654042e-16
  +5.55111512312578270212e-17+j5.55111512312578270212e-17
  -5.55111512312578270212e-17+j5.55111512312578270212e-17
  +0.00000000000000000000e+00
  +0.00000000000000000000e+00-j5.55111512312578270212e-17
  +0.00000000000000000000e+00-j5.55111512312578270212e-17
  -5.55111512312578270212e-17
  +0.00000000000000000000e+00
  +0.00000000000000000000e+00+j5.55111512312578270212e-17
  +0.00000000000000000000e+00-j5.55111512312578270212e-17
  -5.55111512312578270212e-17+j5.55111512312578270212e-17
  -5.55111512312578270212e-17+j5.55111512312578270212e-17
  -5.55111512312578270212e-17
  +0.00000000000000000000e+00
  +5.55111512312578270212e-17
  +5.55111512312578270212e-17-j5.55111512312578270212e-17
  -5.55111512312578270212e-17
  -5.55111512312578270212e-17+j5.55111512312578270212e-17
  +5.55111512312578270212e-17
  +0.00000000000000000000e+00
  +5.55111512312578270212e-17-j5.55111512312578270212e-17
  -2.77555756156289135106e-17-j5.55111512312578270212e-17
  +0.00000000000000000000e+00-j5.55111512312578270212e-17
  -2.77555756156289135106e-17+j5.55111512312578270212e-17
  +5.55111512312578270212e-17
  +0.00000000000000000000e+00
  +2.77555756156289135106e-17
  -2.77555756156289135106e-17+j5.55111512312578270212e-17
  +0.00000000000000000000e+00
  +0.00000000000000000000e+00
  -5.55111512312578270212e-17
  +0.00000000000000000000e+00+j5.55111512312578270212e-17
  +0.00000000000000000000e+00
  +0.00000000000000000000e+00-j5.55111512312578270212e-17
  +1.38777878078144567553e-17-j5.55111512312578270212e-17
  -1.38777878078144567553e-17
  -2.77555756156289135106e-17
  +2.77555756156289135106e-17-j5.55111512312578270212e-17
  -2.77555756156289135106e-17+j5.55111512312578270212e-17
  +0.00000000000000000000e+00
  -1.38777878078144567553e-17+j5.55111512312578270212e-17
  -6.93889390390722837765e-18
  +0.00000000000000000000e+00
  +6.93889390390722837765e-18-j5.55111512312578270212e-17
  +0.00000000000000000000e+00-j5.55111512312578270212e-17
  -3.46944695195361418882e-18-j5.55111512312578270212e-17
  -1.73472347597680709441e-18+j5.55111512312578270212e-17
  -2.16840434497100886801e-19
  +0.00000000000000000000e+00-j5.55111512312578270212e-17
  -3.46944695195361418882e-18-j5.55111512312578270212e-17
  -3.46944695195361418882e-18-j5.55111512312578270212e-17
  +6.93889390390722837765e-18
  -6.93889390390722837765e-18
  +0.00000000000000000000e+00+j5.55111512312578270212e-17
  +1.38777878078144567553e-17+j5.55111512312578270212e-17
  +1.38777878078144567553e-17
  +0.00000000000000000000e+00
  +2.77555756156289135106e-17+j5.55111512312578270212e-17
  +2.77555756156289135106e-17+j5.55111512312578270212e-17
  +0.00000000000000000000e+00
  +2.77555756156289135106e-17
  +0.00000000000000000000e+00+j5.55111512312578270212e-17
  +2.77555756156289135106e-17
  -2.77555756156289135106e-17
  -5.55111512312578270212e-17
  +2.77555756156289135106e-17+j5.55111512312578270212e-17
  -2.77555756156289135106e-17
  +0.00000000000000000000e+00
  -5.55111512312578270212e-17-j5.55111512312578270212e-17
  -2.77555756156289135106e-17+j5.55111512312578270212e-17
  -2.77555756156289135106e-17
  -2.77555756156289135106e-17-j5.55111512312578270212e-17
  +8.32667268468867405318e-17+j5.55111512312578270212e-17
  +5.55111512312578270212e-17+j5.55111512312578270212e-17
  +2.77555756156289135106e-17-j5.55111512312578270212e-17
  +5.55111512312578270212e-17+j5.55111512312578270212e-17
  +0.00000000000000000000e+00
  +5.55111512312578270212e-17+j5.55111512312578270212e-17
  +5.55111512312578270212e-17+j5.55111512312578270212e-17
  -5.55111512312578270212e-17-j5.55111512312578270212e-17
  +0.00000000000000000000e+00
  +5.55111512312578270212e-17
  +0.00000000000000000000e+00
  +5.55111512312578270212e-17
  +0.00000000000000000000e+00
  +0.00000000000000000000e+00
  +0.00000000000000000000e+00
  +5.55111512312578270212e-17
  +0.00000000000000000000e+00
  +5.55111512312578270212e-17
  +5.55111512312578270212e-17+j5.55111512312578270212e-17
  +0.00000000000000000000e+00
  +5.55111512312578270212e-17
  +0.00000000000000000000e+00
  +5.55111512312578270212e-17
  +0.00000000000000000000e+00
  +0.00000000000000000000e+00+j5.55111512312578270212e-17
  -5.55111512312578270212e-17-j5.55111512312578270212e-17
  +5.55111512312578270212e-17+j5.55111512312578270212e-17
  +0.00000000000000000000e+00
  -5.55111512312578270212e-17
  +0.00000000000000000000e+00
  +5.55111512312578270212e-17
  +5.55111512312578270212e-17-j5.55111512312578270212e-17
  +0.00000000000000000000e+00+j2.77555756156289135106e-17
  -5.55111512312578270212e-17-j2.77555756156289135106e-17
  +0.00000000000000000000e+00
  +5.55111512312578270212e-17
  +0.00000000000000000000e+00-j2.77555756156289135106e-17
  +0.00000000000000000000e+00
  +5.55111512312578270212e-17
  +0.00000000000000000000e+00-j2.77555756156289135106e-17
  +0.00000000000000000000e+00
  -5.55111512312578270212e-17-j2.77555756156289135106e-17
  +5.55111512312578270212e-17+j2.77555756156289135106e-17
  +0.00000000000000000000e+00
  +5.55111512312578270212e-17+j2.77555756156289135106e-17
  +0.00000000000000000000e+00-j1.38777878078144567553e-17
  -5.55111512312578270212e-17
  +5.55111512312578270212e-17+j2.77555756156289135106e-17
  +5.55111512312578270212e-17+j1.38777878078144567553e-17
  +0.00000000000000000000e+00+j1.38777878078144567553e-17
  +5.55111512312578270212e-17+j6.93889390390722837765e-18
  +5.55111512312578270212e-17+j6.93889390390722837765e-18
  -1.11022302462515654042e-16-j1.38777878078144567553e-17
  -1.11022302462515654042e-16-j6.93889390390722837765e-18
  -5.55111512312578270212e-17-j3.46944695195361418882e-18
  -5.55111512312578270212e-17-j1.73472347597680709441e-18
  +5.55111512312578270212e-17+j4.33680868994201773603e-19
  +1.11022302462515654042e-16-j1.73472347597680709441e-18
  -1.11022302462515654042e-16+j3.46944695195361418882e-18
  -5.55111512312578270212e-17
  +1.11022302462515654042e-16-j2.08166817117216851329e-17
  +0.00000000000000000000e+00-j6.93889390390722837765e-18
  -5.55111512312578270212e-17+j1.38777878078144567553e-17
  -5.55111512312578270212e-17+j1.38777878078144567553e-17
  +0.00000000000000000000e+00+j1.38777878078144567553e-17
  +5.55111512312578270212e-17
  +0.00000000000000000000e+00-j1.38777878078144567553e-17
  -5.55111512312578270212e-17+j2.77555756156289135106e-17
  +0.00000000000000000000e+00+j2.77555756156289135106e-17
  +0.00000000000000000000e+00
  +5.55111512312578270212e-17-j2.77555756156289135106e-17
  +0.00000000000000000000e+00+j2.77555756156289135106e-17
  +0.00000000000000000000e+00
  +0.00000000000000000000e+00
  +0.00000000000000000000e+00+j5.55111512312578270212e-17
  +1.11022302462515654042e-16
  +5.55111512312578270212e-17-j2.77555756156289135106e-17
  +0.00000000000000000000e+00+j2.77555756156289135106e-17
  +5.55111512312578270212e-17
  +0.00000000000000000000e+00+j8.32667268468867405318e-17
  +5.55111512312578270212e-17-j2.77555756156289135106e-17
  +0.00000000000000000000e+00+j2.77555756156289135106e-17
  +0.00000000000000000000e+00-j2.77555756156289135106e-17
  +5.55111512312578270212e-17
  +5.55111512312578270212e-17
  +0.00000000000000000000e+00+j5.55111512312578270212e-17
  +0.00000000000000000000e+00
  +5.55111512312578270212e-17
  +0.00000000000000000000e+00+j5.55111512312578270212e-17
  +5.55111512312578270212e-17
  +5.55111512312578270212e-17-j5.55111512312578270212e-17
  +0.00000000000000000000e+00
  +0.00000000000000000000e+00+j5.55111512312578270212e-17
  +5.55111512312578270212e-17-j5.55111512312578270212e-17
  +0.00000000000000000000e+00-j5.55111512312578270212e-17
  +5.55111512312578270212e-17-j1.11022302462515654042e-16
  -5.55111512312578270212e-17+j5.55111512312578270212e-17
  +5.55111512312578270212e-17-j5.55111512312578270212e-17
</dep>
<dep S[4,1] frequency>
  +5.55111512312578270212e-17-j1.38777878078144567553e-17
  -5.55111512312578270212e-17
  +0.00000000000000000000e+00+j6.93889390390722837765e-18
  +0.00000000000000000000e+00-j1.38777878078144567553e-17
  +5.55111512312578270212e-17-j1.38777878078144567553e-17
  +0.00000000000000000000e+00
  +0.00000000000000000000e+00
  +0.00000000000000000000e+00+j2.77555756156289135106e-17
  +0.00000000000000000000e+00-j1.38777878078144567553e-17
  +5.55111512312578270212e-17-j5.55111512312578270212e-17
  +0.00000000000000000000e+00-j2.77555756156289135106e-17
  +5.55111512312578270212e-17-j2.77555756156289135106e-17
  +5.55111512312578270212e-17
  +0.00000000000000000000e+00
  +0.00000000000000000000e+00
  +0.00000000000000000000e+00-j2.77555756156289135106e-17
  -5.55111512312578270212e-17+j5.55111512312578270212e-17
  +0.00000000000000000000e+00-j2.77555756156289135106e-17
  -5.55111512312578270212e-17
  +0.00000000000000000000e+00-j5.55111512312578270212e-17
  +5.55111512312578270212e-17+j2.77555756156289135106e-17
  +0.00000000000000000000e+00+j5.55111512312578270212e-17
  +0.00000000000000000000e+00
  +0.00000000000000000000e+00
  +0.00000000000000000000e+00
  +0.00000000000000000000e+00
  +0.00000000000000000000e+00
  +5.55111512312578270212e-17-j5.55111512312578270212e-17
  +0.00000000000000000000e+00
  -5.55111512312578270212e-17
  -5.55111512312578270212e-17+j1.11022302462515654042e-16
  +5.55111512312578270212e-17+j5.55111512312578270212e-17
  -5.55111512312578270212e-17+j5.55111512312578270212e-17
  +0.00000000000000000000e+00
  +0.00000000000000000000e+00-j5.55111512312578270212e-17
  +0.00000000000000000000e+00-j5.55111512312578270212e-17
  -5.55111512312578270212e-17
  +0.00000000000000000000e+00
  +0.00000000000000000000e+00+j5.55111512312578270212e-17
  +0.00000000000000000000e+00-j5.55111512312578270212e-17
  -5.55111512312578270212e-17+j5.55111512312578270212e-17
  -5.55111512312578270212e-17+j5.55111512312578270212e-17
  -5.55111512312578270212e-17
  +0.00000000000000000000e+00
  +5.55111512312578270212e-17
  +5.55111512312578270212e-17-j5.55111512312578270212e-17
  -5.55111512312578270212e-17
  -5.55111512312578270212e-17+j5.55111512312578270212e-17
  +5.55111512312578270212e-17
  +0.00000000000000000000e+00
  +5.55111512312578270212e-17-j5.55111512312578270212e-17
  -2.77555756156289135106e-17-j5.55111512312578270212e-17
  +0.00000000000000000000e+00-j5.55111512312578270212e-17
  -2.77555756156289135106e-17+j5.55111512312578270212e-17
  +5.55111512312578270212e-17
  +0.00000000000000000000e+00
  +2.77555756156289135106e-17
  -2.77555756156289135106e-17+j5.55111512312578270212e-17
  +0.00000000000000000000e+00
  +0.00000000000000000000e+00
  -5.55111512312578270212e-17
  +0.00000000000000000000e+00+j5.55111512312578270212e-17
  +0.00000000000000000000e+00
  +0.00000000000000000000e+00-j5.55111512312578270212e-17
  +1.38777878078144567553e-17-j5.55111512312578270212e-17
  -1.38777878078144567553e-17
  -2.77555756156289135106e-17
  +2.77555756156289135106e-17-j5.55111512312578270212e-17
  -2.77555756156289135106e-17+j5.55111512312578270212e-17
  +0.00000000000000000000e+00
  -1.38777878078144567553e-17+j5.55111512312578270212e-17
  -6.93889390390722837765e-18
  +0.00000000000000000000e+00
  +6.93889390390722837765e-18-j5.55111512312578270212e-17
  +0.00000000000000000000e+00-j5.55111512312578270212e-17
  -3.46944695195361418882e-18-j5.55111512312578270212e-17
  -1.73472347597680709441e-18+j5.55111512312578270212e-17
  -2.16840434497100886801e-19
  +0.00000000000000000000e+00-j5.55111512312578270212e-17
  -3.46944695195361418882e-18-j5.55111512312578270212e-17
  -3.46944695195361418882e-18-j5.55111512312578270212e-17
  +6.93889390390722837765e-18
  -6.93889390390722837765e-18
  +0.00000000000000000000e+00+j5.55111512312578270212e-17
  +1.38777878078144567553e-17+j5.55111512312578270212e-17
  +1.38777878078144567553e-17
  +0.00000000000000000000e+00
  +2.77555756156289135106e-17+j5.55111512312578270212e-17
  +2.77555756156289135106e-17+j5.55111512312578270212e-17
  +0.00000000000000000000e+00
  +2.77555756156289135106e-17
  +0.00000000000000000000e+00+j5.55111512312578270212e-17
  +2.77555756156289135106e-17
  -2.77555756156289135106e-17
  -5.55111512312578270212e-17
  +2.77555756156289135106e-17+j5.55111512312578270212e-17
  -2.77555756156289135106e-17
  +0.00000000000000000000e+00
  -5.55111512312578270212e-17-j5.55111512312578270212e-17
  -2.77555756156289135106e-17+j5.55111512312578270212e-17
  -2.77555756156289135106e-17
  -2.77555756156289135106e-17-j5.55111512312578270212e-17
  +8.32667268468867405318e-17+j5.55111512312578270212e-17
  +5.55111512312578270212e-17+j5.55111512312578270212e-17
  +2.77555756156289135106e-17-j5.55111512312578270212e-17
  +5.55111512312578270212e-17+j5.55111512312578270212e-17
  +0.00000000000000000000e+00
  +5.55111512312578270212e-17+j5.55111512312578270212e-17
  +5.55111512312578270212e-17+j5.55111512312578270212e-17
  -5.55111512312578270212e-17-j5.55111512312578270212e-17
  +0.00000000000000000000e+00
  +5.55111512312578270212e-17
  +0.00000000000000000000e+00
  +5.55111512312578270212e-17
  +0.00000000000000000000e+00
  +0.00000000000000000000e+00
  +0.00000000000000000000e+00
  +5.55111512312578270212e-17
  +0.00000000000000000000e+00
  +5.55111512312578270212e-17
  +5.55111512312578270212e-17+j5.55111512312578270212e-17
  +0.00000000000000000000e+00
  +5.55111512312578270212e-17
  +0.00000000000000000000e+00
  +5.55111512312578270212e-17
  +0.00000000000000000000e+00
  +0.00000000000000000000e+00+j5.55111512312578270212e-17
  -5.55111512312578270212e-17-j5.55111512312578270212e-17
  +5.55111512312578270212e-17+j5.55111512312578270212e-17
  +0.00000000000000000000e+00
  -5.55111512312578270212e-17
  +0.00000000000000000000e+00
  +5.55111512312578270212e-17
  +5.55111512312578270212e-17-j5.55111512312578270212e-17
  +0.00000000000000000000e+00+j2.77555756156289135106e-17
  -5.55111512312578270212e-17-j2.77555756156289135106e-17
  +0.00000000000000000000e+00
  +5.55111512312578270212e-17
  +0.00000000000000000000e+00-j2.77555756156289135106e-17
  +0.00000000000000000000e+00
  +5.55111512312578270212e-17
  +0.00000000000000000000e+00-j2.77555756156289135106e-17
  +0.00000000000000000000e+00
  -5.55111512312578270212e-17-j2.77555756156289135106e-17
  +5.55111512312578270212e-17+j2.77555756156289135106e-17
  +0.00000000000000000000e+00
  +5.55111512312578270212e-17+j2.77555756156289135106e-17
  +0.00000000000000000000e+00-j1.38777878078144567553e-17
  -5.55111512312578270212e-17
  +5.55111512312578270212e-17+j2.77555756156289135106e-17
  +5.55111512312578270212e-17+j1.38777878078144567553e-17
  +0.00000000000000000000e+00+j1.38777878078144567553e-17
  +5.55111512312578270212e-17+j6.93889390390722837765e-18
  +5.55111512312578270212e-17+j6.93889390390722837765e-18
  -1.11022302462515654042e-16-j1.38777878078144567553e-17
  -1.11022302462515654042e-16-j6.93889390390722837765e-18
  -5.55111512312578270212e-17-j3.46944695195361418882e-18
  -5.55111512312578270212e-17-j1.73472347597680709441e-18
  +5.55111512312578270212e-17+j4.33680868994201773603e-19
  +1.11022302462515654042e-16-j1.73472347597680709441e-18
  -1.11022302462515654042e-16+j3.46944695195361418882e-18
  -5.55111512312578270212e-17
  +1.11022302462515654042e-16-j2.08166817117216851329e-17
  +0.00000000000000000000e+00-j6.93889390390722837765e-18
  -5.55111512312578270212e-17+j1.38777878078144567553e-17
  -5.55111512312578270212e-17+j1.38777878078144567553e-17
  +0.00000000000000000000e+00+j1.38777878078144567553e-17
  +5.55111512312578270212e-17
  +0.00000000000000000000e+00-j1.38777878078144567553e-17
  -5.55111512312578270212e-17+j2.77555756156289135106e-17
  +0.00000000000000000000e+00+j2.77555756156289135106e-17
  +0.00000000000000000000e+00
  +5.55111512312578270212e-17-j2.77555756156289135106e-17
  +0.00000000000000000000e+00+j2.77555756156289135106e-17
  +0.00000000000000000000e+00
  +0.00000000000000000000e+00
  +0.00000000000000000000e+00+j5.55111512312578270212e-17
  +1.11022302462515654042e-16
  +5.55111512312578270212e-17-j2.77555756156289135106e-17
  +0.00000000000000000000e+00+j2.77555756156289135106e-17
  +5.55111512312578270212e-17
  +0.00000000000000000000e+00+j8.32667268468867405318e-17
  +5.55111512312578270212e-17-j2.77555756156289135106e-17
  +0.00000000000000000000e+00+j2.77555756156289135106e-17
  +0.00000000000000000000e+00-j2.77555756156289135106e-17
  +5.55111512312578270212e-17
  +5.55111512312578270212e-17
  +0.00000000000000000000e+00+j5.55111512312578270212e-17
  +0.00000000000000000000e+00
  +5.55111512312578270212e-17
  +0.00000000000000000000e+00+j5.55111512312578270212e-17
  +5.55111512312578270212e-17
  +5.55111512312578270212e-17-j5.55111512312578270212e-17
  +0.00000000000000000000e+00
  +0.00000000000000000000e+00+j5.55111512312578270212e-17
  +5.55111512312578270212e-17-j5.55111512312578270212e-17
  +0.00000000000000000000e+00-j5.55111512312578270212e-17
  +5.55111512312578270212e-17-j1.11022302462515654042e-16
  -5.55111512312578270212e-17+j5.55111512312578270212e-17
  +5.55111512312578270212e-17-j5.55111512312578270212e-17
</dep>
<dep S[4,3] frequency>
  +9.96712428938514749532e-01-j7.97688873127592595891e-02
  +9.94896386293194101569e-01-j9.93428304653025534554e-02
  +9.92684394530348845898e-01-j1.18872380477626604645e-01
  +9.90077751013841766969e-01-j1.38348860939195794639e-01
  +9.87077980999385040661e-01-j1.57763646139024216186e-01
  +9.83686835000711301547e-01-j1.77108169063572656876e-01
  +9.79906285781982022698e-01-j1.96373929230237803667e-01
  +9.75738524987881161721e-01-j2.15552500335416785671e-01
  +9.71185959424142764007e-01-j2.34635537696994078694e-01
  +9.66251207002513767819e-01-j2.53614785472054182769e-01
  +9.60937092365303335839e-01-j2.72482083631657157063e-01
  +9.55246642205765716938e-01-j2.91229374675629704150e-01
  +9.49183080301538195656e-01-j3.09848710071496502572e-01
  +9.42749822279270288661e-01-j3.28332256402921074390e-01
  +9.35950470129372935624e-01-j3.46672301214310141226e-01
  +9.28788806490523310977e-01-j3.64861258539575628035e-01
  +9.21268788724167730919e-01-j3.82891674104414048152e-01
  +9.13394542799757958029e-01-j4.00756230192863771578e-01
  +9.05170357011855220009e-01-j4.18447750170313714779e-01
  +8.96600675550535131109e-01-j4.35959202656571787049e-01
  +8.87690091946704784576e-01-j4.53283705344023180039e-01
  +8.78443342414045535982e-01-j4.70414528457342551171e-01
  +8.68865299109273125922e-01-j4.87345097852634412394e-01
  +8.58960963332309757057e-01-j5.04068997755267256267e-01
  +8.48735458687750576878e-01-j5.20579973137041185360e-01
  +8.38194024228726908277e-01-j5.36871931734652196866e-01
  +8.27342007603885098987e-01-j5.52938945712721729997e-01
  +8.16184858227741338865e-01-j5.68775252975903589103e-01
  +8.04728120494143328578e-01-j5.84375258135776842749e-01
  +7.92977427051957617365e-01-j5.99733533139389707323e-01
  +7.80938492161433295280e-01-j6.14844817567390289348e-01
  +7.68617105148958756899e-01-j6.29704018610717453086e-01
  +7.56019123977140772297e-01-j6.44306210735777096232e-01
  +7.43150468946305542417e-01-j6.58646635048918072108e-01
  +7.30017116542634125764e-01-j6.72720698371852776631e-01
  +7.16625093447236904964e-01-j6.86523972040405938699e-01
  +7.02980470719525740719e-01-j7.00052190439661603527e-01
  +6.89089358167268017930e-01-j7.13301249289186256597e-01
  +6.74957898914718024130e-01-j7.26267203692529506043e-01
  +6.60592264179219457176e-01-j7.38946265965679804921e-01
  +6.45998648265655006639e-01-j7.51334803259533279274e-01
  +6.31183263787102877274e-01-j7.63429334991763797191e-01
  +6.16152337119046267233e-01-j7.75226530103727662357e-01
  +6.00912104093466070687e-01-j7.86723204158237487960e-01
  +5.85468805938150538282e-01-j7.97916316294149496890e-01
  +5.69828685465562312373e-01-j8.08802966053782101952e-01
  +5.53997983514632030833e-01-j8.19380390099185951236e-01
  +5.37982935647903337539e-01-j8.29645958833229002494e-01
  +5.21789769105513778769e-01-j8.39597172941364155996e-01
  +5.05424700016601335939e-01-j8.49231659869785660000e-01
  +4.88893930867851100874e-01-j8.58547170255484326518e-01
  +4.72203648228043282309e-01-j8.67541574323464237395e-01
  +4.55360020726657821477e-01-j8.76212858266101290994e-01
  +4.38369197283803191389e-01-j8.84559120619299754651e-01
  +4.21237305587990662481e-01-j8.92578568649748826935e-01
  +4.03970450817560167156e-01-j9.00269514767192524651e-01
  +3.86574714600885660509e-01-j9.07630372975212207365e-01
  +3.69056154209840947544e-01-j9.14659655373580404714e-01
  +3.51420801980399932773e-01-j9.21355968724780538537e-01
  +3.33674664953670374601e-01-j9.27718011096808958804e-01
  +3.15823724730118937654e-01-j9.33744568593865675865e-01
  +2.97873937529239740662e-01-j9.39434512186042347537e-01
  +2.79831234446450527464e-01-j9.44786794648565630972e-01
  +2.61701521898554112511e-01-j9.49800447620637644519e-01
  +2.43490682248697520862e-01-j9.54474578793350181272e-01
  +2.25204574601392037980e-01-j9.58808369235606972047e-01
  +2.06849035757797533597e-01-j9.62801070866413422067e-01
  +1.88429881321164588437e-01-j9.66452004081343352127e-01
  +1.69952906942042847316e-01-j9.69760555540409407982e-01
  +1.51423889692589103140e-01-j9.72726176123996477685e-01
  +1.32848589559079910405e-01-j9.75348379062950687768e-01
  +1.14232751041524388524e-01-j9.77626738248326354608e-01
  +9.55821048490768931938e-02-j9.79560886725737711700e-01
  +7.69023696797865585761e-02-j9.81150515378668597322e-01
  +5.81992540730874585719e-02-j9.82395371804531292170e-01
  +3.94784583232985902823e-02-j9.83295259386687048320e-01
  +2.07456764423076325810e-02-j9.83850036565063312821e-01
  +2.00659815954490339251e-03-j9.84059616307435658378e-01
  -1.67330890527314160576e-02-j9.83923965782864451413e-01
  -3.54676979408329595689e-02-j9.83443106238208741843e-01
  -5.41915394297490526920e-02-j9.82617113078060100406e-01
  -7.28989205939981066429e-02-j9.81446116147874803026e-01
  -9.15841426512276624017e-02-j9.79930300219508221282e-01
  -1.10241498990537784008e-01-j9.78069905677779072306e-01
  -1.28865273247451672667e-01-j9.75865229406122747235e-01
  -1.47449737437372163651e-01-j9.73316625868818841028e-01
  -1.65989150159270099083e-01-j9.70424508386702688867e-01
  -1.84477754881245764595e-01-j9.67189350602697617276e-01
  -2.02909778319441597150e-01-j9.63611688132930410688e-01
  -2.21279428921653004148e-01-j9.59692120398613290888e-01
  -2.39580895466783905245e-01-j9.55431312633308826854e-01
  -2.57808345791086857002e-01-j9.50829998059608216820e-01
  -2.75955925651904188101e-01-j9.45888980228692721752e-01
  -2.94017757739367890935e-01-j9.40609135515660832461e-01
  -3.11987940846226219360e-01-j9.34991415762948863133e-01
  -3.29860549205656439220e-01-j9.29036851063594903977e-01
  -3.47629632006590250093e-01-j9.22746552675535847143e-01
  -3.65289213095693787725e-01-j9.16121716057578194814e-01
  -3.82833290874756038136e-01-j9.09163624017121252407e-01
  -4.00255838401799568516e-01-j9.01873649959181511448e-01
  -4.17550803703766071351e-01-j8.94253261225729678685e-01
  -4.34712110308128285574e-01-j8.86304022513838329900e-01
  -4.51733658000247118025e-01-j8.78027599360629018577e-01
  -4.68609323812730127479e-01-j8.69425761682532494135e-01
  -4.85332963252437799007e-01-j8.60500387355888740615e-01
  -5.01898411770156593903e-01-j8.51253465825494215480e-01
  -5.18299486477276194485e-01-j8.41687101727256470340e-01
  -5.34529988113108922576e-01-j8.31803518510745520942e-01
  -5.50583703265746349231e-01-j8.21605062047047640661e-01
  -5.66454406848563518651e-01-j8.11094204207023272701e-01
  -5.82135864833698279952e-01-j8.00273546394741908117e-01
  -5.97621837242956921443e-01-j7.89145823020658720992e-01
  -6.12906081395766855202e-01-j7.77713904898840513447e-01
  -6.27982355412871173783e-01-j7.65980802552422179730e-01
  -6.42844421973546076288e-01-j7.53949669411338452285e-01
  -6.57486052323184133606e-01-j7.41623804886315074469e-01
  -6.71901030527104148327e-01-j7.29006657303105320977e-01
  -6.86083157965466261530e-01-j7.16101826680999753449e-01
  -7.00026258063187523106e-01-j7.02913067339746899798e-01
  -7.13724181247719080545e-01-j6.89444290319203845208e-01
  -7.27170810126544830965e-01-j6.75699565596275419921e-01
  -7.40360064875248080618e-01-j6.61683124083993767783e-01
  -7.53285908825965133673e-01-j6.47399359397989870857e-01
  -7.65942354245042755778e-01-j6.32852829376036041253e-01
  -7.78323468287730246828e-01-j6.18048257336868966938e-01
  -7.90423379116751090301e-01-j6.02990533065083211817e-01
  -8.02236282170651349155e-01-j5.87684713509561973410e-01
  -8.13756446566900493167e-01-j5.72136023183635211709e-01
  -8.24978221623836160958e-01-j5.56349854255963949257e-01
  -8.35896043484695150383e-01-j5.40331766322033502092e-01
  -8.46504441826175790808e-01-j5.24087485847073653034e-01
  -8.56798046633241106029e-01-j5.07622905272232860518e-01
  -8.66771595021170515594e-01-j4.90944081776921448235e-01
  -8.76419938085263305894e-01-j4.74057235691352718554e-01
  -8.85738047758039326318e-01-j4.56968748554509196502e-01
  -8.94721023653302971468e-01-j4.39685160814003661578e-01
  -9.03364099876052595306e-01-j4.22213169165580048947e-01
  -9.11662651776899091161e-01-j4.04559623531329071167e-01
  -9.19612202629438768575e-01-j3.86731523677062649647e-01
  -9.27208430208900757918e-01-j3.68736015470665423610e-01
  -9.34447173250353868568e-01-j3.50580386784659414623e-01
  -9.41324437764827326447e-01-j3.32272063047647780998e-01
  -9.47836403191870457974e-01-j3.13818602450714079222e-01
  -9.53979428367341730777e-01-j2.95227690816309507049e-01
  -9.59750057285595037371e-01-j2.76507136138557707561e-01
  -9.65145024635711945571e-01-j2.57664862805323413575e-01
  -9.70161261092002735751e-01-j2.38708905513757341232e-01
  -9.74795898339685717993e-01-j2.19647402892388432516e-01
  -9.79046273817437029408e-01-j2.00488590844109665356e-01
  -9.82909935159377301517e-01-j1.81240795625683404069e-01
  -9.86384644320039472021e-01-j1.61912426680561494230e-01
  -9.89468381366918503517e-01-j1.42511969242952063475e-01
  -9.92159347926355073000e-01-j1.23047976732112679388e-01
  -9.94455970269721545307e-01-j1.03529062956833034503e-01
  -9.96356902028189161946e-01-j8.39638941509323055712e-02
  -9.97861026525701744205e-01-j6.43611808614204528034e-02
  -9.98967458721220280538e-01-j4.47296697116419811335e-02
  -9.99675546752761157165e-01-j2.50781350623263468713e-02
  -9.99984873077276237296e-01-j5.41537059395296935249e-03
  -9.99895255201969312964e-01+j1.42498191657967135382e-02
  -9.99406746004214863177e-01+j3.39086273454415332296e-02
  -9.98519633638843773227e-01+j5.35522532397815706484e-02
  -9.97234441033151619571e-01+j7.31719108024255493472e-02
  -9.95551924971589841107e-01+j9.27588370966292152797e-02
  -9.93473074773674857951e-01+j1.12304300680501331633e-01
  -9.90999110570225827388e-01+j1.31799609902960579433e-01
  -9.88131481184568394305e-01+j1.51236121087225339199e-01
  -9.84871861626845701565e-01+j1.70605246579185798605e-01
  -9.81222150211023547151e-01+j1.89898462638618703568e-01
  -9.77184465305577454330e-01+j2.09107317151960653279e-01
  -9.72761141730181577714e-01+j2.28223437146181928892e-01
  -9.67954726811982801848e-01+j2.47238536084242649382e-01
  -9.62767976116242429896e-01+j2.66144420923594360318e-01
  -9.57203848867219986296e-01+j2.84932998920321645109e-01
  -9.51265503076218488232e-01+j3.03596284162611806945e-01
  -9.44956290394614373263e-01+j3.22126403818540352209e-01
  -9.38279750710558579918e-01+j3.40515604084344281066e-01
  -9.31239606508746819991e-01+j3.58756255820759262232e-01
  -9.23839757013317219858e-01+j3.76840859866288457880e-01
  -9.16084272134450205982e-01+j3.94762052017709308416e-01
  -9.07977386239685158031e-01+j4.12512607669504760555e-01
  -8.99523491771298089326e-01+j4.30085446105343716106e-01
  -8.90727132731300885737e-01+j4.47473634436169387385e-01
  -8.81592998055753640507e-01+j4.64670391180869613024e-01
  -8.72125914900103826888e-01+j4.81669089486933654776e-01
  -8.62330841857181340515e-01+j4.98463259989898377356e-01
  -8.52212862129322124005e-01+j5.15046593311760725342e-01
  -8.41777176675823413099e-01+j5.31412942199877003091e-01
  -8.31029097356585588763e-01+j5.47556323309192571891e-01
  -8.19974040092369627075e-01+j5.63470918631883699312e-01
  -8.08617518061581774802e-01+j5.79151076579741630468e-01
  -7.96965134952921872014e-01+j5.94591312725767262570e-01
  -7.85022578292575712311e-01+j6.09786310212568460898e-01
  -7.72795612863922620761e-01+j6.24730919836181008975e-01
  -7.60290074236957158504e-01+j6.39420159814938715570e-01
  -7.47511862423812400991e-01+j6.53849215253901050460e-01
  -7.34466935675893828339e-01+j6.68013437316222313811e-01
  -7.21161304437243799725e-01+j6.81908342113599630352e-01
  -7.07601025467815558656e-01+j6.95529609328650044731e-01
  -6.93792196149366713342e-01+j7.08873080582695269669e-01
</dep>
<dep S[4,4] frequency>
  +6.50521303491302660404e-19+j8.67361737988403547206e-18
  +7.58941520739853103805e-19+j8.67361737988403547206e-18
  +1.08420217248550443401e-18+j8.67361737988403547206e-18
  +1.95156391047390798121e-18+j1.21430643318376496609e-17
  +2.60208521396521064162e-18+j1.38777878078144567553e-17
  +2.60208521396521064162e-18+j1.38777878078144567553e-17
  +2.60208521396521064162e-18+j1.38777878078144567553e-17
  +2.60208521396521064162e-18+j1.73472347597680709441e-17
  +4.33680868994201773603e-18+j1.73472347597680709441e-17
  +6.93889390390722837765e-18+j2.42861286636752993218e-17
  +6.07153216591882483044e-18+j2.42861286636752993218e-17
  +6.07153216591882483044e-18+j2.42861286636752993218e-17
  +8.67361737988403547206e-18+j2.77555756156289135106e-17
  +1.04083408558608425665e-17+j2.77555756156289135106e-17
  +8.67361737988403547206e-18+j2.77555756156289135106e-17
  +1.21430643318376496609e-17+j3.12250225675825276994e-17
  +6.93889390390722837765e-18+j2.77555756156289135106e-17
  +1.38777878078144567553e-17+j2.77555756156289135106e-17
  +1.38777878078144567553e-17+j2.77555756156289135106e-17
  +2.08166817117216851329e-17+j2.77555756156289135106e-17
  +2.08166817117216851329e-17+j4.16333634234433702659e-17
  +1.73472347597680709441e-17+j4.16333634234433702659e-17
  +2.08166817117216851329e-17+j3.46944695195361418882e-17
  +2.77555756156289135106e-17+j4.16333634234433702659e-17
  +2.77555756156289135106e-17+j3.46944695195361418882e-17
  +2.42861286636752993218e-17+j3.46944695195361418882e-17
  +2.77555756156289135106e-17+j4.16333634234433702659e-17
  +3.12250225675825276994e-17+j4.85722573273505986435e-17
  +2.77555756156289135106e-17+j4.16333634234433702659e-17
  +3.46944695195361418882e-17+j4.16333634234433702659e-17
  +2.08166817117216851329e-17+j3.46944695195361418882e-17
  +2.77555756156289135106e-17+j4.16333634234433702659e-17
  +3.46944695195361418882e-17+j3.46944695195361418882e-17
  +3.46944695195361418882e-17+j4.16333634234433702659e-17
  +3.46944695195361418882e-17+j3.46944695195361418882e-17
  +4.85722573273505986435e-17+j3.46944695195361418882e-17
  +4.16333634234433702659e-17+j3.46944695195361418882e-17
  +3.46944695195361418882e-17+j2.77555756156289135106e-17
  +4.16333634234433702659e-17+j3.46944695195361418882e-17
  +4.85722573273505986435e-17+j4.16333634234433702659e-17
  +5.55111512312578270212e-17+j3.46944695195361418882e-17
  +4.16333634234433702659e-17+j3.46944695195361418882e-17
  +6.24500451351650553988e-17+j2.77555756156289135106e-17
  +4.85722573273505986435e-17+j4.16333634234433702659e-17
  +4.85722573273505986435e-17+j3.46944695195361418882e-17
  +6.24500451351650553988e-17+j3.46944695195361418882e-17
  +4.85722573273505986435e-17+j3.46944695195361418882e-17
  +4.16333634234433702659e-17+j3.46944695195361418882e-17
  +5.55111512312578270212e-17+j4.16333634234433702659e-17
  +5.55111512312578270212e-17+j4.16333634234433702659e-17
  +8.32667268468867405318e-17+j4.16333634234433702659e-17
  +6.93889390390722837765e-17+j3.46944695195361418882e-17
  +6.93889390390722837765e-17+j4.16333634234433702659e-17
  +6.93889390390722837765e-17+j3.46944695195361418882e-17
  +6.93889390390722837765e-17+j3.46944695195361418882e-17
  +6.93889390390722837765e-17+j3.46944695195361418882e-17
  +6.93889390390722837765e-17+j4.16333634234433702659e-17
  +6.93889390390722837765e-17+j2.08166817117216851329e-17
  +8.32667268468867405318e-17+j2.42861286636752993218e-17
  +6.93889390390722837765e-17+j1.73472347597680709441e-17
  +6.93889390390722837765e-17+j2.08166817117216851329e-17
  +6.93889390390722837765e-17+j2.77555756156289135106e-17
  +8.32667268468867405318e-17+j2.08166817117216851329e-17
  +6.93889390390722837765e-17+j1.73472347597680709441e-17
  +9.71445146547011972871e-17+j2.08166817117216851329e-17
  +8.32667268468867405318e-17+j1.38777878078144567553e-17
  +8.32667268468867405318e-17+j1.73472347597680709441e-17
  +8.32667268468867405318e-17+j1.38777878078144567553e-17
  +6.93889390390722837765e-17+j1.21430643318376496609e-17
  +8.32667268468867405318e-17+j1.38777878078144567553e-17
  +5.55111512312578270212e-17+j5.20417042793042128324e-18
  +6.93889390390722837765e-17+j6.93889390390722837765e-18
  +9.71445146547011972871e-17+j8.67361737988403547206e-18
  +9.71445146547011972871e-17+j7.80625564189563192485e-18
  +8.32667268468867405318e-17+j4.33680868994201773603e-18
  +8.32667268468867405318e-17+j3.03576608295941241522e-18
  +8.32667268468867405318e-17+j1.73472347597680709441e-18
  +6.93889390390722837765e-17+j1.35525271560688054251e-19
  +8.32667268468867405318e-17-j1.30104260698260532081e-18
  +9.71445146547011972871e-17-j3.46944695195361418882e-18
  +9.71445146547011972871e-17-j6.07153216591882483044e-18
  +8.32667268468867405318e-17-j5.20417042793042128324e-18
  +9.71445146547011972871e-17-j8.67361737988403547206e-18
  +6.93889390390722837765e-17-j8.67361737988403547206e-18
  +6.93889390390722837765e-17-j8.67361737988403547206e-18
  +6.93889390390722837765e-17-j1.21430643318376496609e-17
  +9.71445146547011972871e-17-j1.56125112837912638497e-17
  +6.93889390390722837765e-17-j1.38777878078144567553e-17
  +6.93889390390722837765e-17-j1.38777878078144567553e-17
  +8.32667268468867405318e-17-j1.73472347597680709441e-17
  +6.93889390390722837765e-17-j1.73472347597680709441e-17
  +8.32667268468867405318e-17-j2.42861286636752993218e-17
  +6.93889390390722837765e-17-j2.08166817117216851329e-17
  +6.93889390390722837765e-17-j2.42861286636752993218e-17
  +8.32667268468867405318e-17-j2.77555756156289135106e-17
  +6.93889390390722837765e-17-j2.42861286636752993218e-17
  +6.93889390390722837765e-17-j3.12250225675825276994e-17
  +6.93889390390722837765e-17-j2.77555756156289135106e-17
  +6.93889390390722837765e-17-j3.46944695195361418882e-17
  +5.55111512312578270212e-17-j2.77555756156289135106e-17
  +6.93889390390722837765e-17-j2.77555756156289135106e-17
  +5.55111512312578270212e-17-j2.77555756156289135106e-17
  +5.55111512312578270212e-17-j2.08166817117216851329e-17
  +5.55111512312578270212e-17-j2.08166817117216851329e-17
  +5.55111512312578270212e-17-j2.77555756156289135106e-17
  +5.55111512312578270212e-17-j2.77555756156289135106e-17
  +6.93889390390722837765e-17-j3.46944695195361418882e-17
  +4.16333634234433702659e-17-j2.77555756156289135106e-17
  +5.55111512312578270212e-17-j3.46944695195361418882e-17
  +6.93889390390722837765e-17-j4.16333634234433702659e-17
  +4.85722573273505986435e-17-j4.16333634234433702659e-17
  +4.85722573273505986435e-17-j3.46944695195361418882e-17
  +4.85722573273505986435e-17-j4.16333634234433702659e-17
  +4.85722573273505986435e-17-j3.46944695195361418882e-17
  +4.16333634234433702659e-17-j3.46944695195361418882e-17
  +5.55111512312578270212e-17-j4.85722573273505986435e-17
  +4.16333634234433702659e-17-j3.46944695195361418882e-17
  +4.16333634234433702659e-17-j2.77555756156289135106e-17
  +4.85722573273505986435e-17-j4.16333634234433702659e-17
  +4.16333634234433702659e-17-j3.46944695195361418882e-17
  +3.46944695195361418882e-17-j4.16333634234433702659e-17
  +4.85722573273505986435e-17-j4.16333634234433702659e-17
  +4.85722573273505986435e-17-j4.16333634234433702659e-17
  +2.77555756156289135106e-17-j4.16333634234433702659e-17
  +2.77555756156289135106e-17-j3.46944695195361418882e-17
  +2.77555756156289135106e-17-j3.46944695195361418882e-17
  +2.08166817117216851329e-17-j3.46944695195361418882e-17
  +3.12250225675825276994e-17-j4.16333634234433702659e-17
  +2.08166817117216851329e-17-j3.46944695195361418882e-17
  +3.12250225675825276994e-17-j3.46944695195361418882e-17
  +3.12250225675825276994e-17-j4.85722573273505986435e-17
  +2.08166817117216851329e-17-j3.46944695195361418882e-17
  +2.42861286636752993218e-17-j3.46944695195361418882e-17
  +2.42861286636752993218e-17-j3.46944695195361418882e-17
  +1.73472347597680709441e-17-j4.16333634234433702659e-17
  +1.73472347597680709441e-17-j3.46944695195361418882e-17
  +1.38777878078144567553e-17-j3.46944695195361418882e-17
  +1.56125112837912638497e-17-j2.77555756156289135106e-17
  +1.38777878078144567553e-17-j2.77555756156289135106e-17
  +1.04083408558608425665e-17-j3.12250225675825276994e-17
  +1.21430643318376496609e-17-j2.77555756156289135106e-17
  +8.67361737988403547206e-18-j2.08166817117216851329e-17
  +1.04083408558608425665e-17-j2.42861286636752993218e-17
  +1.12757025938492461137e-17-j2.77555756156289135106e-17
  +6.93889390390722837765e-18-j2.42861286636752993218e-17
  +5.20417042793042128324e-18-j2.08166817117216851329e-17
  +3.46944695195361418882e-18-j1.73472347597680709441e-17
  +4.33680868994201773603e-18-j1.73472347597680709441e-17
  +2.60208521396521064162e-18-j1.73472347597680709441e-17
  +2.16840434497100886801e-18-j1.73472347597680709441e-17
  +2.16840434497100886801e-18-j1.21430643318376496609e-17
  +1.73472347597680709441e-18-j8.67361737988403547206e-18
  +1.08420217248550443401e-18-j8.67361737988403547206e-18
  +7.58941520739853103805e-19-j6.93889390390722837765e-18
  +9.75781955236953990607e-19-j7.80625564189563192485e-18
  +3.79470760369926551903e-19-j6.93889390390722837765e-18
  +2.16840434497100886801e-19-j4.33680868994201773603e-18
  +5.42101086242752217004e-20-j1.73472347597680709441e-18
  +2.11758236813575084767e-21-j3.79470760369926551903e-19
  +1.01643953670516040688e-20+j8.67361737988403547206e-19
  +1.08420217248550443401e-19+j3.46944695195361418882e-18
  +2.16840434497100886801e-19+j5.20417042793042128324e-18
  +1.62630325872825665101e-19+j4.33680868994201773603e-18
  +6.50521303491302660404e-19+j6.93889390390722837765e-18
  +1.30104260698260532081e-18+j8.67361737988403547206e-18
  +1.73472347597680709441e-18+j1.21430643318376496609e-17
  +2.16840434497100886801e-18+j1.21430643318376496609e-17
  +2.16840434497100886801e-18+j1.04083408558608425665e-17
  +3.03576608295941241522e-18+j1.73472347597680709441e-17
  +4.77048955893621950963e-18+j2.08166817117216851329e-17
  +5.20417042793042128324e-18+j2.08166817117216851329e-17
  +5.20417042793042128324e-18+j1.73472347597680709441e-17
  +6.07153216591882483044e-18+j2.08166817117216851329e-17
  +8.67361737988403547206e-18+j2.08166817117216851329e-17
  +5.20417042793042128324e-18+j2.42861286636752993218e-17
  +8.67361737988403547206e-18+j2.42861286636752993218e-17
  +1.21430643318376496609e-17+j3.12250225675825276994e-17
  +1.04083408558608425665e-17+j2.08166817117216851329e-17
  +1.04083408558608425665e-17+j2.42861286636752993218e-17
  +1.56125112837912638497e-17+j3.46944695195361418882e-17
  +1.38777878078144567553e-17+j2.77555756156289135106e-17
  +1.73472347597680709441e-17+j2.77555756156289135106e-17
  +1.38777878078144567553e-17+j3.46944695195361418882e-17
  +1.73472347597680709441e-17+j3.46944695195361418882e-17
  +2.08166817117216851329e-17+j3.46944695195361418882e-17
  +2.08166817117216851329e-17+j3.46944695195361418882e-17
  +2.77555756156289135106e-17+j4.16333634234433702659e-17
  +2.42861286636752993218e-17+j3.46944695195361418882e-17
  +2.42861286636752993218e-17+j3.46944695195361418882e-17
  +3.12250225675825276994e-17+j4.16333634234433702659e-17
  +3.46944695195361418882e-17+j4.16333634234433702659e-17
  +4.16333634234433702659e-17+j3.46944695195361418882e-17
  +3.46944695195361418882e-17+j3.46944695195361418882e-17
  +3.46944695195361418882e-17+j3.46944695195361418882e-17
  +2.77555756156289135106e-17+j4.85722573273505986435e-17
  +3.46944695195361418882e-17+j3.46944695195361418882e-17
  +4.16333634234433702659e-17+j4.16333634234433702659e-17
  +2.08166817117216851329e-17+j2.77555756156289135106e-17
  +4.16333634234433702659e-17+j4.16333634234433702659e-17
  +4.16333634234433702659e-17+j3.46944695195361418882e-17
</dep>
<dep S[4,2] frequency>
  +1.13176037035821706878e-03+j1.41413484093523052904e-02
  +1.75553163424990331040e-03+j1.75812594704419927760e-02
  +2.51394698140985656948e-03+j2.09935724942594131859e-02
  +3.40576188860599714942e-03+j2.43729442242510141448e-02
  +4.42951416212567904845e-03+j2.77140900515589483355e-02
  +5.58352692848671210840e-03+j3.10117933095047371150e-02
  +6.86591205378397819586e-03+j3.42609143968446092088e-02
  +8.27457398043028244383e-03+j3.74563997077493326948e-02
  +9.80721396876153145294e-03+j4.05932903473025102903e-02
  +1.14613347297581411738e-02+j4.36667306122376502886e-02
  +1.32342454339924794904e-02+j4.66719762176393687669e-02
  +1.51230670808523010029e-02+j4.96044022514106064392e-02
  +1.71247382111163193308e-02+j5.24595108394486017711e-02
  +1.92360209450759024608e-02+j5.52329385056706534396e-02
  +2.14535073276082982607e-02+j5.79204632122772011815e-02
  +2.37736259609161240669e-02+j6.05180110669282511626e-02
  +2.61926489050554600624e-02+j6.30216626848289634966e-02
  +2.87066988258834823733e-02+j6.54276591950662123054e-02
  +3.13117563696655165639e-02+j6.77324078818982988626e-02
  +3.40036677432917489039e-02+j6.99324874530704854170e-02
  +3.67781524788630687084e-02+j7.20246529285974157464e-02
  +3.96308113613138973674e-02+j7.40058401448160513292e-02
  +4.25571344977440091384e-02+j7.58731698698588419294e-02
  +4.55525095072280283848e-02+j7.76239515280205821801e-02
  +4.86122298100598870807e-02+j7.92556865317871617194e-02
  +5.17315029956613714468e-02+j8.07660712215533260760e-02
  +5.49054592487399489853e-02+j8.21529994142727315598e-02
  +5.81291598137133186386e-02+j8.34145645634538912550e-02
  +6.13976054779200863809e-02+j8.45490615340318690807e-02
  +6.47057450547092183335e-02+j8.55549879967071186249e-02
  +6.80484838481285048140e-02+j8.64310454473408984466e-02
  +7.14206920816207041502e-02+j8.71761398579331825420e-02
  +7.48172132738687267750e-02+j8.77893819665772345839e-02
  +7.82328725457088480777e-02+j8.82700872145837089899e-02
  +8.16624848428448013582e-02+j8.86177753396958090004e-02
  +8.51008630599384974236e-02+j8.88321696349732015108e-02
  +8.85428260525215615750e-02+j8.89131958835054636570e-02
  +9.19832065240576146614e-02+j8.88609809796263999671e-02
  +9.54168587763834091797e-02+j8.86758512477390237194e-02
  +9.88386663126613052022e-02+j8.83583304702263289121e-02
  +1.02243549282881374118e-01+j8.79091376362195475735e-02
  +1.05626471762852627845e-01+j8.73291844232221559086e-02
  +1.08982448858514435752e-01+j8.66195724237478620333e-02
  +1.12306553628277350221e-01+j8.57815901292266619338e-02
  +1.15593923816962013129e-01+j8.48167096834669953509e-02
  +1.18839768395740480456e-01+j8.37265834179367618439e-02
  +1.22039373903296555213e-01+j8.25130401810450497813e-02
  +1.25188110584199985276e-01+j8.11780814734739675220e-02
  +1.28281438321239227296e-01+j7.97238774014277090663e-02
  +1.31314912359167368372e-01+j7.81527624594390013524e-02
  +1.34284188817991811948e-01+j7.64672311541048782546e-02
  +1.37185029994570550915e-01+j7.46699334798181235673e-02
  +1.40013309451871126310e-01+j7.27636702572213162066e-02
  +1.42765016895796126306e-01+j7.07513883447410951710e-02
  +1.45436262839985896989e-01+j6.86361757331666044735e-02
  +1.48023283059465327050e-01+j6.64212565328182735769e-02
  +1.50522442834420178137e-01+j6.41099858624202961765e-02
  +1.52930240985752918803e-01+j6.17058446483397804450e-02
  +1.55243313704393953723e-01+j5.92124343423983956480e-02
  +1.57458438176621473570e-01+j5.66334715659948112476e-02
  +1.59572536007874576924e-01+j5.39727826878082447837e-02
  +1.61582676447737605407e-01+j5.12342983418827141451e-02
  +1.63486079418916074868e-01+j4.84220478924273084465e-02
  +1.65280118353133664844e-01+j4.55401538512060638508e-02
  +1.66962322836942400617e-01+j4.25928262529411891246e-02
  +1.68530381070465418158e-01+j3.95843569937157080396e-02
  +1.69982142142081349423e-01+j3.65191141369356347957e-02
  +1.71315618122014262648e-01+j3.34015361910058247719e-02
  +1.72528985977712712163e-01+j3.02361263624868065181e-02
  +1.73620589313793760589e-01+j2.70274467881317821683e-02
  +1.74588939939188420025e-01+j2.37801127488613123218e-02
  +1.75432719263958425415e-01+j2.04987868684162501121e-02
  +1.76150779528066459001e-01+j1.71881732991369870489e-02
  +1.76742144864168837515e-01+j1.38530118970553693669e-02
  +1.77206012196268414272e-01+j1.04980723882535792457e-02
  +1.77541751975817507780e-01+j7.12814852824014862087e-03
  +1.77748908756598072989e-01+j3.74805225592303491514e-03
  +1.77827201609429219609e-01+j3.62607843623797805946e-04
  +1.77776524377470740435e-01-j3.02335395553295516874e-03
  +1.77596945772597769597e-01-j6.40500176158768225188e-03
  +1.77288709313026648928e-01-j9.77750942184432703108e-03
  +1.76852233102075873106e-01-j1.31360618638761590671e-02
  +1.76288109447648888573e-01-j1.64758609461837512988e-02
  +1.75597104321733810117e-01-j1.97921313051862904353e-02
  +1.74780156658928098601e-01-j2.30801261971306653775e-02
  +1.73838377492720130846e-01-j2.63351333333691969840e-02
  +1.72773048927993444490e-01-j2.95524807072943332398e-02
  +1.71585622947966365270e-01-j3.27275424110242546538e-02
  +1.70277720053547187984e-01-j3.58557444397030536387e-02
  +1.68851127732865896602e-01-j3.89325704810274120238e-02
  +1.67307798758551229401e-01-j4.19535676873238339013e-02
  +1.65649849310149283044e-01-j4.49143524271887056853e-02
  +1.63879556918937074883e-01-j4.78106160133668842138e-02
  +1.61999358232265855406e-01-j5.06381304031831708246e-02
  +1.60011846594485973583e-01-j5.33927538674566007360e-02
  +1.57919769441451307568e-01-j5.60704366234251599943e-02
  +1.55726025505581955333e-01-j5.86672264267886767186e-02
  +1.53433661828484724232e-01-j6.11792741175402748910e-02
  +1.51045870578185414956e-01-j6.36028391138097892732e-02
  +1.48565985668124928010e-01-j6.59342948474838097539e-02
  +1.45997479175208000335e-01-j6.81701341349024436678e-02
  +1.43343957554374401564e-01-j7.03069744754632880435e-02
  +1.40609157647385907275e-01-j7.23415632704941802267e-02
  +1.37796942483790901823e-01-j7.42707829542891828645e-02
  +1.34911296872341601727e-01-j7.60916560287412391261e-02
  +1.31956322781498047725e-01-j7.78013499925541557323e-02
  +1.28936234508057356862e-01-j7.93971821555783385804e-02
  +1.25855353633396727098e-01-j8.08766243283949720633e-02
  +1.22718103767313471697e-01-j8.22373073768726536859e-02
  +1.19529005079986525018e-01-j8.34770256310461838956e-02
  +1.16292668623162620545e-01-j8.45937411373220149446e-02
  +1.13013790442302780592e-01-j8.55855877426996425328e-02
  +1.09697145482081065415e-01-j8.64508749994240682790e-02
  +1.06347581288339626537e-01-j8.71880918782461655780e-02
  +1.02970011510340950234e-01-j8.77959102782770450801e-02
  +9.95694092079293380237e-02-j8.82731883212790058302e-02
  +9.61507999690238424062e-02-j8.86189734181421773229e-02
  +9.27192548436919089516e-02-j8.88325050952601252829e-02
  +8.92798831019075977977e-02-j8.89132175685378167707e-02
  +8.58378248229754309273e-02-j8.88607420528474967192e-02
  +8.23982433254887292051e-02-j8.86749087948948827576e-02
  +7.89663174475885576431e-02-j8.83557488176693606174e-02
  +7.55472336881987949209e-02-j8.79034953649339423354e-02
  +7.21461782208153157292e-02-j8.73185850345606640044e-02
  +6.87683287923273878217e-02-j8.66016585899405111348e-02
  +6.54188465202388408359e-02-j8.57535614391912726084e-02
  +6.21028676025296780261e-02-j8.47753437724545755305e-02
  +5.88254949552464573292e-02-j8.36682603482145209606e-02
  +5.55917897937314581247e-02-j8.24337699202822848932e-02
  +5.24067631741857165029e-02-j8.10735342978759210286e-02
  +4.92753675130052221087e-02-j7.95894170320782801120e-02
  +4.62024881020248884278e-02-j7.79834817228761967289e-02
  +4.31929346384509055268e-02-j7.62579899419721929377e-02
  +4.02514327888428419255e-02-j7.44153987676055561629e-02
  +3.73826158070265507360e-02-j7.24583579287257778523e-02
  +3.45910162262676595946e-02-j7.03897065570207869367e-02
  +3.18810576464055653312e-02-j6.82124695465078645373e-02
  +2.92570466369399886930e-02-j6.59298535216468473141e-02
  +2.67231647772690830700e-02-j6.35452424162220308457e-02
  +2.42834608553932837505e-02-j6.10621926665574910054e-02
  +2.19418432464243973179e-02-j5.84844280239719058190e-02
  +1.97020724921690565390e-02-j5.58158339927404822944e-02
  +1.75677541028838070380e-02-j5.30604519011958486452e-02
  +1.55423316020342865140e-02-j5.02224726149747696669e-02
  +1.36290798345186058016e-02-j4.73062299027773996984e-02
  +1.18310985583467611487e-02-j4.43161934663572898430e-02
  +1.01513063391962567172e-02-j4.12569616477852646463e-02
  +8.59243476659550184382e-03-j3.81332538283286059944e-02
  +7.15702300971658104262e-03-j3.49499025345388764086e-02
  +5.84741272989923802084e-03-j3.17118452683558399441e-02
  +4.66574336607131733012e-03-j2.84241160791851854572e-02
  +3.61394780819021760668e-03-j2.50918368970004454499e-02
  +2.69374847270440614944e-03-j2.17202086465394447745e-02
  +1.90665379283237344452e-03-j1.83145021636112390051e-02
  +1.25395513518113208701e-03-j1.48800489353856299490e-02
  +7.36724152889097665467e-04-j1.14222316873128972720e-02
  +3.55810584080237053608e-04-j7.94647483999271972421e-03
  +1.11840502970237765188e-04-j4.45823485988933176927e-03
  +5.21502947635161505379e-06-j9.62990528261714042943e-04
  +3.61095016599186324465e-05+j2.53376684695925296145e-03
  +2.04473113783176611846e-04+j6.02654325135534851832e-03
  +5.10029021197992964848e-04+j9.50985179113772796655e-03
  +9.52274911713620530671e-04+j1.29782225020307513674e-02
  +1.53048404152177248971e-03+j1.64262121148419232286e-02
  +2.24370673219964752651e-03+j1.98484137528296411546e-02
  +3.09077232377448626530e-03+j2.32394665362874036640e-02
  +4.07029157732389026969e-03+j2.65940650701723055316e-02
  +5.18065951911616390246e-03+j2.99069687911301569649e-02
  +6.42005871686886914196e-03+j3.31730111508864722314e-02
  +7.78646297733259773466e-03+j3.63871086136934099309e-02
  +9.27764145309604645884e-03+j3.95442694463334770694e-02
  +1.08911631452667904962e-02+j4.26396022800805546416e-02
  +1.26244017875117922611e-02+j4.56683244249944941817e-02
  +1.44745410958569513393e-02+j4.86257699179849789406e-02
  +1.64385803676366723525e-02+j5.15073972871915447547e-02
  +1.85133404120778125024e-02+j5.43087970164178313048e-02
  +2.06954697941741788680e-02+j5.70256986945768679087e-02
  +2.29814513727912561603e-02+j5.96539778363905440206e-02
  +2.53676091133089517959e-02+j6.21896623618883315210e-02
  +2.78501151545894470862e-02+j6.46289387235938206366e-02
  +3.04249971096294639927e-02+j6.69681576716413956563e-02
  +3.30881455789332756812e-02+j6.92038396484332685166e-02
  +3.58353218554200853019e-02+j7.13326798058196154262e-02
  +3.86621657995526862850e-02+j7.33515526391463335010e-02
  +4.15642038633473251408e-02+j7.52575162338698366860e-02
  +4.45368572419918076766e-02+j7.70478161217703627628e-02
  +4.75754501319548273042e-02+j7.87198887450989981396e-02
  +5.06752180747146729889e-02+j8.02713645282665533287e-02
  +5.38313163655655679829e-02+j8.17000705579135344525e-02
  +5.70388285073621936760e-02+j8.30040328733854942955e-02
  +6.02927746895484811818e-02+j8.41814783707754837883e-02
  +6.35881202733608874578e-02+j8.52308363247728517642e-02
  +6.69197842647102081326e-02+j8.61507395335799341929e-02
  +7.02826477569118146516e-02+j8.69400250931141316268e-02
  +7.36715623261558066881e-02+j8.75977348076053263792e-02
  +7.70813583633677690266e-02+j8.81231152445197951639e-02
  +8.05068533269171215938e-02+j8.85156174424958919200e-02
  +8.39428599014610810070e-02+j8.87748962816555242661e-02
  +8.73841940490743540604e-02+j8.89008095262646680368e-02
  +9.08256829396944381783e-02+j8.88934165502502648959e-02
</dep>
<dep S[2,1] frequency>
  +9.96712428938514749532e-01-j7.97688873127592595891e-02
  +9.94896386293194101569e-01-j9.93428304653025534554e-02
  +9.92684394530348845898e-01-j1.18872380477626604645e-01
  +9.90077751013841766969e-01-j1.38348860939195794639e-01
  +9.87077980999385040661e-01-j1.57763646139024216186e-01
  +9.83686835000711301547e-01-j1.77108169063572656876e-01
  +9.79906285781982022698e-01-j1.96373929230237803667e-01
  +9.75738524987881161721e-01-j2.15552500335416785671e-01
  +9.71185959424142764007e-01-j2.34635537696994078694e-01
  +9.66251207002513767819e-01-j2.53614785472054182769e-01
  +9.60937092365303335839e-01-j2.72482083631657157063e-01
  +9.55246642205765716938e-01-j2.91229374675629704150e-01
  +9.49183080301538195656e-01-j3.09848710071496502572e-01
  +9.42749822279270288661e-01-j3.28332256402921074390e-01
  +9.35950470129372935624e-01-j3.46672301214310141226e-01
  +9.28788806490523310977e-01-j3.64861258539575628035e-01
  +9.21268788724167730919e-01-j3.82891674104414048152e-01
  +9.13394542799757958029e-01-j4.00756230192863771578e-01
  +9.05170357011855220009e-01-j4.18447750170313714779e-01
  +8.96600675550535131109e-01-j4.35959202656571787049e-01
  +8.87690091946704784576e-01-j4.53283705344023180039e-01
  +8.78443342414045535982e-01-j4.70414528457342551171e-01
  +8.68865299109273125922e-01-j4.87345097852634412394e-01
  +8.58960963332309757057e-01-j5.04068997755267256267e-01
  +8.48735458687750576878e-01-j5.20579973137041185360e-01
  +8.38194024228726908277e-01-j5.36871931734652196866e-01
  +8.27342007603885098987e-01-j5.52938945712721729997e-01
  +8.16184858227741338865e-01-j5.68775252975903589103e-01
  +8.04728120494143328578e-01-j5.84375258135776842749e-01
  +7.92977427051957617365e-01-j5.99733533139389707323e-01
  +7.80938492161433295280e-01-j6.14844817567390289348e-01
  +7.68617105148958756899e-01-j6.29704018610717453086e-01
  +7.56019123977140772297e-01-j6.44306210735777096232e-01
  +7.43150468946305542417e-01-j6.58646635048918072108e-01
  +7.30017116542634125764e-01-j6.72720698371852776631e-01
  +7.16625093447236904964e-01-j6.86523972040405938699e-01
  +7.02980470719525740719e-01-j7.00052190439661603527e-01
  +6.89089358167268017930e-01-j7.13301249289186256597e-01
  +6.74957898914718024130e-01-j7.26267203692529506043e-01
  +6.60592264179219457176e-01-j7.38946265965679804921e-01
  +6.45998648265655006639e-01-j7.51334803259533279274e-01
  +6.31183263787102877274e-01-j7.63429334991763797191e-01
  +6.16152337119046267233e-01-j7.75226530103727662357e-01
  +6.00912104093466070687e-01-j7.86723204158237487960e-01
  +5.85468805938150538282e-01-j7.97916316294149496890e-01
  +5.69828685465562312373e-01-j8.08802966053782101952e-01
  +5.53997983514632030833e-01-j8.19380390099185951236e-01
  +5.37982935647903337539e-01-j8.29645958833229002494e-01
  +5.21789769105513778769e-01-j8.39597172941364155996e-01
  +5.05424700016601335939e-01-j8.49231659869785660000e-01
  +4.88893930867851100874e-01-j8.58547170255484326518e-01
  +4.72203648228043282309e-01-j8.67541574323464237395e-01
  +4.55360020726657821477e-01-j8.76212858266101290994e-01
  +4.38369197283803191389e-01-j8.84559120619299754651e-01
  +4.21237305587990662481e-01-j8.92578568649748826935e-01
  +4.03970450817560167156e-01-j9.00269514767192524651e-01
  +3.86574714600885660509e-01-j9.07630372975212207365e-01
  +3.69056154209840947544e-01-j9.14659655373580404714e-01
  +3.51420801980399932773e-01-j9.21355968724780538537e-01
  +3.33674664953670374601e-01-j9.27718011096808958804e-01
  +3.15823724730118937654e-01-j9.33744568593865675865e-01
  +2.97873937529239740662e-01-j9.39434512186042347537e-01
  +2.79831234446450527464e-01-j9.44786794648565630972e-01
  +2.61701521898554112511e-01-j9.49800447620637644519e-01
  +2.43490682248697520862e-01-j9.54474578793350181272e-01
  +2.25204574601392037980e-01-j9.58808369235606972047e-01
  +2.06849035757797533597e-01-j9.62801070866413422067e-01
  +1.88429881321164588437e-01-j9.66452004081343352127e-01
  +1.69952906942042847316e-01-j9.69760555540409407982e-01
  +1.51423889692589103140e-01-j9.72726176123996477685e-01
  +1.32848589559079910405e-01-j9.75348379062950687768e-01
  +1.14232751041524388524e-01-j9.77626738248326354608e-01
  +9.55821048490768931938e-02-j9.79560886725737711700e-01
  +7.69023696797865585761e-02-j9.81150515378668597322e-01
  +5.81992540730874585719e-02-j9.82395371804531292170e-01
  +3.94784583232985902823e-02-j9.83295259386687048320e-01
  +2.07456764423076325810e-02-j9.83850036565063312821e-01
  +2.00659815954490339251e-03-j9.84059616307435658378e-01
  -1.67330890527314160576e-02-j9.83923965782864451413e-01
  -3.54676979408329595689e-02-j9.83443106238208741843e-01
  -5.41915394297490526920e-02-j9.82617113078060100406e-01
  -7.28989205939981066429e-02-j9.81446116147874803026e-01
  -9.15841426512276624017e-02-j9.79930300219508221282e-01
  -1.10241498990537784008e-01-j9.78069905677779072306e-01
  -1.28865273247451672667e-01-j9.75865229406122747235e-01
  -1.47449737437372163651e-01-j9.73316625868818841028e-01
  -1.65989150159270099083e-01-j9.70424508386702688867e-01
  -1.84477754881245764595e-01-j9.67189350602697617276e-01
  -2.02909778319441597150e-01-j9.63611688132930410688e-01
  -2.21279428921653004148e-01-j9.59692120398613290888e-01
  -2.39580895466783905245e-01-j9.55431312633308826854e-01
  -2.57808345791086857002e-01-j9.50829998059608216820e-01
  -2.75955925651904188101e-01-j9.45888980228692721752e-01
  -2.94017757739367890935e-01-j9.40609135515660832461e-01
  -3.11987940846226219360e-01-j9.34991415762948863133e-01
  -3.29860549205656439220e-01-j9.29036851063594903977e-01
  -3.47629632006590250093e-01-j9.22746552675535847143e-01
  -3.65289213095693787725e-01-j9.16121716057578194814e-01
  -3.82833290874756038136e-01-j9.09163624017121252407e-01
  -4.00255838401799568516e-01-j9.01873649959181511448e-01
  -4.17550803703766071351e-01-j8.94253261225729678685e-01
  -4.34712110308128285574e-01-j8.86304022513838329900e-01
  -4.51733658000247118025e-01-j8.78027599360629018577e-01
  -4.68609323812730127479e-01-j8.69425761682532494135e-01
  -4.85332963252437799007e-01-j8.60500387355888740615e-01
  -5.01898411770156593903e-01-j8.51253465825494215480e-01
  -5.18299486477276194485e-01-j8.41687101727256470340e-01
  -5.34529988113108922576e-01-j8.31803518510745520942e-01
  -5.50583703265746349231e-01-j8.21605062047047640661e-01
  -5.66454406848563518651e-01-j8.11094204207023272701e-01
  -5.82135864833698279952e-01-j8.00273546394741908117e-01
  -5.97621837242956921443e-01-j7.89145823020658720992e-01
  -6.12906081395766855202e-01-j7.77713904898840513447e-01
  -6.27982355412871173783e-01-j7.65980802552422179730e-01
  -6.42844421973546076288e-01-j7.53949669411338452285e-01
  -6.57486052323184133606e-01-j7.41623804886315074469e-01
  -6.71901030527104148327e-01-j7.29006657303105320977e-01
  -6.86083157965466261530e-01-j7.16101826680999753449e-01
  -7.00026258063187523106e-01-j7.02913067339746899798e-01
  -7.13724181247719080545e-01-j6.89444290319203845208e-01
  -7.27170810126544830965e-01-j6.75699565596275419921e-01
  -7.40360064875248080618e-01-j6.61683124083993767783e-01
  -7.53285908825965133673e-01-j6.47399359397989870857e-01
  -7.65942354245042755778e-01-j6.32852829376036041253e-01
  -7.78323468287730246828e-01-j6.18048257336868966938e-01
  -7.90423379116751090301e-01-j6.02990533065083211817e-01
  -8.02236282170651349155e-01-j5.87684713509561973410e-01
  -8.13756446566900493167e-01-j5.72136023183635211709e-01
  -8.24978221623836160958e-01-j5.56349854255963949257e-01
  -8.35896043484695150383e-01-j5.40331766322033502092e-01
  -8.46504441826175790808e-01-j5.24087485847073653034e-01
  -8.56798046633241106029e-01-j5.07622905272232860518e-01
  -8.66771595021170515594e-01-j4.90944081776921448235e-01
  -8.76419938085263305894e-01-j4.74057235691352718554e-01
  -8.85738047758039326318e-01-j4.56968748554509196502e-01
  -8.94721023653302971468e-01-j4.39685160814003661578e-01
  -9.03364099876052595306e-01-j4.22213169165580048947e-01
  -9.11662651776899091161e-01-j4.04559623531329071167e-01
  -9.19612202629438768575e-01-j3.86731523677062649647e-01
  -9.27208430208900757918e-01-j3.68736015470665423610e-01
  -9.34447173250353868568e-01-j3.50580386784659414623e-01
  -9.41324437764827326447e-01-j3.32272063047647780998e-01
  -9.47836403191870457974e-01-j3.13818602450714079222e-01
  -9.53979428367341730777e-01-j2.95227690816309507049e-01
  -9.59750057285595037371e-01-j2.76507136138557707561e-01
  -9.65145024635711945571e-01-j2.57664862805323413575e-01
  -9.70161261092002735751e-01-j2.38708905513757341232e-01
  -9.74795898339685717993e-01-j2.19647402892388432516e-01
  -9.79046273817437029408e-01-j2.00488590844109665356e-01
  -9.82909935159377301517e-01-j1.81240795625683404069e-01
  -9.86384644320039472021e-01-j1.61912426680561494230e-01
  -9.89468381366918503517e-01-j1.42511969242952063475e-01
  -9.92159347926355073000e-01-j1.23047976732112679388e-01
  -9.94455970269721545307e-01-j1.03529062956833034503e-01
  -9.96356902028189161946e-01-j8.39638941509323055712e-02
  -9.97861026525701744205e-01-j6.43611808614204528034e-02
  -9.98967458721220280538e-01-j4.47296697116419811335e-02
  -9.99675546752761157165e-01-j2.50781350623263468713e-02
  -9.99984873077276237296e-01-j5.41537059395296935249e-03
  -9.99895255201969312964e-01+j1.42498191657967135382e-02
  -9.99406746004214863177e-01+j3.39086273454415332296e-02
  -9.98519633638843773227e-01+j5.35522532397815706484e-02
  -9.97234441033151619571e-01+j7.31719108024255493472e-02
  -9.95551924971589841107e-01+j9.27588370966292152797e-02
  -9.93473074773674857951e-01+j1.12304300680501331633e-01
  -9.90999110570225827388e-01+j1.31799609902960579433e-01
  -9.88131481184568394305e-01+j1.51236121087225339199e-01
  -9.84871861626845701565e-01+j1.70605246579185798605e-01
  -9.81222150211023547151e-01+j1.89898462638618703568e-01
  -9.77184465305577454330e-01+j2.09107317151960653279e-01
  -9.72761141730181577714e-01+j2.28223437146181928892e-01
  -9.67954726811982801848e-01+j2.47238536084242649382e-01
  -9.62767976116242429896e-01+j2.66144420923594360318e-01
  -9.57203848867219986296e-01+j2.84932998920321645109e-01
  -9.51265503076218488232e-01+j3.03596284162611806945e-01
  -9.44956290394614373263e-01+j3.22126403818540352209e-01
  -9.38279750710558579918e-01+j3.40515604084344281066e-01
  -9.31239606508746819991e-01+j3.58756255820759262232e-01
  -9.23839757013317219858e-01+j3.76840859866288457880e-01
  -9.16084272134450205982e-01+j3.94762052017709308416e-01
  -9.07977386239685158031e-01+j4.12512607669504760555e-01
  -8.99523491771298089326e-01+j4.30085446105343716106e-01
  -8.90727132731300885737e-01+j4.47473634436169387385e-01
  -8.81592998055753640507e-01+j4.64670391180869613024e-01
  -8.72125914900103826888e-01+j4.81669089486933654776e-01
  -8.62330841857181340515e-01+j4.98463259989898377356e-01
  -8.52212862129322124005e-01+j5.15046593311760725342e-01
  -8.41777176675823413099e-01+j5.31412942199877003091e-01
  -8.31029097356585588763e-01+j5.47556323309192571891e-01
  -8.19974040092369627075e-01+j5.63470918631883699312e-01
  -8.08617518061581774802e-01+j5.79151076579741630468e-01
  -7.96965134952921872014e-01+j5.94591312725767262570e-01
  -7.85022578292575712311e-01+j6.09786310212568460898e-01
  -7.72795612863922620761e-01+j6.24730919836181008975e-01
  -7.60290074236957158504e-01+j6.39420159814938715570e-01
  -7.47511862423812400991e-01+j6.53849215253901050460e-01
  -7.34466935675893828339e-01+j6.68013437316222313811e-01
  -7.21161304437243799725e-01+j6.81908342113599630352e-01
  -7.07601025467815558656e-01+j6.95529609328650044731e-01
  -6.93792196149366713342e-01+j7.08873080582695269669e-01
</dep>
<dep S[2,3] frequency>
  +5.55111512312578270212e-17-j1.38777878078144567553e-17
  -5.55111512312578270212e-17
  +0.00000000000000000000e+00+j6.93889390390722837765e-18
  +0.00000000000000000000e+00-j1.38777878078144567553e-17
  +5.55111512312578270212e-17-j1.38777878078144567553e-17
  +0.00000000000000000000e+00
  +0.00000000000000000000e+00
  +0.00000000000000000000e+00+j2.77555756156289135106e-17
  +0.00000000000000000000e+00-j1.38777878078144567553e-17
  +5.55111512312578270212e-17-j5.55111512312578270212e-17
  +0.00000000000000000000e+00-j2.77555756156289135106e-17
  +5.55111512312578270212e-17-j2.77555756156289135106e-17
  +5.55111512312578270212e-17
  +0.00000000000000000000e+00
  +0.00000000000000000000e+00
  +0.00000000000000000000e+00-j2.77555756156289135106e-17
  -5.55111512312578270212e-17+j5.55111512312578270212e-17
  +0.00000000000000000000e+00-j2.77555756156289135106e-17
  -5.55111512312578270212e-17
  +0.00000000000000000000e+00-j5.55111512312578270212e-17
  +5.55111512312578270212e-17+j2.77555756156289135106e-17
  +0.00000000000000000000e+00+j5.55111512312578270212e-17
  +0.00000000000000000000e+00
  +0.00000000000000000000e+00
  +0.00000000000000000000e+00
  +0.00000000000000000000e+00
  +0.00000000000000000000e+00
  +5.55111512312578270212e-17-j5.55111512312578270212e-17
  +0.00000000000000000000e+00
  -5.55111512312578270212e-17
  -5.55111512312578270212e-17+j1.11022302462515654042e-16
  +5.55111512312578270212e-17+j5.55111512312578270212e-17
  -5.55111512312578270212e-17+j5.55111512312578270212e-17
  +0.00000000000000000000e+00
  +0.00000000000000000000e+00-j5.55111512312578270212e-17
  +0.00000000000000000000e+00-j5.55111512312578270212e-17
  -5.55111512312578270212e-17
  +0.00000000000000000000e+00
  +0.00000000000000000000e+00+j5.55111512312578270212e-17
  +0.00000000000000000000e+00-j5.55111512312578270212e-17
  -5.55111512312578270212e-17+j5.55111512312578270212e-17
  -5.55111512312578270212e-17+j5.55111512312578270212e-17
  -5.55111512312578270212e-17
  +0.00000000000000000000e+00
  +5.55111512312578270212e-17
  +5.55111512312578270212e-17-j5.55111512312578270212e-17
  -5.55111512312578270212e-17
  -5.55111512312578270212e-17+j5.55111512312578270212e-17
  +5.55111512312578270212e-17
  +0.00000000000000000000e+00
  +5.55111512312578270212e-17-j5.55111512312578270212e-17
  -2.77555756156289135106e-17-j5.55111512312578270212e-17
  +0.00000000000000000000e+00-j5.55111512312578270212e-17
  -2.77555756156289135106e-17+j5.55111512312578270212e-17
  +5.55111512312578270212e-17
  +0.00000000000000000000e+00
  +2.77555756156289135106e-17
  -2.77555756156289135106e-17+j5.55111512312578270212e-17
  +0.00000000000000000000e+00
  +0.00000000000000000000e+00
  -5.55111512312578270212e-17
  +0.00000000000000000000e+00+j5.55111512312578270212e-17
  +0.00000000000000000000e+00
  +0.00000000000000000000e+00-j5.55111512312578270212e-17
  +1.38777878078144567553e-17-j5.55111512312578270212e-17
  -1.38777878078144567553e-17
  -2.77555756156289135106e-17
  +2.77555756156289135106e-17-j5.55111512312578270212e-17
  -2.77555756156289135106e-17+j5.55111512312578270212e-17
  +0.00000000000000000000e+00
  -1.38777878078144567553e-17+j5.55111512312578270212e-17
  -6.93889390390722837765e-18
  +0.00000000000000000000e+00
  +6.93889390390722837765e-18-j5.55111512312578270212e-17
  +0.00000000000000000000e+00-j5.55111512312578270212e-17
  -3.46944695195361418882e-18-j5.55111512312578270212e-17
  -1.73472347597680709441e-18+j5.55111512312578270212e-17
  -2.16840434497100886801e-19
  +0.00000000000000000000e+00-j5.55111512312578270212e-17
  -3.46944695195361418882e-18-j5.55111512312578270212e-17
  -3.46944695195361418882e-18-j5.55111512312578270212e-17
  +6.93889390390722837765e-18
  -6.93889390390722837765e-18
  +0.00000000000000000000e+00+j5.55111512312578270212e-17
  +1.38777878078144567553e-17+j5.55111512312578270212e-17
  +1.38777878078144567553e-17
  +0.00000000000000000000e+00
  +2.77555756156289135106e-17+j5.55111512312578270212e-17
  +2.77555756156289135106e-17+j5.55111512312578270212e-17
  +0.00000000000000000000e+00
  +2.77555756156289135106e-17
  +0.00000000000000000000e+00+j5.55111512312578270212e-17
  +2.77555756156289135106e-17
  -2.77555756156289135106e-17
  -5.55111512312578270212e-17
  +2.77555756156289135106e-17+j5.55111512312578270212e-17
  -2.77555756156289135106e-17
  +0.00000000000000000000e+00
  -5.55111512312578270212e-17-j5.55111512312578270212e-17
  -2.77555756156289135106e-17+j5.55111512312578270212e-17
  -2.77555756156289135106e-17
  -2.77555756156289135106e-17-j5.55111512312578270212e-17
  +8.32667268468867405318e-17+j5.55111512312578270212e-17
  +5.55111512312578270212e-17+j5.55111512312578270212e-17
  +2.77555756156289135106e-17-j5.55111512312578270212e-17
  +5.55111512312578270212e-17+j5.55111512312578270212e-17
  +0.00000000000000000000e+00
  +5.55111512312578270212e-17+j5.55111512312578270212e-17
  +5.55111512312578270212e-17+j5.55111512312578270212e-17
  -5.55111512312578270212e-17-j5.55111512312578270212e-17
  +0.00000000000000000000e+00
  +5.55111512312578270212e-17
  +0.00000000000000000000e+00
  +5.55111512312578270212e-17
  +0.00000000000000000000e+00
  +0.00000000000000000000e+00
  +0.00000000000000000000e+00
  +5.55111512312578270212e-17
  +0.00000000000000000000e+00
  +5.55111512312578270212e-17
  +5.55111512312578270212e-17+j5.55111512312578270212e-17
  +0.00000000000000000000e+00
  +5.55111512312578270212e-17
  +0.00000000000000000000e+00
  +5.55111512312578270212e-17
  +0.00000000000000000000e+00
  +0.00000000000000000000e+00+j5.55111512312578270212e-17
  -5.55111512312578270212e-17-j5.55111512312578270212e-17
  +5.55111512312578270212e-17+j5.55111512312578270212e-17
  +0.00000000000000000000e+00
  -5.55111512312578270212e-17
  +0.00000000000000000000e+00
  +5.55111512312578270212e-17
  +5.55111512312578270212e-17-j5.55111512312578270212e-17
  +0.00000000000000000000e+00+j2.77555756156289135106e-17
  -5.55111512312578270212e-17-j2.77555756156289135106e-17
  +0.00000000000000000000e+00
  +5.55111512312578270212e-17
  +0.00000000000000000000e+00-j2.77555756156289135106e-17
  +0.00000000000000000000e+00
  +5.55111512312578270212e-17
  +0.00000000000000000000e+00-j2.77555756156289135106e-17
  +0.00000000000000000000e+00
  -5.55111512312578270212e-17-j2.77555756156289135106e-17
  +5.55111512312578270212e-17+j2.77555756156289135106e-17
  +0.00000000000000000000e+00
  +5.55111512312578270212e-17+j2.77555756156289135106e-17
  +0.00000000000000000000e+00-j1.38777878078144567553e-17
  -5.55111512312578270212e-17
  +5.55111512312578270212e-17+j2.77555756156289135106e-17
  +5.55111512312578270212e-17+j1.38777878078144567553e-17
  +0.00000000000000000000e+00+j1.38777878078144567553e-17
  +5.55111512312578270212e-17+j6.93889390390722837765e-18
  +5.55111512312578270212e-17+j6.93889390390722837765e-18
  -1.11022302462515654042e-16-j1.38777878078144567553e-17
  -1.11022302462515654042e-16-j6.93889390390722837765e-18
  -5.55111512312578270212e-17-j3.46944695195361418882e-18
  -5.55111512312578270212e-17-j1.73472347597680709441e-18
  +5.55111512312578270212e-17+j4.33680868994201773603e-19
  +1.11022302462515654042e-16-j1.73472347597680709441e-18
  -1.11022302462515654042e-16+j3.46944695195361418882e-18
  -5.55111512312578270212e-17
  +1.11022302462515654042e-16-j2.08166817117216851329e-17
  +0.00000000000000000000e+00-j6.93889390390722837765e-18
  -5.55111512312578270212e-17+j1.38777878078144567553e-17
  -5.55111512312578270212e-17+j1.38777878078144567553e-17
  +0.00000000000000000000e+00+j1.38777878078144567553e-17
  +5.55111512312578270212e-17
  +0.00000000000000000000e+00-j1.38777878078144567553e-17
  -5.55111512312578270212e-17+j2.77555756156289135106e-17
  +0.00000000000000000000e+00+j2.77555756156289135106e-17
  +0.00000000000000000000e+00
  +5.55111512312578270212e-17-j2.77555756156289135106e-17
  +0.00000000000000000000e+00+j2.77555756156289135106e-17
  +0.00000000000000000000e+00
  +0.00000000000000000000e+00
  +0.00000000000000000000e+00+j5.55111512312578270212e-17
  +1.11022302462515654042e-16
  +5.55111512312578270212e-17-j2.77555756156289135106e-17
  +0.00000000000000000000e+00+j2.77555756156289135106e-17
  +5.55111512312578270212e-17
  +0.00000000000000000000e+00+j8.32667268468867405318e-17
  +5.55111512312578270212e-17-j2.77555756156289135106e-17
  +0.00000000000000000000e+00+j2.77555756156289135106e-17
  +0.00000000000000000000e+00-j2.77555756156289135106e-17
  +5.55111512312578270212e-17
  +5.55111512312578270212e-17
  +0.00000000000000000000e+00+j5.55111512312578270212e-17
  +0.00000000000000000000e+00
  +5.55111512312578270212e-17
  +0.00000000000000000000e+00+j5.55111512312578270212e-17
  +5.55111512312578270212e-17
  +5.55111512312578270212e-17-j5.55111512312578270212e-17
  +0.00000000000000000000e+00
  +0.00000000000000000000e+00+j5.55111512312578270212e-17
  +5.55111512312578270212e-17-j5.55111512312578270212e-17
  +0.00000000000000000000e+00-j5.55111512312578270212e-17
  +5.55111512312578270212e-17-j1.11022302462515654042e-16
  -5.55111512312578270212e-17+j5.55111512312578270212e-17
  +5.55111512312578270212e-17-j5.55111512312578270212e-17
</dep>
<dep S[2,4] frequency>
  +1.13176037035821706878e-03+j1.41413484093523052904e-02
  +1.75553163424990331040e-03+j1.75812594704419927760e-02
  +2.51394698140985656948e-03+j2.09935724942594131859e-02
  +3.40576188860599714942e-03+j2.43729442242510141448e-02
  +4.42951416212567904845e-03+j2.77140900515589483355e-02
  +5.58352692848671210840e-03+j3.10117933095047371150e-02
  +6.86591205378397819586e-03+j3.42609143968446092088e-02
  +8.27457398043028244383e-03+j3.74563997077493326948e-02
  +9.80721396876153145294e-03+j4.05932903473025102903e-02
  +1.14613347297581411738e-02+j4.36667306122376502886e-02
  +1.32342454339924794904e-02+j4.66719762176393687669e-02
  +1.51230670808523010029e-02+j4.96044022514106064392e-02
  +1.71247382111163193308e-02+j5.24595108394486017711e-02
  +1.92360209450759024608e-02+j5.52329385056706534396e-02
  +2.14535073276082982607e-02+j5.79204632122772011815e-02
  +2.37736259609161240669e-02+j6.05180110669282511626e-02
  +2.61926489050554600624e-02+j6.30216626848289634966e-02
  +2.87066988258834823733e-02+j6.54276591950662123054e-02
  +3.13117563696655165639e-02+j6.77324078818982988626e-02
  +3.40036677432917489039e-02+j6.99324874530704854170e-02
  +3.67781524788630687084e-02+j7.20246529285974157464e-02
  +3.96308113613138973674e-02+j7.40058401448160513292e-02
  +4.25571344977440091384e-02+j7.58731698698588419294e-02
  +4.55525095072280283848e-02+j7.76239515280205821801e-02
  +4.86122298100598870807e-02+j7.92556865317871617194e-02
  +5.17315029956613714468e-02+j8.07660712215533260760e-02
  +5.49054592487399489853e-02+j8.21529994142727315598e-02
  +5.81291598137133186386e-02+j8.34145645634538912550e-02
  +6.13976054779200863809e-02+j8.45490615340318690807e-02
  +6.47057450547092183335e-02+j8.55549879967071186249e-02
  +6.80484838481285048140e-02+j8.64310454473408984466e-02
  +7.14206920816207041502e-02+j8.71761398579331825420e-02
  +7.48172132738687267750e-02+j8.77893819665772345839e-02
  +7.82328725457088480777e-02+j8.82700872145837089899e-02
  +8.16624848428448013582e-02+j8.86177753396958090004e-02
  +8.51008630599384974236e-02+j8.88321696349732015108e-02
  +8.85428260525215615750e-02+j8.89131958835054636570e-02
  +9.19832065240576146614e-02+j8.88609809796263999671e-02
  +9.54168587763834091797e-02+j8.86758512477390237194e-02
  +9.88386663126613052022e-02+j8.83583304702263289121e-02
  +1.02243549282881374118e-01+j8.79091376362195475735e-02
  +1.05626471762852627845e-01+j8.73291844232221559086e-02
  +1.08982448858514435752e-01+j8.66195724237478620333e-02
  +1.12306553628277350221e-01+j8.57815901292266619338e-02
  +1.15593923816962013129e-01+j8.48167096834669953509e-02
  +1.18839768395740480456e-01+j8.37265834179367618439e-02
  +1.22039373903296555213e-01+j8.25130401810450497813e-02
  +1.25188110584199985276e-01+j8.11780814734739675220e-02
  +1.28281438321239227296e-01+j7.97238774014277090663e-02
  +1.31314912359167368372e-01+j7.81527624594390013524e-02
  +1.34284188817991811948e-01+j7.64672311541048782546e-02
  +1.37185029994570550915e-01+j7.46699334798181235673e-02
  +1.40013309451871126310e-01+j7.27636702572213162066e-02
  +1.42765016895796126306e-01+j7.07513883447410951710e-02
  +1.45436262839985896989e-01+j6.86361757331666044735e-02
  +1.48023283059465327050e-01+j6.64212565328182735769e-02
  +1.50522442834420178137e-01+j6.41099858624202961765e-02
  +1.52930240985752918803e-01+j6.17058446483397804450e-02
  +1.55243313704393953723e-01+j5.92124343423983956480e-02
  +1.57458438176621473570e-01+j5.66334715659948112476e-02
  +1.59572536007874576924e-01+j5.39727826878082447837e-02
  +1.61582676447737605407e-01+j5.12342983418827141451e-02
  +1.63486079418916074868e-01+j4.84220478924273084465e-02
  +1.65280118353133664844e-01+j4.55401538512060638508e-02
  +1.66962322836942400617e-01+j4.25928262529411891246e-02
  +1.68530381070465418158e-01+j3.95843569937157080396e-02
  +1.69982142142081349423e-01+j3.65191141369356347957e-02
  +1.71315618122014262648e-01+j3.34015361910058247719e-02
  +1.72528985977712712163e-01+j3.02361263624868065181e-02
  +1.73620589313793760589e-01+j2.70274467881317821683e-02
  +1.74588939939188420025e-01+j2.37801127488613123218e-02
  +1.75432719263958425415e-01+j2.04987868684162501121e-02
  +1.76150779528066459001e-01+j1.71881732991369870489e-02
  +1.76742144864168837515e-01+j1.38530118970553693669e-02
  +1.77206012196268414272e-01+j1.04980723882535792457e-02
  +1.77541751975817507780e-01+j7.12814852824014862087e-03
  +1.77748908756598072989e-01+j3.74805225592303491514e-03
  +1.77827201609429219609e-01+j3.62607843623797805946e-04
  +1.77776524377470740435e-01-j3.02335395553295516874e-03
  +1.77596945772597769597e-01-j6.40500176158768225188e-03
  +1.77288709313026648928e-01-j9.77750942184432703108e-03
  +1.76852233102075873106e-01-j1.31360618638761590671e-02
  +1.76288109447648888573e-01-j1.64758609461837512988e-02
  +1.75597104321733810117e-01-j1.97921313051862904353e-02
  +1.74780156658928098601e-01-j2.30801261971306653775e-02
  +1.73838377492720130846e-01-j2.63351333333691969840e-02
  +1.72773048927993444490e-01-j2.95524807072943332398e-02
  +1.71585622947966365270e-01-j3.27275424110242546538e-02
  +1.70277720053547187984e-01-j3.58557444397030536387e-02
  +1.68851127732865896602e-01-j3.89325704810274120238e-02
  +1.67307798758551229401e-01-j4.19535676873238339013e-02
  +1.65649849310149283044e-01-j4.49143524271887056853e-02
  +1.63879556918937074883e-01-j4.78106160133668842138e-02
  +1.61999358232265855406e-01-j5.06381304031831708246e-02
  +1.60011846594485973583e-01-j5.33927538674566007360e-02
  +1.57919769441451307568e-01-j5.60704366234251599943e-02
  +1.55726025505581955333e-01-j5.86672264267886767186e-02
  +1.53433661828484724232e-01-j6.11792741175402748910e-02
  +1.51045870578185414956e-01-j6.36028391138097892732e-02
  +1.48565985668124928010e-01-j6.59342948474838097539e-02
  +1.45997479175208000335e-01-j6.81701341349024436678e-02
  +1.43343957554374401564e-01-j7.03069744754632880435e-02
  +1.40609157647385907275e-01-j7.23415632704941802267e-02
  +1.37796942483790901823e-01-j7.42707829542891828645e-02
  +1.34911296872341601727e-01-j7.60916560287412391261e-02
  +1.31956322781498047725e-01-j7.78013499925541557323e-02
  +1.28936234508057356862e-01-j7.93971821555783385804e-02
  +1.25855353633396727098e-01-j8.08766243283949720633e-02
  +1.22718103767313471697e-01-j8.22373073768726536859e-02
  +1.19529005079986525018e-01-j8.34770256310461838956e-02
  +1.16292668623162620545e-01-j8.45937411373220149446e-02
  +1.13013790442302780592e-01-j8.55855877426996425328e-02
  +1.09697145482081065415e-01-j8.64508749994240682790e-02
  +1.06347581288339626537e-01-j8.71880918782461655780e-02
  +1.02970011510340950234e-01-j8.77959102782770450801e-02
  +9.95694092079293380237e-02-j8.82731883212790058302e-02
  +9.61507999690238424062e-02-j8.86189734181421773229e-02
  +9.27192548436919089516e-02-j8.88325050952601252829e-02
  +8.92798831019075977977e-02-j8.89132175685378167707e-02
  +8.58378248229754309273e-02-j8.88607420528474967192e-02
  +8.23982433254887292051e-02-j8.86749087948948827576e-02
  +7.89663174475885576431e-02-j8.83557488176693606174e-02
  +7.55472336881987949209e-02-j8.79034953649339423354e-02
  +7.21461782208153157292e-02-j8.73185850345606640044e-02
  +6.87683287923273878217e-02-j8.66016585899405111348e-02
  +6.54188465202388408359e-02-j8.57535614391912726084e-02
  +6.21028676025296780261e-02-j8.47753437724545755305e-02
  +5.88254949552464573292e-02-j8.36682603482145209606e-02
  +5.55917897937314581247e-02-j8.24337699202822848932e-02
  +5.24067631741857165029e-02-j8.10735342978759210286e-02
  +4.92753675130052221087e-02-j7.95894170320782801120e-02
  +4.62024881020248884278e-02-j7.79834817228761967289e-02
  +4.31929346384509055268e-02-j7.62579899419721929377e-02
  +4.02514327888428419255e-02-j7.44153987676055561629e-02
  +3.73826158070265507360e-02-j7.24583579287257778523e-02
  +3.45910162262676595946e-02-j7.03897065570207869367e-02
  +3.18810576464055653312e-02-j6.82124695465078645373e-02
  +2.92570466369399886930e-02-j6.59298535216468473141e-02
  +2.67231647772690830700e-02-j6.35452424162220308457e-02
  +2.42834608553932837505e-02-j6.10621926665574910054e-02
  +2.19418432464243973179e-02-j5.84844280239719058190e-02
  +1.97020724921690565390e-02-j5.58158339927404822944e-02
  +1.75677541028838070380e-02-j5.30604519011958486452e-02
  +1.55423316020342865140e-02-j5.02224726149747696669e-02
  +1.36290798345186058016e-02-j4.73062299027773996984e-02
  +1.18310985583467611487e-02-j4.43161934663572898430e-02
  +1.01513063391962567172e-02-j4.12569616477852646463e-02
  +8.59243476659550184382e-03-j3.81332538283286059944e-02
  +7.15702300971658104262e-03-j3.49499025345388764086e-02
  +5.84741272989923802084e-03-j3.17118452683558399441e-02
  +4.66574336607131733012e-03-j2.84241160791851854572e-02
  +3.61394780819021760668e-03-j2.50918368970004454499e-02
  +2.69374847270440614944e-03-j2.17202086465394447745e-02
  +1.90665379283237344452e-03-j1.83145021636112390051e-02
  +1.25395513518113208701e-03-j1.48800489353856299490e-02
  +7.36724152889097665467e-04-j1.14222316873128972720e-02
  +3.55810584080237053608e-04-j7.94647483999271972421e-03
  +1.11840502970237765188e-04-j4.45823485988933176927e-03
  +5.21502947635161505379e-06-j9.62990528261714042943e-04
  +3.61095016599186324465e-05+j2.53376684695925296145e-03
  +2.04473113783176611846e-04+j6.02654325135534851832e-03
  +5.10029021197992964848e-04+j9.50985179113772796655e-03
  +9.52274911713620530671e-04+j1.29782225020307513674e-02
  +1.53048404152177248971e-03+j1.64262121148419232286e-02
  +2.24370673219964752651e-03+j1.98484137528296411546e-02
  +3.09077232377448626530e-03+j2.32394665362874036640e-02
  +4.07029157732389026969e-03+j2.65940650701723055316e-02
  +5.18065951911616390246e-03+j2.99069687911301569649e-02
  +6.42005871686886914196e-03+j3.31730111508864722314e-02
  +7.78646297733259773466e-03+j3.63871086136934099309e-02
  +9.27764145309604645884e-03+j3.95442694463334770694e-02
  +1.08911631452667904962e-02+j4.26396022800805546416e-02
  +1.26244017875117922611e-02+j4.56683244249944941817e-02
  +1.44745410958569513393e-02+j4.86257699179849789406e-02
  +1.64385803676366723525e-02+j5.15073972871915447547e-02
  +1.85133404120778125024e-02+j5.43087970164178313048e-02
  +2.06954697941741788680e-02+j5.70256986945768679087e-02
  +2.29814513727912561603e-02+j5.96539778363905440206e-02
  +2.53676091133089517959e-02+j6.21896623618883315210e-02
  +2.78501151545894470862e-02+j6.46289387235938206366e-02
  +3.04249971096294639927e-02+j6.69681576716413956563e-02
  +3.30881455789332756812e-02+j6.92038396484332685166e-02
  +3.58353218554200853019e-02+j7.13326798058196154262e-02
  +3.86621657995526862850e-02+j7.33515526391463335010e-02
  +4.15642038633473251408e-02+j7.52575162338698366860e-02
  +4.45368572419918076766e-02+j7.70478161217703627628e-02
  +4.75754501319548273042e-02+j7.87198887450989981396e-02
  +5.06752180747146729889e-02+j8.02713645282665533287e-02
  +5.38313163655655679829e-02+j8.17000705579135344525e-02
  +5.70388285073621936760e-02+j8.30040328733854942955e-02
  +6.02927746895484811818e-02+j8.41814783707754837883e-02
  +6.35881202733608874578e-02+j8.52308363247728517642e-02
  +6.69197842647102081326e-02+j8.61507395335799341929e-02
  +7.02826477569118146516e-02+j8.69400250931141316268e-02
  +7.36715623261558066881e-02+j8.75977348076053263792e-02
  +7.70813583633677690266e-02+j8.81231152445197951639e-02
  +8.05068533269171215938e-02+j8.85156174424958919200e-02
  +8.39428599014610810070e-02+j8.87748962816555242661e-02
  +8.73841940490743540604e-02+j8.89008095262646680368e-02
  +9.08256829396944381783e-02+j8.88934165502502648959e-02
</dep>
<dep S[2,2] frequency>
  +6.50521303491302660404e-19+j8.67361737988403547206e-18
  +7.58941520739853103805e-19+j8.67361737988403547206e-18
  +1.08420217248550443401e-18+j8.67361737988403547206e-18
  +1.95156391047390798121e-18+j1.21430643318376496609e-17
  +2.60208521396521064162e-18+j1.38777878078144567553e-17
  +2.60208521396521064162e-18+j1.38777878078144567553e-17
  +2.60208521396521064162e-18+j1.38777878078144567553e-17
  +2.60208521396521064162e-18+j1.73472347597680709441e-17
  +4.33680868994201773603e-18+j1.73472347597680709441e-17
  +6.93889390390722837765e-18+j2.42861286636752993218e-17
  +6.07153216591882483044e-18+j2.42861286636752993218e-17
  +6.07153216591882483044e-18+j2.42861286636752993218e-17
  +8.67361737988403547206e-18+j2.77555756156289135106e-17
  +1.04083408558608425665e-17+j2.77555756156289135106e-17
  +8.67361737988403547206e-18+j2.77555756156289135106e-17
  +1.21430643318376496609e-17+j3.12250225675825276994e-17
  +6.93889390390722837765e-18+j2.77555756156289135106e-17
  +1.38777878078144567553e-17+j2.77555756156289135106e-17
  +1.38777878078144567553e-17+j2.77555756156289135106e-17
  +2.08166817117216851329e-17+j2.77555756156289135106e-17
  +2.08166817117216851329e-17+j4.16333634234433702659e-17
  +1.73472347597680709441e-17+j4.16333634234433702659e-17
  +2.08166817117216851329e-17+j3.46944695195361418882e-17
  +2.77555756156289135106e-17+j4.16333634234433702659e-17
  +2.77555756156289135106e-17+j3.46944695195361418882e-17
  +2.42861286636752993218e-17+j3.46944695195361418882e-17
  +2.77555756156289135106e-17+j4.16333634234433702659e-17
  +3.12250225675825276994e-17+j4.85722573273505986435e-17
  +2.77555756156289135106e-17+j4.16333634234433702659e-17
  +3.46944695195361418882e-17+j4.16333634234433702659e-17
  +2.08166817117216851329e-17+j3.46944695195361418882e-17
  +2.77555756156289135106e-17+j4.16333634234433702659e-17
  +3.46944695195361418882e-17+j3.46944695195361418882e-17
  +3.46944695195361418882e-17+j4.16333634234433702659e-17
  +3.46944695195361418882e-17+j3.46944695195361418882e-17
  +4.85722573273505986435e-17+j3.46944695195361418882e-17
  +4.16333634234433702659e-17+j3.46944695195361418882e-17
  +3.46944695195361418882e-17+j2.77555756156289135106e-17
  +4.16333634234433702659e-17+j3.46944695195361418882e-17
  +4.85722573273505986435e-17+j4.16333634234433702659e-17
  +5.55111512312578270212e-17+j3.46944695195361418882e-17
  +4.16333634234433702659e-17+j3.46944695195361418882e-17
  +6.24500451351650553988e-17+j2.77555756156289135106e-17
  +4.85722573273505986435e-17+j4.16333634234433702659e-17
  +4.85722573273505986435e-17+j3.46944695195361418882e-17
  +6.24500451351650553988e-17+j3.46944695195361418882e-17
  +4.85722573273505986435e-17+j3.46944695195361418882e-17
  +4.16333634234433702659e-17+j3.46944695195361418882e-17
  +5.55111512312578270212e-17+j4.16333634234433702659e-17
  +5.55111512312578270212e-17+j4.16333634234433702659e-17
  +8.32667268468867405318e-17+j4.16333634234433702659e-17
  +6.93889390390722837765e-17+j3.46944695195361418882e-17
  +6.93889390390722837765e-17+j4.16333634234433702659e-17
  +6.93889390390722837765e-17+j3.46944695195361418882e-17
  +6.93889390390722837765e-17+j3.46944695195361418882e-17
  +6.93889390390722837765e-17+j3.46944695195361418882e-17
  +6.93889390390722837765e-17+j4.16333634234433702659e-17
  +6.93889390390722837765e-17+j2.08166817117216851329e-17
  +8.32667268468867405318e-17+j2.42861286636752993218e-17
  +6.93889390390722837765e-17+j1.73472347597680709441e-17
  +6.93889390390722837765e-17+j2.08166817117216851329e-17
  +6.93889390390722837765e-17+j2.77555756156289135106e-17
  +8.32667268468867405318e-17+j2.08166817117216851329e-17
  +6.93889390390722837765e-17+j1.73472347597680709441e-17
  +9.71445146547011972871e-17+j2.08166817117216851329e-17
  +8.32667268468867405318e-17+j1.38777878078144567553e-17
  +8.32667268468867405318e-17+j1.73472347597680709441e-17
  +8.32667268468867405318e-17+j1.38777878078144567553e-17
  +6.93889390390722837765e-17+j1.21430643318376496609e-17
  +8.32667268468867405318e-17+j1.38777878078144567553e-17
  +5.55111512312578270212e-17+j5.20417042793042128324e-18
  +6.93889390390722837765e-17+j6.93889390390722837765e-18
  +9.71445146547011972871e-17+j8.67361737988403547206e-18
  +9.71445146547011972871e-17+j7.80625564189563192485e-18
  +8.32667268468867405318e-17+j4.33680868994201773603e-18
  +8.32667268468867405318e-17+j3.03576608295941241522e-18
  +8.32667268468867405318e-17+j1.73472347597680709441e-18
  +6.93889390390722837765e-17+j1.35525271560688054251e-19
  +8.32667268468867405318e-17-j1.30104260698260532081e-18
  +9.71445146547011972871e-17-j3.46944695195361418882e-18
  +9.71445146547011972871e-17-j6.07153216591882483044e-18
  +8.32667268468867405318e-17-j5.20417042793042128324e-18
  +9.71445146547011972871e-17-j8.67361737988403547206e-18
  +6.93889390390722837765e-17-j8.67361737988403547206e-18
  +6.93889390390722837765e-17-j8.67361737988403547206e-18
  +6.93889390390722837765e-17-j1.21430643318376496609e-17
  +9.71445146547011972871e-17-j1.56125112837912638497e-17
  +6.93889390390722837765e-17-j1.38777878078144567553e-17
  +6.93889390390722837765e-17-j1.38777878078144567553e-17
  +8.32667268468867405318e-17-j1.73472347597680709441e-17
  +6.93889390390722837765e-17-j1.73472347597680709441e-17
  +8.32667268468867405318e-17-j2.42861286636752993218e-17
  +6.93889390390722837765e-17-j2.08166817117216851329e-17
  +6.93889390390722837765e-17-j2.42861286636752993218e-17
  +8.32667268468867405318e-17-j2.77555756156289135106e-17
  +6.93889390390722837765e-17-j2.42861286636752993218e-17
  +6.93889390390722837765e-17-j3.12250225675825276994e-17
  +6.93889390390722837765e-17-j2.77555756156289135106e-17
  +6.93889390390722837765e-17-j3.46944695195361418882e-17
  +5.55111512312578270212e-17-j2.77555756156289135106e-17
  +6.93889390390722837765e-17-j2.77555756156289135106e-17
  +5.55111512312578270212e-17-j2.77555756156289135106e-17
  +5.55111512312578270212e-17-j2.08166817117216851329e-17
  +5.55111512312578270212e-17-j2.08166817117216851329e-17
  +5.55111512312578270212e-17-j2.77555756156289135106e-17
  +5.55111512312578270212e-17-j2.77555756156289135106e-17
  +6.93889390390722837765e-17-j3.46944695195361418882e-17
  +4.16333634234433702659e-17-j2.77555756156289135106e-17
  +5.55111512312578270212e-17-j3.46944695195361418882e-17
  +6.93889390390722837765e-17-j4.16333634234433702659e-17
  +4.85722573273505986435e-17-j4.16333634234433702659e-17
  +4.85722573273505986435e-17-j3.46944695195361418882e-17
  +4.85722573273505986435e-17-j4.16333634234433702659e-17
  +4.85722573273505986435e-17-j3.46944695195361418882e-17
  +4.16333634234433702659e-17-j3.46944695195361418882e-17
  +5.55111512312578270212e-17-j4.85722573273505986435e-17
  +4.16333634234433702659e-17-j3.46944695195361418882e-17
  +4.16333634234433702659e-17-j2.77555756156289135106e-17
  +4.85722573273505986435e-17-j4.16333634234433702659e-17
  +4.16333634234433702659e-17-j3.46944695195361418882e-17
  +3.46944695195361418882e-17-j4.16333634234433702659e-17
  +4.85722573273505986435e-17-j4.16333634234433702659e-17
  +4.85722573273505986435e-17-j4.16333634234433702659e-17
  +2.77555756156289135106e-17-j4.16333634234433702659e-17
  +2.77555756156289135106e-17-j3.46944695195361418882e-17
  +2.77555756156289135106e-17-j3.46944695195361418882e-17
  +2.08166817117216851329e-17-j3.46944695195361418882e-17
  +3.12250225675825276994e-17-j4.16333634234433702659e-17
  +2.08166817117216851329e-17-j3.46944695195361418882e-17
  +3.12250225675825276994e-17-j3.46944695195361418882e-17
  +3.12250225675825276994e-17-j4.85722573273505986435e-17
  +2.08166817117216851329e-17-j3.46944695195361418882e-17
  +2.42861286636752993218e-17-j3.46944695195361418882e-17
  +2.42861286636752993218e-17-j3.46944695195361418882e-17
  +1.73472347597680709441e-17-j4.16333634234433702659e-17
  +1.73472347597680709441e-17-j3.46944695195361418882e-17
  +1.38777878078144567553e-17-j3.46944695195361418882e-17
  +1.56125112837912638497e-17-j2.77555756156289135106e-17
  +1.38777878078144567553e-17-j2.77555756156289135106e-17
  +1.04083408558608425665e-17-j3.12250225675825276994e-17
  +1.21430643318376496609e-17-j2.77555756156289135106e-17
  +8.67361737988403547206e-18-j2.08166817117216851329e-17
  +1.04083408558608425665e-17-j2.42861286636752993218e-17
  +1.12757025938492461137e-17-j2.77555756156289135106e-17
  +6.93889390390722837765e-18-j2.42861286636752993218e-17
  +5.20417042793042128324e-18-j2.08166817117216851329e-17
  +3.46944695195361418882e-18-j1.73472347597680709441e-17
  +4.33680868994201773603e-18-j1.73472347597680709441e-17
  +2.60208521396521064162e-18-j1.73472347597680709441e-17
  +2.16840434497100886801e-18-j1.73472347597680709441e-17
  +2.16840434497100886801e-18-j1.21430643318376496609e-17
  +1.73472347597680709441e-18-j8.67361737988403547206e-18
  +1.08420217248550443401e-18-j8.67361737988403547206e-18
  +7.58941520739853103805e-19-j6.93889390390722837765e-18
  +9.75781955236953990607e-19-j7.80625564189563192485e-18
  +3.79470760369926551903e-19-j6.93889390390722837765e-18
  +2.16840434497100886801e-19-j4.33680868994201773603e-18
  +5.42101086242752217004e-20-j1.73472347597680709441e-18
  +2.11758236813575084767e-21-j3.79470760369926551903e-19
  +1.01643953670516040688e-20+j8.67361737988403547206e-19
  +1.08420217248550443401e-19+j3.46944695195361418882e-18
  +2.16840434497100886801e-19+j5.20417042793042128324e-18
  +1.62630325872825665101e-19+j4.33680868994201773603e-18
  +6.50521303491302660404e-19+j6.93889390390722837765e-18
  +1.30104260698260532081e-18+j8.67361737988403547206e-18
  +1.73472347597680709441e-18+j1.21430643318376496609e-17
  +2.16840434497100886801e-18+j1.21430643318376496609e-17
  +2.16840434497100886801e-18+j1.04083408558608425665e-17
  +3.03576608295941241522e-18+j1.73472347597680709441e-17
  +4.77048955893621950963e-18+j2.08166817117216851329e-17
  +5.20417042793042128324e-18+j2.08166817117216851329e-17
  +5.20417042793042128324e-18+j1.73472347597680709441e-17
  +6.07153216591882483044e-18+j2.08166817117216851329e-17
  +8.67361737988403547206e-18+j2.08166817117216851329e-17
  +5.20417042793042128324e-18+j2.42861286636752993218e-17
  +8.67361737988403547206e-18+j2.42861286636752993218e-17
  +1.21430643318376496609e-17+j3.12250225675825276994e-17
  +1.04083408558608425665e-17+j2.08166817117216851329e-17
  +1.04083408558608425665e-17+j2.42861286636752993218e-17
  +1.56125112837912638497e-17+j3.46944695195361418882e-17
  +1.38777878078144567553e-17+j2.77555756156289135106e-17
  +1.73472347597680709441e-17+j2.77555756156289135106e-17
  +1.38777878078144567553e-17+j3.46944695195361418882e-17
  +1.73472347597680709441e-17+j3.46944695195361418882e-17
  +2.08166817117216851329e-17+j3.46944695195361418882e-17
  +2.08166817117216851329e-17+j3.46944695195361418882e-17
  +2.77555756156289135106e-17+j4.16333634234433702659e-17
  +2.42861286636752993218e-17+j3.46944695195361418882e-17
  +2.42861286636752993218e-17+j3.46944695195361418882e-17
  +3.12250225675825276994e-17+j4.16333634234433702659e-17
  +3.46944695195361418882e-17+j4.16333634234433702659e-17
  +4.16333634234433702659e-17+j3.46944695195361418882e-17
  +3.46944695195361418882e-17+j3.46944695195361418882e-17
  +3.46944695195361418882e-17+j3.46944695195361418882e-17
  +2.77555756156289135106e-17+j4.85722573273505986435e-17
  +3.46944695195361418882e-17+j3.46944695195361418882e-17
  +4.16333634234433702659e-17+j4.16333634234433702659e-17
  +2.08166817117216851329e-17+j2.77555756156289135106e-17
  +4.16333634234433702659e-17+j4.16333634234433702659e-17
  +4.16333634234433702659e-17+j3.46944695195361418882e-17
</dep>
