<Qucs Dataset 1.0.7>
<indep L_trans_mm 1>
  +5.00000000000000010408e-04
</indep>
<indep L_trans 1>
  +5.00000000000000000000e-01
</indep>
<indep L_feed_mm 1>
  +1.00000000000000002082e-02
</indep>
<indep L_feed 1>
  +1.00000000000000000000e+01
</indep>
<indep W0_mm 1>
  +1.08000000000000001381e-03
</indep>
<indep W0 1>
  +1.08000000000000007105e+00
</indep>
<indep S_coupled_mm 1>
  +2.99999999999999973719e-04
</indep>
<indep S_coupled 1>
  +2.99999999999999988898e-01
</indep>
<indep W_coupled_mm 1>
  +1.00000000000000002082e-03
</indep>
<indep W_coupled 1>
  +1.00000000000000000000e+00
</indep>
<indep L_coupled_mm 1>
  +2.27499999999999993894e-02
</indep>
<indep L_coupled 1>
  +2.27500000000000000000e+01
</indep>
<indep mm 1>
  +1.00000000000000002082e-03
</indep>
<indep frequency 200>
  +1.00000000000000000000e+08
  +1.24623115577889442444e+08
  +1.49246231155778884888e+08
  +1.73869346733668327332e+08
  +1.98492462311557769775e+08
  +2.23115577889447212219e+08
  +2.47738693467336684465e+08
  +2.72361809045226097107e+08
  +2.96984924623115539551e+08
  +3.21608040201004981995e+08
  +3.46231155778894424438e+08
  +3.70854271356783926487e+08
  +3.95477386934673368931e+08
  +4.20100502512562811375e+08
  +4.44723618090452253819e+08
  +4.69346733668341696262e+08
  +4.93969849246231138706e+08
  +5.18592964824120581150e+08
  +5.43216080402009963989e+08
  +5.67839195979899406433e+08
  +5.92462311557788848877e+08
  +6.17085427135678291321e+08
  +6.41708542713567852974e+08
  +6.66331658291457295418e+08
  +6.90954773869346737862e+08
  +7.15577889447236180305e+08
  +7.40201005025125622749e+08
  +7.64824120603015065193e+08
  +7.89447236180904507637e+08
  +8.14070351758793950081e+08
  +8.38693467336683392525e+08
  +8.63316582914572834969e+08
  +8.87939698492462277412e+08
  +9.12562814070351719856e+08
  +9.37185929648241162300e+08
  +9.61809045226130604744e+08
  +9.86432160804020047188e+08
  +1.01105527638190948963e+09
  +1.03567839195979893208e+09
  +1.06030150753768837452e+09
  +1.08492462311557769775e+09
  +1.10954773869346714020e+09
  +1.13417085427135658264e+09
  +1.15879396984924602509e+09
  +1.18341708542713570595e+09
  +1.20804020100502514839e+09
  +1.23266331658291459084e+09
  +1.25728643216080403328e+09
  +1.28190954773869347572e+09
  +1.30653266331658291817e+09
  +1.33115577889447236061e+09
  +1.35577889447236180305e+09
  +1.38040201005025124550e+09
  +1.40502512562814068794e+09
  +1.42964824120603013039e+09
  +1.45427135678391957283e+09
  +1.47889447236180901527e+09
  +1.50351758793969845772e+09
  +1.52814070351758790016e+09
  +1.55276381909547734261e+09
  +1.57738693467336678505e+09
  +1.60201005025125622749e+09
  +1.62663316582914566994e+09
  +1.65125628140703511238e+09
  +1.67587939698492455482e+09
  +1.70050251256281399727e+09
  +1.72512562814070343971e+09
  +1.74974874371859288216e+09
  +1.77437185929648232460e+09
  +1.79899497487437176704e+09
  +1.82361809045226120949e+09
  +1.84824120603015065193e+09
  +1.87286432160804009438e+09
  +1.89748743718592953682e+09
  +1.92211055276381897926e+09
  +1.94673366834170842171e+09
  +1.97135678391959786415e+09
  +1.99597989949748730659e+09
  +2.02060301507537674904e+09
  +2.04522613065326619148e+09
  +2.06984924623115563393e+09
  +2.09447236180904507637e+09
  +2.11909547738693451881e+09
  +2.14371859296482396126e+09
  +2.16834170854271316528e+09
  +2.19296482412060260773e+09
  +2.21758793969849205017e+09
  +2.24221105527638149261e+09
  +2.26683417085427141190e+09
  +2.29145728643216085434e+09
  +2.31608040201005029678e+09
  +2.34070351758793973923e+09
  +2.36532663316582918167e+09
  +2.38994974874371862411e+09
  +2.41457286432160806656e+09
  +2.43919597989949750900e+09
  +2.46381909547738695145e+09
  +2.48844221105527639389e+09
  +2.51306532663316583633e+09
  +2.53768844221105527878e+09
  +2.56231155778894472122e+09
  +2.58693467336683416367e+09
  +2.61155778894472360611e+09
  +2.63618090452261304855e+09
  +2.66080402010050249100e+09
  +2.68542713567839193344e+09
  +2.71005025125628137589e+09
  +2.73467336683417081833e+09
  +2.75929648241206026077e+09
  +2.78391959798994970322e+09
  +2.80854271356783914566e+09
  +2.83316582914572858810e+09
  +2.85778894472361803055e+09
  +2.88241206030150747299e+09
  +2.90703517587939691544e+09
  +2.93165829145728635788e+09
  +2.95628140703517580032e+09
  +2.98090452261306524277e+09
  +3.00552763819095468521e+09
  +3.03015075376884412766e+09
  +3.05477386934673357010e+09
  +3.07939698492462301254e+09
  +3.10402010050251245499e+09
  +3.12864321608040189743e+09
  +3.15326633165829133987e+09
  +3.17788944723618078232e+09
  +3.20251256281407022476e+09
  +3.22713567839195966721e+09
  +3.25175879396984910965e+09
  +3.27638190954773855209e+09
  +3.30100502512562799454e+09
  +3.32562814070351743698e+09
  +3.35025125628140687943e+09
  +3.37487437185929632187e+09
  +3.39949748743718576431e+09
  +3.42412060301507520676e+09
  +3.44874371859296464920e+09
  +3.47336683417085409164e+09
  +3.49798994974874353409e+09
  +3.52261306532663297653e+09
  +3.54723618090452241898e+09
  +3.57185929648241186142e+09
  +3.59648241206030130386e+09
  +3.62110552763819074631e+09
  +3.64572864321608018875e+09
  +3.67035175879396963120e+09
  +3.69497487437185907364e+09
  +3.71959798994974851608e+09
  +3.74422110552763795853e+09
  +3.76884422110552740097e+09
  +3.79346733668341684341e+09
  +3.81809045226130628586e+09
  +3.84271356783919572830e+09
  +3.86733668341708517075e+09
  +3.89195979899497461319e+09
  +3.91658291457286405563e+09
  +3.94120603015075349808e+09
  +3.96582914572864294052e+09
  +3.99045226130653238297e+09
  +4.01507537688442182541e+09
  +4.03969849246231126785e+09
  +4.06432160804020071030e+09
  +4.08894472361809015274e+09
  +4.11356783919597959518e+09
  +4.13819095477386903763e+09
  +4.16281407035175848007e+09
  +4.18743718592964792252e+09
  +4.21206030150753736496e+09
  +4.23668341708542680740e+09
  +4.26130653266331624985e+09
  +4.28592964824120569229e+09
  +4.31055276381909561157e+09
  +4.33517587939698410034e+09
  +4.35979899497487449646e+09
  +4.38442211055276298523e+09
  +4.40904522613065338135e+09
  +4.43366834170854282379e+09
  +4.45829145728643226624e+09
  +4.48291457286432170868e+09
  +4.50753768844221115112e+09
  +4.53216080402010059357e+09
  +4.55678391959799003601e+09
  +4.58140703517587947845e+09
  +4.60603015075376892090e+09
  +4.63065326633165836334e+09
  +4.65527638190954780579e+09
  +4.67989949748743724823e+09
  +4.70452261306532669067e+09
  +4.72914572864321613312e+09
  +4.75376884422110557556e+09
  +4.77839195979899501801e+09
  +4.80301507537688446045e+09
  +4.82763819095477390289e+09
  +4.85226130653266334534e+09
  +4.87688442211055278778e+09
  +4.90150753768844223022e+09
  +4.92613065326633167267e+09
  +4.95075376884422111511e+09
  +4.97537688442211055756e+09
  +5.00000000000000000000e+09
</indep>
<dep isolated frequency>
  -4.79779007792598690685e+01
  -4.60759915836889319962e+01
  -4.45203264610433180337e+01
  -4.32049930256522003447e+01
  -4.20663989181069837286e+01
  -4.10633510972045598919e+01
  -4.01676312488365567788e+01
  -3.93590592475066998190e+01
  -3.86227015970841947023e+01
  -3.79471953295199284639e+01
  -3.73236918670592459080e+01
  -3.67451645299495623931e+01
  -3.62059390743401792179e+01
  -3.57013662577556516453e+01
  -3.52275878013889780505e+01
  -3.47813655012171381031e+01
  -3.43599540851162217336e+01
  -3.39610050317881189130e+01
  -3.35824927235951236071e+01
  -3.32226569867160108629e+01
  -3.28799578413938462518e+01
  -3.25530394760896157891e+01
  -3.22407012791751341751e+01
  -3.19418743324239819970e+01
  -3.16556021768226543145e+01
  -3.13810249525404145743e+01
  -3.11173662284799803501e+01
  -3.08639219926923331627e+01
  -3.06200513934606313171e+01
  -3.03851689084161513676e+01
  -3.01587376862647857934e+01
  -2.99402638584059417326e+01
  -2.97292916563962208443e+01
  -2.95253992037380044167e+01
  -2.93281948743427136606e+01
  -2.91373141300637037432e+01
  -2.89524167645096781598e+01
  -2.87731844938816934132e+01
  -2.85993188446944976988e+01
  -2.84305392969868009345e+01
  -2.82665816482553076128e+01
  -2.81071965684140252506e+01
  -2.79521483211701138316e+01
  -2.78012136306854458212e+01
  -2.76541806751784200458e+01
  -2.75108481923484760046e+01
  -2.73710246830845882471e+01
  -2.72345277020941196611e+01
  -2.71011832254355233829e+01
  -2.69708250864152958570e+01
  -2.68432944720164421426e+01
  -2.67184394736599273301e+01
  -2.65961146860120720703e+01
  -2.64761808490260186488e+01
  -2.63585045283528884852e+01
  -2.62429578303412824880e+01
  -2.61294181477206031161e+01
  -2.60177679328209592313e+01
  -2.59078944952971497173e+01
  -2.57996898218201842212e+01
  -2.56930504149596217189e+01
  -2.55878771495120496127e+01
  -2.54840751438161170483e+01
  -2.53815536443464395688e+01
  -2.52802259219665081957e+01
  -2.51800091779794925628e+01
  -2.50808244588004747300e+01
  -2.49825965777339753515e+01
  -2.48852540426001986873e+01
  -2.47887289881369454747e+01
  -2.46929571121261659528e+01
  -2.45978776141312209802e+01
  -2.45034331361107682312e+01
  -2.44095697041249692916e+01
  -2.43162366702565115872e+01
  -2.42233866542392846100e+01
  -2.41309754842213131099e+01
  -2.40389621360934988559e+01
  -2.39473086710095373064e+01
  -2.38559801708246865815e+01
  -2.37649446710465426236e+01
  -2.36741730912085230898e+01
  -2.35836391623451966382e+01
  -2.34933193517962770613e+01
  -2.34031927849134291364e+01
  -2.33132411640417842591e+01
  -2.32234486846338086252e+01
  -2.31338019487481396652e+01
  -2.30442898759544299025e+01
  -2.29549036120562561791e+01
  -2.28656364356298951179e+01
  -2.27764836627688396220e+01
  -2.26874425503447056940e+01
  -2.25985121979707415107e+01
  -2.25096934490701841014e+01
  -2.24209887913554268835e+01
  -2.23324022569833857688e+01
  -2.22439393228158586169e+01
  -2.21556068110099175783e+01
  -2.20674127903231749315e+01
  -2.19793664783762245918e+01
  -2.18914781452643154580e+01
  -2.18037590186531744507e+01
  -2.17162211907698079472e+01
  -2.16288775274107827329e+01
  -2.15417415792770263749e+01
  -2.14548274957697842069e+01
  -2.13681499414611799637e+01
  -2.12817240154232756311e+01
  -2.11955651734536907327e+01
  -2.11096891534563155801e+01
  -2.10241119039229928944e+01
  -2.09388495156961305099e+01
  -2.08539181570163698609e+01
  -2.07693340118827087792e+01
  -2.06851132217746034314e+01
  -2.06012718307129958362e+01
  -2.05178257336320442050e+01
  -2.04347906280783142563e+01
  -2.03521819691458425439e+01
  -2.02700149276223839934e+01
  -2.01883043512809052800e+01
  -2.01070647292418414054e+01
  -2.00263101593205234963e+01
  -1.99460543182919813887e+01
  -1.98663104349729522369e+01
  -1.97870912660225286572e+01
  -1.97084090743748987506e+01
  -1.96302756102041833230e+01
  -1.95527020943085290128e+01
  -1.94756992038273608614e+01
  -1.93992770601819550791e+01
  -1.93234452191391028464e+01
  -1.92482126628991139228e+01
  -1.91735877941085348652e+01
  -1.90995784316988270746e+01
  -1.90261918084594441325e+01
  -1.89534345702491826557e+01
  -1.88813127767518551536e+01
  -1.88098319036957519756e+01
  -1.87389968464422125294e+01
  -1.86688119248644426307e+01
  -1.85992808894341230541e+01
  -1.85304069284362462611e+01
  -1.84621926762361781016e+01
  -1.83946402225250800200e+01
  -1.83277511224713052229e+01
  -1.82615264077077519289e+01
  -1.81959665980879421454e+01
  -1.81310717141445181255e+01
  -1.80668412901863426612e+01
  -1.80032743879715724233e+01
  -1.79403696108961661082e+01
  -1.78781251186387777352e+01
  -1.78165386422042786307e+01
  -1.77556074993091002057e+01
  -1.76953286100543074610e+01
  -1.76356985128319152523e+01
  -1.75767133804127411167e+01
  -1.75183690361635591159e+01
  -1.74606609703457884564e+01
  -1.74035843564440995124e+01
  -1.73471340674803684578e+01
  -1.72913046922650366355e+01
  -1.72360905515436932944e+01
  -1.71814857139911723038e+01
  -1.71274840120168718727e+01
  -1.70740790573380856188e+01
  -1.70212642562826239612e+01
  -1.69690328247855184429e+01
  -1.69173778030446051446e+01
  -1.68662920697999716424e+01
  -1.68157683562091868623e+01
  -1.67657992592887659100e+01
  -1.67163772548913804883e+01
  -1.66674947102010371225e+01
  -1.66191438957173680535e+01
  -1.65713169967128450821e+01
  -1.65240061241459912367e+01
  -1.64772033250114304792e+01
  -1.64309005921196238376e+01
  -1.63850898732929621815e+01
  -1.63397630799701971682e+01
  -1.62949120952185033673e+01
  -1.62505287811435756851e+01
  -1.62066049857084379937e+01
  -1.61631325489502799542e+01
  -1.61201033086109184467e+01
  -1.60775091051853920021e+01
  -1.60353417863926637210e+01
  -1.59935932110886742663e+01
  -1.59522552526282606067e+01
  -1.59113198016979300320e+01
  -1.58707787686295951346e+01
  -1.58306240852232793515e+01
  -1.57908477060913572387e+01
  -1.57514416095535647599e+01
  -1.57123977981029039341e+01
  -1.56737082984686555420e+01
  -1.56353651613045876445e+01
</dep>
<dep coupled frequency>
  -3.67697546971728144172e+01
  -3.48652271733876091275e+01
  -3.33076437032979271180e+01
  -3.19908864043377114683e+01
  -3.08512598316797728160e+01
  -2.98475153062511111557e+01
  -2.89514037955375869160e+01
  -2.81427288967195678993e+01
  -2.74065499191045631733e+01
  -2.67315028326422137184e+01
  -2.61087424063853568157e+01
  -2.55312486585287174989e+01
  -2.49933567182648417315e+01
  -2.44904289437325104473e+01
  -2.40186205791884930250e+01
  -2.35747086521297859463e+01
  -2.31559646771479954452e+01
  -2.27600583622295644659e+01
  -2.23849836773789121480e+01
  -2.20290013304659808568e+01
  -2.16905934670191911096e+01
  -2.13684276043890690744e+01
  -2.10613276305112187003e+01
  -2.07682502698552973186e+01
  -2.04882658253310765417e+01
  -2.02205422970983690334e+01
  -1.99643321923804890616e+01
  -1.97189614974955773619e+01
  -1.94838204008113429211e+01
  -1.92583554437331940790e+01
  -1.90420628442147297221e+01
  -1.88344827891562047739e+01
  -1.86351945320332745837e+01
  -1.84438121635633258677e+01
  -1.82599809477964463156e+01
  -1.80833741356152657431e+01
  -1.79136901831382395756e+01
  -1.77506503151409873453e+01
  -1.75939963836139980913e+01
  -1.74434889798372658731e+01
  -1.72989057650439974623e+01
  -1.71600399901989604246e+01
  -1.70266991800069398266e+01
  -1.68987039599911170740e+01
  -1.67758870085730400490e+01
  -1.66580921187556967311e+01
  -1.65451733561407507977e+01
  -1.64369943018866742079e+01
  -1.63334273707528545572e+01
  -1.62343531957118472064e+01
  -1.61396600716962694833e+01
  -1.60492434520739912784e+01
  -1.59630054921805317747e+01
  -1.58808546350198618313e+01
  -1.58027052347914178654e+01
  -1.57284772144825879536e+01
  -1.56580957541679381961e+01
  -1.55914910070894396910e+01
  -1.55285978409162535030e+01
  -1.54693556019059652584e+01
  -1.54137078999051837513e+01
  -1.53616024124397849704e+01
  -1.53129907062614467605e+01
  -1.52678280749546413375e+01
  -1.52260733913631440828e+01
  -1.51876889736999522995e+01
  -1.51526404643877654621e+01
  -1.51208967207462858795e+01
  -1.50924297167599270608e+01
  -1.50672144552617410795e+01
  -1.50452288899453989757e+01
  -1.50264538566789251917e+01
  -1.50108730136941321831e+01
  -1.49984727902773666841e+01
  -1.49892423436304049744e+01
  -1.49831735236558678537e+01
  -1.49802608454630394874e+01
  -1.49805014694315659085e+01
  -1.49838951887343974079e+01
  -1.49904444242732139969e+01
  -1.50001542270045451488e+01
  -1.50130322877109456670e+01
  -1.50290889542840648829e+01
  -1.50483372566960476036e+01
  -1.50707929397970055163e+01
  -1.50964745042224386395e+01
  -1.51254032556779733909e+01
  -1.51576033629725728247e+01
  -1.51931019251967232009e+01
  -1.52319290485592411244e+01
  -1.52741179334059946626e+01
  -1.53197049720752360713e+01
  -1.53687298583181579659e+01
  -1.54212357090879415011e+01
  -1.54772691996379663237e+01
  -1.55368807129740194028e+01
  -1.56001245048289778339e+01
  -1.56670588855071546419e+01
  -1.57377464200770589287e+01
  -1.58122541486120411491e+01
  -1.58906538283664637845e+01
  -1.59730222000530908133e+01
  -1.60594412806127628812e+01
  -1.61499986852482315669e+01
  -1.62447879817971667649e+01
  -1.63439090809832663354e+01
  -1.64474686665283655884e+01
  -1.65555806696858063276e+01
  -1.66683667933990697918e+01
  -1.67859570919969023350e+01
  -1.69084906132780723453e+01
  -1.70361161107652350211e+01
  -1.71689928351772707060e+01
  -1.73072914155212878029e+01
  -1.74511948418695830298e+01
  -1.76008995638629279767e+01
  -1.77566167212880259285e+01
  -1.79185735258591449792e+01
  -1.80870148166931485889e+01
  -1.82622048159330674366e+01
  -1.84444291158573889788e+01
  -1.86339969346864293698e+01
  -1.88312436854794356123e+01
  -1.90365339113232501234e+01
  -1.92502646508967671934e+01
  -1.94728693119507951792e+01
  -1.97048221470552213930e+01
  -1.99466434470782090216e+01
  -2.01989055945224116329e+01
  -2.04622401527667854282e+01
  -2.07373462108017392325e+01
  -2.10250002592625797604e+01
  -2.13260679468740406151e+01
  -2.16415181628301453998e+01
  -2.19724400186705146609e+01
  -2.23200634750273394502e+01
  -2.26857845917823262027e+01
  -2.30711967003880857874e+01
  -2.34781292426751200253e+01
  -2.39086966493086023888e+01
  -2.43653605321778563564e+01
  -2.48510097783581969111e+01
  -2.53690650828278805307e+01
  -2.59236174103679530845e+01
  -2.65196144519774108517e+01
  -2.71631164065647823236e+01
  -2.78616542811595415685e+01
  -2.86247438818908470637e+01
  -2.94646435122724881239e+01
  -3.03975066035118572927e+01
  -3.14452003501643559957e+01
  -3.26383001304666180431e+01
  -3.40212706110718912100e+01
  -3.56619490659398934440e+01
  -3.76699158623191578954e+01
  -4.02328019648473755865e+01
  -4.36673101458892816140e+01
  -4.80425101574704953578e+01
  -4.88690634671092283270e+01
  -4.45803056076878974068e+01
  -4.09025476667331915337e+01
  -3.81782076865601140980e+01
  -3.60665601731643263861e+01
  -3.43552527984204374434e+01
  -3.29214136175582012811e+01
  -3.16899989862667581519e+01
  -3.06124030185591244901e+01
  -2.96555293858963473497e+01
  -2.87958978736283697231e+01
  -2.80162787213309947276e+01
  -2.73036695884649951438e+01
  -2.66480247086832662262e+01
  -2.60414258178217465911e+01
  -2.54775234291905761097e+01
  -2.49511495677906189883e+01
  -2.44580426900124869860e+01
  -2.39946480416813869851e+01
  -2.35579699840749583473e+01
  -2.31454608958442733524e+01
  -2.27549363157527650969e+01
  -2.23845092384235009320e+01
  -2.20325386087220707054e+01
  -2.16975884914342316279e+01
  -2.13783953709771843421e+01
  -2.10738417158857060940e+01
  -2.07829344231486921046e+01
  -2.05047871015309084441e+01
  -2.02386054029410011879e+01
  -1.99836747945167871876e+01
  -1.97393503006224726448e+01
  -1.95050478465603553957e+01
  -1.92802369135819198220e+01
  -1.90644342744104200449e+01
  -1.88571986244753269091e+01
  -1.86581259599327680121e+01
  -1.84668455816145495874e+01
  -1.82830166262962059420e+01
  -1.81063250443166730008e+01
  -1.79364809567371779053e+01
  -1.77732163366169650942e+01
</dep>
<dep through frequency>
  -1.84905820465645111261e-02
  -2.13160384414526650476e-02
  -2.40948577881333649009e-02
  -2.68675816158995064975e-02
  -2.96600636173577729415e-02
  -3.24896319952222220606e-02
  -3.53682427430001555813e-02
  -3.83042472614803578002e-02
  -4.13034543432953468733e-02
  -4.43698042606081866079e-02
  -4.75058163739892277966e-02
  -5.07128978949823311373e-02
  -5.39915640198121507543e-02
  -5.73415995351871238261e-02
  -6.07621806337461795033e-02
  -6.42519689975816349348e-02
  -6.78091861121751515729e-02
  -7.14316732216816741019e-02
  -7.51169406585784765751e-02
  -7.88622091880162301436e-02
  -8.26644452633303189470e-02
  -8.65203915615072038925e-02
  -9.04265938221350401571e-02
  -9.43794247413759640475e-02
  -9.83751054952712727930e-02
  -1.02409725322541278469e-01
  -1.06479259505489323723e-01
  -1.10579585997553422883e-01
  -1.14706500904976652078e-01
  -1.18855732975092137638e-01
  -1.23022957212721467668e-01
  -1.27203807727382989246e-01
  -1.31393889882564202098e-01
  -1.35588791814177933581e-01
  -1.39784095365629329466e-01
  -1.43975386483014250460e-01
  -1.48158265100524128011e-01
  -1.52328354548284583547e-01
  -1.56481310503348902685e-01
  -1.60612829505278442710e-01
  -1.64718657054716416388e-01
  -1.68794595308330519501e-01
  -1.72836510386556230223e-01
  -1.76840339305943256010e-01
  -1.80802096547600238408e-01
  -1.84717880273833456872e-01
  -1.88583878203208099578e-01
  -1.92396373154237021463e-01
  -1.96151748267630626765e-01
  -1.99846491917361340773e-01
  -2.03477202318832622874e-01
  -2.07040591844487170681e-01
  -2.10533491055011762194e-01
  -2.13952852455451925096e-01
  -2.17295753984671241588e-01
  -2.20559402246312485918e-01
  -2.23741135489804759962e-01
  -2.26838426348974497859e-01
  -2.29848884346011805846e-01
  -2.32770258167991100917e-01
  -2.35600437723562677883e-01
  -2.38337455985442370210e-01
  -2.40979490626336223524e-01
  -2.43524865453694810968e-01
  -2.45972051648951473002e-01
  -2.48319668817517658077e-01
  -2.50566485853462472821e-01
  -2.52711421624561949351e-01
  -2.54753545481648635551e-01
  -2.56692077596806400575e-01
  -2.58526389133197309622e-01
  -2.60256002251557594374e-01
  -2.61880589955679199399e-01
  -2.63399975778772166279e-01
  -2.64814133315903144084e-01
  -2.66123185602622047696e-01
  -2.67327404342897256839e-01
  -2.68427208988516685650e-01
  -2.69423165672038555929e-01
  -2.70315985993516194608e-01
  -2.71106525664288167121e-01
  -2.71795783008041469397e-01
  -2.72384897322033137090e-01
  -2.72875147096595771501e-01
  -2.73267948098465995876e-01
  -2.73564851315159451861e-01
  -2.73767540764129624353e-01
  -2.73877831166179530609e-01
  -2.73897665486549535263e-01
  -2.73829112341356650795e-01
  -2.73674363274634235843e-01
  -2.73435729905172897336e-01
  -2.73115640944074644647e-01
  -2.72716639086568790606e-01
  -2.72241377778169701962e-01
  -2.71692617857186569097e-01
  -2.71073224076826546636e-01
  -2.70386161506776634411e-01
  -2.69634491818433796873e-01
  -2.68821369454946335065e-01
  -2.67950037689603681734e-01
  -2.67023824573485113465e-01
  -2.66046138777967011713e-01
  -2.65020465332126475833e-01
  -2.63950361260708366018e-01
  -2.62839451124054712672e-01
  -2.61691422465167244926e-01
  -2.60510021166735272757e-01
  -2.59299046721123138681e-01
  -2.58062347420411397625e-01
  -2.56803815466165319403e-01
  -2.55527382007840420108e-01
  -2.54237012111107663070e-01
  -2.52936699662243469344e-01
  -2.51630462213499384028e-01
  -2.50322335773838111628e-01
  -2.49016369550332544724e-01
  -2.47716620646602325717e-01
  -2.46427148721793276565e-01
  -2.45152010617765953038e-01
  -2.43895254959016927199e-01
  -2.42660916731698955706e-01
  -2.41453011847713977511e-01
  -2.40275531700517852585e-01
  -2.39132437718279855510e-01
  -2.38027655921537489858e-01
  -2.36965071491882478538e-01
  -2.35948523358335410238e-01
  -2.34981798808332587036e-01
  -2.34068628130770062246e-01
  -2.33212679297823716196e-01
  -2.32417552693243018025e-01
  -2.31686775894357099848e-01
  -2.31023798515493483663e-01
  -2.30431987120404246916e-01
  -2.29914620211577547249e-01
  -2.29474883304141785700e-01
  -2.29115864092295229426e-01
  -2.28840547716676945278e-01
  -2.28651812140056698297e-01
  -2.28552423640071444844e-01
  -2.28545032426707206419e-01
  -2.28632168393027801478e-01
  -2.28816237006834760637e-01
  -2.29099515351658289397e-01
  -2.29484148325167724991e-01
  -2.29972145002599492880e-01
  -2.30565375173352155036e-01
  -2.31265566058306559771e-01
  -2.32074299215638213401e-01
  -2.32993007642211230612e-01
  -2.34022973077877449732e-01
  -2.35165323519763685978e-01
  -2.36421030952821686899e-01
  -2.37790909303552178145e-01
  -2.39275612622255079431e-01
  -2.40875633500252928076e-01
  -2.42591301726681807249e-01
  -2.44422783190481274218e-01
  -2.46370079031059147079e-01
  -2.48433025042924693349e-01
  -2.50611291336488184456e-01
  -2.52904382258982929343e-01
  -2.55311636577474077026e-01
  -2.57832227926328316769e-01
  -2.60465165519803809602e-01
  -2.63209295131448139937e-01
  -2.66063300339878905376e-01
  -2.69025704040794122474e-01
  -2.72094870224210416687e-01
  -2.75269006015353867589e-01
  -2.78546163977043237381e-01
  -2.81924244670671064750e-01
  -2.85400999472581407002e-01
  -2.88974033641709648901e-01
  -2.92640809634093279623e-01
  -2.96398650658988238593e-01
  -3.00244744471062030566e-01
  -3.04176147392583806628e-01
  -3.08189788558658528395e-01
  -3.12282474378567265205e-01
  -3.16450893205616534676e-01
  -3.20691620207181116164e-01
  -3.25001122426911648322e-01
  -3.29375764029851192394e-01
  -3.33811811721563378441e-01
  -3.38305440331693851874e-01
  -3.42852738552297253705e-01
  -3.47449714820609600885e-01
  -3.52092303336596967878e-01
  -3.56776370204172299516e-01
  -3.61497719686212581891e-01
  -3.66252100561954452296e-01
  -3.71035212576812656327e-01
  -3.75842712972926318304e-01
  -3.80670223090271930833e-01
  -3.85513335027080350503e-01
  -3.90367618348717859700e-01
  -3.95228626834441931770e-01
  -4.00091905251019952505e-01
</dep>
<dep RL frequency>
  -4.67101338580542204681e+01
  -4.48138642555211532681e+01
  -4.32658508063922724318e+01
  -4.19599500923198291957e+01
  -4.08324512529103671454e+01
  -3.98420951549365511823e+01
  -3.89606250039285058051e+01
  -3.81678382141931749061e+01
  -3.74487888740733794180e+01
  -3.67921083494899292532e+01
  -3.61889471995900109391e+01
  -3.56322814908056457739e+01
  -3.51164425592598945514e+01
  -3.46367890689623578737e+01
  -3.41894726240390554040e+01
  -3.37712666301004986735e+01
  -3.33794389816436449792e+01
  -3.30116557466914244401e+01
  -3.26659072260551752720e+01
  -3.23404504240350263444e+01
  -3.20337637383190525497e+01
  -3.17445108951438648148e+01
  -3.14715119434901104967e+01
  -3.12137197236282446511e+01
  -3.09702006079812548478e+01
  -3.07401186241092219120e+01
  -3.05227222634920671851e+01
  -3.03173334603640221019e+01
  -3.01233383159731680223e+01
  -2.99401792543131151092e+01
  -2.97673483502578477555e+01
  -2.96043816255342271404e+01
  -2.94508541523176532451e+01
  -2.93063758281767690050e+01
  -2.91705877178724328758e+01
  -2.90431588710285453203e+01
  -2.89237835469594450899e+01
  -2.88121787825140174277e+01
  -2.87080822563179864915e+01
  -2.86112504060803019001e+01
  -2.85214567637443394688e+01
  -2.84384904810651448770e+01
  -2.83621550181266854906e+01
  -2.82922669748534794110e+01
  -2.82286550479068978348e+01
  -2.81711590963086599970e+01
  -2.81196293033826627550e+01
  -2.80739254232926143118e+01
  -2.80339161025099841140e+01
  -2.79994782667723320913e+01
  -2.79704965677497199295e+01
  -2.79468628809763295351e+01
  -2.79284758509642117019e+01
  -2.79152404775932403425e+01
  -2.79070677399939945929e+01
  -2.79038742535335337891e+01
  -2.79055819569916820910e+01
  -2.79121178266974396820e+01
  -2.79234136151215430743e+01
  -2.79394056112417175086e+01
  -2.79600344212895244311e+01
  -2.79852447670676873770e+01
  -2.80149853010001557152e+01
  -2.80492084360623721295e+01
  -2.80878701891725484074e+01
  -2.81309300372387092182e+01
  -2.81783507843037064333e+01
  -2.82300984392373166543e+01
  -2.82861421028302864045e+01
  -2.83464538637240153207e+01
  -2.84110087021824675446e+01
  -2.84797844014174330596e+01
  -2.85527614656169568264e+01
  -2.86299230440042542511e+01
  -2.87112548609442619352e+01
  -2.87967451510163030548e+01
  -2.88863845990447458689e+01
  -2.89801662842962350908e+01
  -2.90780856288834890222e+01
  -2.91801403495014426426e+01
  -2.92863304123002592405e+01
  -2.93966579905385536620e+01
  -2.95111274243273022932e+01
  -2.96297451820918169574e+01
  -2.97525198233950014526e+01
  -2.98794619620406685101e+01
  -3.00105842292292415152e+01
  -3.01459012355783997350e+01
  -3.02854295314484858181e+01
  -3.04291875639902471562e+01
  -3.05771956299703617788e+01
  -3.07294758225695971987e+01
  -3.08860519703744600406e+01
  -3.10469495661813645881e+01
  -3.12121956832049960440e+01
  -3.13818188746572062087e+01
  -3.15558490538570666217e+01
  -3.17343173491917305284e+01
  -3.19172559286696326808e+01
  -3.21046977871688596906e+01
  -3.22966764877527623412e+01
  -3.24932258481569604669e+01
  -3.26943795587535959157e+01
  -3.29001707191484342729e+01
  -3.31106312754907534668e+01
  -3.33257913374799414896e+01
  -3.35456783505849074345e+01
  -3.37703160929872154838e+01
  -3.39997234625077666692e+01
  -3.42339130089292282833e+01
  -3.44728891628930966817e+01
  -3.47166460991455565477e+01
  -3.49651651630554454186e+01
  -3.52184117764267767825e+01
  -3.54763317223276075651e+01
  -3.57388466964670641346e+01
  -3.60058489899111009436e+01
  -3.62771951569124126991e+01
  -3.65526984985731857591e+01
  -3.68321201830335098748e+01
  -3.71151588124231892607e+01
  -3.74014382498705728608e+01
  -3.76904935400462193229e+01
  -3.79817548019396724612e+01
  -3.82745290622445963891e+01
  -3.85679801383455682640e+01
  -3.88611069015392089909e+01
  -3.91527205707369958532e+01
  -3.94414221231799118073e+01
  -3.97255814836353593478e+01
  -4.00033208484162798868e+01
  -4.02725052856810492585e+01
  -4.05307445248027846674e+01
  -4.07754104339449341410e+01
  -4.10036748345730828191e+01
  -4.12125716863679940616e+01
  -4.13990859767835814864e+01
  -4.15602686622439065900e+01
  -4.16933728262679323961e+01
  -4.17960013734431541366e+01
  -4.18662521103238915998e+01
  -4.19028433099122636918e+01
  -4.19052030730294262639e+01
  -4.18735095689657725870e+01
  -4.18086760817169178495e+01
  -4.17122831616124329912e+01
  -4.15864679675391641922e+01
  -4.14337861988051159301e+01
  -4.12570638399167819443e+01
  -4.10592544251271007738e+01
  -4.08433136746838130193e+01
  -4.06120985254305466583e+01
  -4.03682929956325011744e+01
  -4.01143597562436866610e+01
  -3.98525139997372548351e+01
  -3.95847151262283389883e+01
  -3.93126716038758559080e+01
  -3.90378547879894526318e+01
  -3.87615181931802581516e+01
  -3.84847195103678814121e+01
  -3.82083434030048181285e+01
  -3.79331237522428992293e+01
  -3.76596645163947272295e+01
  -3.73884587446897072027e+01
  -3.71199055451156851859e+01
  -3.68543249863345607764e+01
  -3.65919710193618001881e+01
  -3.63330425709115871769e+01
  -3.60776929915300996754e+01
  -3.58260380489985124086e+01
  -3.55781626540195716757e+01
  -3.53341264940221151392e+01
  -3.50939687335443650795e+01
  -3.48577119218437587733e+01
  -3.46253652328187939702e+01
  -3.43969271423819975553e+01
  -3.41723876361693115200e+01
  -3.39517300249354434527e+01
  -3.37349324334002034220e+01
  -3.35219690187092709266e+01
  -3.33128109644666352551e+01
  -3.31074272896331365246e+01
  -3.29057855049180218998e+01
  -3.27078521434084521502e+01
  -3.25135931884107378664e+01
  -3.23229744165935244382e+01
  -3.21359616725989880592e+01
  -3.19525210872949401164e+01
  -3.17726192504783995219e+01
  -3.15962233468832138783e+01
  -3.14233012623149967624e+01
  -3.12538216661026879706e+01
  -3.10877540744178375576e+01
  -3.09250688987358479665e+01
  -3.07657374822678022497e+01
  -3.06097321273835696331e+01
  -3.04570261158518249545e+01
  -3.03075937237775825395e+01
  -3.01614102326527770970e+01
  -3.00184519375115854700e+01
</dep>
<dep S[1,1] frequency>
  +8.02607924899564699993e-04+j4.54814382076038688923e-03
  +1.22902849461356002657e-03+j5.61222421072262150216e-03
  +1.74279058393950344284e-03+j6.64119203829344889600e-03
  +2.34118302484253486620e-03+j7.62883647245495531697e-03
  +3.02104249465760159657e-03+j8.56915905864256803592e-03
  +3.77877970977405237135e-03+j9.45640652468346387671e-03
  +4.61040367699916929511e-03+j1.02851010994295805068e-02
  +5.51154611493829584001e-03+j1.10500686150064256902e-02
  +6.47748685113795370089e-03+j1.17464644929355984532e-02
  +7.50318045288689457195e-03+j1.23697975501968222140e-02
  +8.58328414555789911966e-03+j1.29159516104952968446e-02
  +9.71218695208712033684e-03+j1.33812048176593072907e-02
  +1.08840399357022638016e-02+j1.37622466191431799820e-02
  +1.20927873861995695270e-02+j1.40561923232735089956e-02
  +1.33321987748880078917e-02+j1.42605952162333793343e-02
  +1.45959013105769214863e-02+j1.43734561980044858037e-02
  +1.58774128781765874741e-02+j1.43932309027341980706e-02
  +1.71701752016907120690e-02+j1.43188343382775890023e-02
  +1.84675870132307851090e-02+j1.41496430266023175137e-02
  +1.97630370467903153375e-02+j1.38854946866347004480e-02
  +2.10499366904504832398e-02+j1.35266855190058973846e-02
  +2.23217520857855629413e-02+j1.30739651246237105486e-02
  +2.35720355366273101594e-02+j1.25285291577309637612e-02
  +2.47944560388235687998e-02+j1.18920097716237842256e-02
  +2.59828287982515337973e-02+j1.11664639793144417762e-02
  +2.71311435758107531713e-02+j1.03543600152044192736e-02
  +2.82335917541110675844e-02+j9.45856183430502338305e-03
  +2.92845919707484109162e-02+j8.48231184854944877949e-03
  +3.02788142457505356220e-02+j7.42921206055406450897e-03
  +3.12112024862404927039e-02+j6.30320370464105238228e-03
  +3.20769952902054469868e-02+j5.10854556241554028095e-03
  +3.28717449889420684772e-02+j3.84979107703121211509e-03
  +3.35913348545565648706e-02+j2.53176442564288914014e-03
  +3.42319944436663831100e-02+j1.15953569761096698942e-03
  +3.47903130334382554301e-02-j2.61604676865405220976e-04
  +3.52632511401199527645e-02-j1.72617209633398917268e-03
  +3.56481500963146125116e-02-j3.22851441021153491573e-03
  +3.59427397055420913552e-02-j4.76283885045914075207e-03
  +3.61451439733413981692e-02-j6.32323913407644919160e-03
  +3.62538849441153415709e-02-j7.90372259805041839364e-03
  +3.62678846765453061218e-02-j9.49823723795085311794e-03
  +3.61864653885184198168e-02-j1.11006985253017352588e-02
  +3.60093478318159049278e-02-j1.27050158798591751597e-02
  +3.57366479445670806592e-02-j1.43051186917169011192e-02
  +3.53688718432199136754e-02-j1.58949817784242788954e-02
  +3.49069092254146728926e-02-j1.74686501835853193187e-02
  +3.43520252538965023548e-02-j1.90202632206617865129e-02
  +3.37058509985018947552e-02-j2.05440776801565708198e-02
  +3.29703725157162383375e-02-j2.20344901218178512714e-02
  +3.21479186562746988010e-02-j2.34860581783803944178e-02
  +3.12411476760281643650e-02-j2.48935208117892561863e-02
  +3.02530327480420510589e-02-j2.62518174661394952663e-02
  +2.91868464596377399922e-02-j2.75561060645738917230e-02
  +2.80461443851636460511e-02-j2.88017798140253189487e-02
  +2.68347478264906041945e-02-j2.99844827765426286126e-02
  +2.55567258084796362916e-02-j3.11001241853349381927e-02
  +2.42163764209670819005e-02-j3.21448914774935187721e-02
  +2.28182075941012196818e-02-j3.31152620300306649304e-02
  +2.13669173932806016891e-02-j3.40080135877116121468e-02
  +1.98673739212825405109e-02-j3.48202333772763689135e-02
  +1.83245949076739529648e-02-j3.55493259059272773137e-02
  +1.67437270688271903907e-02-j3.61930194518210249233e-02
  +1.51300253172337965946e-02-j3.67493712508638950553e-02
  +1.34888318937234647638e-02-j3.72167713956251394736e-02
  +1.18255554998184762849e-02-j3.75939454612353035623e-02
  +1.01456504999941684447e-02-j3.78799558769849636919e-02
  +8.45459625883217269493e-03-j3.80742020697225763692e-02
  +6.75787668547831333471e-03-j3.81764194006545612425e-02
  +5.06096003926226854774e-03-j3.81866769277180856390e-02
  +3.36927906513147246148e-03-j3.81053740210167343760e-02
  +1.68821150779408868728e-03-j3.79332358671500974312e-02
  +2.30610657125048836014e-05-j3.76713078944284837646e-02
  -1.62096116715255717661e-03-j3.73209491574522794766e-02
  -3.23875472519409872071e-03-j3.68838247192943211039e-02
  -4.82534720622220490716e-03-j3.63618970687253420526e-02
  -6.37591108323104678590e-03-j3.57574166158912479241e-02
  -7.88577984501661125027e-03-j3.50729113066772651974e-02
  -9.35046343094455938150e-03-j3.43111753999518348524e-02
  -1.07656629180600468820e-02-j3.34752574507929182013e-02
  -1.21272844322502203196e-02-j3.25684475454278976603e-02
  -1.34314522470826425149e-02-j3.15942638335220890577e-02
  -1.46745210412793924970e-02-j3.05564384040768813322e-02
  -1.58530872865941460659e-02-j2.94589025535995571725e-02
  -1.69639997433074646294e-02-j2.83057714926155633284e-02
  -1.80043690327271951879e-02-j2.71013285420388244651e-02
  -1.89715762733010176455e-02-j2.58500088668985814055e-02
  -1.98632807540134841140e-02-j2.45563827992137939660e-02
  -2.06774266320026919863e-02-j2.32251388000329767047e-02
  -2.14122486344188560359e-02-j2.18610661139515653761e-02
  -2.20662767570386289528e-02-j2.04690371659882672239e-02
  -2.26383399426986105241e-02-j1.90539897568264594840e-02
  -2.31275687338668642368e-02-j1.76209091087358819816e-02
  -2.35333968926465485205e-02-j1.61748098156296038486e-02
  -2.38555619827061915483e-02-j1.47207177542175247226e-02
  -2.40941049114711883239e-02-j1.32636520102779355279e-02
  -2.42493684362442146751e-02-j1.18086068756490386589e-02
  -2.43219946323841931801e-02-j1.03605339741384017832e-02
  -2.43129213349391887222e-02-j8.92432457016140850969e-03
  -2.42233775597262869506e-02-j7.50479211910345077319e-03
  -2.40548779167755744091e-02-j6.10665511460099265373e-03
  -2.38092160316299185363e-02-j4.73452029094213050486e-03
  -2.34884569901836134931e-02-j3.39286623454438784203e-03
  -2.30949288324949174311e-02-j2.08602746407672177617e-03
  -2.26312131163570774695e-02-j8.18179030698861463333e-04
  -2.21001345796733722482e-02+j4.06678303291307160355e-04
  -2.15047499337510036876e-02+j1.58473225697935635181e-03
  -2.08483358205852759015e-02+j2.71237253947628200942e-03
  -2.01343759737238163499e-02+j3.78620362519007649590e-03
  -1.93665476211559266229e-02+j4.80305674713999656428e-03
  -1.85487071798274005818e-02+j5.76000105815947620325e-03
  -1.76848752836764565310e-02+j6.65435391955360860949e-03
  -1.67792212014359412575e-02+j7.48369026972021435251e-03
  -1.58360466959918989860e-02+j8.24585103711425460027e-03
  -1.48597693820827631006e-02+j8.93895055849578540341e-03
  -1.38549056455946999200e-02+j9.56138296975582446802e-03
  -1.28260531819256069774e-02+j1.01118275392467864282e-02
  -1.17778732249854412029e-02+j1.05892529191112701181e-02
  -1.07150725287640958411e-02+j1.09929202891522435903e-02
  -9.64238517373573744695e-03+j1.13223853800685364535e-02
  -8.56455426845469103281e-03+j1.15774993590366317986e-02
  -7.48631361878113361918e-03+j1.17584085710500316213e-02
  -6.41236943801421627187e-03+j1.18655531319957468356e-02
  -5.34738217143589968094e-03+j1.18996643741033306801e-02
  -4.29594851229870428044e-03+j1.18617611508813041582e-02
  -3.26258367983101515639e-03+j1.17531450122873339093e-02
  -2.25170403578684157758e-03+j1.15753942673732564822e-02
  -1.26761011283036827309e-03+j1.13303569560240444125e-02
  -3.14470124385465865137e-04+j1.10201427562813657896e-02
  +6.03695971761782166493e-04+j1.06471138610754554460e-02
  +1.48303178886884665447e-03+j1.02138748594973443468e-02
  +2.31985914009232669850e-03+j9.72326166658301488388e-03
  +3.11069191781193719187e-03+j9.17832954781063435623e-03
  +3.85224916494072283646e-03+j8.58234028906341636644e-03
  +4.54146728086123226131e-03+j7.93874856931933367554e-03
  +5.17551131183438279521e-03+j7.25118759450931425758e-03
  +5.75178527661078953931e-03+j6.52345405734597316716e-03
  +6.26794148723734591971e-03+j5.75949248818017831009e-03
  +6.72188882481351314413e-03+j4.96337906864667294943e-03
  +7.11179993706429099121e-03+j4.13930498028756976847e-03
  +7.43611733421578428860e-03+j3.29155936092181446162e-03
  +7.69355835612003761959e-03+j2.42451194883585002121e-03
  +7.88311899888974668138e-03+j1.54259548924393433134e-03
  +8.00407658860745330198e-03+j6.50287983342479752880e-04
  +8.05599129777115514905e-03-j2.47905140621602557149e-04
  +8.03870650637153461027e-03-j1.14746885642119569176e-03
  +7.95234801406257199585e-03-j2.04389628926661837821e-03
  +7.79732211772469346878e-03-j2.93270631046342513532e-03
  +7.57431257048236591944e-03-j3.80946089788767108808e-03
  +7.28427644817879887951e-03-j4.66978219114411695345e-03
  +6.92843895205996936071e-03-j5.50936916932451628548e-03
  +6.50828718093111706355e-03-j6.32401388117389932908e-03
  +6.02556291251043520119e-03-j7.10961716275284802413e-03
  +5.48225443740944784476e-03-j7.86220378129667135658e-03
  +4.88058749265990986232e-03-j8.57793694484512182774e-03
  +4.22301534633231709370e-03-j9.25313212568232984490e-03
  +3.51220808779346971296e-03-j9.88427014526515115844e-03
  +2.75104118116400488125e-03-j1.04680094781412214022e-02
  +1.94258334180662933788e-03-j1.10011977314818203133e-02
  +1.09008379833408150517e-03-j1.14808822668778058584e-02
  +1.96959004070426310640e-04-j1.19043199320993820650e-02
  -7.33221137332776273787e-04-j1.22689858791857620002e-02
  -1.69674746538405439578e-03-j1.25725814459555773617e-02
  -2.68978610969623863763e-03-j1.28130410877352086951e-02
  -3.70839332328914104975e-03-j1.29885383470746910289e-02
  -4.74853053704414954095e-03-j1.30974908583501858939e-02
  -5.80607956893845235380e-03-j1.31385643828174254744e-02
  -6.87685792538505515081e-03-j1.31106758810079788297e-02
  -7.95663413095522124852e-03-j1.30129956303946404256e-02
  -9.04114302623051230290e-03-j1.28449483987510080368e-02
  -1.01261009750601080337e-02-j1.26062136909943587476e-02
  -1.12072209247658181180e-02-j1.22967250900896957894e-02
  -1.22802272653140982783e-02-j1.19166687139422525915e-02
  -1.33408704369603076795e-02-j1.14664808151437921241e-02
  -1.43849412380305744646e-02-j1.09468445548955677082e-02
  -1.54082847872578608539e-02-j1.03586859793667902113e-02
  -1.64068141000276168651e-02-j9.70316923619488069797e-03
  -1.73765232386440850176e-02-j8.98169106468106083485e-03
  -1.83135000021383970159e-02-j8.19587459773140833419e-03
  -1.92139381232920847253e-02-j7.34756251585389277836e-03
  -2.00741489438300245440e-02-j6.43880959064080729548e-03
  -2.08905725428097377439e-02-j5.47187466025475348352e-03
  -2.16597882954653528365e-02-j4.44921207754706699022e-03
  -2.23785248432051449285e-02-j3.37346267131445089194e-03
  -2.30436694590331267452e-02-j2.24744426336255520571e-03
  -2.36522767941719919138e-02-j1.07414178126096632182e-03
  -2.42015769966605689967e-02+j1.43302991501824752985e-04
  -2.46889831922018875010e-02+j1.40160198916732502139e-03
  -2.51120983233303653182e-02+j2.69733171982744403955e-03
  -2.54687213432108067179e-02+j4.02694436720903679860e-03
  -2.57568527625094065292e-02+j5.38677910004518780557e-03
  -2.59746995515409313804e-02+j6.77307355165631883032e-03
  -2.61206793994804738201e-02+j8.18197543596353889239e-03
  -2.61934243361259047611e-02+j9.60955426491252873156e-03
  -2.61917837216121239530e-02+j1.10518131338564334909e-02
  -2.61148266122405575684e-02+j1.25047005453629064137e-02
  -2.59618435108248529763e-02+j1.39641222385790825244e-02
  -2.57323475116906091875e-02+j1.54259529975679047370e-02
  -2.54260748510935219446e-02+j1.68860484099116504864e-02
  -2.50429848751516845318e-02+j1.83402565488197701049e-02
  -2.45832594374773005796e-02+j1.97844295552765982171e-02
</dep>
<dep S[1,4] frequency>
  -5.28594598517855679930e-04-j3.95605523673486260405e-03
  -8.87667869595975167658e-04-j4.88827275061358510616e-03
  -1.32748476015102229164e-03-j5.79253367684282212402e-03
  -1.84550632113354533270e-03-j6.66349156287715429364e-03
  -2.43900332974558795712e-03-j7.49597683647373544402e-03
  -3.10500470664573299806e-03-j8.28501553847454594304e-03
  -3.84027954791612809518e-03-j9.02584865188315287055e-03
  -4.64133542588470501128e-03-j9.71395103967820014446e-03
  -5.50442561742135912095e-03-j1.03450494567542544688e-02
  -6.42556174987544709981e-03-j1.09151393107483774686e-02
  -7.40053000491664152855e-03-j1.14204999548727422626e-02
  -8.42490979710958792781e-03-j1.18577083592129439021e-02
  -9.49409423344034497649e-03-j1.22236510509421518467e-02
  -1.06033118708206211545e-02-j1.25155342443276848541e-02
  -1.17476494048121063440e-02-j1.27308921090403832227e-02
  -1.29220749960225755881e-02-j1.28675931428456867545e-02
  -1.41214619801424932921e-02-j1.29238446407017610468e-02
  -1.53406127419394456429e-02-j1.28981952627435746128e-02
  -1.65742825504556941241e-02-j1.27895357269271550682e-02
  -1.78172031722670480558e-02-j1.25970976634854642945e-02
  -1.90641060929986755346e-02-j1.23204506816931413232e-02
  -2.03097451889882422982e-02-j1.19594977184802678249e-02
  -2.15489187054608774541e-02-j1.15144687425255461827e-02
  -2.27764904078638467932e-02-j1.09859129051799939147e-02
  -2.39874097862615813515e-02-j1.03746892348745758244e-02
  -2.51767312048231627075e-02-j9.68195598348624286711e-03
  -2.63396319006484296021e-02-j8.90915873588646843595e-03
  -2.74714287496609331496e-02-j8.05801740687885764691e-03
  -2.85675937291682037478e-02-j7.13051224713822859314e-03
  -2.96237680201871904362e-02-j6.12886898735808677285e-03
  -3.06357747058377399840e-02-j5.05554325392459837779e-03
  -3.15996300330019311287e-02-j3.91320438348639887405e-03
  -3.25115532194816814204e-02-j2.70471877321627057755e-03
  -3.33679747986634633872e-02-j1.43313289385249716633e-03
  -3.41655435068658891451e-02-j1.01656096245090663520e-04
  -3.49011317283470026696e-02+j1.28635666500575424065e-03
  -3.55718395262363609732e-02+j2.72742206724895007788e-03
  -3.61749972938209540807e-02+j4.21794550114504632199e-03
  -3.67081670735717111032e-02+j5.75423788531471362001e-03
  -3.71691425977944550629e-02+j7.33253211110887134772e-03
  -3.75559481126087404967e-02+j8.94899902060078931976e-03
  -3.78668360560771924406e-02+j1.05997628272871870919e-02
  -3.81002836646051681879e-02+j1.22809158993290382100e-02
  -3.82549885883066084769e-02+j1.39885328316694274725e-02
  -3.83298636021651706329e-02+j1.57186837422787599461e-02
  -3.83240305001489936498e-02+j1.74674467373733995068e-02
  -3.82368132653402373333e-02+j1.92309194983306709636e-02
  -3.80677306090864003840e-02+j2.10052299528593472422e-02
  -3.78164879744909768200e-02+j2.27865460012645487664e-02
  -3.74829690987745420272e-02+j2.45710842778059067315e-02
  -3.70672272310460654277e-02+j2.63551179355597381404e-02
  -3.65694760966528628621e-02+j2.81349834518177764620e-02
  -3.59900807029470415355e-02+j2.99070864588906991377e-02
  -3.53295480737403910787e-02+j3.16679066134410297506e-02
  -3.45885180010609347145e-02+j3.34140015244130048067e-02
  -3.37677538952237399350e-02+j3.51420097668349307174e-02
  -3.28681338136180486997e-02+j3.68486530156795014102e-02
  -3.18906417421063043127e-02+j3.85307373393232246994e-02
  -3.08363591985129116557e-02+j4.01851536987438695547e-02
  -2.97064572217344384508e-02+j4.18088777024965899121e-02
  -2.85021888070811635352e-02+j4.33989686736137719736e-02
  -2.72248818373188004871e-02+j4.49525680866174753847e-02
  -2.58759325588185547240e-02+j4.64668974382532531942e-02
  -2.44567996419210696712e-02+j4.79392556173537515152e-02
  -2.29689988589297719446e-02+j4.93670158413065524039e-02
  -2.14140984086744097514e-02+j5.07476222299973120378e-02
  -1.97937149069914060384e-02+j5.20785860871154013263e-02
  -1.81095100586235908946e-02+j5.33574819611256703777e-02
  -1.63631880183345776447e-02+j5.45819435580248701889e-02
  -1.45564934426603131284e-02+j5.57496595770089753419e-02
  -1.26912102278237941960e-02+j5.68583695396767258012e-02
  -1.07691609233736152601e-02+j5.79058596831229441260e-02
  -8.79220680470921799043e-03+j5.88899589836188938619e-02
  -6.76224858207206350885e-03+j5.98085353761577190324e-02
  -4.68122771897505791927e-03+j6.06594922335844111139e-02
  -2.55112832632321383936e-03+j6.14407651642297977790e-02
  -3.73979595258899333125e-04+j6.21503191842521993116e-02
  +1.84814127397757736390e-03+j6.27861463178091411264e-02
  +4.11310569341873447091e-03+j6.33462636731732114947e-02
  +6.41872990959902953167e-03+j6.38287120382906719707e-02
  +8.76277088006058996195e-03+j6.42315550361152870495e-02
  +1.11429218611191378774e-02+j6.45528788733819580692e-02
  +1.35568077667512724288e-02+j6.47907927135239342098e-02
  +1.60019803598832922875e-02+j6.49434296956187540051e-02
  +1.84759133401426363374e-02+j6.50089486211300610075e-02
  +2.09759973928819141997e-02+j6.49855363191175761095e-02
  +2.34995352655707374911e-02+j6.48714106992802769236e-02
  +2.60437369378781549689e-02+j6.46648244939260763431e-02
  +2.86057149526576376397e-02+j6.43640696862361749719e-02
  +3.11824799729831861339e-02+j6.39674826141989755213e-02
  +3.37709366318522802297e-02+j6.34734497369488642748e-02
  +3.63678797380997398392e-02+j6.28804140423208646205e-02
  +3.89699909009966413698e-02+j6.21868820696458088348e-02
  +4.15738356344906648254e-02+j6.13914315175718913742e-02
  +4.41758609985356265337e-02+j6.04927194002757087632e-02
  +4.67723938328583541124e-02+j5.94894907110537149442e-02
  +4.93596396352091806858e-02+j5.83805875480846864223e-02
  +5.19336821314753602219e-02+j5.71649586518297794790e-02
  +5.44904835829143133208e-02+j5.58416693001332134494e-02
  +5.70258858695101011893e-02+j5.44099115029744451189e-02
  +5.95356123854558702546e-02+j5.28690144355525720732e-02
  +6.20152707762718705120e-02+j5.12184550447608230583e-02
  +6.44603565440870912573e-02+j4.94578687623103627202e-02
  +6.68662575396879177436e-02+j4.75870602542782378253e-02
  +6.92282593567444953786e-02+j4.56060141360142001776e-02
  +7.15415516360671521756e-02+j4.35149055791254693593e-02
  +7.38012352834969548310e-02+j4.13141107364626974929e-02
  +7.60023305977327590099e-02+j3.90042169108146749568e-02
  +7.81397862989897801222e-02+j3.65860323922074653913e-02
  +8.02084894443442497636e-02+j3.40605958896819799309e-02
  +8.22032762070162986712e-02+j3.14291854843011392306e-02
  +8.41189434944766556423e-02+j2.86933270306912978354e-02
  +8.59502613710695917426e-02+j2.58548019374481678756e-02
  +8.76919862473632266697e-02+j2.29156542579124940240e-02
  +8.93388747921271542118e-02+j1.98781970263100897511e-02
  +9.08856985172757092517e-02+j1.67450177769460674393e-02
  +9.23272589815098826405e-02+j1.35189831882528872786e-02
  +9.36584035536470460581e-02+j1.02032427969180172073e-02
  +9.48740416713662049197e-02+j6.80123173242114676534e-03
  +9.59691615281342697008e-02+j3.31667242659644881386e-03
  +9.69388471164440990169e-02-j2.46424741940537731996e-04
  +9.77782955524973268480e-02-j3.88376190285859941229e-03
  +9.84828346046195401975e-02-j7.59075527784331457321e-03
  +9.90479403452649842521e-02-j1.13625379160255217392e-02
  +9.94692548442817070509e-02-j1.51939635976810552553e-02
  +9.97426038199520498262e-02-j1.90796119169757590062e-02
  +9.98640141633187899961e-02-j2.30137945478515910935e-02
  +9.98297312507148287830e-02-j2.69905626907141829585e-02
  +9.96362359597223051777e-02-j3.10037156908163219482e-02
  +9.92802613043681780880e-02-j3.50468108135649214496e-02
  +9.87588086064464243385e-02-j3.91131741544238631381e-02
  +9.80691631217234793816e-02-j4.31959126554391642516e-02
  +9.72089090417061346683e-02-j4.72879271945189361137e-02
  +9.61759437946531625663e-02-j5.13819267067764651191e-02
  +9.49684915723863626313e-02-j5.54704432923823209656e-02
  +9.35851160133306381184e-02-j5.95458482593290705509e-02
  +9.20247319759933679606e-02-j6.36003690448005143399e-02
  +9.02866163417793826662e-02-j6.76261069537769932136e-02
  +8.83704177905630383627e-02-j7.16150556495652734768e-02
  +8.62761654979305875335e-02-j7.55591203261990612683e-02
  +8.40042767080236979504e-02-j7.94501374901037393794e-02
  +8.15555631417679838258e-02-j8.32798952747429155341e-02
  +7.89312362061247857481e-02-j8.70401542095678160127e-02
  +7.61329109760944533480e-02-j9.07226683624667573635e-02
  +7.31626089269661328274e-02-j9.43192067736600969763e-02
  +7.00227594009726617141e-02-j9.78215750974733705414e-02
  +6.67161997984259541594e-02-j1.01221637368211242469e-01
  +6.32461744896005845229e-02-j1.04511337806276638496e-01
  +5.96163324497276173042e-02-j1.07682722581127682249e-01
  +5.58307236258203942736e-02-j1.10727961448429668145e-01
  +5.18937940491343285832e-02-j1.13639369180638660772e-01
  +4.78103797134257699208e-02-j1.16409426711661961873e-01
  +4.35856992443485469213e-02-j1.19030801918721562682e-01
  +3.92253453900396759080e-02-j1.21496369967387662925e-01
  +3.47352753685890650037e-02-j1.23799233148449039366e-01
  +3.01218001118935159444e-02-j1.25932740138997079082e-01
  +2.53915724498574892076e-02-j1.27890504623602019318e-01
  +2.05515742826750287542e-02-j1.29666423215435366867e-01
  +1.56091027924068134758e-02-j1.31254692621316532142e-01
  +1.05717557478648901959e-02-j1.32649825999058834647e-01
  +5.44741595964194722651e-03-j1.33846668459860790312e-01
  +2.44234944360547301043e-04-j1.34840411673156190808e-01
  -5.02938414121861104844e-03-j1.35626607535899446066e-01
  -1.03648042337464076773e-02-j1.36201180872975363689e-01
  -1.57531727018244277483e-02-j1.36560441139984778403e-01
  -2.11854402246681346178e-02-j1.36701093104426546487e-01
  -2.66523801476635097130e-02-j1.36620246485591040342e-01
  -3.21446082501157109901e-02-j1.36315424538081347849e-01
  -3.76526028612994834166e-02-j1.35784571568173861866e-01
  -4.31667252623275030099e-02-j1.35026059376127716138e-01
  -4.86772403107956150303e-02-j1.34038692621861937893e-01
  -5.41743372279216220400e-02-j1.32821713114860795457e-01
  -5.96481504881493790338e-02-j1.31374803032909270861e-01
  -6.50887807534510365315e-02-j1.29698087077472962170e-01
  -7.04863157959174785328e-02-j1.27792133576850569510e-01
  -7.58308513546687712470e-02-j1.25657954550661615789e-01
  -8.11125118742997558430e-02-j1.23297004752530275917e-01
  -8.63214710751136066191e-02-j1.20711179709599006338e-01
  -9.14479723070905914373e-02-j1.17902812779931434606e-01
  -9.64823486414789904808e-02-j1.14874671251176757591e-01
  -1.01415042656920015296e-01-j1.11629951504881544389e-01
  -1.06236625878559573510e-01-j1.08172273273013666572e-01
  -1.10937817831071608432e-01-j1.04505673014442551638e-01
  -1.15509504668882406753e-01-j1.00634596440001305995e-01
  -1.19942757348705408837e-01-j9.65638902163591800187e-02
  -1.24228849311872432959e-01-j9.22987928791011713603e-02
  -1.28359273645919064188e-01-j8.78449249868047538081e-02
  -1.32325759696696937384e-01-j8.32082785481051134813e-02
  -1.36120289104452146800e-01-j7.83952057542703500959e-02
  -1.39735111238943943146e-01-j7.34124070506076420450e-02
  -1.43162758010571933287e-01-j6.82669185797019212325e-02
  -1.46396058035957343790e-01-j6.29660990306998291643e-02
  -1.49428150138412513259e-01-j5.75176159279254736734e-02
  -1.52252496164876988116e-01-j5.19294313936679921562e-02
  -1.54862893102760745823e-01-j4.62097874187331128515e-02
  -1.57253484481346128554e-01-j4.03671906758208895449e-02
  -1.59418771043935619813e-01-j3.44103969099493756101e-02
  -1.61353620678324677362e-01-j2.83483949406922453029e-02
  -1.63053277594448764454e-01-j2.21903903111964166672e-02
  -1.64513370739464842574e-01-j1.59457886186396800843e-02
</dep>
<dep S[1,3] frequency>
  +2.45096564376335711993e-03+j1.42962405726266075789e-02
  +3.71618977735120375669e-03+j1.76744142952964013171e-02
  +5.24108585261186428472e-03+j2.09629114767347253523e-02
  +7.02006459892061569772e-03+j2.41454236028605419284e-02
  +9.04639886901382160589e-03+j2.72060072441368330787e-02
  +1.13123145002340386167e-02+j3.01291570451897618155e-02
  +1.38090537347231243070e-02+j3.28998714376840112328e-02
  +1.65269279766142689059e-02+j3.55037133011350050649e-02
  +1.94553667649579320464e-02+j3.79268665264769905265e-02
  +2.25829660466973607125e-02+j4.01561888893837634629e-02
  +2.58975371940894545653e-02+j4.21792613858030587815e-02
  +2.93861574397448685469e-02+j4.39844340559134155955e-02
  +3.30352220040321109540e-02+j4.55608682639659021141e-02
  +3.68304979779832328268e-02+j4.68985753726709198030e-02
  +4.07571798996043607732e-02+j4.79884517439794905380e-02
  +4.47999468912459314351e-02+j4.88223099973101454241e-02
  +4.89430211769925488374e-02+j4.93929064683463550645e-02
  +5.31702277757608171571e-02+j4.96939648184406695952e-02
  +5.74650551434939815820e-02+j4.97201957641670994059e-02
  +6.18107165323599980211e-02+j4.94673129072928097205e-02
  +6.61902118267701233822e-02+j4.89320446634746164527e-02
  +7.05863896151863456918e-02+j4.81121423052996710634e-02
  +7.49820092593993653418e-02+j4.70063841474683136168e-02
  +7.93598027245322329426e-02+j4.56145759213356719042e-02
  +8.37025359396509627263e-02+j4.39375473982238431980e-02
  +8.79930694654209033523e-02+j4.19771453361511628910e-02
  +9.22144182527127737048e-02+j3.97362228369770933978e-02
  +9.63498102858529048564e-02+j3.72186252146534599095e-02
  +1.00382743912765887151e-01+j3.44291724860381342932e-02
  +1.04297043676513823129e-01+j3.13736386039193820841e-02
  +1.08076914471779320093e-01+j2.80587275665253182977e-02
  +1.11706993862588116473e-01+j2.44920465388988317645e-02
  +1.15172402408376506333e-01+j2.06820761367763339411e-02
  +1.18458791858114115270e-01+j1.66381380218450780628e-02
  +1.21552391083137298344e-01+j1.23703599697479148245e-02
  +1.24440049631807853059e-01+j7.88963857141650876104e-03
  +1.27109278801310787710e-01+j3.20759973464275049276e-03
  +1.29548290132302734712e-01-j1.66344284576644212657e-03
  +1.31746031244882960687e-01-j6.71053107835142045173e-03
  +1.33692218944742868825e-01-j1.19201075549494068390e-02
  +1.35377369539206288129e-01-j1.72780621476597978647e-02
  +1.36792826314170223867e-01-j2.27697799507161312282e-02
  +1.37930784131977374196e-01-j2.83801903975109438838e-02
  +1.38784311120725589728e-01-j3.40938173814556155783e-02
  +1.39347367434939251041e-01-j3.98948302144936303715e-02
  +1.39614821075852602039e-01-j4.57670952563988334139e-02
  +1.39582460768851390753e-01-j5.16942280520434477298e-02
  +1.39247005902970844016e-01-j5.76596458169490802548e-02
  +1.38606113545627851469e-01-j6.36466201135866549432e-02
  +1.37658382552519165110e-01-j6.96383295650533223897e-02
  +1.36403354800296611193e-01-j7.56179124561059401444e-02
  +1.34841513574835758504e-01-j8.15685190752814676118e-02
  +1.32974279155921942808e-01-j8.74733636554495541660e-02
  +1.30804001642670364447e-01-j9.33157757754702332775e-02
  +1.28333951072157947948e-01-j9.90792510872813836365e-02
  +1.25568304886453374625e-01-j1.04747501239193283040e-01
  +1.22512132809497256702e-01-j1.10304502869689166622e-01
  +1.19171379200351326699e-01-j1.15734545548848391516e-01
  +1.15552842952013762323e-01-j1.21022278551507253552e-01
  +1.11664155010540000479e-01-j1.26152756348047762058e-01
  +1.07513753594180139217e-01-j1.31111482703727799670e-01
  +1.03110857192211954891e-01-j1.35884453283163175730e-01
  +9.84654354316709806705e-02-j1.40458196658544393065e-01
  +9.35881779002554203828e-02-j1.44819813626337001722e-01
  +8.84904610176173306302e-02-j1.48957014740902726757e-01
  +8.31843130520089485413e-02-j1.52858155977746518195e-01
  +7.76823773798609729102e-02-j1.56512272443862399118e-01
  +7.19978740911464826224e-02-j1.59909110056623116058e-01
  +6.61445600445920711685e-02-j1.63039155117851830568e-01
  +6.01366874801771422732e-02-j1.65893661713607948327e-01
  +5.39889612990393924497e-02-j1.68464676875045682447e-01
  +4.77164951229278808120e-02-j1.70745063440891964301e-01
  +4.13347662485488709372e-02-j1.72728520565916143781e-01
  +3.48595696131928228789e-02-j1.74409601825327470470e-01
  +2.83069708921653007128e-02-j1.75783730869799148522e-01
  +2.16932588474921736466e-02-j1.76847214591017432017e-01
  +1.50348970531259101130e-02-j1.77597253762186935155e-01
  +8.34847512022530990894e-03-j1.78031951124158982491e-01
  +1.65065955007130649689e-03-j1.78150316892483034925e-01
  -5.04185565838376897885e-03-j1.77952271666346056866e-01
  -1.17123985157897188281e-02-j1.77438646726278792531e-01
  -1.83443685345522182473e-02-j1.76611181712846093683e-01
  -2.49212860746674744195e-02-j1.75472519685027139591e-01
  -3.14268414111987595683e-02-j1.74026199561705063878e-01
  -3.78449433900375220574e-02-j1.72276645957792767794e-01
  -4.41597675404180115000e-02-j1.70229156430532213573e-01
  -5.03558035103972914670e-02-j1.67889886159589524217e-01
  -5.64179016933177568394e-02-j1.65265830089864562691e-01
  -6.23313189135755590931e-02-j1.62364802573159439092e-01
  -6.80817630400864653994e-02-j1.59195414550656139108e-01
  -7.36554363982001858435e-02-j1.55767048325782531126e-01
  -7.90390778512975317183e-02-j1.52089829982985480505e-01
  -8.42200034260276453324e-02-j1.48174599514593829941e-01
  -8.91861453566296646933e-02-j1.44032878725463248104e-01
  -9.39260894264930951136e-02-j1.39676836991180414183e-01
  -9.84291104887049239647e-02-j1.35119254952226708344e-01
  -1.02685206049655183835e-01-j1.30373486233948232549e-01
  -1.06685127803675589009e-01-j1.25453417288139995600e-01
  -1.10420411011936558943e-01-j1.20373425458501284724e-01
  -1.13883401621461696762e-01-j1.15148335379268718093e-01
  -1.17067281026471597949e-01-j1.09793373822213699564e-01
  -1.19966088378844620843e-01-j1.04324123112980254868e-01
  -1.22574740360590059285e-01-j9.87564732446633564145e-02
  -1.24889048336969746278e-01-j9.31065728209107129620e-02
  -1.26905732815703914396e-01-j8.73907789676097307430e-02
  -1.28622435144363278514e-01-j8.16256063563889633361e-02
  -1.30037726385847179911e-01-j7.58276754883325521117e-02
  -1.31151113318566409083e-01-j7.00136603915330058001e-02
  -1.31963041516966500533e-01-j6.42002358887690111056e-02
  -1.32474895476084791879e-01-j5.84040245969668636583e-02
  -1.32688995751752886187e-01-j5.26415438225253731752e-02
  -1.32608593098775956465e-01-j4.69291525192937070132e-02
  -1.32237859596774032234e-01-j4.12829984793681853406e-02
  -1.31581876764404942515e-01-j3.57189659275506596336e-02
  -1.30646620671788948886e-01-j3.02526236928085563715e-02
  -1.29438944071082334686e-01-j2.48991741297065471983e-02
  -1.27966555575339785422e-01-j1.96734029641346813699e-02
  -1.26237995926339441333e-01-j1.45896302363060451773e-02
  -1.24262611401893235952e-01-j9.66166251344620016783e-03
  -1.22050524424349493557e-01-j4.90274654296794874103e-03
  -1.19612601442002489116e-01-j3.25524514117840526456e-04
  -1.16960418165734839069e-01+j4.05800890621543872833e-03
  -1.14106222253725561600e-01+j8.23654760221009807353e-03
  -1.11062893547357516288e-01+j1.21995129450849990049e-02
  -1.07843901971403005602e-01+j1.59370904839702988431e-02
  -1.04463263221764565691e-01+j1.94402642454475395317e-02
  -1.00935492373682572653e-01+j2.27008485017220033864e-02
  -9.72755555525559312269e-02+j2.57115168746401070998e-02
  -9.34988198187219898827e-02+j2.84658286502122472028e-02
  -8.96210014261171333816e-02+j3.09582521876071610489e-02
  -8.56581126228462275130e-02+j3.31841853145413562265e-02
  -8.16264071694969145510e-02+j3.51399726113550345263e-02
  -7.75423247579158092524e-02+j3.68229194965792525074e-02
  -7.34224345199471495338e-02+j3.82313030368432588135e-02
  -6.92833778212357115356e-02+j3.93643794161023727329e-02
  -6.51418105405618813597e-02+j4.02223880105632147774e-02
  -6.10143450394415101656e-02+j4.08065520281345114895e-02
  -5.69174920305480086524e-02+j4.11190756837972043458e-02
  -5.28676025560556248073e-02+j4.11631378958413618463e-02
  -4.88808102895186835646e-02+j4.09428825000159382630e-02
  -4.49729743753972191489e-02+j4.04634049937265052876e-02
  -4.11596230210189290011e-02+j3.97307358349486688942e-02
  -3.74558980548347492112e-02+j3.87518203349437526106e-02
  -3.38765006633921644807e-02+j3.75344951973952747903e-02
  -3.04356385164582105007e-02+j3.60874617709041681235e-02
  -2.71469744866697955399e-02+j3.44202560949386851541e-02
  -2.40235771652559312872e-02+j3.25432158333443799503e-02
  -2.10778733698753703574e-02+j3.04674442028093142576e-02
  -1.83216028344575405928e-02+j2.82047710165359774570e-02
  -1.57657752634045925100e-02+j2.57677109761818602662e-02
  -1.34206299243344196609e-02+j2.31694193573243958917e-02
  -1.12955979441578119316e-02+j2.04236452454305654480e-02
  -9.39926746409631454215e-03+j1.75446824901310215183e-02
  -7.73935179710664132580e-03+j1.45473185565383605899e-02
  -6.32266072151932076451e-03+j1.14467814614261226280e-02
  -5.15507503019338019640e-03+j8.25868499165236143178e-03
  -4.24152444397678587973e-03+j4.99897240974470687819e-03
  -3.58596898271717904119e-03+j1.68385885915501372530e-03
  -3.19138387454655182360e-03-j1.67022731227829224036e-03
  -3.05974806863704585497e-03-j5.04670408677310253914e-03
  -3.19203640296185581562e-03-j8.42889594074168121973e-03
  -3.58821546187489733709e-03-j1.18000944073875721485e-02
  -4.24724314471098315232e-03-j1.51436188041400108389e-02
  -5.16707194960421521690e-03-j1.84428768905262954747e-02
  -6.34465596255202358977e-03-j2.16814252217469201345e-02
  -7.77596152451892619339e-03-j2.48430289649924397610e-02
  -9.45598153598966803535e-03-j2.79117209469959132173e-02
  -1.13787533415458854552e-02-j3.08718597052611079534e-02
  -1.35373801227243600875e-02-j3.37081863196333764154e-02
  -1.59240557130791056395e-02-j3.64058798061694180448e-02
  -1.85300927347923048705e-02-j3.89506108618800708787e-02
  -2.13459539427998980232e-02-j4.13285937563913421955e-02
  -2.43612866494251865956e-02-j4.35266361747014760009e-02
  -2.75649600900936680992e-02-j4.55321868245370728334e-02
  -3.09451055788097090238e-02-j4.73333806322175781878e-02
  -3.44891592918667583278e-02-j4.89190813608989805150e-02
  -3.81839075073750269795e-02-j5.02789214976202686325e-02
  -4.20155341197808729348e-02-j5.14033392668407571047e-02
  -4.59696702399650866666e-02-j5.22836126411979976170e-02
  -5.00314456840926444214e-02-j5.29118902335973737006e-02
  -5.41855421485089236433e-02-j5.32812189676925007653e-02
  -5.84162478622686706653e-02-j5.33855684382469539151e-02
  -6.27075135047397841381e-02-j5.32198518868179440422e-02
  -6.70430091725307403250e-02-j5.27799437321853706639e-02
  -7.14061821775327648654e-02-j5.20626936099389397983e-02
  -7.57803154567748410431e-02-j5.10659368891258694245e-02
  -8.01485863744932081065e-02-j4.97885016491913315329e-02
  -8.44941256974498094978e-02-j4.82302121136795117207e-02
  -8.88000765263268626581e-02-j4.63918885515095247296e-02
  -9.30496529685732737258e-02-j4.42753436705470987400e-02
  -9.72261983415367847527e-02-j4.18833755407541363791e-02
  -1.01313242699019256943e-01-j3.92197570980869145152e-02
  -1.05294559479624488807e-01-j3.62892222916589915482e-02
  -1.09154221081045513242e-01-j3.30974489498378418584e-02
  -1.12876653171041438362e-01-j2.96510384510181544682e-02
  -1.16446687553162023243e-01-j2.59574922968498524034e-02
  -1.19849613412970873449e-01-j2.20251856948959420790e-02
  -1.23071226779042849908e-01-j1.78633382676573471137e-02
  -1.26097878041728922449e-01-j1.34819820136995484339e-02
  -1.28916517381993028790e-01-j8.89192665441386996539e-03
</dep>
<dep S[1,2] frequency>
  +9.85790427249982781355e-01-j1.54818185212790199179e-01
  +9.78810779568167976805e-01-j1.92440339047509706427e-01
  +9.70402303551085920752e-01-j2.29753531444638836589e-01
  +9.60574127015052625644e-01-j2.66701995008517322994e-01
  +9.49339301744933083960e-01-j3.03230400918535369925e-01
  +9.36714068262874288706e-01-j3.39284030312223705561e-01
  +9.22717459620005286958e-01-j3.74808914089593159247e-01
  +9.07371058527872031974e-01-j4.09751954607908031036e-01
  +8.90698830297993016103e-01-j4.44061035656466485122e-01
  +8.72726995530392679612e-01-j4.77685124010512551784e-01
  +8.53483924409269123501e-01-j5.10574364275519165801e-01
  +8.33000042857847566857e-01-j5.42680168041656307842e-01
  +8.11307745113115097446e-01-j5.73955297868899982916e-01
  +7.88441309545075408316e-01-j6.04353946444003309324e-01
  +7.64436815868788865913e-01-j6.33831811064645145315e-01
  +7.39332062631054443003e-01-j6.62346163567773760228e-01
  +7.13166484356724805771e-01-j6.89855915724751689311e-01
  +6.85981067980841463516e-01-j7.16321680162418261695e-01
  +6.57818268438898123840e-01-j7.41705826791253519659e-01
  +6.28721923353190881301e-01-j7.65972534783403546932e-01
  +5.98737166873228976449e-01-j7.89087840101880821919e-01
  +5.67910342773293552732e-01-j8.11019678604328997373e-01
  +5.36288916926885850245e-01-j8.31737924764744840367e-01
  +5.03921389328454205625e-01-j8.51214426045538319343e-01
  +4.70857205826894109624e-01-j8.69423032978252074976e-01
  +4.37146669746252880540e-01-j8.86339625018530807843e-01
  +4.02840853575376356410e-01-j9.01942132247714356552e-01
  +3.67991510900594787081e-01-j9.16210553008819816867e-01
  +3.32650988766733823887e-01-j9.29126967565130357229e-01
  +2.96872140611095125529e-01-j9.40675547894590402542e-01
  +2.60708239958040988160e-01-j9.50842563718774291814e-01
  +2.24212894998429612681e-01-j9.59616384893263840716e-01
  +1.87439964222899463353e-01-j9.66987480273953869947e-01
  +1.50443473211890804686e-01-j9.72948413194739125665e-01
  +1.13277532728596933009e-01-j9.77493833681401080860e-01
  +7.59962582110623452447e-02-j9.80620467539690898739e-01
  +3.86536907660784065377e-02-j9.82327102453099065826e-01
  +1.30371975713211422400e-03-j9.82614571226882449473e-01
  -3.59999929357299602861e-02-j9.81485732316732861769e-01
  -7.32040869189304332920e-02-j9.78945447778973742992e-01
  -1.10255575487433310489e-01-j9.75000558777844417158e-01
  -1.47101915975981989426e-01-j9.69659858784662764819e-01
  -1.83691078225857534756e-01-j9.62934064599352490532e-01
  -2.19971611123242899444e-01-j9.54835785324293140341e-01
  -2.55892707198124125245e-01-j9.45379489413843088208e-01
  -2.91404265256689387620e-01-j9.34581469921884400165e-01
  -3.26456951040156095889e-01-j9.22459808064254760396e-01
  -3.61002255909223690455e-01-j9.09034335207391963607e-01
  -3.94992553552734881883e-01-j8.94326593391482904671e-01
  -4.28381154729431501416e-01-j8.78359794489996126288e-01
  -4.61122360054408597652e-01-j8.61158778102952160438e-01
  -4.93171510846414751228e-01-j8.42749968275524063976e-01
  -5.24485038053237984101e-01-j8.23161329129934671300e-01
  -5.55020509284621987867e-01-j8.02422319487681057204e-01
  -5.84736673968236031484e-01-j7.80563846563144925206e-01
  -6.13593506662477472524e-01-j7.57618218795429232415e-01
  -6.41552248555218418424e-01-j7.33619097882382331655e-01
  -6.68575447171593562068e-01-j7.08601450082071981917e-01
  -6.94626994330366343000e-01-j6.82601496829551845913e-01
  -7.19672162374894619497e-01-j6.55656664722044757454e-01
  -7.43677638705858456980e-01-j6.27805534922038388501e-01
  -7.66611558656284164393e-01-j5.99087792008689890011e-01
  -7.88443536728474336783e-01-j5.69544172323639741329e-01
  -8.09144696226103299352e-01-j5.39216411839112619298e-01
  -8.28687697309404280865e-01-j5.08147193574996602905e-01
  -8.47046763495504562158e-01-j4.76380094594206493497e-01
  -8.64197706631263162791e-01-j4.43959532592565486731e-01
  -8.80117950356939515721e-01-j4.10930712106112483450e-01
  -8.94786552081954900117e-01-j3.77339570348216080120e-01
  -9.08184223488672670577e-01-j3.43232722690439584490e-01
  -9.20293349578071295802e-01-j3.08657407798668181886e-01
  -9.31098006269208799957e-01-j2.73661432431072770832e-01
  -9.40583976559554835184e-01-j2.38293115908569663741e-01
  -9.48738765252992499732e-01-j2.02601234259490226020e-01
  -9.55551612255562732301e-01-j1.66634964049819311871e-01
  -9.61013504440622390312e-01-j1.30443825893570425345e-01
  -9.65117186076479449675e-01-j9.40776276579598641492e-02
  -9.67857167810845853140e-01-j5.75864073595417150231e-02
  -9.69229734200543147082e-01-j2.10203757608319052874e-02
  -9.69232949773311758257e-01+j1.55701413338179463913e-02
  -9.67866663603914823000e-01+j5.21347610706222666654e-02
  -9.65132512385098562113e-01+j8.86231018231088268911e-02
  -9.61033921970105842192e-01+j1.24984841744655392204e-01
  -9.55576107360787574407e-01+j1.61169777588098778187e-01
  -9.48766071112980502456e-01+j1.97127883772924755723e-01
  -9.40612600127437969988e-01+j2.32809371693631916855e-01
  -9.31126260793286530948e-01+j2.68164749244093392200e-01
  -9.20319392448010531460e-01+j3.03144880540483607767e-01
  -9.08206099115880127748e-01+j3.37701045817971112761e-01
  -8.94802239485992134682e-01+j3.71785001472364928787e-01
  -8.80125415088496954041e-01+j4.05349040215328693115e-01
  -8.64194956627750254796e-01+j4.38346051306220008126e-01
  -8.47031908428181767867e-01+j4.70729580823631865716e-01
  -8.28659010950592245237e-01+j5.02453891928734908134e-01
  -8.09100681335490845569e-01+j5.33474025071998481096e-01
  -7.88382991928173071372e-01+j5.63745858092493890013e-01
  -7.66533646744673946571e-01+j5.93226166147193811895e-01
  -7.43581955836883246036e-01+j6.21872681407551808341e-01
  -7.19558807513597131766e-01+j6.49644152457909962450e-01
  -6.94496638381526421036e-01+j6.76500403318334164737e-01
  -6.68429401168982417758e-01+j7.02402392014399246101e-01
  -6.41392530296675977830e-01+j7.27312268612126278100e-01
  -6.13422905167687493311e-01+j7.51193432625975265893e-01
  -5.84558811145847290192e-01+j7.74010589710248386730e-01
  -5.54839898202398984495e-01+j7.95729807532229549416e-01
  -5.24307137209803597599e-01+j8.16318570726581982377e-01
  -4.93002773867941446184e-01+j8.35745834823649169643e-01
  -4.60970280257786024780e-01+j8.53982079037885699613e-01
  -4.28254304013205189250e-01+j8.70999357805291252177e-01
  -3.94900615119597342417e-01+j8.86771350946880865251e-01
  -3.60956050345637158294e-01+j9.01273412338763790785e-01
  -3.26468455324156803243e-01+j9.14482616963136152322e-01
  -2.91486624308026520680e-01+j9.26377806212129173424e-01
  -2.56060237628793263553e-01+j9.36939631316162313546e-01
  -2.20239796901523926520e-01+j9.46150594764132546466e-01
  -1.84076558017554792190e-01+j9.53995089585138789090e-01
  -1.47622461985269987084e-01+j9.60459436357528062445e-01
  -1.10930063681617591120e-01+j9.65531917813107432025e-01
  -7.40524585850276806376e-02+j9.69202810904892131383e-01
  -3.70432075759533629977e-02+j9.71464416206550662736e-01
  +4.37401080592398987766e-05+j9.72311084515210422019e-01
  +3.71541256597367683390e-02+j9.71739240530592796041e-01
  +7.42334611247720543847e-02+j9.69747403487140502421e-01
  +1.11227111340232234782e-01+j9.66336204619297478580e-01
  +1.48080377262236745350e-01+j9.61508401344782659415e-01
  +1.84738580547189917835e-01+j9.55268888055527454206e-01
  +2.21147149240209450749e-01+j9.47624703412211055742e-01
  +2.57251704419871884966e-01+j9.38585034044281174559e-01
  +2.92998147636054084852e-01+j9.28161214565117242969e-01
  +3.28332748973764798617e-01+j9.16366723819030504217e-01
  +3.63202235565414865981e-01+j9.03217177285962624644e-01
  +3.97553880367181367017e-01+j8.88730315579077112531e-01
  +4.31335591013511432390e-01+j8.72925988978225375625e-01
  +4.64495998549893041041e-01+j8.55826137955477017627e-01
  +4.96984545846664849122e-01+j8.37454769656676867307e-01
  +5.28751575485280067568e-01+j8.17837930317235062283e-01
  +5.59748416911103330307e-01+j7.97003673598862261152e-01
  +5.89927472638212213596e-01+j7.74982024848815842510e-01
  +6.19242303291883899874e-01+j7.51804941294467399260e-01
  +6.47647711272741344324e-01+j7.27506268198911509870e-01
  +6.75099822824860917869e-01+j7.02121691016990512324e-01
  +7.01556168292387094532e-01+j6.75688683602717832244e-01
  +7.26975760347445820742e-01+j6.48246452534675499102e-01
  +7.51319169975697920272e-01+j6.19835877638456267391e-01
  +7.74548600009731247340e-01+j5.90499448797282333601e-01
  +7.96627956002124437695e-01+j5.60281199157604548056e-01
  +8.17522914236268438692e-01+j5.29226634848411148226e-01
  +8.37200986678553582543e-01+j4.97382661345954490972e-01
  +8.55631582682652602756e-01+j4.64797506627456558093e-01
  +8.72786067261838605091e-01+j4.31520641273578087205e-01
  +8.88637815758045124248e-01+j3.97602695684452833724e-01
  +9.03162264741381615174e-01+j3.63095374592315778273e-01
  +9.16336958986429750418e-01+j3.28051369060916309106e-01
  +9.28141594382671297758e-01+j2.92524266171198366049e-01
  +9.38558056646581650995e-01+j2.56568456605600181408e-01
  +9.47570455716732373830e-01+j2.20239040349437337207e-01
  +9.55165155726059200703e-01+j1.83591730735153307874e-01
  +9.61330800458604639580e-01+j1.46682757064204472019e-01
  +9.66058334212483105219e-01+j1.09568766046402310543e-01
  +9.69341018005717369732e-01+j7.23067223005565695715e-02
  +9.71174441075963401637e-01+j3.49538081656233234895e-02
  +9.71556527640864087125e-01-j2.43267692539637881907e-03
  +9.70487538901060653451e-01-j3.97954172563100908033e-02
  +9.67970070283549643975e-01-j7.70771815672892379734e-02
  +9.64009043938463650036e-01-j1.14220923472763649653e-01
  +9.58611696518461564587e-01-j1.51169881298788028046e-01
  +9.51787562284684307556e-01-j1.87867677095812618537e-01
  +9.43548451598987703015e-01-j2.24258414576658654527e-01
  +9.33908424877333498415e-01-j2.60286775736906339507e-01
  +9.22883762092430615098e-01-j2.95898115925559701545e-01
  +9.10492927930131257241e-01-j3.31038557130146238183e-01
  +8.96756532715110687981e-01-j3.65655079259182613782e-01
  +8.81697289236392678369e-01-j3.99695609204942348125e-01
  +8.65339965614309147846e-01-j4.33109107483587330023e-01
  +8.47711334362808544007e-01-j4.65845652257567410803e-01
  +8.28840117810591969771e-01-j4.97856520558508319763e-01
  +8.08756930056704348431e-01-j5.29094266536034973925e-01
  +7.87494215642611017358e-01-j5.59512796575345805472e-01
  +7.65086185131935270221e-01-j5.89067441136303715510e-01
  +7.41568747797834437741e-01-j6.17715023178038169505e-01
  +7.16979441620636426258e-01-j6.45413923051547877563e-01
  +6.91357360806338139270e-01-j6.72124139752163562989e-01
  +6.64743081039909311514e-01-j6.97807348439227093095e-01
  +6.37178582689146177920e-01-j7.22426954145566346810e-01
  +6.08707172178995059575e-01-j7.45948141611241677396e-01
  +5.79373401755393979684e-01-j7.68337921192156270145e-01
  +5.49222987858384747994e-01-j7.89565170807215110926e-01
  +5.18302728324140482563e-01-j8.09600673900979006525e-01
  +4.86660418631832181191e-01-j8.28417153413730456002e-01
  +4.54344767410297500909e-01-j8.45989301762500645054e-01
  +4.21405311413738659088e-01-j8.62293806850911948025e-01
  +3.87892330174429034173e-01-j8.77309374135916808513e-01
  +3.53856760529988212394e-01-j8.91016744794317361311e-01
  +3.19350111222975463487e-01-j9.03398710039673535910e-01
  +2.84424377757522328647e-01-j9.14440121654153226238e-01
  +2.49131957695997913182e-01-j9.24127898807047931662e-01
  +2.13525566566936025881e-01-j9.32451031242818362266e-01
  +1.77658154548296004505e-01-j9.39400578929320717592e-01
  +1.41582824082421981915e-01-j9.44969668264434625726e-01
  +1.05352748567357337728e-01-j9.49153484946961389923e-01
</dep>
<dep S[4,1] frequency>
  -5.28594598517855679930e-04-j3.95605523673486173669e-03
  -8.87667869595975276079e-04-j4.88827275061358597352e-03
  -1.32748476015102207480e-03-j5.79253367684282212402e-03
  -1.84550632113354533270e-03-j6.66349156287715429364e-03
  -2.43900332974558795712e-03-j7.49597683647373544402e-03
  -3.10500470664573256438e-03-j8.28501553847454594304e-03
  -3.84027954791612809518e-03-j9.02584865188315113582e-03
  -4.64133542588470414392e-03-j9.71395103967819840973e-03
  -5.50442561742135825359e-03-j1.03450494567542562036e-02
  -6.42556174987544709981e-03-j1.09151393107483757339e-02
  -7.40053000491664152855e-03-j1.14204999548727422626e-02
  -8.42490979710958792781e-03-j1.18577083592129421674e-02
  -9.49409423344034671122e-03-j1.22236510509421535814e-02
  -1.06033118708206211545e-02-j1.25155342443276831194e-02
  -1.17476494048121063440e-02-j1.27308921090403849574e-02
  -1.29220749960225790576e-02-j1.28675931428456902239e-02
  -1.41214619801424915574e-02-j1.29238446407017593121e-02
  -1.53406127419394456429e-02-j1.28981952627435746128e-02
  -1.65742825504556975935e-02-j1.27895357269271550682e-02
  -1.78172031722670480558e-02-j1.25970976634854660292e-02
  -1.90641060929986755346e-02-j1.23204506816931413232e-02
  -2.03097451889882422982e-02-j1.19594977184802695597e-02
  -2.15489187054608739846e-02-j1.15144687425255461827e-02
  -2.27764904078638467932e-02-j1.09859129051799939147e-02
  -2.39874097862615813515e-02-j1.03746892348745758244e-02
  -2.51767312048231627075e-02-j9.68195598348624633656e-03
  -2.63396319006484296021e-02-j8.90915873588646496650e-03
  -2.74714287496609366190e-02-j8.05801740687885764691e-03
  -2.85675937291682037478e-02-j7.13051224713822425633e-03
  -2.96237680201871904362e-02-j6.12886898735808677285e-03
  -3.06357747058377399840e-02-j5.05554325392459837779e-03
  -3.15996300330019311287e-02-j3.91320438348640060877e-03
  -3.25115532194816814204e-02-j2.70471877321627404700e-03
  -3.33679747986634633872e-02-j1.43313289385249694949e-03
  -3.41655435068658891451e-02-j1.01656096245092411796e-04
  -3.49011317283470096084e-02+j1.28635666500575597537e-03
  -3.55718395262363609732e-02+j2.72742206724895007788e-03
  -3.61749972938209610196e-02+j4.21794550114504805671e-03
  -3.67081670735717111032e-02+j5.75423788531471275265e-03
  -3.71691425977944481240e-02+j7.33253211110887048035e-03
  -3.75559481126087404967e-02+j8.94899902060078931976e-03
  -3.78668360560771924406e-02+j1.05997628272871888266e-02
  -3.81002836646051681879e-02+j1.22809158993290382100e-02
  -3.82549885883066154157e-02+j1.39885328316694309420e-02
  -3.83298636021651636940e-02+j1.57186837422787564766e-02
  -3.83240305001489867109e-02+j1.74674467373733995068e-02
  -3.82368132653402442722e-02+j1.92309194983306709636e-02
  -3.80677306090864003840e-02+j2.10052299528593437727e-02
  -3.78164879744909837589e-02+j2.27865460012645487664e-02
  -3.74829690987745420272e-02+j2.45710842778059067315e-02
  -3.70672272310460584888e-02+j2.63551179355597381404e-02
  -3.65694760966528628621e-02+j2.81349834518177729925e-02
  -3.59900807029470484744e-02+j2.99070864588907026071e-02
  -3.53295480737403841398e-02+j3.16679066134410366895e-02
  -3.45885180010609347145e-02+j3.34140015244130048067e-02
  -3.37677538952237399350e-02+j3.51420097668349237785e-02
  -3.28681338136180486997e-02+j3.68486530156795083490e-02
  -3.18906417421062973738e-02+j3.85307373393232316383e-02
  -3.08363591985129116557e-02+j4.01851536987438556769e-02
  -2.97064572217344419203e-02+j4.18088777024965829732e-02
  -2.85021888070811670046e-02+j4.33989686736137580958e-02
  -2.72248818373188004871e-02+j4.49525680866174823236e-02
  -2.58759325588185547240e-02+j4.64668974382532462553e-02
  -2.44567996419210731407e-02+j4.79392556173537584541e-02
  -2.29689988589297719446e-02+j4.93670158413065454650e-02
  -2.14140984086744166903e-02+j5.07476222299972981600e-02
  -1.97937149069914025690e-02+j5.20785860871154013263e-02
  -1.81095100586235943640e-02+j5.33574819611256634388e-02
  -1.63631880183345776447e-02+j5.45819435580248701889e-02
  -1.45564934426603131284e-02+j5.57496595770089753419e-02
  -1.26912102278237941960e-02+j5.68583695396767188623e-02
  -1.07691609233736187295e-02+j5.79058596831229510649e-02
  -8.79220680470921452099e-03+j5.88899589836188938619e-02
  -6.76224858207207391719e-03+j5.98085353761577051546e-02
  -4.68122771897505878663e-03+j6.06594922335844180528e-02
  -2.55112832632320993623e-03+j6.14407651642297908401e-02
  -3.73979595258902802572e-04+j6.21503191842521993116e-02
  +1.84814127397757736390e-03+j6.27861463178091550041e-02
  +4.11310569341873447091e-03+j6.33462636731732253725e-02
  +6.41872990959902953167e-03+j6.38287120382906719707e-02
  +8.76277088006058996195e-03+j6.42315550361152870495e-02
  +1.11429218611191413468e-02+j6.45528788733819580692e-02
  +1.35568077667512758983e-02+j6.47907927135239342098e-02
  +1.60019803598832888181e-02+j6.49434296956187678829e-02
  +1.84759133401426328680e-02+j6.50089486211300748852e-02
  +2.09759973928819072608e-02+j6.49855363191175899873e-02
  +2.34995352655707340217e-02+j6.48714106992802769236e-02
  +2.60437369378781549689e-02+j6.46648244939260763431e-02
  +2.86057149526576376397e-02+j6.43640696862361749719e-02
  +3.11824799729832000117e-02+j6.39674826141989893991e-02
  +3.37709366318522802297e-02+j6.34734497369488642748e-02
  +3.63678797380997329003e-02+j6.28804140423208646205e-02
  +3.89699909009966274920e-02+j6.21868820696458088348e-02
  +4.15738356344906578865e-02+j6.13914315175718983131e-02
  +4.41758609985356265337e-02+j6.04927194002757087632e-02
  +4.67723938328583471735e-02+j5.94894907110537080053e-02
  +4.93596396352091806858e-02+j5.83805875480846864223e-02
  +5.19336821314753463441e-02+j5.71649586518297794790e-02
  +5.44904835829143133208e-02+j5.58416693001332203883e-02
  +5.70258858695101011893e-02+j5.44099115029744451189e-02
  +5.95356123854558702546e-02+j5.28690144355525720732e-02
  +6.20152707762718566342e-02+j5.12184550447608230583e-02
  +6.44603565440870912573e-02+j4.94578687623103488424e-02
  +6.68662575396879177436e-02+j4.75870602542782517030e-02
  +6.92282593567445092564e-02+j4.56060141360141932387e-02
  +7.15415516360671521756e-02+j4.35149055791254624204e-02
  +7.38012352834969687088e-02+j4.13141107364626905540e-02
  +7.60023305977327451322e-02+j3.90042169108146749568e-02
  +7.81397862989897523667e-02+j3.65860323922074584524e-02
  +8.02084894443442636414e-02+j3.40605958896819799309e-02
  +8.22032762070162986712e-02+j3.14291854843011322918e-02
  +8.41189434944766417646e-02+j2.86933270306912908965e-02
  +8.59502613710696056204e-02+j2.58548019374481782839e-02
  +8.76919862473632266697e-02+j2.29156542579124940240e-02
  +8.93388747921271680896e-02+j1.98781970263100932206e-02
  +9.08856985172757092517e-02+j1.67450177769460674393e-02
  +9.23272589815098826405e-02+j1.35189831882528942175e-02
  +9.36584035536470599359e-02+j1.02032427969180206767e-02
  +9.48740416713661910419e-02+j6.80123173242113288756e-03
  +9.59691615281342697008e-02+j3.31667242659644187497e-03
  +9.69388471164440990169e-02-j2.46424741940558440258e-04
  +9.77782955524973407258e-02-j3.88376190285860635118e-03
  +9.84828346046195401975e-02-j7.59075527784331977738e-03
  +9.90479403452649842521e-02-j1.13625379160255217392e-02
  +9.94692548442817209287e-02-j1.51939635976810587248e-02
  +9.97426038199520498262e-02-j1.90796119169757520673e-02
  +9.98640141633188038739e-02-j2.30137945478515910935e-02
  +9.98297312507148149052e-02-j2.69905626907141690807e-02
  +9.96362359597223051777e-02-j3.10037156908163150093e-02
  +9.92802613043681919658e-02-j3.50468108135649283885e-02
  +9.87588086064464243385e-02-j3.91131741544238631381e-02
  +9.80691631217234655038e-02-j4.31959126554391642516e-02
  +9.72089090417061346683e-02-j4.72879271945189222359e-02
  +9.61759437946531764441e-02-j5.13819267067764651191e-02
  +9.49684915723863626313e-02-j5.54704432923823209656e-02
  +9.35851160133306381184e-02-j5.95458482593290636120e-02
  +9.20247319759933679606e-02-j6.36003690448005143399e-02
  +9.02866163417793687884e-02-j6.76261069537769932136e-02
  +8.83704177905630522405e-02-j7.16150556495653012323e-02
  +8.62761654979305736557e-02-j7.55591203261990612683e-02
  +8.40042767080236979504e-02-j7.94501374901037393794e-02
  +8.15555631417679838258e-02-j8.32798952747429155341e-02
  +7.89312362061247857481e-02-j8.70401542095678298905e-02
  +7.61329109760944533480e-02-j9.07226683624667573635e-02
  +7.31626089269661328274e-02-j9.43192067736600830985e-02
  +7.00227594009726617141e-02-j9.78215750974733844192e-02
  +6.67161997984259541594e-02-j1.01221637368211242469e-01
  +6.32461744896005845229e-02-j1.04511337806276638496e-01
  +5.96163324497276173042e-02-j1.07682722581127696126e-01
  +5.58307236258204012125e-02-j1.10727961448429668145e-01
  +5.18937940491343216443e-02-j1.13639369180638660772e-01
  +4.78103797134257768597e-02-j1.16409426711661961873e-01
  +4.35856992443485469213e-02-j1.19030801918721562682e-01
  +3.92253453900396759080e-02-j1.21496369967387662925e-01
  +3.47352753685890719426e-02-j1.23799233148449053243e-01
  +3.01218001118935194138e-02-j1.25932740138997106838e-01
  +2.53915724498574961465e-02-j1.27890504623601991563e-01
  +2.05515742826750287542e-02-j1.29666423215435394622e-01
  +1.56091027924068134758e-02-j1.31254692621316532142e-01
  +1.05717557478648884611e-02-j1.32649825999058834647e-01
  +5.44741595964194722651e-03-j1.33846668459860790312e-01
  +2.44234944360547301043e-04-j1.34840411673156163053e-01
  -5.02938414121861191580e-03-j1.35626607535899418311e-01
  -1.03648042337464076773e-02-j1.36201180872975335934e-01
  -1.57531727018244277483e-02-j1.36560441139984778403e-01
  -2.11854402246681311484e-02-j1.36701093104426574243e-01
  -2.66523801476635027741e-02-j1.36620246485591068097e-01
  -3.21446082501157040512e-02-j1.36315424538081347849e-01
  -3.76526028612994834166e-02-j1.35784571568173861866e-01
  -4.31667252623275030099e-02-j1.35026059376127688383e-01
  -4.86772403107956080914e-02-j1.34038692621861937893e-01
  -5.41743372279216289789e-02-j1.32821713114860795457e-01
  -5.96481504881493720949e-02-j1.31374803032909298617e-01
  -6.50887807534510365315e-02-j1.29698087077472962170e-01
  -7.04863157959174785328e-02-j1.27792133576850569510e-01
  -7.58308513546687573692e-02-j1.25657954550661588033e-01
  -8.11125118742997697208e-02-j1.23297004752530289795e-01
  -8.63214710751135927413e-02-j1.20711179709599006338e-01
  -9.14479723070905775595e-02-j1.17902812779931448484e-01
  -9.64823486414789904808e-02-j1.14874671251176757591e-01
  -1.01415042656920015296e-01-j1.11629951504881530511e-01
  -1.06236625878559587388e-01-j1.08172273273013666572e-01
  -1.10937817831071608432e-01-j1.04505673014442579394e-01
  -1.15509504668882434508e-01-j1.00634596440001305995e-01
  -1.19942757348705381082e-01-j9.65638902163592077743e-02
  -1.24228849311872460714e-01-j9.22987928791011713603e-02
  -1.28359273645919091944e-01-j8.78449249868047399303e-02
  -1.32325759696696881873e-01-j8.32082785481051134813e-02
  -1.36120289104452146800e-01-j7.83952057542703639736e-02
  -1.39735111238943943146e-01-j7.34124070506076559228e-02
  -1.43162758010571933287e-01-j6.82669185797019212325e-02
  -1.46396058035957343790e-01-j6.29660990306998291643e-02
  -1.49428150138412513259e-01-j5.75176159279254459178e-02
  -1.52252496164876988116e-01-j5.19294313936680129729e-02
  -1.54862893102760773578e-01-j4.62097874187331197904e-02
  -1.57253484481346100798e-01-j4.03671906758208895449e-02
  -1.59418771043935619813e-01-j3.44103969099493686712e-02
  -1.61353620678324677362e-01-j2.83483949406922383640e-02
  -1.63053277594448764454e-01-j2.21903903111964062589e-02
  -1.64513370739464814818e-01-j1.59457886186396800843e-02
</dep>
<dep S[4,4] frequency>
  +8.02607924899564483152e-04+j4.54814382076038602187e-03
  +1.22902849461356046025e-03+j5.61222421072262323688e-03
  +1.74279058393950300916e-03+j6.64119203829344716128e-03
  +2.34118302484253573356e-03+j7.62883647245495444961e-03
  +3.02104249465760203025e-03+j8.56915905864256630120e-03
  +3.77877970977405193767e-03+j9.45640652468346214199e-03
  +4.61040367699917102984e-03+j1.02851010994295805068e-02
  +5.51154611493829757474e-03+j1.10500686150064308944e-02
  +6.47748685113795283352e-03+j1.17464644929355967184e-02
  +7.50318045288689196987e-03+j1.23697975501968204792e-02
  +8.58328414555790085438e-03+j1.29159516104952985793e-02
  +9.71218695208712207156e-03+j1.33812048176593055560e-02
  +1.08840399357022620669e-02+j1.37622466191431765126e-02
  +1.20927873861995695270e-02+j1.40561923232735072609e-02
  +1.33321987748880061569e-02+j1.42605952162333793343e-02
  +1.45959013105769249558e-02+j1.43734561980044840690e-02
  +1.58774128781765874741e-02+j1.43932309027341946012e-02
  +1.71701752016907085996e-02+j1.43188343382775924717e-02
  +1.84675870132307851090e-02+j1.41496430266023209832e-02
  +1.97630370467903188070e-02+j1.38854946866347021828e-02
  +2.10499366904504763010e-02+j1.35266855190059008540e-02
  +2.23217520857855664107e-02+j1.30739651246237105486e-02
  +2.35720355366273101594e-02+j1.25285291577309620265e-02
  +2.47944560388235653303e-02+j1.18920097716237790214e-02
  +2.59828287982515233889e-02+j1.11664639793144400415e-02
  +2.71311435758107531713e-02+j1.03543600152044175389e-02
  +2.82335917541110641149e-02+j9.45856183430501644416e-03
  +2.92845919707484074468e-02+j8.48231184854945051421e-03
  +3.02788142457505286831e-02+j7.42921206055406884577e-03
  +3.12112024862404996428e-02+j6.30320370464105064756e-03
  +3.20769952902054469868e-02+j5.10854556241554028095e-03
  +3.28717449889420754161e-02+j3.84979107703120951300e-03
  +3.35913348545565718095e-02+j2.53176442564288914014e-03
  +3.42319944436663761711e-02+j1.15953569761096351998e-03
  +3.47903130334382415523e-02-j2.61604676865403269412e-04
  +3.52632511401199458256e-02-j1.72617209633398917268e-03
  +3.56481500963145916949e-02-j3.22851441021153621677e-03
  +3.59427397055420913552e-02-j4.76283885045914248679e-03
  +3.61451439733413981692e-02-j6.32323913407644572215e-03
  +3.62538849441153554487e-02-j7.90372259805041665892e-03
  +3.62678846765453061218e-02-j9.49823723795085311794e-03
  +3.61864653885184198168e-02-j1.11006985253017283199e-02
  +3.60093478318159049278e-02-j1.27050158798591734249e-02
  +3.57366479445670806592e-02-j1.43051186917168976498e-02
  +3.53688718432199136754e-02-j1.58949817784242788954e-02
  +3.49069092254146659537e-02-j1.74686501835853262576e-02
  +3.43520252538965023548e-02-j1.90202632206617969213e-02
  +3.37058509985018947552e-02-j2.05440776801565708198e-02
  +3.29703725157162522152e-02-j2.20344901218178478020e-02
  +3.21479186562747057399e-02-j2.34860581783803944178e-02
  +3.12411476760281539566e-02-j2.48935208117892596558e-02
  +3.02530327480420475894e-02-j2.62518174661394883274e-02
  +2.91868464596377330533e-02-j2.75561060645738813146e-02
  +2.80461443851636495206e-02-j2.88017798140253224182e-02
  +2.68347478264906111334e-02-j2.99844827765426320820e-02
  +2.55567258084796293527e-02-j3.11001241853349416622e-02
  +2.42163764209670784311e-02-j3.21448914774935118333e-02
  +2.28182075941012231513e-02-j3.31152620300306857470e-02
  +2.13669173932806051586e-02-j3.40080135877116260246e-02
  +1.98673739212825543887e-02-j3.48202333772763758524e-02
  +1.83245949076739460259e-02-j3.55493259059272703748e-02
  +1.67437270688271938601e-02-j3.61930194518210388011e-02
  +1.51300253172337861862e-02-j3.67493712508638881165e-02
  +1.34888318937234647638e-02-j3.72167713956251394736e-02
  +1.18255554998184710808e-02-j3.75939454612352896845e-02
  +1.01456504999941736489e-02-j3.78799558769849845086e-02
  +8.45459625883217442965e-03-j3.80742020697225694303e-02
  +6.75787668547830899790e-03-j3.81764194006545612425e-02
  +5.06096003926226854774e-03-j3.81866769277180925779e-02
  +3.36927906513147116044e-03-j3.81053740210167482538e-02
  +1.68821150779408435047e-03-j3.79332358671501113090e-02
  +2.30610657124998149562e-05-j3.76713078944284768257e-02
  -1.62096116715255717661e-03-j3.73209491574522933544e-02
  -3.23875472519410739433e-03-j3.68838247192943211039e-02
  -4.82534720622220143771e-03-j3.63618970687253351137e-02
  -6.37591108323105025535e-03-j3.57574166158912409852e-02
  -7.88577984501661125027e-03-j3.50729113066772790752e-02
  -9.35046343094455938150e-03-j3.43111753999518279135e-02
  -1.07656629180600503515e-02-j3.34752574507929251402e-02
  -1.21272844322502185849e-02-j3.25684475454279045992e-02
  -1.34314522470826425149e-02-j3.15942638335220959966e-02
  -1.46745210412793942317e-02-j3.05564384040768917405e-02
  -1.58530872865941564742e-02-j2.94589025535995675809e-02
  -1.69639997433074680988e-02-j2.83057714926155529200e-02
  -1.80043690327271986573e-02-j2.71013285420388209956e-02
  -1.89715762733010349927e-02-j2.58500088668985848750e-02
  -1.98632807540134875834e-02-j2.45563827992137939660e-02
  -2.06774266320026885169e-02-j2.32251388000329871131e-02
  -2.14122486344188525664e-02-j2.18610661139515584372e-02
  -2.20662767570386254834e-02-j2.04690371659882568156e-02
  -2.26383399426986174630e-02-j1.90539897568264594840e-02
  -2.31275687338668677062e-02-j1.76209091087358785122e-02
  -2.35333968926465415816e-02-j1.61748098156296073180e-02
  -2.38555619827061984872e-02-j1.47207177542175333962e-02
  -2.40941049114711883239e-02-j1.32636520102779355279e-02
  -2.42493684362442216140e-02-j1.18086068756490421283e-02
  -2.43219946323842035885e-02-j1.03605339741384104568e-02
  -2.43129213349391956611e-02-j8.92432457016140850969e-03
  -2.42233775597262938895e-02-j7.50479211910344556902e-03
  -2.40548779167755674702e-02-j6.10665511460098484747e-03
  -2.38092160316299185363e-02-j4.73452029094212790278e-03
  -2.34884569901836204320e-02-j3.39286623454438480627e-03
  -2.30949288324949243700e-02-j2.08602746407672220985e-03
  -2.26312131163570774695e-02-j8.18179030698867968546e-04
  -2.21001345796733722482e-02+j4.06678303291306564044e-04
  -2.15047499337510002182e-02+j1.58473225697936090546e-03
  -2.08483358205852793710e-02+j2.71237253947628331047e-03
  -2.01343759737238094110e-02+j3.78620362519007909799e-03
  -1.93665476211559266229e-02+j4.80305674713999656428e-03
  -1.85487071798274040513e-02+j5.76000105815947707061e-03
  -1.76848752836764600005e-02+j6.65435391955360687477e-03
  -1.67792212014359308492e-02+j7.48369026972021521987e-03
  -1.58360466959918989860e-02+j8.24585103711425460027e-03
  -1.48597693820827561617e-02+j8.93895055849578887286e-03
  -1.38549056455946981853e-02+j9.56138296975582793746e-03
  -1.28260531819256069774e-02+j1.01118275392467881629e-02
  -1.17778732249854412029e-02+j1.05892529191112735876e-02
  -1.07150725287640975758e-02+j1.09929202891522470598e-02
  -9.64238517373573918168e-03+j1.13223853800685416576e-02
  -8.56455426845469797170e-03+j1.15774993590366265944e-02
  -7.48631361878113535391e-03+j1.17584085710500281519e-02
  -6.41236943801422060868e-03+j1.18655531319957485703e-02
  -5.34738217143589881358e-03+j1.18996643741033272107e-02
  -4.29594851229870167836e-03+j1.18617611508813024235e-02
  -3.26258367983101212062e-03+j1.17531450122873321745e-02
  -2.25170403578684287862e-03+j1.15753942673732582169e-02
  -1.26761011283036610468e-03+j1.13303569560240444125e-02
  -3.14470124385466624078e-04+j1.10201427562813657896e-02
  +6.03695971761780431769e-04+j1.06471138610754571807e-02
  +1.48303178886884470290e-03+j1.02138748594973460815e-02
  +2.31985914009232713218e-03+j9.72326166658301141443e-03
  +3.11069191781193458979e-03+j9.17832954781063435623e-03
  +3.85224916494072153542e-03+j8.58234028906341463172e-03
  +4.54146728086123052659e-03+j7.93874856931933714499e-03
  +5.17551131183437759103e-03+j7.25118759450931425758e-03
  +5.75178527661078780459e-03+j6.52345405734597403452e-03
  +6.26794148723734505235e-03+j5.75949248818018091217e-03
  +6.72188882481351574621e-03+j4.96337906864666947998e-03
  +7.11179993706428925648e-03+j4.13930498028757237056e-03
  +7.43611733421578255387e-03+j3.29155936092181012481e-03
  +7.69355835612004108903e-03+j2.42451194883585002121e-03
  +7.88311899888974841610e-03+j1.54259548924393259661e-03
  +8.00407658860745156726e-03+j6.50287983342479644459e-04
  +8.05599129777115688378e-03-j2.47905140621602231889e-04
  +8.03870650637153287554e-03-j1.14746885642119764333e-03
  +7.95234801406257199585e-03-j2.04389628926661620981e-03
  +7.79732211772468652988e-03-j2.93270631046342860476e-03
  +7.57431257048237459306e-03-j3.80946089788767238912e-03
  +7.28427644817879454270e-03-j4.66978219114411695345e-03
  +6.92843895205997022807e-03-j5.50936916932451802020e-03
  +6.50828718093111706355e-03-j6.32401388117389932908e-03
  +6.02556291251043606855e-03-j7.10961716275285062622e-03
  +5.48225443740945044685e-03-j7.86220378129667309131e-03
  +4.88058749265991072969e-03-j8.57793694484512876663e-03
  +4.22301534633232056315e-03-j9.25313212568232984490e-03
  +3.51220808779347361608e-03-j9.88427014526515462789e-03
  +2.75104118116400835070e-03-j1.04680094781412283411e-02
  +1.94258334180662890420e-03-j1.10011977314818203133e-02
  +1.09008379833408193885e-03-j1.14808822668778006543e-02
  +1.96959004070425416173e-04-j1.19043199320993872692e-02
  -7.33221137332771720138e-04-j1.22689858791857602655e-02
  -1.69674746538405656418e-03-j1.25725814459555808311e-02
  -2.68978610969623950500e-03-j1.28130410877352052257e-02
  -3.70839332328914365183e-03-j1.29885383470746910289e-02
  -4.74853053704415040831e-03-j1.30974908583501806897e-02
  -5.80607956893845061908e-03-j1.31385643828174272091e-02
  -6.87685792538505428345e-03-j1.31106758810079701560e-02
  -7.95663413095522124852e-03-j1.30129956303946404256e-02
  -9.04114302623051230290e-03-j1.28449483987510167105e-02
  -1.01261009750601080337e-02-j1.26062136909943622171e-02
  -1.12072209247658146486e-02-j1.22967250900897044630e-02
  -1.22802272653141104214e-02-j1.19166687139422543262e-02
  -1.33408704369603076795e-02-j1.14664808151437851852e-02
  -1.43849412380305779341e-02-j1.09468445548955590346e-02
  -1.54082847872578591192e-02-j1.03586859793667954155e-02
  -1.64068141000276238040e-02-j9.70316923619487549380e-03
  -1.73765232386440780787e-02-j8.98169106468105910013e-03
  -1.83135000021384039548e-02-j8.19587459773141180364e-03
  -1.92139381232920847253e-02-j7.34756251585389364572e-03
  -2.00741489438300210746e-02-j6.43880959064080209131e-03
  -2.08905725428097412133e-02-j5.47187466025475521825e-03
  -2.16597882954653458976e-02-j4.44921207754706612286e-03
  -2.23785248432051483980e-02-j3.37346267131445609611e-03
  -2.30436694590331198063e-02-j2.24744426336256518037e-03
  -2.36522767941719953833e-02-j1.07414178126095981661e-03
  -2.42015769966605620578e-02+j1.43302991501828439272e-04
  -2.46889831922018944399e-02+j1.40160198916732523823e-03
  -2.51120983233303479709e-02+j2.69733171982744013642e-03
  -2.54687213432107963096e-02+j4.02694436720903593124e-03
  -2.57568527625093995903e-02+j5.38677910004518520348e-03
  -2.59746995515409313804e-02+j6.77307355165632056504e-03
  -2.61206793994804876979e-02+j8.18197543596354236184e-03
  -2.61934243361259047611e-02+j9.60955426491252699683e-03
  -2.61917837216121308919e-02+j1.10518131338564386951e-02
  -2.61148266122405610379e-02+j1.25047005453629081484e-02
  -2.59618435108248599152e-02+j1.39641222385790773203e-02
  -2.57323475116906057181e-02+j1.54259529975679030023e-02
  -2.54260748510935392919e-02+j1.68860484099116539558e-02
  -2.50429848751516845318e-02+j1.83402565488197631660e-02
  -2.45832594374773005796e-02+j1.97844295552765982171e-02
</dep>
<dep S[4,3] frequency>
  +9.85790427249982559310e-01-j1.54818185212790171423e-01
  +9.78810779568168198850e-01-j1.92440339047509706427e-01
  +9.70402303551085698707e-01-j2.29753531444638808834e-01
  +9.60574127015052625644e-01-j2.66701995008517322994e-01
  +9.49339301744933083960e-01-j3.03230400918535314414e-01
  +9.36714068262874288706e-01-j3.39284030312223761072e-01
  +9.22717459620005175935e-01-j3.74808914089593048224e-01
  +9.07371058527871920951e-01-j4.09751954607908031036e-01
  +8.90698830297992794058e-01-j4.44061035656466374100e-01
  +8.72726995530392457567e-01-j4.77685124010512385251e-01
  +8.53483924409269234523e-01-j5.10574364275519387846e-01
  +8.33000042857847566857e-01-j5.42680168041656196820e-01
  +8.11307745113115319491e-01-j5.73955297868900093938e-01
  +7.88441309545075630361e-01-j6.04353946444003531369e-01
  +7.64436815868789087958e-01-j6.33831811064645367360e-01
  +7.39332062631054554025e-01-j6.62346163567773760228e-01
  +7.13166484356724583726e-01-j6.89855915724751689311e-01
  +6.85981067980841574538e-01-j7.16321680162418261695e-01
  +6.57818268438898123840e-01-j7.41705826791253519659e-01
  +6.28721923353191214368e-01-j7.65972534783403546932e-01
  +5.98737166873228976449e-01-j7.89087840101880488852e-01
  +5.67910342773293441709e-01-j8.11019678604329108396e-01
  +5.36288916926885739223e-01-j8.31737924764745062411e-01
  +5.03921389328454205625e-01-j8.51214426045537875254e-01
  +4.70857205826894276157e-01-j8.69423032978252074976e-01
  +4.37146669746252769517e-01-j8.86339625018530474776e-01
  +4.02840853575376467433e-01-j9.01942132247714689619e-01
  +3.67991510900594731570e-01-j9.16210553008820038912e-01
  +3.32650988766733657354e-01-j9.29126967565130135185e-01
  +2.96872140611095236551e-01-j9.40675547894590513565e-01
  +2.60708239958040766115e-01-j9.50842563718774180792e-01
  +2.24212894998429695947e-01-j9.59616384893263951739e-01
  +1.87439964222899435597e-01-j9.66987480273954203014e-01
  +1.50443473211890860197e-01-j9.72948413194739014642e-01
  +1.13277532728596891376e-01-j9.77493833681400969837e-01
  +7.59962582110622203446e-02-j9.80620467539691120784e-01
  +3.86536907660782469431e-02-j9.82327102453098732759e-01
  +1.30371975713204765399e-03-j9.82614571226882449473e-01
  -3.59999929357300921251e-02-j9.81485732316732861769e-01
  -7.32040869189304332920e-02-j9.78945447778973742992e-01
  -1.10255575487433282733e-01-j9.75000558777844195113e-01
  -1.47101915975981989426e-01-j9.69659858784662875841e-01
  -1.83691078225857562511e-01-j9.62934064599352712577e-01
  -2.19971611123242927199e-01-j9.54835785324293140341e-01
  -2.55892707198124236267e-01-j9.45379489413843199230e-01
  -2.91404265256689332109e-01-j9.34581469921884289143e-01
  -3.26456951040156095889e-01-j9.22459808064254649373e-01
  -3.61002255909223745967e-01-j9.09034335207392185652e-01
  -3.94992553552734881883e-01-j8.94326593391483237738e-01
  -4.28381154729431556927e-01-j8.78359794489996237310e-01
  -4.61122360054408597652e-01-j8.61158778102952271460e-01
  -4.93171510846414695717e-01-j8.42749968275524174999e-01
  -5.24485038053237873079e-01-j8.23161329129934671300e-01
  -5.55020509284621876844e-01-j8.02422319487680946182e-01
  -5.84736673968236253529e-01-j7.80563846563144814183e-01
  -6.13593506662477361502e-01-j7.57618218795429232415e-01
  -6.41552248555218640469e-01-j7.33619097882382442677e-01
  -6.68575447171593784113e-01-j7.08601450082072203962e-01
  -6.94626994330366343000e-01-j6.82601496829551956935e-01
  -7.19672162374894730519e-01-j6.55656664722044979499e-01
  -7.43677638705858456980e-01-j6.27805534922038388501e-01
  -7.66611558656284053370e-01-j5.99087792008690001033e-01
  -7.88443536728474225761e-01-j5.69544172323639630307e-01
  -8.09144696226102966286e-01-j5.39216411839112619298e-01
  -8.28687697309404280865e-01-j5.08147193574996713927e-01
  -8.47046763495504451136e-01-j4.76380094594206437986e-01
  -8.64197706631263384836e-01-j4.43959532592565542242e-01
  -8.80117950356939626744e-01-j4.10930712106112483450e-01
  -8.94786552081954900117e-01-j3.77339570348216080120e-01
  -9.08184223488672670577e-01-j3.43232722690439473467e-01
  -9.20293349578071295802e-01-j3.08657407798668348420e-01
  -9.31098006269208799957e-01-j2.73661432431072548788e-01
  -9.40583976559554835184e-01-j2.38293115908569747008e-01
  -9.48738765252992832799e-01-j2.02601234259490253775e-01
  -9.55551612255562843323e-01-j1.66634964049819561671e-01
  -9.61013504440622279290e-01-j1.30443825893570425345e-01
  -9.65117186076479560697e-01-j9.40776276579600168049e-02
  -9.67857167810845964162e-01-j5.75864073595416664508e-02
  -9.69229734200543036060e-01-j2.10203757608320336570e-02
  -9.69232949773311536212e-01+j1.55701413338179411872e-02
  -9.67866663603914600955e-01+j5.21347610706223360544e-02
  -9.65132512385098673136e-01+j8.86231018231088962800e-02
  -9.61033921970105842192e-01+j1.24984841744655433837e-01
  -9.55576107360787463385e-01+j1.61169777588098805943e-01
  -9.48766071112980391433e-01+j1.97127883772924672456e-01
  -9.40612600127438192033e-01+j2.32809371693631861344e-01
  -9.31126260793286752993e-01+j2.68164749244093225666e-01
  -9.20319392448010309415e-01+j3.03144880540483774300e-01
  -9.08206099115880238770e-01+j3.37701045817971001739e-01
  -8.94802239485992023660e-01+j3.71785001472364873276e-01
  -8.80125415088497065064e-01+j4.05349040215328582093e-01
  -8.64194956627750476841e-01+j4.38346051306220119148e-01
  -8.47031908428181878890e-01+j4.70729580823631921227e-01
  -8.28659010950592356259e-01+j5.02453891928735019157e-01
  -8.09100681335490956592e-01+j5.33474025071998370073e-01
  -7.88382991928173071372e-01+j5.63745858092494001035e-01
  -7.66533646744673835549e-01+j5.93226166147193922917e-01
  -7.43581955836883357058e-01+j6.21872681407551475274e-01
  -7.19558807513597131766e-01+j6.49644152457910184495e-01
  -6.94496638381526421036e-01+j6.76500403318334386782e-01
  -6.68429401168982639803e-01+j7.02402392014399357123e-01
  -6.41392530296676088852e-01+j7.27312268612126500145e-01
  -6.13422905167687604333e-01+j7.51193432625975376915e-01
  -5.84558811145847068147e-01+j7.74010589710248386730e-01
  -5.54839898202398984495e-01+j7.95729807532229660438e-01
  -5.24307137209803708622e-01+j8.16318570726582093400e-01
  -4.93002773867941335162e-01+j8.35745834823648836576e-01
  -4.60970280257785969269e-01+j8.53982079037885477568e-01
  -4.28254304013205078228e-01+j8.70999357805291141155e-01
  -3.94900615119597286906e-01+j8.86771350946880865251e-01
  -3.60956050345637047272e-01+j9.01273412338763679763e-01
  -3.26468455324156803243e-01+j9.14482616963136152322e-01
  -2.91486624308026520680e-01+j9.26377806212129062402e-01
  -2.56060237628793152531e-01+j9.36939631316162313546e-01
  -2.20239796901523982031e-01+j9.46150594764132546466e-01
  -1.84076558017554875457e-01+j9.53995089585138567045e-01
  -1.47622461985270042595e-01+j9.60459436357528173467e-01
  -1.10930063681617702143e-01+j9.65531917813107654069e-01
  -7.40524585850276390042e-02+j9.69202810904892242405e-01
  -3.70432075759533560588e-02+j9.71464416206550551713e-01
  +4.37401080592235137713e-05+j9.72311084515210644064e-01
  +3.71541256597367197667e-02+j9.71739240530593018086e-01
  +7.42334611247720405069e-02+j9.69747403487140724465e-01
  +1.11227111340232290293e-01+j9.66336204619297367557e-01
  +1.48080377262236745350e-01+j9.61508401344782659415e-01
  +1.84738580547190028858e-01+j9.55268888055527343184e-01
  +2.21147149240209395238e-01+j9.47624703412211055742e-01
  +2.57251704419871940477e-01+j9.38585034044281285581e-01
  +2.92998147636054306897e-01+j9.28161214565117242969e-01
  +3.28332748973764965150e-01+j9.16366723819030504217e-01
  +3.63202235565414865981e-01+j9.03217177285962624644e-01
  +3.97553880367181422528e-01+j8.88730315579077112531e-01
  +4.31335591013511321368e-01+j8.72925988978225486647e-01
  +4.64495998549893374108e-01+j8.55826137955476906605e-01
  +4.96984545846664960145e-01+j8.37454769656677200373e-01
  +5.28751575485280178590e-01+j8.17837930317235062283e-01
  +5.59748416911103552351e-01+j7.97003673598862150129e-01
  +5.89927472638212213596e-01+j7.74982024848815953533e-01
  +6.19242303291883899874e-01+j7.51804941294467399260e-01
  +6.47647711272741455346e-01+j7.27506268198911731915e-01
  +6.75099822824860695825e-01+j7.02121691016990512324e-01
  +7.01556168292387205554e-01+j6.75688683602717943266e-01
  +7.26975760347445931764e-01+j6.48246452534675499102e-01
  +7.51319169975697809249e-01+j6.19835877638456378413e-01
  +7.74548600009731358362e-01+j5.90499448797282333601e-01
  +7.96627956002124548718e-01+j5.60281199157604548056e-01
  +8.17522914236268438692e-01+j5.29226634848411148226e-01
  +8.37200986678553471521e-01+j4.97382661345954490972e-01
  +8.55631582682652602756e-01+j4.64797506627456613604e-01
  +8.72786067261838494069e-01+j4.31520641273578142716e-01
  +8.88637815758045013226e-01+j3.97602695684452778213e-01
  +9.03162264741381393129e-01+j3.63095374592315778273e-01
  +9.16336958986429639396e-01+j3.28051369060916253595e-01
  +9.28141594382671297758e-01+j2.92524266171198366049e-01
  +9.38558056646581539972e-01+j2.56568456605600125897e-01
  +9.47570455716732040763e-01+j2.20239040349437309452e-01
  +9.55165155726059089680e-01+j1.83591730735153335630e-01
  +9.61330800458604417535e-01+j1.46682757064204472019e-01
  +9.66058334212483105219e-01+j1.09568766046402310543e-01
  +9.69341018005717258710e-01+j7.23067223005565695715e-02
  +9.71174441075963290615e-01+j3.49538081656233096117e-02
  +9.71556527640864198148e-01-j2.43267692539636884441e-03
  +9.70487538901060653451e-01-j3.97954172563100838644e-02
  +9.67970070283549754997e-01-j7.70771815672892518512e-02
  +9.64009043938463650036e-01-j1.14220923472763649653e-01
  +9.58611696518461453564e-01-j1.51169881298787972534e-01
  +9.51787562284684640623e-01-j1.87867677095812674049e-01
  +9.43548451598988036082e-01-j2.24258414576658682282e-01
  +9.33908424877333498415e-01-j2.60286775736906339507e-01
  +9.22883762092430726121e-01-j2.95898115925559701545e-01
  +9.10492927930131257241e-01-j3.31038557130146238183e-01
  +8.96756532715111021048e-01-j3.65655079259182558271e-01
  +8.81697289236392567346e-01-j3.99695609204942348125e-01
  +8.65339965614309369890e-01-j4.33109107483587385534e-01
  +8.47711334362808655030e-01-j4.65845652257567355292e-01
  +8.28840117810591858749e-01-j4.97856520558508264251e-01
  +8.08756930056704237408e-01-j5.29094266536034973925e-01
  +7.87494215642610906336e-01-j5.59512796575345805472e-01
  +7.65086185131935492265e-01-j5.89067441136303715510e-01
  +7.41568747797834437741e-01-j6.17715023178038280527e-01
  +7.16979441620636537280e-01-j6.45413923051547766541e-01
  +6.91357360806338028247e-01-j6.72124139752163674011e-01
  +6.64743081039909200491e-01-j6.97807348439226982073e-01
  +6.37178582689146066897e-01-j7.22426954145566346810e-01
  +6.08707172178995059575e-01-j7.45948141611242010462e-01
  +5.79373401755393979684e-01-j7.68337921192156270145e-01
  +5.49222987858384414928e-01-j7.89565170807215443993e-01
  +5.18302728324140371541e-01-j8.09600673900979117548e-01
  +4.86660418631832070169e-01-j8.28417153413730456002e-01
  +4.54344767410297667443e-01-j8.45989301762500756077e-01
  +4.21405311413738825621e-01-j8.62293806850911948025e-01
  +3.87892330174429145195e-01-j8.77309374135916475446e-01
  +3.53856760529988323416e-01-j8.91016744794317583356e-01
  +3.19350111222975574510e-01-j9.03398710039673646932e-01
  +2.84424377757522384158e-01-j9.14440121654153559305e-01
  +2.49131957695997940938e-01-j9.24127898807047931662e-01
  +2.13525566566936109147e-01-j9.32451031242818473288e-01
  +1.77658154548296060016e-01-j9.39400578929320717592e-01
  +1.41582824082421870893e-01-j9.44969668264434403682e-01
  +1.05352748567357379361e-01-j9.49153484946961500945e-01
</dep>
<dep S[4,2] frequency>
  +2.45096564376335711993e-03+j1.42962405726266006400e-02
  +3.71618977735120375669e-03+j1.76744142952964047866e-02
  +5.24108585261186255000e-03+j2.09629114767347218828e-02
  +7.02006459892061656508e-03+j2.41454236028605558062e-02
  +9.04639886901382334061e-03+j2.72060072441368296092e-02
  +1.13123145002340386167e-02+j3.01291570451897618155e-02
  +1.38090537347231208376e-02+j3.28998714376840042939e-02
  +1.65269279766142689059e-02+j3.55037133011350258815e-02
  +1.94553667649579355159e-02+j3.79268665264769974654e-02
  +2.25829660466973537736e-02+j4.01561888893837634629e-02
  +2.58975371940894580347e-02+j4.21792613858030587815e-02
  +2.93861574397448789553e-02+j4.39844340559134364121e-02
  +3.30352220040321109540e-02+j4.55608682639658812974e-02
  +3.68304979779832189490e-02+j4.68985753726709059253e-02
  +4.07571798996043538343e-02+j4.79884517439794835991e-02
  +4.47999468912459314351e-02+j4.88223099973101731797e-02
  +4.89430211769925349596e-02+j4.93929064683463689422e-02
  +5.31702277757608102182e-02+j4.96939648184406834730e-02
  +5.74650551434939677042e-02+j4.97201957641671132837e-02
  +6.18107165323599980211e-02+j4.94673129072928097205e-02
  +6.61902118267701372600e-02+j4.89320446634746233916e-02
  +7.05863896151863595696e-02+j4.81121423052996710634e-02
  +7.49820092593993653418e-02+j4.70063841474683066779e-02
  +7.93598027245322190648e-02+j4.56145759213356580264e-02
  +8.37025359396509210930e-02+j4.39375473982238362591e-02
  +8.79930694654208894745e-02+j4.19771453361511628910e-02
  +9.22144182527127737048e-02+j3.97362228369771003367e-02
  +9.63498102858528632231e-02+j3.72186252146534390928e-02
  +1.00382743912765873273e-01+j3.44291724860381412321e-02
  +1.04297043676513823129e-01+j3.13736386039193751452e-02
  +1.08076914471779292337e-01+j2.80587275665253217671e-02
  +1.11706993862588130351e-01+j2.44920465388988421729e-02
  +1.15172402408376534089e-01+j2.06820761367763304717e-02
  +1.18458791858114129147e-01+j1.66381380218450884712e-02
  +1.21552391083137270589e-01+j1.23703599697479044162e-02
  +1.24440049631807839181e-01+j7.88963857141653478189e-03
  +1.27109278801310815465e-01+j3.20759973464273748234e-03
  +1.29548290132302762467e-01-j1.66344284576643171823e-03
  +1.31746031244882960687e-01-j6.71053107835144040105e-03
  +1.33692218944742841069e-01-j1.19201075549493929612e-02
  +1.35377369539206260374e-01-j1.72780621476597943953e-02
  +1.36792826314170279378e-01-j2.27697799507161520449e-02
  +1.37930784131977374196e-01-j2.83801903975109404143e-02
  +1.38784311120725589728e-01-j3.40938173814556155783e-02
  +1.39347367434939223285e-01-j3.98948302144936234326e-02
  +1.39614821075852629795e-01-j4.57670952563988264750e-02
  +1.39582460768851335242e-01-j5.16942280520434199742e-02
  +1.39247005902970788505e-01-j5.76596458169490941326e-02
  +1.38606113545627851469e-01-j6.36466201135866965766e-02
  +1.37658382552519137354e-01-j6.96383295650533085119e-02
  +1.36403354800296638949e-01-j7.56179124561059401444e-02
  +1.34841513574835758504e-01-j8.15685190752814953674e-02
  +1.32974279155921942808e-01-j8.74733636554495680437e-02
  +1.30804001642670392203e-01-j9.33157757754702471553e-02
  +1.28333951072158003459e-01-j9.90792510872813975142e-02
  +1.25568304886453346869e-01-j1.04747501239193255285e-01
  +1.22512132809497256702e-01-j1.10304502869689124989e-01
  +1.19171379200351298944e-01-j1.15734545548848391516e-01
  +1.15552842952013734568e-01-j1.21022278551507225797e-01
  +1.11664155010540042112e-01-j1.26152756348047762058e-01
  +1.07513753594180139217e-01-j1.31111482703727799670e-01
  +1.03110857192211941014e-01-j1.35884453283163147974e-01
  +9.84654354316709667927e-02-j1.40458196658544393065e-01
  +9.35881779002553926272e-02-j1.44819813626337001722e-01
  +8.84904610176173306302e-02-j1.48957014740902754513e-01
  +8.31843130520089901747e-02-j1.52858155977746518195e-01
  +7.76823773798609729102e-02-j1.56512272443862454629e-01
  +7.19978740911464826224e-02-j1.59909110056623143814e-01
  +6.61445600445920572907e-02-j1.63039155117851830568e-01
  +6.01366874801771422732e-02-j1.65893661713607976083e-01
  +5.39889612990393716330e-02-j1.68464676875045682447e-01
  +4.77164951229278599953e-02-j1.70745063440891964301e-01
  +4.13347662485488848150e-02-j1.72728520565916116025e-01
  +3.48595696131928020622e-02-j1.74409601825327414959e-01
  +2.83069708921652729572e-02-j1.75783730869799120766e-01
  +2.16932588474921389521e-02-j1.76847214591017432017e-01
  +1.50348970531259291949e-02-j1.77597253762186907400e-01
  +8.34847512022528215336e-03-j1.78031951124158982491e-01
  +1.65065955007132601252e-03-j1.78150316892483034925e-01
  -5.04185565838379673442e-03-j1.77952271666346140133e-01
  -1.17123985157897240322e-02-j1.77438646726278764776e-01
  -1.83443685345522286556e-02-j1.76611181712846093683e-01
  -2.49212860746674674806e-02-j1.75472519685027084080e-01
  -3.14268414111987734461e-02-j1.74026199561705063878e-01
  -3.78449433900375706297e-02-j1.72276645957792795549e-01
  -4.41597675404180392555e-02-j1.70229156430532130306e-01
  -5.03558035103972914670e-02-j1.67889886159589496462e-01
  -5.64179016933177568394e-02-j1.65265830089864590446e-01
  -6.23313189135755729708e-02-j1.62364802573159439092e-01
  -6.80817630400865070328e-02-j1.59195414550656139108e-01
  -7.36554363982001580879e-02-j1.55767048325782531126e-01
  -7.90390778512974900849e-02-j1.52089829982985508261e-01
  -8.42200034260276175768e-02-j1.48174599514593774430e-01
  -8.91861453566295953044e-02-j1.44032878725463220349e-01
  -9.39260894264930951136e-02-j1.39676836991180441938e-01
  -9.84291104887049239647e-02-j1.35119254952226708344e-01
  -1.02685206049655169958e-01-j1.30373486233948260304e-01
  -1.06685127803675589009e-01-j1.25453417288140023356e-01
  -1.10420411011936572820e-01-j1.20373425458501326357e-01
  -1.13883401621461724518e-01-j1.15148335379268718093e-01
  -1.17067281026471611827e-01-j1.09793373822213685687e-01
  -1.19966088378844606965e-01-j1.04324123112980240990e-01
  -1.22574740360590031529e-01-j9.87564732446633702923e-02
  -1.24889048336969732400e-01-j9.31065728209107268398e-02
  -1.26905732815703886640e-01-j8.73907789676097584985e-02
  -1.28622435144363278514e-01-j8.16256063563890049695e-02
  -1.30037726385847207666e-01-j7.58276754883325521117e-02
  -1.31151113318566409083e-01-j7.00136603915329780445e-02
  -1.31963041516966472777e-01-j6.42002358887689972278e-02
  -1.32474895476084819634e-01-j5.84040245969668705972e-02
  -1.32688995751752886187e-01-j5.26415438225253801141e-02
  -1.32608593098775956465e-01-j4.69291525192937070132e-02
  -1.32237859596774032234e-01-j4.12829984793682061572e-02
  -1.31581876764404942515e-01-j3.57189659275506665725e-02
  -1.30646620671788948886e-01-j3.02526236928085702493e-02
  -1.29438944071082334686e-01-j2.48991741297065506677e-02
  -1.27966555575339813178e-01-j1.96734029641346709616e-02
  -1.26237995926339469088e-01-j1.45896302363060625246e-02
  -1.24262611401893235952e-01-j9.66166251344621057617e-03
  -1.22050524424349493557e-01-j4.90274654296796088410e-03
  -1.19612601442002447483e-01-j3.25524514117847302720e-04
  -1.16960418165734866824e-01+j4.05800890621543959569e-03
  -1.14106222253725589355e-01+j8.23654760221011715549e-03
  -1.11062893547357460777e-01+j1.21995129450849833924e-02
  -1.07843901971403019480e-01+j1.59370904839703057820e-02
  -1.04463263221764551814e-01+j1.94402642454475256539e-02
  -1.00935492373682586531e-01+j2.27008485017219999169e-02
  -9.72755555525559451047e-02+j2.57115168746401001609e-02
  -9.34988198187219760049e-02+j2.84658286502122194472e-02
  -8.96210014261171195038e-02+j3.09582521876071506406e-02
  -8.56581126228461858796e-02+j3.31841853145413423487e-02
  -8.16264071694969006732e-02+j3.51399726113550414652e-02
  -7.75423247579157953746e-02+j3.68229194965792386296e-02
  -7.34224345199471495338e-02+j3.82313030368432518746e-02
  -6.92833778212357115356e-02+j3.93643794161023796718e-02
  -6.51418105405618813597e-02+j4.02223880105632147774e-02
  -6.10143450394415032267e-02+j4.08065520281345114895e-02
  -5.69174920305480294691e-02+j4.11190756837972112847e-02
  -5.28676025560556178684e-02+j4.11631378958413549074e-02
  -4.88808102895186974424e-02+j4.09428825000159590797e-02
  -4.49729743753972122100e-02+j4.04634049937265052876e-02
  -4.11596230210189290011e-02+j3.97307358349486619553e-02
  -3.74558980548347561501e-02+j3.87518203349437387328e-02
  -3.38765006633921506030e-02+j3.75344951973952609126e-02
  -3.04356385164582035618e-02+j3.60874617709041611846e-02
  -2.71469744866697920704e-02+j3.44202560949386573985e-02
  -2.40235771652559243483e-02+j3.25432158333443730114e-02
  -2.10778733698753599490e-02+j3.04674442028093142576e-02
  -1.83216028344575405928e-02+j2.82047710165359843959e-02
  -1.57657752634045925100e-02+j2.57677109761818533273e-02
  -1.34206299243344213956e-02+j2.31694193573243924222e-02
  -1.12955979441578136663e-02+j2.04236452454305723869e-02
  -9.39926746409631280743e-03+j1.75446824901310180489e-02
  -7.73935179710664306052e-03+j1.45473185565383640594e-02
  -6.32266072151932076451e-03+j1.14467814614261174239e-02
  -5.15507503019338279848e-03+j8.25868499165236316650e-03
  -4.24152444397678674709e-03+j4.99897240974470774555e-03
  -3.58596898271717730647e-03+j1.68385885915501350846e-03
  -3.19138387454655182360e-03-j1.67022731227829180668e-03
  -3.05974806863704542129e-03-j5.04670408677310167178e-03
  -3.19203640296185408090e-03-j8.42889594074167948501e-03
  -3.58821546187489733709e-03-j1.18000944073875756180e-02
  -4.24724314471098228496e-03-j1.51436188041400143084e-02
  -5.16707194960421695162e-03-j1.84428768905262954747e-02
  -6.34465596255202619186e-03-j2.16814252217469305428e-02
  -7.77596152451892532603e-03-j2.48430289649924432305e-02
  -9.45598153598966803535e-03-j2.79117209469959097479e-02
  -1.13787533415458871899e-02-j3.08718597052611114229e-02
  -1.35373801227243635570e-02-j3.37081863196333833543e-02
  -1.59240557130791021700e-02-j3.64058798061694249837e-02
  -1.85300927347923083399e-02-j3.89506108618800708787e-02
  -2.13459539427998980232e-02-j4.13285937563913352566e-02
  -2.43612866494251831262e-02-j4.35266361747014898786e-02
  -2.75649600900936646297e-02-j4.55321868245370867112e-02
  -3.09451055788097159627e-02-j4.73333806322175712489e-02
  -3.44891592918667583278e-02-j4.89190813608989874539e-02
  -3.81839075073750477962e-02-j5.02789214976202755714e-02
  -4.20155341197808729348e-02-j5.14033392668407571047e-02
  -4.59696702399650727888e-02-j5.22836126411980045559e-02
  -5.00314456840926236048e-02-j5.29118902335973737006e-02
  -5.41855421485089236433e-02-j5.32812189676925077042e-02
  -5.84162478622686706653e-02-j5.33855684382469539151e-02
  -6.27075135047397841381e-02-j5.32198518868179440422e-02
  -6.70430091725307125694e-02-j5.27799437321853637251e-02
  -7.14061821775327787432e-02-j5.20626936099389328594e-02
  -7.57803154567748132875e-02-j5.10659368891258624856e-02
  -8.01485863744931803510e-02-j4.97885016491913315329e-02
  -8.44941256974498094978e-02-j4.82302121136795117207e-02
  -8.88000765263268487804e-02-j4.63918885515095177907e-02
  -9.30496529685732598480e-02-j4.42753436705470987400e-02
  -9.72261983415367847527e-02-j4.18833755407541363791e-02
  -1.01313242699019243065e-01-j3.92197570980868936985e-02
  -1.05294559479624474929e-01-j3.62892222916589984871e-02
  -1.09154221081045513242e-01-j3.30974489498378487973e-02
  -1.12876653171041424484e-01-j2.96510384510181648765e-02
  -1.16446687553162050999e-01-j2.59574922968498489340e-02
  -1.19849613412970887327e-01-j2.20251856948959143234e-02
  -1.23071226779042877664e-01-j1.78633382676573436443e-02
  -1.26097878041728950205e-01-j1.34819820136995310866e-02
  -1.28916517381993028790e-01-j8.89192665441387343483e-03
</dep>
<dep S[3,1] frequency>
  +2.45096564376335711993e-03+j1.42962405726266075789e-02
  +3.71618977735120375669e-03+j1.76744142952964047866e-02
  +5.24108585261186428472e-03+j2.09629114767347253523e-02
  +7.02006459892061656508e-03+j2.41454236028605453979e-02
  +9.04639886901382160589e-03+j2.72060072441368330787e-02
  +1.13123145002340386167e-02+j3.01291570451897618155e-02
  +1.38090537347231225723e-02+j3.28998714376840112328e-02
  +1.65269279766142689059e-02+j3.55037133011350189427e-02
  +1.94553667649579285770e-02+j3.79268665264769905265e-02
  +2.25829660466973641819e-02+j4.01561888893837704018e-02
  +2.58975371940894545653e-02+j4.21792613858030587815e-02
  +2.93861574397448685469e-02+j4.39844340559134225344e-02
  +3.30352220040321109540e-02+j4.55608682639659021141e-02
  +3.68304979779832328268e-02+j4.68985753726709267419e-02
  +4.07571798996043607732e-02+j4.79884517439794974769e-02
  +4.47999468912459314351e-02+j4.88223099973101454241e-02
  +4.89430211769925557763e-02+j4.93929064683463620034e-02
  +5.31702277757608171571e-02+j4.96939648184406695952e-02
  +5.74650551434939607653e-02+j4.97201957641670994059e-02
  +6.18107165323599980211e-02+j4.94673129072928166594e-02
  +6.61902118267701233822e-02+j4.89320446634746164527e-02
  +7.05863896151863595696e-02+j4.81121423052996641245e-02
  +7.49820092593993792196e-02+j4.70063841474683205557e-02
  +7.93598027245322190648e-02+j4.56145759213356788431e-02
  +8.37025359396509766041e-02+j4.39375473982238431980e-02
  +8.79930694654208894745e-02+j4.19771453361511490132e-02
  +9.22144182527127737048e-02+j3.97362228369770933978e-02
  +9.63498102858529048564e-02+j3.72186252146534529706e-02
  +1.00382743912765873273e-01+j3.44291724860381412321e-02
  +1.04297043676513823129e-01+j3.13736386039193820841e-02
  +1.08076914471779320093e-01+j2.80587275665253252366e-02
  +1.11706993862588130351e-01+j2.44920465388988456423e-02
  +1.15172402408376506333e-01+j2.06820761367763200633e-02
  +1.18458791858114115270e-01+j1.66381380218450919406e-02
  +1.21552391083137298344e-01+j1.23703599697479148245e-02
  +1.24440049631807825303e-01+j7.88963857141652263882e-03
  +1.27109278801310815465e-01+j3.20759973464275049276e-03
  +1.29548290132302706956e-01-j1.66344284576642824879e-03
  +1.31746031244882932931e-01-j6.71053107835142045173e-03
  +1.33692218944742868825e-01-j1.19201075549494068390e-02
  +1.35377369539206315885e-01-j1.72780621476597909258e-02
  +1.36792826314170223867e-01-j2.27697799507161312282e-02
  +1.37930784131977346441e-01-j2.83801903975109369449e-02
  +1.38784311120725589728e-01-j3.40938173814556155783e-02
  +1.39347367434939251041e-01-j3.98948302144936303715e-02
  +1.39614821075852629795e-01-j4.57670952563988472916e-02
  +1.39582460768851390753e-01-j5.16942280520434338520e-02
  +1.39247005902970788505e-01-j5.76596458169490663770e-02
  +1.38606113545627851469e-01-j6.36466201135866688210e-02
  +1.37658382552519165110e-01-j6.96383295650533362675e-02
  +1.36403354800296611193e-01-j7.56179124561059401444e-02
  +1.34841513574835730749e-01-j8.15685190752814676118e-02
  +1.32974279155921942808e-01-j8.74733636554495680437e-02
  +1.30804001642670392203e-01-j9.33157757754702610331e-02
  +1.28333951072157947948e-01-j9.90792510872813697587e-02
  +1.25568304886453346869e-01-j1.04747501239193283040e-01
  +1.22512132809497270580e-01-j1.10304502869689152744e-01
  +1.19171379200351298944e-01-j1.15734545548848391516e-01
  +1.15552842952013706812e-01-j1.21022278551507225797e-01
  +1.11664155010539986601e-01-j1.26152756348047734303e-01
  +1.07513753594180125339e-01-j1.31111482703727799670e-01
  +1.03110857192211954891e-01-j1.35884453283163147974e-01
  +9.84654354316709529149e-02-j1.40458196658544365309e-01
  +9.35881779002554203828e-02-j1.44819813626337001722e-01
  +8.84904610176173306302e-02-j1.48957014740902754513e-01
  +8.31843130520089624191e-02-j1.52858155977746518195e-01
  +7.76823773798609729102e-02-j1.56512272443862426874e-01
  +7.19978740911464826224e-02-j1.59909110056623116058e-01
  +6.61445600445920711685e-02-j1.63039155117851802812e-01
  +6.01366874801771561510e-02-j1.65893661713607948327e-01
  +5.39889612990393785719e-02-j1.68464676875045654691e-01
  +4.77164951229278946898e-02-j1.70745063440891964301e-01
  +4.13347662485488709372e-02-j1.72728520565916088270e-01
  +3.48595696131928506345e-02-j1.74409601825327525981e-01
  +2.83069708921652590794e-02-j1.75783730869799148522e-01
  +2.16932588474921597688e-02-j1.76847214591017404262e-01
  +1.50348970531259378686e-02-j1.77597253762186935155e-01
  +8.34847512022528215336e-03-j1.78031951124158954736e-01
  +1.65065955007132037467e-03-j1.78150316892483034925e-01
  -5.04185565838376897885e-03-j1.77952271666346056866e-01
  -1.17123985157897327058e-02-j1.77438646726278792531e-01
  -1.83443685345522321251e-02-j1.76611181712846093683e-01
  -2.49212860746674744195e-02-j1.75472519685027084080e-01
  -3.14268414111987734461e-02-j1.74026199561705063878e-01
  -3.78449433900375359352e-02-j1.72276645957792795549e-01
  -4.41597675404180253778e-02-j1.70229156430532185817e-01
  -5.03558035103973053448e-02-j1.67889886159589496462e-01
  -5.64179016933177429616e-02-j1.65265830089864534935e-01
  -6.23313189135755590931e-02-j1.62364802573159411336e-01
  -6.80817630400864792772e-02-j1.59195414550656139108e-01
  -7.36554363982001858435e-02-j1.55767048325782503371e-01
  -7.90390778512975317183e-02-j1.52089829982985452750e-01
  -8.42200034260276730880e-02-j1.48174599514593857696e-01
  -8.91861453566296230600e-02-j1.44032878725463248104e-01
  -9.39260894264931089914e-02-j1.39676836991180441938e-01
  -9.84291104887049378425e-02-j1.35119254952226708344e-01
  -1.02685206049655183835e-01-j1.30373486233948232549e-01
  -1.06685127803675575131e-01-j1.25453417288139995600e-01
  -1.10420411011936572820e-01-j1.20373425458501298602e-01
  -1.13883401621461752273e-01-j1.15148335379268731971e-01
  -1.17067281026471584071e-01-j1.09793373822213699564e-01
  -1.19966088378844634721e-01-j1.04324123112980254868e-01
  -1.22574740360590031529e-01-j9.87564732446633702923e-02
  -1.24889048336969746278e-01-j9.31065728209107129620e-02
  -1.26905732815703914396e-01-j8.73907789676097446208e-02
  -1.28622435144363278514e-01-j8.16256063563889772139e-02
  -1.30037726385847207666e-01-j7.58276754883325521117e-02
  -1.31151113318566436838e-01-j7.00136603915330058001e-02
  -1.31963041516966472777e-01-j6.42002358887690111056e-02
  -1.32474895476084764123e-01-j5.84040245969668636583e-02
  -1.32688995751752858432e-01-j5.26415438225253731752e-02
  -1.32608593098775956465e-01-j4.69291525192936861965e-02
  -1.32237859596774032234e-01-j4.12829984793681853406e-02
  -1.31581876764404970270e-01-j3.57189659275506735114e-02
  -1.30646620671788948886e-01-j3.02526236928085424938e-02
  -1.29438944071082362441e-01-j2.48991741297065541372e-02
  -1.27966555575339785422e-01-j1.96734029641346744310e-02
  -1.26237995926339441333e-01-j1.45896302363060590551e-02
  -1.24262611401893222074e-01-j9.66166251344620016783e-03
  -1.22050524424349493557e-01-j4.90274654296793486324e-03
  -1.19612601442002475238e-01-j3.25524514117847465350e-04
  -1.16960418165734825191e-01+j4.05800890621543178943e-03
  -1.14106222253725561600e-01+j8.23654760221008419574e-03
  -1.11062893547357502411e-01+j1.21995129450849781882e-02
  -1.07843901971403005602e-01+j1.59370904839703057820e-02
  -1.04463263221764579569e-01+j1.94402642454475395317e-02
  -1.00935492373682572653e-01+j2.27008485017220068558e-02
  -9.72755555525559312269e-02+j2.57115168746401001609e-02
  -9.34988198187219898827e-02+j2.84658286502122333250e-02
  -8.96210014261171195038e-02+j3.09582521876071506406e-02
  -8.56581126228462275130e-02+j3.31841853145413562265e-02
  -8.16264071694969006732e-02+j3.51399726113550345263e-02
  -7.75423247579157953746e-02+j3.68229194965792525074e-02
  -7.34224345199471356560e-02+j3.82313030368432657524e-02
  -6.92833778212357115356e-02+j3.93643794161023657940e-02
  -6.51418105405618813597e-02+j4.02223880105632217163e-02
  -6.10143450394415032267e-02+j4.08065520281345045506e-02
  -5.69174920305480017135e-02+j4.11190756837972043458e-02
  -5.28676025560556178684e-02+j4.11631378958413618463e-02
  -4.88808102895186905035e-02+j4.09428825000159452019e-02
  -4.49729743753972191489e-02+j4.04634049937265052876e-02
  -4.11596230210189290011e-02+j3.97307358349486688942e-02
  -3.74558980548347492112e-02+j3.87518203349437387328e-02
  -3.38765006633921644807e-02+j3.75344951973952747903e-02
  -3.04356385164582105007e-02+j3.60874617709041611846e-02
  -2.71469744866697955399e-02+j3.44202560949386782152e-02
  -2.40235771652559243483e-02+j3.25432158333443730114e-02
  -2.10778733698753634185e-02+j3.04674442028093177270e-02
  -1.83216028344575405928e-02+j2.82047710165359774570e-02
  -1.57657752634045959794e-02+j2.57677109761818567968e-02
  -1.34206299243344196609e-02+j2.31694193573243958917e-02
  -1.12955979441578136663e-02+j2.04236452454305619786e-02
  -9.39926746409631454215e-03+j1.75446824901310215183e-02
  -7.73935179710664219316e-03+j1.45473185565383588552e-02
  -6.32266072151931989714e-03+j1.14467814614261191586e-02
  -5.15507503019338106376e-03+j8.25868499165235969706e-03
  -4.24152444397678587973e-03+j4.99897240974470774555e-03
  -3.58596898271717860751e-03+j1.68385885915501394214e-03
  -3.19138387454655225728e-03-j1.67022731227829289088e-03
  -3.05974806863704498761e-03-j5.04670408677310253914e-03
  -3.19203640296185408090e-03-j8.42889594074168121973e-03
  -3.58821546187489646973e-03-j1.18000944073875721485e-02
  -4.24724314471098141760e-03-j1.51436188041400143084e-02
  -5.16707194960421521690e-03-j1.84428768905262920053e-02
  -6.34465596255202445714e-03-j2.16814252217469236039e-02
  -7.77596152451892532603e-03-j2.48430289649924397610e-02
  -9.45598153598966803535e-03-j2.79117209469959132173e-02
  -1.13787533415458837205e-02-j3.08718597052610940756e-02
  -1.35373801227243583528e-02-j3.37081863196333625377e-02
  -1.59240557130791056395e-02-j3.64058798061694319226e-02
  -1.85300927347923014010e-02-j3.89506108618800639398e-02
  -2.13459539427998945538e-02-j4.13285937563913421955e-02
  -2.43612866494251900651e-02-j4.35266361747014898786e-02
  -2.75649600900936646297e-02-j4.55321868245370797723e-02
  -3.09451055788097194321e-02-j4.73333806322175781878e-02
  -3.44891592918667652667e-02-j4.89190813608989805150e-02
  -3.81839075073750339184e-02-j5.02789214976202755714e-02
  -4.20155341197808798737e-02-j5.14033392668407640436e-02
  -4.59696702399650866666e-02-j5.22836126411979906781e-02
  -5.00314456840926444214e-02-j5.29118902335973737006e-02
  -5.41855421485089236433e-02-j5.32812189676924938264e-02
  -5.84162478622686637264e-02-j5.33855684382469539151e-02
  -6.27075135047397841381e-02-j5.32198518868179440422e-02
  -6.70430091725307403250e-02-j5.27799437321853845417e-02
  -7.14061821775327787432e-02-j5.20626936099389120427e-02
  -7.57803154567748410431e-02-j5.10659368891258694245e-02
  -8.01485863744931942287e-02-j4.97885016491913245940e-02
  -8.44941256974498233756e-02-j4.82302121136795117207e-02
  -8.88000765263268487804e-02-j4.63918885515095247296e-02
  -9.30496529685732737258e-02-j4.42753436705471126178e-02
  -9.72261983415367986305e-02-j4.18833755407541502569e-02
  -1.01313242699019256943e-01-j3.92197570980869006374e-02
  -1.05294559479624488807e-01-j3.62892222916589637927e-02
  -1.09154221081045499364e-01-j3.30974489498378626751e-02
  -1.12876653171041452239e-01-j2.96510384510181683460e-02
  -1.16446687553162050999e-01-j2.59574922968498385256e-02
  -1.19849613412970887327e-01-j2.20251856948959143234e-02
  -1.23071226779042836030e-01-j1.78633382676573609915e-02
  -1.26097878041728922449e-01-j1.34819820136995345561e-02
  -1.28916517381993001035e-01-j8.89192665441387690428e-03
</dep>
<dep S[3,4] frequency>
  +9.85790427249982670332e-01-j1.54818185212790199179e-01
  +9.78810779568168087827e-01-j1.92440339047509706427e-01
  +9.70402303551085698707e-01-j2.29753531444638836589e-01
  +9.60574127015052625644e-01-j2.66701995008517322994e-01
  +9.49339301744933083960e-01-j3.03230400918535314414e-01
  +9.36714068262874288706e-01-j3.39284030312223705561e-01
  +9.22717459620005175935e-01-j3.74808914089593048224e-01
  +9.07371058527871920951e-01-j4.09751954607908086547e-01
  +8.90698830297992905081e-01-j4.44061035656466318589e-01
  +8.72726995530392568590e-01-j4.77685124010512385251e-01
  +8.53483924409269234523e-01-j5.10574364275519276823e-01
  +8.33000042857847566857e-01-j5.42680168041656196820e-01
  +8.11307745113115319491e-01-j5.73955297868900093938e-01
  +7.88441309545075519338e-01-j6.04353946444003531369e-01
  +7.64436815868789198980e-01-j6.33831811064645367360e-01
  +7.39332062631054331980e-01-j6.62346163567773649206e-01
  +7.13166484356724583726e-01-j6.89855915724751578288e-01
  +6.85981067980841574538e-01-j7.16321680162418261695e-01
  +6.57818268438898012818e-01-j7.41705826791253519659e-01
  +6.28721923353191214368e-01-j7.65972534783403435910e-01
  +5.98737166873228976449e-01-j7.89087840101880488852e-01
  +5.67910342773293330687e-01-j8.11019678604328997373e-01
  +5.36288916926885850245e-01-j8.31737924764745062411e-01
  +5.03921389328454205625e-01-j8.51214426045537986276e-01
  +4.70857205826894276157e-01-j8.69423032978252074976e-01
  +4.37146669746252658495e-01-j8.86339625018530474776e-01
  +4.02840853575376411921e-01-j9.01942132247714689619e-01
  +3.67991510900594842592e-01-j9.16210553008820038912e-01
  +3.32650988766733546331e-01-j9.29126967565130024163e-01
  +2.96872140611095236551e-01-j9.40675547894590513565e-01
  +2.60708239958040821627e-01-j9.50842563718774069770e-01
  +2.24212894998429695947e-01-j9.59616384893264062761e-01
  +1.87439964222899435597e-01-j9.66987480273954314036e-01
  +1.50443473211890860197e-01-j9.72948413194739014642e-01
  +1.13277532728596891376e-01-j9.77493833681400969837e-01
  +7.59962582110622758558e-02-j9.80620467539691009762e-01
  +3.86536907660783024543e-02-j9.82327102453098732759e-01
  +1.30371975713210316514e-03-j9.82614571226882449473e-01
  -3.59999929357300366140e-02-j9.81485732316732750746e-01
  -7.32040869189304888032e-02-j9.78945447778973742992e-01
  -1.10255575487433227222e-01-j9.75000558777844306135e-01
  -1.47101915975981933915e-01-j9.69659858784662875841e-01
  -1.83691078225857534756e-01-j9.62934064599352712577e-01
  -2.19971611123242954955e-01-j9.54835785324293251364e-01
  -2.55892707198124014223e-01-j9.45379489413843199230e-01
  -2.91404265256689387620e-01-j9.34581469921884400165e-01
  -3.26456951040156040378e-01-j9.22459808064254649373e-01
  -3.61002255909223745967e-01-j9.09034335207392074629e-01
  -3.94992553552734881883e-01-j8.94326593391483126716e-01
  -4.28381154729431556927e-01-j8.78359794489996237310e-01
  -4.61122360054408597652e-01-j8.61158778102952271460e-01
  -4.93171510846414584694e-01-j8.42749968275523952954e-01
  -5.24485038053237873079e-01-j8.23161329129934671300e-01
  -5.55020509284621987867e-01-j8.02422319487681057204e-01
  -5.84736673968236142507e-01-j7.80563846563144925206e-01
  -6.13593506662477361502e-01-j7.57618218795429121393e-01
  -6.41552248555218640469e-01-j7.33619097882382442677e-01
  -6.68575447171593673090e-01-j7.08601450082072203962e-01
  -6.94626994330366343000e-01-j6.82601496829551845913e-01
  -7.19672162374894730519e-01-j6.55656664722044868476e-01
  -7.43677638705858568002e-01-j6.27805534922038277479e-01
  -7.66611558656284053370e-01-j5.99087792008690001033e-01
  -7.88443536728474225761e-01-j5.69544172323639630307e-01
  -8.09144696226103077308e-01-j5.39216411839112730320e-01
  -8.28687697309404280865e-01-j5.08147193574996602905e-01
  -8.47046763495504340113e-01-j4.76380094594206326963e-01
  -8.64197706631263384836e-01-j4.43959532592565653264e-01
  -8.80117950356939626744e-01-j4.10930712106112483450e-01
  -8.94786552081954900117e-01-j3.77339570348216080120e-01
  -9.08184223488672670577e-01-j3.43232722690439473467e-01
  -9.20293349578071295802e-01-j3.08657407798668292909e-01
  -9.31098006269208910979e-01-j2.73661432431072604299e-01
  -9.40583976559554835184e-01-j2.38293115908569858030e-01
  -9.48738765252992832799e-01-j2.02601234259490253775e-01
  -9.55551612255562732301e-01-j1.66634964049819561671e-01
  -9.61013504440622168268e-01-j1.30443825893570480856e-01
  -9.65117186076479338652e-01-j9.40776276579599057825e-02
  -9.67857167810845964162e-01-j5.75864073595416664508e-02
  -9.69229734200543036060e-01-j2.10203757608319781458e-02
  -9.69232949773311647235e-01+j1.55701413338178301649e-02
  -9.67866663603914600955e-01+j5.21347610706222250321e-02
  -9.65132512385098673136e-01+j8.86231018231088962800e-02
  -9.61033921970105842192e-01+j1.24984841744655433837e-01
  -9.55576107360787352363e-01+j1.61169777588098750432e-01
  -9.48766071112980502456e-01+j1.97127883772924838990e-01
  -9.40612600127438192033e-01+j2.32809371693631861344e-01
  -9.31126260793286530948e-01+j2.68164749244093392200e-01
  -9.20319392448010309415e-01+j3.03144880540483552256e-01
  -9.08206099115880238770e-01+j3.37701045817971057250e-01
  -8.94802239485991912638e-01+j3.71785001472364928787e-01
  -8.80125415088497065064e-01+j4.05349040215328637604e-01
  -8.64194956627750365818e-01+j4.38346051306220063637e-01
  -8.47031908428181878890e-01+j4.70729580823631865716e-01
  -8.28659010950592467282e-01+j5.02453891928735019157e-01
  -8.09100681335490845569e-01+j5.33474025071998481096e-01
  -7.88382991928173071372e-01+j5.63745858092494112057e-01
  -7.66533646744673835549e-01+j5.93226166147193922917e-01
  -7.43581955836883246036e-01+j6.21872681407551586297e-01
  -7.19558807513597242789e-01+j6.49644152457910073473e-01
  -6.94496638381526421036e-01+j6.76500403318334386782e-01
  -6.68429401168982417758e-01+j7.02402392014399468145e-01
  -6.41392530296676310897e-01+j7.27312268612126500145e-01
  -6.13422905167687493311e-01+j7.51193432625975265893e-01
  -5.84558811145847290192e-01+j7.74010589710248386730e-01
  -5.54839898202399095517e-01+j7.95729807532229660438e-01
  -5.24307137209803819644e-01+j8.16318570726582204422e-01
  -4.93002773867941390673e-01+j8.35745834823648947598e-01
  -4.60970280257785969269e-01+j8.53982079037885477568e-01
  -4.28254304013205244761e-01+j8.70999357805291252177e-01
  -3.94900615119597286906e-01+j8.86771350946880865251e-01
  -3.60956050345637102783e-01+j9.01273412338763679763e-01
  -3.26468455324156858754e-01+j9.14482616963136152322e-01
  -2.91486624308026465169e-01+j9.26377806212129173424e-01
  -2.56060237628793152531e-01+j9.36939631316162313546e-01
  -2.20239796901523954276e-01+j9.46150594764132546466e-01
  -1.84076558017554958724e-01+j9.53995089585138678068e-01
  -1.47622461985269931573e-01+j9.60459436357528173467e-01
  -1.10930063681617702143e-01+j9.65531917813107654069e-01
  -7.40524585850276945154e-02+j9.69202810904892131383e-01
  -3.70432075759533560588e-02+j9.71464416206550773758e-01
  +4.37401080593345157450e-05+j9.72311084515210533041e-01
  +3.71541256597367752779e-02+j9.71739240530593018086e-01
  +7.42334611247720960181e-02+j9.69747403487140835487e-01
  +1.11227111340232179271e-01+j9.66336204619297367557e-01
  +1.48080377262236800862e-01+j9.61508401344782659415e-01
  +1.84738580547190028858e-01+j9.55268888055527232162e-01
  +2.21147149240209339727e-01+j9.47624703412211166764e-01
  +2.57251704419871995988e-01+j9.38585034044281285581e-01
  +2.92998147636054251386e-01+j9.28161214565117242969e-01
  +3.28332748973765020661e-01+j9.16366723819030393194e-01
  +3.63202235565414865981e-01+j9.03217177285962624644e-01
  +3.97553880367181422528e-01+j8.88730315579077112531e-01
  +4.31335591013511432390e-01+j8.72925988978225375625e-01
  +4.64495998549893263085e-01+j8.55826137955476906605e-01
  +4.96984545846665071167e-01+j8.37454769656677089351e-01
  +5.28751575485280178590e-01+j8.17837930317235062283e-01
  +5.59748416911103552351e-01+j7.97003673598862261152e-01
  +5.89927472638212324618e-01+j7.74982024848816175577e-01
  +6.19242303291883899874e-01+j7.51804941294467510282e-01
  +6.47647711272741566368e-01+j7.27506268198911731915e-01
  +6.75099822824860806847e-01+j7.02121691016990512324e-01
  +7.01556168292387205554e-01+j6.75688683602717832244e-01
  +7.26975760347445931764e-01+j6.48246452534675499102e-01
  +7.51319169975697809249e-01+j6.19835877638456378413e-01
  +7.74548600009731358362e-01+j5.90499448797282222579e-01
  +7.96627956002124548718e-01+j5.60281199157604548056e-01
  +8.17522914236268549715e-01+j5.29226634848411148226e-01
  +8.37200986678553360498e-01+j4.97382661345954490972e-01
  +8.55631582682652713778e-01+j4.64797506627456613604e-01
  +8.72786067261838605091e-01+j4.31520641273578142716e-01
  +8.88637815758045013226e-01+j3.97602695684452778213e-01
  +9.03162264741381393129e-01+j3.63095374592315778273e-01
  +9.16336958986429639396e-01+j3.28051369060916309106e-01
  +9.28141594382671297758e-01+j2.92524266171198421560e-01
  +9.38558056646581650995e-01+j2.56568456605600125897e-01
  +9.47570455716732151785e-01+j2.20239040349437364963e-01
  +9.55165155726059089680e-01+j1.83591730735153307874e-01
  +9.61330800458604417535e-01+j1.46682757064204472019e-01
  +9.66058334212483105219e-01+j1.09568766046402296666e-01
  +9.69341018005717147688e-01+j7.23067223005565695715e-02
  +9.71174441075963290615e-01+j3.49538081656233096117e-02
  +9.71556527640864087125e-01-j2.43267692539636884441e-03
  +9.70487538901060653451e-01-j3.97954172563100838644e-02
  +9.67970070283549643975e-01-j7.70771815672892518512e-02
  +9.64009043938463650036e-01-j1.14220923472763649653e-01
  +9.58611696518461453564e-01-j1.51169881298787972534e-01
  +9.51787562284684640623e-01-j1.87867677095812646293e-01
  +9.43548451598988036082e-01-j2.24258414576658682282e-01
  +9.33908424877333387393e-01-j2.60286775736906339507e-01
  +9.22883762092430837143e-01-j2.95898115925559701545e-01
  +9.10492927930131257241e-01-j3.31038557130146182672e-01
  +8.96756532715111021048e-01-j3.65655079259182558271e-01
  +8.81697289236392456324e-01-j3.99695609204942403636e-01
  +8.65339965614309480912e-01-j4.33109107483587330023e-01
  +8.47711334362808544007e-01-j4.65845652257567355292e-01
  +8.28840117810591747727e-01-j4.97856520558508319763e-01
  +8.08756930056704237408e-01-j5.29094266536034862902e-01
  +7.87494215642610906336e-01-j5.59512796575345805472e-01
  +7.65086185131935603287e-01-j5.89067441136303715510e-01
  +7.41568747797834437741e-01-j6.17715023178038280527e-01
  +7.16979441620636537280e-01-j6.45413923051547766541e-01
  +6.91357360806338028247e-01-j6.72124139752163896055e-01
  +6.64743081039909200491e-01-j6.97807348439226982073e-01
  +6.37178582689146177920e-01-j7.22426954145566346810e-01
  +6.08707172178995059575e-01-j7.45948141611242010462e-01
  +5.79373401755393868662e-01-j7.68337921192156159123e-01
  +5.49222987858384525950e-01-j7.89565170807215332971e-01
  +5.18302728324140371541e-01-j8.09600673900979006525e-01
  +4.86660418631832236702e-01-j8.28417153413730456002e-01
  +4.54344767410297556420e-01-j8.45989301762500645054e-01
  +4.21405311413738659088e-01-j8.62293806850911948025e-01
  +3.87892330174429145195e-01-j8.77309374135916586468e-01
  +3.53856760529988212394e-01-j8.91016744794317472333e-01
  +3.19350111222975518999e-01-j9.03398710039673646932e-01
  +2.84424377757522162113e-01-j9.14440121654153448283e-01
  +2.49131957695997885427e-01-j9.24127898807047709617e-01
  +2.13525566566936109147e-01-j9.32451031242818362266e-01
  +1.77658154548295948993e-01-j9.39400578929320717592e-01
  +1.41582824082421870893e-01-j9.44969668264434403682e-01
  +1.05352748567357323850e-01-j9.49153484946961389923e-01
</dep>
<dep S[3,3] frequency>
  +8.02607924899564483152e-04+j4.54814382076038428715e-03
  +1.22902849461356024341e-03+j5.61222421072262323688e-03
  +1.74279058393950344284e-03+j6.64119203829344976336e-03
  +2.34118302484253529988e-03+j7.62883647245495444961e-03
  +3.02104249465760159657e-03+j8.56915905864256456648e-03
  +3.77877970977405237135e-03+j9.45640652468346214199e-03
  +4.61040367699916929511e-03+j1.02851010994295805068e-02
  +5.51154611493829497265e-03+j1.10500686150064256902e-02
  +6.47748685113795283352e-03+j1.17464644929355967184e-02
  +7.50318045288689543931e-03+j1.23697975501968256834e-02
  +8.58328414555789911966e-03+j1.29159516104952968446e-02
  +9.71218695208712033684e-03+j1.33812048176593038212e-02
  +1.08840399357022638016e-02+j1.37622466191431782473e-02
  +1.20927873861995729965e-02+j1.40561923232735124650e-02
  +1.33321987748880078917e-02+j1.42605952162333810690e-02
  +1.45959013105769232210e-02+j1.43734561980044875384e-02
  +1.58774128781765840046e-02+j1.43932309027341963359e-02
  +1.71701752016907155385e-02+j1.43188343382775907370e-02
  +1.84675870132307816396e-02+j1.41496430266023192485e-02
  +1.97630370467903188070e-02+j1.38854946866347004480e-02
  +2.10499366904504797704e-02+j1.35266855190059008540e-02
  +2.23217520857855664107e-02+j1.30739651246237053445e-02
  +2.35720355366273136288e-02+j1.25285291577309654959e-02
  +2.47944560388235653303e-02+j1.18920097716237859603e-02
  +2.59828287982515337973e-02+j1.11664639793144469804e-02
  +2.71311435758107497018e-02+j1.03543600152044175389e-02
  +2.82335917541110606455e-02+j9.45856183430501991360e-03
  +2.92845919707484109162e-02+j8.48231184854945051421e-03
  +3.02788142457505252136e-02+j7.42921206055406797841e-03
  +3.12112024862404961734e-02+j6.30320370464104717811e-03
  +3.20769952902054400479e-02+j5.10854556241553941359e-03
  +3.28717449889420754161e-02+j3.84979107703121168141e-03
  +3.35913348545565718095e-02+j2.53176442564289044118e-03
  +3.42319944436663761711e-02+j1.15953569761096482102e-03
  +3.47903130334382484912e-02-j2.61604676865413244072e-04
  +3.52632511401199388867e-02-j1.72617209633399025688e-03
  +3.56481500963145778171e-02-j3.22851441021153534941e-03
  +3.59427397055420844163e-02-j4.76283885045913901735e-03
  +3.61451439733414120470e-02-j6.32323913407644572215e-03
  +3.62538849441153554487e-02-j7.90372259805041665892e-03
  +3.62678846765453061218e-02-j9.49823723795085311794e-03
  +3.61864653885184267557e-02-j1.11006985253017369936e-02
  +3.60093478318158910501e-02-j1.27050158798591699555e-02
  +3.57366479445670806592e-02-j1.43051186917169028540e-02
  +3.53688718432199206143e-02-j1.58949817784242754259e-02
  +3.49069092254146798315e-02-j1.74686501835853227882e-02
  +3.43520252538964954159e-02-j1.90202632206617969213e-02
  +3.37058509985018947552e-02-j2.05440776801565742893e-02
  +3.29703725157162313986e-02-j2.20344901218178512714e-02
  +3.21479186562746918621e-02-j2.34860581783804013567e-02
  +3.12411476760281504872e-02-j2.48935208117892596558e-02
  +3.02530327480420475894e-02-j2.62518174661394883274e-02
  +2.91868464596377434617e-02-j2.75561060645738951924e-02
  +2.80461443851636564595e-02-j2.88017798140253189487e-02
  +2.68347478264905972556e-02-j2.99844827765426320820e-02
  +2.55567258084796328221e-02-j3.11001241853349451316e-02
  +2.42163764209670819005e-02-j3.21448914774935187721e-02
  +2.28182075941012266207e-02-j3.31152620300306788081e-02
  +2.13669173932806086280e-02-j3.40080135877116190857e-02
  +1.98673739212825439804e-02-j3.48202333772763619746e-02
  +1.83245949076739529648e-02-j3.55493259059272634359e-02
  +1.67437270688271834518e-02-j3.61930194518210249233e-02
  +1.51300253172337948598e-02-j3.67493712508638950553e-02
  +1.34888318937234647638e-02-j3.72167713956251464125e-02
  +1.18255554998184728155e-02-j3.75939454612352896845e-02
  +1.01456504999941736489e-02-j3.78799558769849706308e-02
  +8.45459625883217616438e-03-j3.80742020697225763692e-02
  +6.75787668547830899790e-03-j3.81764194006545751203e-02
  +5.06096003926227288455e-03-j3.81866769277180717612e-02
  +3.36927906513147636461e-03-j3.81053740210167413149e-02
  +1.68821150779408651887e-03-j3.79332358671501043701e-02
  +2.30610657124996591021e-05-j3.76713078944284837646e-02
  -1.62096116715255565872e-03-j3.73209491574522933544e-02
  -3.23875472519410479225e-03-j3.68838247192943072261e-02
  -4.82534720622220577452e-03-j3.63618970687253281748e-02
  -6.37591108323104418382e-03-j3.57574166158912409852e-02
  -7.88577984501660951555e-03-j3.50729113066772651974e-02
  -9.35046343094455938150e-03-j3.43111753999518140357e-02
  -1.07656629180600503515e-02-j3.34752574507929182013e-02
  -1.21272844322502220543e-02-j3.25684475454278976603e-02
  -1.34314522470826442496e-02-j3.15942638335220959966e-02
  -1.46745210412794046401e-02-j3.05564384040768848017e-02
  -1.58530872865941460659e-02-j2.94589025535995606420e-02
  -1.69639997433074611599e-02-j2.83057714926155598589e-02
  -1.80043690327271951879e-02-j2.71013285420388209956e-02
  -1.89715762733010315233e-02-j2.58500088668985883444e-02
  -1.98632807540134875834e-02-j2.45563827992137870271e-02
  -2.06774266320026919863e-02-j2.32251388000329836436e-02
  -2.14122486344188490970e-02-j2.18610661139515653761e-02
  -2.20662767570386289528e-02-j2.04690371659882602851e-02
  -2.26383399426986035852e-02-j1.90539897568264560146e-02
  -2.31275687338668677062e-02-j1.76209091087358819816e-02
  -2.35333968926465450511e-02-j1.61748098156296107875e-02
  -2.38555619827061984872e-02-j1.47207177542175351309e-02
  -2.40941049114711883239e-02-j1.32636520102779303237e-02
  -2.42493684362442181446e-02-j1.18086068756490438630e-02
  -2.43219946323841966496e-02-j1.03605339741384035179e-02
  -2.43129213349391887222e-02-j8.92432457016140504025e-03
  -2.42233775597262938895e-02-j7.50479211910345077319e-03
  -2.40548779167755709396e-02-j6.10665511460098744956e-03
  -2.38092160316299185363e-02-j4.73452029094213310695e-03
  -2.34884569901836134931e-02-j3.39286623454438393890e-03
  -2.30949288324949278395e-02-j2.08602746407672437826e-03
  -2.26312131163570774695e-02-j8.18179030698859837030e-04
  -2.21001345796733653093e-02+j4.06678303291303365648e-04
  -2.15047499337510002182e-02+j1.58473225697935374973e-03
  -2.08483358205852759015e-02+j2.71237253947628114206e-03
  -2.01343759737238128804e-02+j3.78620362519008300112e-03
  -1.93665476211559231534e-02+j4.80305674713999569692e-03
  -1.85487071798274040513e-02+j5.76000105815947620325e-03
  -1.76848752836764565310e-02+j6.65435391955360774213e-03
  -1.67792212014359308492e-02+j7.48369026972021175043e-03
  -1.58360466959918920471e-02+j8.24585103711425806972e-03
  -1.48597693820827631006e-02+j8.93895055849578193397e-03
  -1.38549056455946981853e-02+j9.56138296975582793746e-03
  -1.28260531819256104469e-02+j1.01118275392467898977e-02
  -1.17778732249854394681e-02+j1.05892529191112701181e-02
  -1.07150725287640958411e-02+j1.09929202891522453250e-02
  -9.64238517373574265112e-03+j1.13223853800685364535e-02
  -8.56455426845469103281e-03+j1.15774993590366283291e-02
  -7.48631361878113275182e-03+j1.17584085710500246824e-02
  -6.41236943801421540451e-03+j1.18655531319957451009e-02
  -5.34738217143590141567e-03+j1.18996643741033254760e-02
  -4.29594851229870514780e-03+j1.18617611508813024235e-02
  -3.26258367983101385534e-03+j1.17531450122873339093e-02
  -2.25170403578684071022e-03+j1.15753942673732564822e-02
  -1.26761011283036458680e-03+j1.13303569560240444125e-02
  -3.14470124385467437230e-04+j1.10201427562813640548e-02
  +6.03695971761781841232e-04+j1.06471138610754554460e-02
  +1.48303178886884491974e-03+j1.02138748594973460815e-02
  +2.31985914009232886690e-03+j9.72326166658301314916e-03
  +3.11069191781193502347e-03+j9.17832954781063782568e-03
  +3.85224916494072327014e-03+j8.58234028906341463172e-03
  +4.54146728086123052659e-03+j7.93874856931933714499e-03
  +5.17551131183438192784e-03+j7.25118759450931599231e-03
  +5.75178527661078953931e-03+j6.52345405734597316716e-03
  +6.26794148723734591971e-03+j5.75949248818018091217e-03
  +6.72188882481351661358e-03+j4.96337906864667121470e-03
  +7.11179993706429099121e-03+j4.13930498028756976847e-03
  +7.43611733421578168651e-03+j3.29155936092181272690e-03
  +7.69355835612003761959e-03+j2.42451194883584958753e-03
  +7.88311899888974841610e-03+j1.54259548924393433134e-03
  +8.00407658860745156726e-03+j6.50287983342478234997e-04
  +8.05599129777115688378e-03-j2.47905140621601039266e-04
  +8.03870650637153287554e-03-j1.14746885642119872753e-03
  +7.95234801406257199585e-03-j2.04389628926661707717e-03
  +7.79732211772468826461e-03-j2.93270631046342817108e-03
  +7.57431257048237285834e-03-j3.80946089788767065440e-03
  +7.28427644817879454270e-03-j4.66978219114411435137e-03
  +6.92843895205996762598e-03-j5.50936916932451455076e-03
  +6.50828718093111879828e-03-j6.32401388117389846172e-03
  +6.02556291251043259910e-03-j7.10961716275284628941e-03
  +5.48225443740944871213e-03-j7.86220378129666788714e-03
  +4.88058749265991072969e-03-j8.57793694484512703191e-03
  +4.22301534633231449162e-03-j9.25313212568232637545e-03
  +3.51220808779347404976e-03-j9.88427014526515636261e-03
  +2.75104118116400965174e-03-j1.04680094781412179328e-02
  +1.94258334180663367469e-03-j1.10011977314818185786e-02
  +1.09008379833408323989e-03-j1.14808822668778058584e-02
  +1.96959004070423816975e-04-j1.19043199320993924734e-02
  -7.33221137332774972745e-04-j1.22689858791857602655e-02
  -1.69674746538405721470e-03-j1.25725814459555756269e-02
  -2.68978610969623993868e-03-j1.28130410877352052257e-02
  -3.70839332328914365183e-03-j1.29885383470747014373e-02
  -4.74853053704414780622e-03-j1.30974908583501876286e-02
  -5.80607956893845061908e-03-j1.31385643828174289438e-02
  -6.87685792538505948762e-03-j1.31106758810079736255e-02
  -7.95663413095522298324e-03-j1.30129956303946404256e-02
  -9.04114302623051230290e-03-j1.28449483987510097716e-02
  -1.01261009750601080337e-02-j1.26062136909943639518e-02
  -1.12072209247658181180e-02-j1.22967250900897044630e-02
  -1.22802272653141017478e-02-j1.19166687139422560610e-02
  -1.33408704369603059448e-02-j1.14664808151438007977e-02
  -1.43849412380305779341e-02-j1.09468445548955711777e-02
  -1.54082847872578608539e-02-j1.03586859793667936808e-02
  -1.64068141000276133956e-02-j9.70316923619487375907e-03
  -1.73765232386440815482e-02-j8.98169106468105910013e-03
  -1.83135000021383970159e-02-j8.19587459773141874253e-03
  -1.92139381232920881948e-02-j7.34756251585389364572e-03
  -2.00741489438300176051e-02-j6.43880959064080295867e-03
  -2.08905725428097481522e-02-j5.47187466025476215714e-03
  -2.16597882954653493670e-02-j4.44921207754706785759e-03
  -2.23785248432051449285e-02-j3.37346267131444612145e-03
  -2.30436694590331198063e-02-j2.24744426336256431301e-03
  -2.36522767941719919138e-02-j1.07414178126096371974e-03
  -2.42015769966605551189e-02+j1.43302991501824861405e-04
  -2.46889831922018909705e-02+j1.40160198916732610559e-03
  -2.51120983233303583793e-02+j2.69733171982744230483e-03
  -2.54687213432107859012e-02+j4.02694436720903332916e-03
  -2.57568527625093995903e-02+j5.38677910004518346876e-03
  -2.59746995515409244415e-02+j6.77307355165631969768e-03
  -2.61206793994804876979e-02+j8.18197543596354062712e-03
  -2.61934243361258978222e-02+j9.60955426491252873156e-03
  -2.61917837216121274224e-02+j1.10518131338564352256e-02
  -2.61148266122405714462e-02+j1.25047005453629098831e-02
  -2.59618435108248564458e-02+j1.39641222385790755856e-02
  -2.57323475116906230653e-02+j1.54259529975679099412e-02
  -2.54260748510935358224e-02+j1.68860484099116504864e-02
  -2.50429848751516775929e-02+j1.83402565488197701049e-02
  -2.45832594374772936408e-02+j1.97844295552765947477e-02
</dep>
<dep S[3,2] frequency>
  -5.28594598517855571509e-04-j3.95605523673486173669e-03
  -8.87667869595975276079e-04-j4.88827275061358597352e-03
  -1.32748476015102272532e-03-j5.79253367684282559347e-03
  -1.84550632113354511586e-03-j6.66349156287715342628e-03
  -2.43900332974558795712e-03-j7.49597683647373544402e-03
  -3.10500470664573213070e-03-j8.28501553847454767776e-03
  -3.84027954791612852886e-03-j9.02584865188315113582e-03
  -4.64133542588470414392e-03-j9.71395103967820014446e-03
  -5.50442561742135912095e-03-j1.03450494567542544688e-02
  -6.42556174987544883453e-03-j1.09151393107483774686e-02
  -7.40053000491664239591e-03-j1.14204999548727457320e-02
  -8.42490979710958272364e-03-j1.18577083592129404327e-02
  -9.49409423344034324177e-03-j1.22236510509421449078e-02
  -1.06033118708206211545e-02-j1.25155342443276848541e-02
  -1.17476494048121046093e-02-j1.27308921090403814880e-02
  -1.29220749960225790576e-02-j1.28675931428456919586e-02
  -1.41214619801424915574e-02-j1.29238446407017593121e-02
  -1.53406127419394508471e-02-j1.28981952627435850212e-02
  -1.65742825504556941241e-02-j1.27895357269271498640e-02
  -1.78172031722670445864e-02-j1.25970976634854625598e-02
  -1.90641060929986790040e-02-j1.23204506816931378538e-02
  -2.03097451889882422982e-02-j1.19594977184802608861e-02
  -2.15489187054608809235e-02-j1.15144687425255461827e-02
  -2.27764904078638537321e-02-j1.09859129051799921800e-02
  -2.39874097862615813515e-02-j1.03746892348745758244e-02
  -2.51767312048231592381e-02-j9.68195598348623766294e-03
  -2.63396319006484296021e-02-j8.90915873588646149706e-03
  -2.74714287496609366190e-02-j8.05801740687885938164e-03
  -2.85675937291682037478e-02-j7.13051224713822338896e-03
  -2.96237680201871869667e-02-j6.12886898735808590549e-03
  -3.06357747058377434535e-02-j5.05554325392460271460e-03
  -3.15996300330019519453e-02-j3.91320438348639800669e-03
  -3.25115532194816744815e-02-j2.70471877321627231228e-03
  -3.33679747986634495094e-02-j1.43313289385249326320e-03
  -3.41655435068659030229e-02-j1.01656096245093563761e-04
  -3.49011317283470165473e-02+j1.28635666500575901114e-03
  -3.55718395262363401566e-02+j2.72742206724895051156e-03
  -3.61749972938209748974e-02+j4.21794550114504545463e-03
  -3.67081670735717111032e-02+j5.75423788531471362001e-03
  -3.71691425977944689407e-02+j7.33253211110887394980e-03
  -3.75559481126087543745e-02+j8.94899902060079452393e-03
  -3.78668360560771924406e-02+j1.05997628272871888266e-02
  -3.81002836646051681879e-02+j1.22809158993290347406e-02
  -3.82549885883066362324e-02+j1.39885328316694292072e-02
  -3.83298636021651914496e-02+j1.57186837422787703544e-02
  -3.83240305001489936498e-02+j1.74674467373734099152e-02
  -3.82368132653402442722e-02+j1.92309194983306744331e-02
  -3.80677306090863795673e-02+j2.10052299528593368338e-02
  -3.78164879744909698811e-02+j2.27865460012645418275e-02
  -3.74829690987745628439e-02+j2.45710842778059171398e-02
  -3.70672272310460515499e-02+j2.63551179355597416099e-02
  -3.65694760966528489843e-02+j2.81349834518177729925e-02
  -3.59900807029470484744e-02+j2.99070864588907026071e-02
  -3.53295480737403841398e-02+j3.16679066134410366895e-02
  -3.45885180010609347145e-02+j3.34140015244130186844e-02
  -3.37677538952237260572e-02+j3.51420097668349237785e-02
  -3.28681338136180486997e-02+j3.68486530156795152879e-02
  -3.18906417421062834960e-02+j3.85307373393232177605e-02
  -3.08363591985129151252e-02+j4.01851536987438695547e-02
  -2.97064572217344384508e-02+j4.18088777024965899121e-02
  -2.85021888070811600657e-02+j4.33989686736137580958e-02
  -2.72248818373187900788e-02+j4.49525680866174753847e-02
  -2.58759325588185547240e-02+j4.64668974382532462553e-02
  -2.44567996419210766101e-02+j4.79392556173537653930e-02
  -2.29689988589297823529e-02+j4.93670158413065524039e-02
  -2.14140984086744166903e-02+j5.07476222299973050989e-02
  -1.97937149069914060384e-02+j5.20785860871154013263e-02
  -1.81095100586235943640e-02+j5.33574819611256842555e-02
  -1.63631880183345707058e-02+j5.45819435580248632500e-02
  -1.45564934426603131284e-02+j5.57496595770089684030e-02
  -1.26912102278237837877e-02+j5.68583695396767188623e-02
  -1.07691609233736135254e-02+j5.79058596831229580038e-02
  -8.79220680470921625571e-03+j5.88899589836189008007e-02
  -6.76224858207205830468e-03+j5.98085353761577051546e-02
  -4.68122771897506485816e-03+j6.06594922335844249917e-02
  -2.55112832632321817616e-03+j6.14407651642298047179e-02
  -3.73979595258904916767e-04+j6.21503191842521923727e-02
  +1.84814127397756890712e-03+j6.27861463178091133708e-02
  +4.11310569341872839938e-03+j6.33462636731732253725e-02
  +6.41872990959902953167e-03+j6.38287120382906997262e-02
  +8.76277088006059169667e-03+j6.42315550361152731718e-02
  +1.11429218611191413468e-02+j6.45528788733819858248e-02
  +1.35568077667512758983e-02+j6.47907927135239480876e-02
  +1.60019803598832853486e-02+j6.49434296956187540051e-02
  +1.84759133401426363374e-02+j6.50089486211300748852e-02
  +2.09759973928819141997e-02+j6.49855363191175899873e-02
  +2.34995352655707340217e-02+j6.48714106992802630458e-02
  +2.60437369378781653773e-02+j6.46648244939260624653e-02
  +2.86057149526576411092e-02+j6.43640696862361888497e-02
  +3.11824799729831826645e-02+j6.39674826141989755213e-02
  +3.37709366318522871686e-02+j6.34734497369488503971e-02
  +3.63678797380997190225e-02+j6.28804140423208368649e-02
  +3.89699909009966413698e-02+j6.21868820696458018960e-02
  +4.15738356344906717643e-02+j6.13914315175719052520e-02
  +4.41758609985356126559e-02+j6.04927194002757018243e-02
  +4.67723938328583402346e-02+j5.94894907110536941275e-02
  +4.93596396352091668080e-02+j5.83805875480846656056e-02
  +5.19336821314753532830e-02+j5.71649586518297725402e-02
  +5.44904835829143202597e-02+j5.58416693001332412050e-02
  +5.70258858695100803726e-02+j5.44099115029744451189e-02
  +5.95356123854558841324e-02+j5.28690144355525859510e-02
  +6.20152707762718566342e-02+j5.12184550447608091805e-02
  +6.44603565440871190129e-02+j4.94578687623103696591e-02
  +6.68662575396879038658e-02+j4.75870602542782378253e-02
  +6.92282593567445092564e-02+j4.56060141360142001776e-02
  +7.15415516360671521756e-02+j4.35149055791254624204e-02
  +7.38012352834969687088e-02+j4.13141107364626974929e-02
  +7.60023305977327590099e-02+j3.90042169108146680179e-02
  +7.81397862989897662445e-02+j3.65860323922074653913e-02
  +8.02084894443442358858e-02+j3.40605958896819799309e-02
  +8.22032762070162847934e-02+j3.14291854843011392306e-02
  +8.41189434944766556423e-02+j2.86933270306912978354e-02
  +8.59502613710696056204e-02+j2.58548019374481678756e-02
  +8.76919862473632405475e-02+j2.29156542579124974934e-02
  +8.93388747921271403341e-02+j1.98781970263100862817e-02
  +9.08856985172757231295e-02+j1.67450177769460709087e-02
  +9.23272589815098826405e-02+j1.35189831882529132995e-02
  +9.36584035536470599359e-02+j1.02032427969180102684e-02
  +9.48740416713662187975e-02+j6.80123173242114329590e-03
  +9.59691615281342697008e-02+j3.31667242659645965588e-03
  +9.69388471164440712613e-02-j2.46424741940562018125e-04
  +9.77782955524973129702e-02-j3.88376190285860765222e-03
  +9.84828346046195401975e-02-j7.59075527784329809333e-03
  +9.90479403452649842521e-02-j1.13625379160255234740e-02
  +9.94692548442817070509e-02-j1.51939635976810379081e-02
  +9.97426038199520359484e-02-j1.90796119169757590062e-02
  +9.98640141633187899961e-02-j2.30137945478516015019e-02
  +9.98297312507148287830e-02-j2.69905626907141760196e-02
  +9.96362359597222912999e-02-j3.10037156908163150093e-02
  +9.92802613043682058436e-02-j3.50468108135649353274e-02
  +9.87588086064464243385e-02-j3.91131741544238631381e-02
  +9.80691631217234793816e-02-j4.31959126554391711905e-02
  +9.72089090417061069127e-02-j4.72879271945189083581e-02
  +9.61759437946531764441e-02-j5.13819267067764720580e-02
  +9.49684915723863626313e-02-j5.54704432923823487211e-02
  +9.35851160133306519961e-02-j5.95458482593290566731e-02
  +9.20247319759933540828e-02-j6.36003690448005282176e-02
  +9.02866163417793965440e-02-j6.76261069537769793358e-02
  +8.83704177905630799961e-02-j7.16150556495653289879e-02
  +8.62761654979305459001e-02-j7.55591203261990612683e-02
  +8.40042767080237118282e-02-j7.94501374901037255016e-02
  +8.15555631417679838258e-02-j8.32798952747428877785e-02
  +7.89312362061247718703e-02-j8.70401542095678298905e-02
  +7.61329109760944255925e-02-j9.07226683624667712413e-02
  +7.31626089269661328274e-02-j9.43192067736600969763e-02
  +7.00227594009726478363e-02-j9.78215750974733844192e-02
  +6.67161997984259541594e-02-j1.01221637368211228591e-01
  +6.32461744896005845229e-02-j1.04511337806276638496e-01
  +5.96163324497276103653e-02-j1.07682722581127682249e-01
  +5.58307236258203873347e-02-j1.10727961448429654268e-01
  +5.18937940491343424609e-02-j1.13639369180638702406e-01
  +4.78103797134257699208e-02-j1.16409426711661961873e-01
  +4.35856992443485607991e-02-j1.19030801918721534927e-01
  +3.92253453900396759080e-02-j1.21496369967387649047e-01
  +3.47352753685890719426e-02-j1.23799233148449067121e-01
  +3.01218001118935228833e-02-j1.25932740138997134594e-01
  +2.53915724498574892076e-02-j1.27890504623601963807e-01
  +2.05515742826750287542e-02-j1.29666423215435422378e-01
  +1.56091027924068100063e-02-j1.31254692621316504386e-01
  +1.05717557478648884611e-02-j1.32649825999058834647e-01
  +5.44741595964194722651e-03-j1.33846668459860790312e-01
  +2.44234944360547192622e-04-j1.34840411673156190808e-01
  -5.02938414121861191580e-03-j1.35626607535899418311e-01
  -1.03648042337464128815e-02-j1.36201180872975363689e-01
  -1.57531727018244242788e-02-j1.36560441139984750647e-01
  -2.11854402246681346178e-02-j1.36701093104426574243e-01
  -2.66523801476634993046e-02-j1.36620246485591123609e-01
  -3.21446082501157040512e-02-j1.36315424538081403361e-01
  -3.76526028612994695388e-02-j1.35784571568173889622e-01
  -4.31667252623274891321e-02-j1.35026059376127716138e-01
  -4.86772403107956080914e-02-j1.34038692621861965648e-01
  -5.41743372279216289789e-02-j1.32821713114860767702e-01
  -5.96481504881493790338e-02-j1.31374803032909298617e-01
  -6.50887807534510365315e-02-j1.29698087077472962170e-01
  -7.04863157959175201661e-02-j1.27792133576850569510e-01
  -7.58308513546687434914e-02-j1.25657954550661588033e-01
  -8.11125118742997280874e-02-j1.23297004752530289795e-01
  -8.63214710751135927413e-02-j1.20711179709599020216e-01
  -9.14479723070905775595e-02-j1.17902812779931476239e-01
  -9.64823486414789766030e-02-j1.14874671251176771469e-01
  -1.01415042656920001418e-01-j1.11629951504881544389e-01
  -1.06236625878559587388e-01-j1.08172273273013666572e-01
  -1.10937817831071622310e-01-j1.04505673014442565516e-01
  -1.15509504668882462264e-01-j1.00634596440001347628e-01
  -1.19942757348705408837e-01-j9.65638902163592216521e-02
  -1.24228849311872474592e-01-j9.22987928791011574825e-02
  -1.28359273645919036433e-01-j8.78449249868047676859e-02
  -1.32325759696696909629e-01-j8.32082785481051134813e-02
  -1.36120289104452146800e-01-j7.83952057542703223403e-02
  -1.39735111238943998657e-01-j7.34124070506076420450e-02
  -1.43162758010571905531e-01-j6.82669185797019073547e-02
  -1.46396058035957343790e-01-j6.29660990306998291643e-02
  -1.49428150138412485504e-01-j5.75176159279254528567e-02
  -1.52252496164876960361e-01-j5.19294313936680337895e-02
  -1.54862893102760773578e-01-j4.62097874187331197904e-02
  -1.57253484481346100798e-01-j4.03671906758208756671e-02
  -1.59418771043935647569e-01-j3.44103969099493617323e-02
  -1.61353620678324677362e-01-j2.83483949406922522418e-02
  -1.63053277594448792209e-01-j2.21903903111963923811e-02
  -1.64513370739464898085e-01-j1.59457886186396557981e-02
</dep>
<dep S[2,1] frequency>
  +9.85790427249982781355e-01-j1.54818185212790199179e-01
  +9.78810779568167976805e-01-j1.92440339047509706427e-01
  +9.70402303551085920752e-01-j2.29753531444638836589e-01
  +9.60574127015052625644e-01-j2.66701995008517378505e-01
  +9.49339301744933083960e-01-j3.03230400918535369925e-01
  +9.36714068262874288706e-01-j3.39284030312223650050e-01
  +9.22717459620005175935e-01-j3.74808914089593159247e-01
  +9.07371058527871920951e-01-j4.09751954607907975525e-01
  +8.90698830297993238148e-01-j4.44061035656466485122e-01
  +8.72726995530392568590e-01-j4.77685124010512496273e-01
  +8.53483924409269012479e-01-j5.10574364275519165801e-01
  +8.33000042857847566857e-01-j5.42680168041656307842e-01
  +8.11307745113114986424e-01-j5.73955297868899982916e-01
  +7.88441309545075408316e-01-j6.04353946444003309324e-01
  +7.64436815868788976935e-01-j6.33831811064645145315e-01
  +7.39332062631054331980e-01-j6.62346163567773649206e-01
  +7.13166484356724805771e-01-j6.89855915724751800333e-01
  +6.85981067980841463516e-01-j7.16321680162418261695e-01
  +6.57818268438898123840e-01-j7.41705826791253519659e-01
  +6.28721923353190992323e-01-j7.65972534783403546932e-01
  +5.98737166873228976449e-01-j7.89087840101880821919e-01
  +5.67910342773293663754e-01-j8.11019678604328997373e-01
  +5.36288916926885961267e-01-j8.31737924764744951389e-01
  +5.03921389328454205625e-01-j8.51214426045538430365e-01
  +4.70857205826894109624e-01-j8.69423032978252074976e-01
  +4.37146669746252825028e-01-j8.86339625018530807843e-01
  +4.02840853575376467433e-01-j9.01942132247714467574e-01
  +3.67991510900594787081e-01-j9.16210553008819816867e-01
  +3.32650988766733879398e-01-j9.29126967565130357229e-01
  +2.96872140611095125529e-01-j9.40675547894590402542e-01
  +2.60708239958040821627e-01-j9.50842563718774291814e-01
  +2.24212894998429668192e-01-j9.59616384893263729694e-01
  +1.87439964222899574375e-01-j9.66987480273953869947e-01
  +1.50443473211890804686e-01-j9.72948413194739014642e-01
  +1.13277532728596933009e-01-j9.77493833681401080860e-01
  +7.59962582110622897336e-02-j9.80620467539690898739e-01
  +3.86536907660784065377e-02-j9.82327102453099065826e-01
  +1.30371975713194769055e-03-j9.82614571226882449473e-01
  -3.59999929357300713084e-02-j9.81485732316732972791e-01
  -7.32040869189304332920e-02-j9.78945447778973854014e-01
  -1.10255575487433310489e-01-j9.75000558777844306135e-01
  -1.47101915975981989426e-01-j9.69659858784662764819e-01
  -1.83691078225857423734e-01-j9.62934064599352490532e-01
  -2.19971611123242954955e-01-j9.54835785324293140341e-01
  -2.55892707198124125245e-01-j9.45379489413843088208e-01
  -2.91404265256689387620e-01-j9.34581469921884400165e-01
  -3.26456951040156095889e-01-j9.22459808064254760396e-01
  -3.61002255909223801478e-01-j9.09034335207392074629e-01
  -3.94992553552734881883e-01-j8.94326593391482904671e-01
  -4.28381154729431501416e-01-j8.78359794489996126288e-01
  -4.61122360054408597652e-01-j8.61158778102952049416e-01
  -4.93171510846414751228e-01-j8.42749968275523952954e-01
  -5.24485038053237873079e-01-j8.23161329129934560278e-01
  -5.55020509284621987867e-01-j8.02422319487681057204e-01
  -5.84736673968236253529e-01-j7.80563846563145036228e-01
  -6.13593506662477583546e-01-j7.57618218795429232415e-01
  -6.41552248555218529447e-01-j7.33619097882382331655e-01
  -6.68575447171593562068e-01-j7.08601450082071870895e-01
  -6.94626994330366454022e-01-j6.82601496829551956935e-01
  -7.19672162374894730519e-01-j6.55656664722044757454e-01
  -7.43677638705858568002e-01-j6.27805534922038388501e-01
  -7.66611558656284164393e-01-j5.99087792008689890011e-01
  -7.88443536728474336783e-01-j5.69544172323639741329e-01
  -8.09144696226103299352e-01-j5.39216411839112619298e-01
  -8.28687697309404280865e-01-j5.08147193574996602905e-01
  -8.47046763495504451136e-01-j4.76380094594206382475e-01
  -8.64197706631263162791e-01-j4.43959532592565542242e-01
  -8.80117950356939404699e-01-j4.10930712106112483450e-01
  -8.94786552081954789095e-01-j3.77339570348216024609e-01
  -9.08184223488672781599e-01-j3.43232722690439584490e-01
  -9.20293349578071295802e-01-j3.08657407798668126375e-01
  -9.31098006269208799957e-01-j2.73661432431072770832e-01
  -9.40583976559554835184e-01-j2.38293115908569608230e-01
  -9.48738765252992499732e-01-j2.02601234259490226020e-01
  -9.55551612255562732301e-01-j1.66634964049819311871e-01
  -9.61013504440622501335e-01-j1.30443825893570480856e-01
  -9.65117186076479449675e-01-j9.40776276579599196603e-02
  -9.67857167810845964162e-01-j5.75864073595416595119e-02
  -9.69229734200543258105e-01-j2.10203757608320163097e-02
  -9.69232949773311536212e-01+j1.55701413338178908802e-02
  -9.67866663603914711977e-01+j5.21347610706223221766e-02
  -9.65132512385098562113e-01+j8.86231018231087158687e-02
  -9.61033921970105953214e-01+j1.24984841744655558737e-01
  -9.55576107360787463385e-01+j1.61169777588098833698e-01
  -9.48766071112980502456e-01+j1.97127883772924700212e-01
  -9.40612600127437969988e-01+j2.32809371693631861344e-01
  -9.31126260793286530948e-01+j2.68164749244093447711e-01
  -9.20319392448010531460e-01+j3.03144880540483829812e-01
  -9.08206099115880016726e-01+j3.37701045817970946228e-01
  -8.94802239485992023660e-01+j3.71785001472364928787e-01
  -8.80125415088496954041e-01+j4.05349040215328804138e-01
  -8.64194956627750254796e-01+j4.38346051306220063637e-01
  -8.47031908428181989912e-01+j4.70729580823631754694e-01
  -8.28659010950592245237e-01+j5.02453891928735019157e-01
  -8.09100681335490734547e-01+j5.33474025071998481096e-01
  -7.88382991928173293417e-01+j5.63745858092494001035e-01
  -7.66533646744673946571e-01+j5.93226166147193811895e-01
  -7.43581955836883246036e-01+j6.21872681407551697319e-01
  -7.19558807513597242789e-01+j6.49644152457909962450e-01
  -6.94496638381526310013e-01+j6.76500403318334164737e-01
  -6.68429401168982528780e-01+j7.02402392014399357123e-01
  -6.41392530296675977830e-01+j7.27312268612126389122e-01
  -6.13422905167687604333e-01+j7.51193432625975376915e-01
  -5.84558811145847290192e-01+j7.74010589710248275708e-01
  -5.54839898202398984495e-01+j7.95729807532229549416e-01
  -5.24307137209803597599e-01+j8.16318570726582093400e-01
  -4.93002773867941446184e-01+j8.35745834823649169643e-01
  -4.60970280257785969269e-01+j8.53982079037885588590e-01
  -4.28254304013205133739e-01+j8.70999357805291141155e-01
  -3.94900615119597397928e-01+j8.86771350946880976274e-01
  -3.60956050345637102783e-01+j9.01273412338763790785e-01
  -3.26468455324156803243e-01+j9.14482616963136152322e-01
  -2.91486624308026409658e-01+j9.26377806212129062402e-01
  -2.56060237628793152531e-01+j9.36939631316162424568e-01
  -2.20239796901523954276e-01+j9.46150594764132435444e-01
  -1.84076558017554819946e-01+j9.53995089585138567045e-01
  -1.47622461985269931573e-01+j9.60459436357528062445e-01
  -1.10930063681617757654e-01+j9.65531917813107321003e-01
  -7.40524585850277361487e-02+j9.69202810904892131383e-01
  -3.70432075759533074866e-02+j9.71464416206550551713e-01
  +4.37401080592398987766e-05+j9.72311084515210422019e-01
  +3.71541256597366573167e-02+j9.71739240530592907064e-01
  +7.42334611247721098959e-02+j9.69747403487140502421e-01
  +1.11227111340232290293e-01+j9.66336204619297478580e-01
  +1.48080377262236800862e-01+j9.61508401344782548392e-01
  +1.84738580547190028858e-01+j9.55268888055527343184e-01
  +2.21147149240209395238e-01+j9.47624703412211055742e-01
  +2.57251704419871940477e-01+j9.38585034044281174559e-01
  +2.92998147636054140364e-01+j9.28161214565117242969e-01
  +3.28332748973764798617e-01+j9.16366723819030504217e-01
  +3.63202235565414810470e-01+j9.03217177285962624644e-01
  +3.97553880367181478039e-01+j8.88730315579077112531e-01
  +4.31335591013511432390e-01+j8.72925988978225375625e-01
  +4.64495998549893152063e-01+j8.55826137955476906605e-01
  +4.96984545846664960145e-01+j8.37454769656676756284e-01
  +5.28751575485280067568e-01+j8.17837930317234951261e-01
  +5.59748416911103441329e-01+j7.97003673598862261152e-01
  +5.89927472638212213596e-01+j7.74982024848815953533e-01
  +6.19242303291883677829e-01+j7.51804941294467399260e-01
  +6.47647711272741344324e-01+j7.27506268198911620892e-01
  +6.75099822824860917869e-01+j7.02121691016990512324e-01
  +7.01556168292387094532e-01+j6.75688683602717832244e-01
  +7.26975760347445820742e-01+j6.48246452534675499102e-01
  +7.51319169975698031294e-01+j6.19835877638456267391e-01
  +7.74548600009731247340e-01+j5.90499448797282222579e-01
  +7.96627956002124548718e-01+j5.60281199157604548056e-01
  +8.17522914236268438692e-01+j5.29226634848411037204e-01
  +8.37200986678553471521e-01+j4.97382661345954546483e-01
  +8.55631582682652602756e-01+j4.64797506627456502581e-01
  +8.72786067261838605091e-01+j4.31520641273578198227e-01
  +8.88637815758045013226e-01+j3.97602695684452778213e-01
  +9.03162264741381726196e-01+j3.63095374592315778273e-01
  +9.16336958986429639396e-01+j3.28051369060916253595e-01
  +9.28141594382671408781e-01+j2.92524266171198366049e-01
  +9.38558056646581650995e-01+j2.56568456605600181408e-01
  +9.47570455716732262808e-01+j2.20239040349437364963e-01
  +9.55165155726059200703e-01+j1.83591730735153335630e-01
  +9.61330800458604528558e-01+j1.46682757064204472019e-01
  +9.66058334212483216241e-01+j1.09568766046402324421e-01
  +9.69341018005717258710e-01+j7.23067223005565695715e-02
  +9.71174441075963401637e-01+j3.49538081656233234895e-02
  +9.71556527640864087125e-01-j2.43267692539637881907e-03
  +9.70487538901060542429e-01-j3.97954172563100908033e-02
  +9.67970070283549643975e-01-j7.70771815672892518512e-02
  +9.64009043938463650036e-01-j1.14220923472763649653e-01
  +9.58611696518461564587e-01-j1.51169881298788028046e-01
  +9.51787562284684307556e-01-j1.87867677095812590782e-01
  +9.43548451598987925060e-01-j2.24258414576658654527e-01
  +9.33908424877333609437e-01-j2.60286775736906339507e-01
  +9.22883762092430615098e-01-j2.95898115925559701545e-01
  +9.10492927930131368264e-01-j3.31038557130146238183e-01
  +8.96756532715110687981e-01-j3.65655079259182613782e-01
  +8.81697289236392456324e-01-j3.99695609204942348125e-01
  +8.65339965614309369890e-01-j4.33109107483587330023e-01
  +8.47711334362808655030e-01-j4.65845652257567410803e-01
  +8.28840117810591969771e-01-j4.97856520558508319763e-01
  +8.08756930056704237408e-01-j5.29094266536034973925e-01
  +7.87494215642610906336e-01-j5.59512796575345805472e-01
  +7.65086185131935270221e-01-j5.89067441136303715510e-01
  +7.41568747797834548763e-01-j6.17715023178038058482e-01
  +7.16979441620636537280e-01-j6.45413923051547988585e-01
  +6.91357360806338028247e-01-j6.72124139752163451966e-01
  +6.64743081039909533558e-01-j6.97807348439227315140e-01
  +6.37178582689146177920e-01-j7.22426954145566346810e-01
  +6.08707172178994948553e-01-j7.45948141611241899440e-01
  +5.79373401755393979684e-01-j7.68337921192156270145e-01
  +5.49222987858384636972e-01-j7.89565170807215110926e-01
  +5.18302728324140482563e-01-j8.09600673900979006525e-01
  +4.86660418631832347724e-01-j8.28417153413730456002e-01
  +4.54344767410297445398e-01-j8.45989301762500645054e-01
  +4.21405311413738548065e-01-j8.62293806850911837003e-01
  +3.87892330174429089684e-01-j8.77309374135916808513e-01
  +3.53856760529988212394e-01-j8.91016744794317472333e-01
  +3.19350111222975518999e-01-j9.03398710039673535910e-01
  +2.84424377757522273136e-01-j9.14440121654153115216e-01
  +2.49131957695998024205e-01-j9.24127898807047931662e-01
  +2.13525566566936053636e-01-j9.32451031242818473288e-01
  +1.77658154548295893482e-01-j9.39400578929320828614e-01
  +1.41582824082422037426e-01-j9.44969668264434625726e-01
  +1.05352748567357393239e-01-j9.49153484946961389923e-01
</dep>
<dep S[2,4] frequency>
  +2.45096564376335711993e-03+j1.42962405726266023748e-02
  +3.71618977735120375669e-03+j1.76744142952964082560e-02
  +5.24108585261186255000e-03+j2.09629114767347218828e-02
  +7.02006459892061743244e-03+j2.41454236028605523368e-02
  +9.04639886901382334061e-03+j2.72060072441368296092e-02
  +1.13123145002340386167e-02+j3.01291570451897618155e-02
  +1.38090537347231191029e-02+j3.28998714376840112328e-02
  +1.65269279766142689059e-02+j3.55037133011350258815e-02
  +1.94553667649579355159e-02+j3.79268665264769905265e-02
  +2.25829660466973572430e-02+j4.01561888893837565240e-02
  +2.58975371940894580347e-02+j4.21792613858030587815e-02
  +2.93861574397448754858e-02+j4.39844340559134225344e-02
  +3.30352220040321109540e-02+j4.55608682639658882363e-02
  +3.68304979779832328268e-02+j4.68985753726709059253e-02
  +4.07571798996043538343e-02+j4.79884517439794835991e-02
  +4.47999468912459314351e-02+j4.88223099973101662408e-02
  +4.89430211769925418985e-02+j4.93929064683463550645e-02
  +5.31702277757608102182e-02+j4.96939648184406834730e-02
  +5.74650551434939746431e-02+j4.97201957641671271615e-02
  +6.18107165323599980211e-02+j4.94673129072928097205e-02
  +6.61902118267701372600e-02+j4.89320446634746233916e-02
  +7.05863896151863595696e-02+j4.81121423052996641245e-02
  +7.49820092593993653418e-02+j4.70063841474682997390e-02
  +7.93598027245322190648e-02+j4.56145759213356580264e-02
  +8.37025359396509349708e-02+j4.39375473982238362591e-02
  +8.79930694654209033523e-02+j4.19771453361511698299e-02
  +9.22144182527127875826e-02+j3.97362228369770795200e-02
  +9.63498102858528909787e-02+j3.72186252146534668483e-02
  +1.00382743912765859395e-01+j3.44291724860381412321e-02
  +1.04297043676513823129e-01+j3.13736386039193751452e-02
  +1.08076914471779292337e-01+j2.80587275665253356449e-02
  +1.11706993862588158106e-01+j2.44920465388988213562e-02
  +1.15172402408376534089e-01+j2.06820761367763235328e-02
  +1.18458791858114129147e-01+j1.66381380218450954100e-02
  +1.21552391083137284467e-01+j1.23703599697479044162e-02
  +1.24440049631807853059e-01+j7.88963857141652090410e-03
  +1.27109278801310815465e-01+j3.20759973464273054344e-03
  +1.29548290132302790223e-01-j1.66344284576643865713e-03
  +1.31746031244882960687e-01-j6.71053107835143346216e-03
  +1.33692218944742868825e-01-j1.19201075549494068390e-02
  +1.35377369539206260374e-01-j1.72780621476597805175e-02
  +1.36792826314170279378e-01-j2.27697799507161589838e-02
  +1.37930784131977374196e-01-j2.83801903975109369449e-02
  +1.38784311120725589728e-01-j3.40938173814556225172e-02
  +1.39347367434939195530e-01-j3.98948302144936234326e-02
  +1.39614821075852574284e-01-j4.57670952563988264750e-02
  +1.39582460768851362998e-01-j5.16942280520434338520e-02
  +1.39247005902970816260e-01-j5.76596458169490871937e-02
  +1.38606113545627823713e-01-j6.36466201135866826988e-02
  +1.37658382552519137354e-01-j6.96383295650533085119e-02
  +1.36403354800296638949e-01-j7.56179124561059262666e-02
  +1.34841513574835758504e-01-j8.15685190752814676118e-02
  +1.32974279155921942808e-01-j8.74733636554495680437e-02
  +1.30804001642670392203e-01-j9.33157757754702471553e-02
  +1.28333951072157947948e-01-j9.90792510872813697587e-02
  +1.25568304886453346869e-01-j1.04747501239193269162e-01
  +1.22512132809497242825e-01-j1.10304502869689138866e-01
  +1.19171379200351285066e-01-j1.15734545548848391516e-01
  +1.15552842952013748445e-01-j1.21022278551507253552e-01
  +1.11664155010540069868e-01-j1.26152756348047789814e-01
  +1.07513753594180125339e-01-j1.31111482703727799670e-01
  +1.03110857192211954891e-01-j1.35884453283163147974e-01
  +9.84654354316709806705e-02-j1.40458196658544420821e-01
  +9.35881779002553926272e-02-j1.44819813626336973966e-01
  +8.84904610176173306302e-02-j1.48957014740902754513e-01
  +8.31843130520089901747e-02-j1.52858155977746490439e-01
  +7.76823773798609729102e-02-j1.56512272443862426874e-01
  +7.19978740911464548669e-02-j1.59909110056623116058e-01
  +6.61445600445920572907e-02-j1.63039155117851830568e-01
  +6.01366874801771561510e-02-j1.65893661713607976083e-01
  +5.39889612990393924497e-02-j1.68464676875045682447e-01
  +4.77164951229278738731e-02-j1.70745063440891964301e-01
  +4.13347662485488848150e-02-j1.72728520565916143781e-01
  +3.48595696131927881845e-02-j1.74409601825327414959e-01
  +2.83069708921652590794e-02-j1.75783730869799093011e-01
  +2.16932588474921667077e-02-j1.76847214591017432017e-01
  +1.50348970531259014394e-02-j1.77597253762186907400e-01
  +8.34847512022529603115e-03-j1.78031951124158982491e-01
  +1.65065955007132601252e-03-j1.78150316892483062681e-01
  -5.04185565838379673442e-03-j1.77952271666346084622e-01
  -1.17123985157897101544e-02-j1.77438646726278764776e-01
  -1.83443685345522286556e-02-j1.76611181712846093683e-01
  -2.49212860746674536028e-02-j1.75472519685027084080e-01
  -3.14268414111987873238e-02-j1.74026199561705008367e-01
  -3.78449433900375567519e-02-j1.72276645957792767794e-01
  -4.41597675404180531333e-02-j1.70229156430532185817e-01
  -5.03558035103972845281e-02-j1.67889886159589468706e-01
  -5.64179016933177776560e-02-j1.65265830089864562691e-01
  -6.23313189135755243986e-02-j1.62364802573159439092e-01
  -6.80817630400864792772e-02-j1.59195414550656111352e-01
  -7.36554363982001719657e-02-j1.55767048325782503371e-01
  -7.90390778512975039627e-02-j1.52089829982985480505e-01
  -8.42200034260276314546e-02-j1.48174599514593802185e-01
  -8.91861453566295953044e-02-j1.44032878725463248104e-01
  -9.39260894264930951136e-02-j1.39676836991180441938e-01
  -9.84291104887048962091e-02-j1.35119254952226680588e-01
  -1.02685206049655169958e-01-j1.30373486233948260304e-01
  -1.06685127803675575131e-01-j1.25453417288140023356e-01
  -1.10420411011936558943e-01-j1.20373425458501312479e-01
  -1.13883401621461710640e-01-j1.15148335379268718093e-01
  -1.17067281026471570193e-01-j1.09793373822213671809e-01
  -1.19966088378844606965e-01-j1.04324123112980240990e-01
  -1.22574740360590017652e-01-j9.87564732446633702923e-02
  -1.24889048336969732400e-01-j9.31065728209106990843e-02
  -1.26905732815703886640e-01-j8.73907789676097446208e-02
  -1.28622435144363278514e-01-j8.16256063563890049695e-02
  -1.30037726385847179911e-01-j7.58276754883325243561e-02
  -1.31151113318566409083e-01-j7.00136603915329919223e-02
  -1.31963041516966500533e-01-j6.42002358887689972278e-02
  -1.32474895476084819634e-01-j5.84040245969668705972e-02
  -1.32688995751752858432e-01-j5.26415438225253662363e-02
  -1.32608593098775900954e-01-j4.69291525192936861965e-02
  -1.32237859596774032234e-01-j4.12829984793681922794e-02
  -1.31581876764404970270e-01-j3.57189659275506804503e-02
  -1.30646620671788921131e-01-j3.02526236928085702493e-02
  -1.29438944071082362441e-01-j2.48991741297065437288e-02
  -1.27966555575339840933e-01-j1.96734029641346640227e-02
  -1.26237995926339469088e-01-j1.45896302363060417079e-02
  -1.24262611401893222074e-01-j9.66166251344620363728e-03
  -1.22050524424349493557e-01-j4.90274654296796088410e-03
  -1.19612601442002433605e-01-j3.25524514117833424932e-04
  -1.16960418165734866824e-01+j4.05800890621544653458e-03
  -1.14106222253725575477e-01+j8.23654760221010327770e-03
  -1.11062893547357460777e-01+j1.21995129450849764535e-02
  -1.07843901971403047235e-01+j1.59370904839703196598e-02
  -1.04463263221764551814e-01+j1.94402642454475325928e-02
  -1.00935492373682586531e-01+j2.27008485017220068558e-02
  -9.72755555525559589825e-02+j2.57115168746401070998e-02
  -9.34988198187219760049e-02+j2.84658286502122367945e-02
  -8.96210014261171333816e-02+j3.09582521876071541100e-02
  -8.56581126228461720018e-02+j3.31841853145413562265e-02
  -8.16264071694969145510e-02+j3.51399726113550275874e-02
  -7.75423247579157814968e-02+j3.68229194965792316907e-02
  -7.34224345199471356560e-02+j3.82313030368432657524e-02
  -6.92833778212357115356e-02+j3.93643794161023796718e-02
  -6.51418105405618674819e-02+j4.02223880105632147774e-02
  -6.10143450394415101656e-02+j4.08065520281345114895e-02
  -5.69174920305480294691e-02+j4.11190756837972043458e-02
  -5.28676025560556248073e-02+j4.11631378958413618463e-02
  -4.88808102895187043813e-02+j4.09428825000159521408e-02
  -4.49729743753972122100e-02+j4.04634049937265052876e-02
  -4.11596230210189290011e-02+j3.97307358349486688942e-02
  -3.74558980548347492112e-02+j3.87518203349437456717e-02
  -3.38765006633921575419e-02+j3.75344951973952609126e-02
  -3.04356385164582035618e-02+j3.60874617709041611846e-02
  -2.71469744866697920704e-02+j3.44202560949386643374e-02
  -2.40235771652559243483e-02+j3.25432158333443799503e-02
  -2.10778733698753634185e-02+j3.04674442028093073187e-02
  -1.83216028344575405928e-02+j2.82047710165359809265e-02
  -1.57657752634045925100e-02+j2.57677109761818533273e-02
  -1.34206299243344213956e-02+j2.31694193573243889528e-02
  -1.12955979441578136663e-02+j2.04236452454305654480e-02
  -9.39926746409631454215e-03+j1.75446824901310215183e-02
  -7.73935179710664306052e-03+j1.45473185565383640594e-02
  -6.32266072151932076451e-03+j1.14467814614261174239e-02
  -5.15507503019338193112e-03+j8.25868499165236316650e-03
  -4.24152444397678501237e-03+j4.99897240974470774555e-03
  -3.58596898271717860751e-03+j1.68385885915501329162e-03
  -3.19138387454655182360e-03-j1.67022731227829137300e-03
  -3.05974806863704585497e-03-j5.04670408677310253914e-03
  -3.19203640296185581562e-03-j8.42889594074167775029e-03
  -3.58821546187489820445e-03-j1.18000944073875738832e-02
  -4.24724314471098315232e-03-j1.51436188041400160431e-02
  -5.16707194960421608426e-03-j1.84428768905262920053e-02
  -6.34465596255202532450e-03-j2.16814252217469270734e-02
  -7.77596152451892706076e-03-j2.48430289649924466999e-02
  -9.45598153598966803535e-03-j2.79117209469959062784e-02
  -1.13787533415458889247e-02-j3.08718597052611010145e-02
  -1.35373801227243618223e-02-j3.37081863196333902932e-02
  -1.59240557130791021700e-02-j3.64058798061694111059e-02
  -1.85300927347923083399e-02-j3.89506108618800708787e-02
  -2.13459539427998980232e-02-j4.13285937563913421955e-02
  -2.43612866494251831262e-02-j4.35266361747014898786e-02
  -2.75649600900936611603e-02-j4.55321868245370867112e-02
  -3.09451055788097124932e-02-j4.73333806322175781878e-02
  -3.44891592918667513890e-02-j4.89190813608989805150e-02
  -3.81839075073750408573e-02-j5.02789214976202755714e-02
  -4.20155341197808798737e-02-j5.14033392668407640436e-02
  -4.59696702399650727888e-02-j5.22836126411979976170e-02
  -5.00314456840926305436e-02-j5.29118902335973737006e-02
  -5.41855421485089167044e-02-j5.32812189676925007653e-02
  -5.84162478622686845431e-02-j5.33855684382469539151e-02
  -6.27075135047397841381e-02-j5.32198518868179440422e-02
  -6.70430091725307264472e-02-j5.27799437321853776028e-02
  -7.14061821775327787432e-02-j5.20626936099389259205e-02
  -7.57803154567748132875e-02-j5.10659368891258763634e-02
  -8.01485863744931942287e-02-j4.97885016491913523495e-02
  -8.44941256974498094978e-02-j4.82302121136795255985e-02
  -8.88000765263268487804e-02-j4.63918885515095177907e-02
  -9.30496529685732320925e-02-j4.42753436705470987400e-02
  -9.72261983415367847527e-02-j4.18833755407541294402e-02
  -1.01313242699019229187e-01-j3.92197570980869006374e-02
  -1.05294559479624488807e-01-j3.62892222916590054260e-02
  -1.09154221081045513242e-01-j3.30974489498378557362e-02
  -1.12876653171041424484e-01-j2.96510384510181648765e-02
  -1.16446687553162064876e-01-j2.59574922968498593423e-02
  -1.19849613412970859572e-01-j2.20251856948959143234e-02
  -1.23071226779042877664e-01-j1.78633382676573575221e-02
  -1.26097878041728950205e-01-j1.34819820136995380255e-02
  -1.28916517381993028790e-01-j8.89192665441386649594e-03
</dep>
<dep S[2,3] frequency>
  -5.28594598517855571509e-04-j3.95605523673486173669e-03
  -8.87667869595975167658e-04-j4.88827275061358684088e-03
  -1.32748476015102294216e-03-j5.79253367684282559347e-03
  -1.84550632113354489902e-03-j6.66349156287715516100e-03
  -2.43900332974558795712e-03-j7.49597683647373544402e-03
  -3.10500470664573299806e-03-j8.28501553847454941248e-03
  -3.84027954791612809518e-03-j9.02584865188315287055e-03
  -4.64133542588470414392e-03-j9.71395103967819840973e-03
  -5.50442561742135912095e-03-j1.03450494567542562036e-02
  -6.42556174987544883453e-03-j1.09151393107483792033e-02
  -7.40053000491664239591e-03-j1.14204999548727474667e-02
  -8.42490979710958272364e-03-j1.18577083592129386980e-02
  -9.49409423344034324177e-03-j1.22236510509421449078e-02
  -1.06033118708206211545e-02-j1.25155342443276865888e-02
  -1.17476494048121028746e-02-j1.27308921090403832227e-02
  -1.29220749960225807923e-02-j1.28675931428456936934e-02
  -1.41214619801424915574e-02-j1.29238446407017610468e-02
  -1.53406127419394508471e-02-j1.28981952627435850212e-02
  -1.65742825504556941241e-02-j1.27895357269271515988e-02
  -1.78172031722670445864e-02-j1.25970976634854590903e-02
  -1.90641060929986790040e-02-j1.23204506816931378538e-02
  -2.03097451889882492371e-02-j1.19594977184802643555e-02
  -2.15489187054608809235e-02-j1.15144687425255427132e-02
  -2.27764904078638572016e-02-j1.09859129051799904453e-02
  -2.39874097862615778820e-02-j1.03746892348745723550e-02
  -2.51767312048231557686e-02-j9.68195598348623766294e-03
  -2.63396319006484261327e-02-j8.90915873588646843595e-03
  -2.74714287496609366190e-02-j8.05801740687886285108e-03
  -2.85675937291682072172e-02-j7.13051224713822165424e-03
  -2.96237680201871869667e-02-j6.12886898735808590549e-03
  -3.06357747058377434535e-02-j5.05554325392460097988e-03
  -3.15996300330019450064e-02-j3.91320438348639800669e-03
  -3.25115532194816675426e-02-j2.70471877321627057755e-03
  -3.33679747986634495094e-02-j1.43313289385249499792e-03
  -3.41655435068659099618e-02-j1.01656096245090094314e-04
  -3.49011317283470096084e-02+j1.28635666500575554169e-03
  -3.55718395262363401566e-02+j2.72742206724894704212e-03
  -3.61749972938209748974e-02+j4.21794550114504892407e-03
  -3.67081670735717111032e-02+j5.75423788531471362001e-03
  -3.71691425977944620018e-02+j7.33253211110886961299e-03
  -3.75559481126087543745e-02+j8.94899902060079452393e-03
  -3.78668360560771924406e-02+j1.05997628272871905614e-02
  -3.81002836646051751268e-02+j1.22809158993290330059e-02
  -3.82549885883066362324e-02+j1.39885328316694309420e-02
  -3.83298636021651845107e-02+j1.57186837422787634155e-02
  -3.83240305001489867109e-02+j1.74674467373734099152e-02
  -3.82368132653402442722e-02+j1.92309194983306744331e-02
  -3.80677306090863865062e-02+j2.10052299528593403033e-02
  -3.78164879744909629422e-02+j2.27865460012645418275e-02
  -3.74829690987745559050e-02+j2.45710842778059136704e-02
  -3.70672272310460515499e-02+j2.63551179355597416099e-02
  -3.65694760966528420454e-02+j2.81349834518177729925e-02
  -3.59900807029470554133e-02+j2.99070864588907026071e-02
  -3.53295480737403772009e-02+j3.16679066134410366895e-02
  -3.45885180010609277756e-02+j3.34140015244130186844e-02
  -3.37677538952237191183e-02+j3.51420097668349168396e-02
  -3.28681338136180486997e-02+j3.68486530156795152879e-02
  -3.18906417421062904349e-02+j3.85307373393232246994e-02
  -3.08363591985129151252e-02+j4.01851536987438695547e-02
  -2.97064572217344384508e-02+j4.18088777024965899121e-02
  -2.85021888070811600657e-02+j4.33989686736137580958e-02
  -2.72248818373187900788e-02+j4.49525680866174684458e-02
  -2.58759325588185547240e-02+j4.64668974382532462553e-02
  -2.44567996419210766101e-02+j4.79392556173537653930e-02
  -2.29689988589297754140e-02+j4.93670158413065524039e-02
  -2.14140984086744062820e-02+j5.07476222299973050989e-02
  -1.97937149069914095079e-02+j5.20785860871154013263e-02
  -1.81095100586235908946e-02+j5.33574819611256842555e-02
  -1.63631880183345741753e-02+j5.45819435580248563111e-02
  -1.45564934426603131284e-02+j5.57496595770089614641e-02
  -1.26912102278237907266e-02+j5.68583695396767188623e-02
  -1.07691609233736169948e-02+j5.79058596831229580038e-02
  -8.79220680470921625571e-03+j5.88899589836189008007e-02
  -6.76224858207206524358e-03+j5.98085353761577051546e-02
  -4.68122771897506138872e-03+j6.06594922335844319305e-02
  -2.55112832632321817616e-03+j6.14407651642298047179e-02
  -3.73979595258904916767e-04+j6.21503191842521923727e-02
  +1.84814127397757237657e-03+j6.27861463178091272486e-02
  +4.11310569341873186883e-03+j6.33462636731732253725e-02
  +6.41872990959902953167e-03+j6.38287120382906997262e-02
  +8.76277088006059516612e-03+j6.42315550361152592940e-02
  +1.11429218611191378774e-02+j6.45528788733819719470e-02
  +1.35568077667512724288e-02+j6.47907927135239619654e-02
  +1.60019803598832784097e-02+j6.49434296956187540051e-02
  +1.84759133401426328680e-02+j6.50089486211300748852e-02
  +2.09759973928819211386e-02+j6.49855363191175899873e-02
  +2.34995352655707374911e-02+j6.48714106992802491680e-02
  +2.60437369378781688467e-02+j6.46648244939260485875e-02
  +2.86057149526576341703e-02+j6.43640696862361749719e-02
  +3.11824799729831826645e-02+j6.39674826141989755213e-02
  +3.37709366318522802297e-02+j6.34734497369488503971e-02
  +3.63678797380997190225e-02+j6.28804140423208368649e-02
  +3.89699909009966483087e-02+j6.21868820696458088348e-02
  +4.15738356344906717643e-02+j6.13914315175719052520e-02
  +4.41758609985356126559e-02+j6.04927194002757157021e-02
  +4.67723938328583402346e-02+j5.94894907110536941275e-02
  +4.93596396352091668080e-02+j5.83805875480846656056e-02
  +5.19336821314753602219e-02+j5.71649586518297725402e-02
  +5.44904835829143271986e-02+j5.58416693001332412050e-02
  +5.70258858695100942504e-02+j5.44099115029744451189e-02
  +5.95356123854558771935e-02+j5.28690144355525790121e-02
  +6.20152707762718566342e-02+j5.12184550447608161194e-02
  +6.44603565440871190129e-02+j4.94578687623103696591e-02
  +6.68662575396879177436e-02+j4.75870602542782447641e-02
  +6.92282593567445092564e-02+j4.56060141360141862998e-02
  +7.15415516360671660534e-02+j4.35149055791254624204e-02
  +7.38012352834969825865e-02+j4.13141107364626905540e-02
  +7.60023305977327590099e-02+j3.90042169108146749568e-02
  +7.81397862989897801222e-02+j3.65860323922074584524e-02
  +8.02084894443442358858e-02+j3.40605958896819660531e-02
  +8.22032762070162986712e-02+j3.14291854843011322918e-02
  +8.41189434944766556423e-02+j2.86933270306912908965e-02
  +8.59502613710695917426e-02+j2.58548019374481748145e-02
  +8.76919862473632405475e-02+j2.29156542579125009629e-02
  +8.93388747921271264563e-02+j1.98781970263100966900e-02
  +9.08856985172757231295e-02+j1.67450177769460674393e-02
  +9.23272589815098826405e-02+j1.35189831882529098300e-02
  +9.36584035536470738137e-02+j1.02032427969180102684e-02
  +9.48740416713662187975e-02+j6.80123173242114676534e-03
  +9.59691615281342697008e-02+j3.31667242659645965588e-03
  +9.69388471164440573835e-02-j2.46424741940548140337e-04
  +9.77782955524973129702e-02-j3.88376190285860071333e-03
  +9.84828346046195401975e-02-j7.59075527784331197112e-03
  +9.90479403452649842521e-02-j1.13625379160255234740e-02
  +9.94692548442817209287e-02-j1.51939635976810379081e-02
  +9.97426038199520359484e-02-j1.90796119169757451284e-02
  +9.98640141633187899961e-02-j2.30137945478516049713e-02
  +9.98297312507148287830e-02-j2.69905626907141690807e-02
  +9.96362359597222774221e-02-j3.10037156908163219482e-02
  +9.92802613043682058436e-02-j3.50468108135649422663e-02
  +9.87588086064464382163e-02-j3.91131741544238770159e-02
  +9.80691631217234655038e-02-j4.31959126554391711905e-02
  +9.72089090417060930349e-02-j4.72879271945189152970e-02
  +9.61759437946531764441e-02-j5.13819267067764720580e-02
  +9.49684915723863626313e-02-j5.54704432923823487211e-02
  +9.35851160133306519961e-02-j5.95458482593290566731e-02
  +9.20247319759933540828e-02-j6.36003690448005282176e-02
  +9.02866163417794104218e-02-j6.76261069537769793358e-02
  +8.83704177905630661183e-02-j7.16150556495653428657e-02
  +8.62761654979305459001e-02-j7.55591203261990473905e-02
  +8.40042767080237118282e-02-j7.94501374901037393794e-02
  +8.15555631417679977035e-02-j8.32798952747428877785e-02
  +7.89312362061247857481e-02-j8.70401542095678298905e-02
  +7.61329109760944117147e-02-j9.07226683624667573635e-02
  +7.31626089269661467052e-02-j9.43192067736600830985e-02
  +7.00227594009726617141e-02-j9.78215750974733982970e-02
  +6.67161997984259541594e-02-j1.01221637368211256347e-01
  +6.32461744896005845229e-02-j1.04511337806276652374e-01
  +5.96163324497276103653e-02-j1.07682722581127668371e-01
  +5.58307236258203873347e-02-j1.10727961448429640390e-01
  +5.18937940491343424609e-02-j1.13639369180638702406e-01
  +4.78103797134257699208e-02-j1.16409426711661961873e-01
  +4.35856992443485538602e-02-j1.19030801918721548804e-01
  +3.92253453900396759080e-02-j1.21496369967387676803e-01
  +3.47352753685890650037e-02-j1.23799233148449053243e-01
  +3.01218001118935228833e-02-j1.25932740138997134594e-01
  +2.53915724498574857382e-02-j1.27890504623601991563e-01
  +2.05515742826750252847e-02-j1.29666423215435422378e-01
  +1.56091027924068100063e-02-j1.31254692621316504386e-01
  +1.05717557478648867264e-02-j1.32649825999058806891e-01
  +5.44741595964194809387e-03-j1.33846668459860790312e-01
  +2.44234944360547192622e-04-j1.34840411673156190808e-01
  -5.02938414121861191580e-03-j1.35626607535899418311e-01
  -1.03648042337464128815e-02-j1.36201180872975363689e-01
  -1.57531727018244242788e-02-j1.36560441139984750647e-01
  -2.11854402246681311484e-02-j1.36701093104426574243e-01
  -2.66523801476635027741e-02-j1.36620246485591123609e-01
  -3.21446082501157109901e-02-j1.36315424538081375605e-01
  -3.76526028612994695388e-02-j1.35784571568173917377e-01
  -4.31667252623274821932e-02-j1.35026059376127688383e-01
  -4.86772403107956150303e-02-j1.34038692621861965648e-01
  -5.41743372279216289789e-02-j1.32821713114860767702e-01
  -5.96481504881493651560e-02-j1.31374803032909326372e-01
  -6.50887807534510226537e-02-j1.29698087077472989925e-01
  -7.04863157959175201661e-02-j1.27792133576850597265e-01
  -7.58308513546687434914e-02-j1.25657954550661560278e-01
  -8.11125118742997419652e-02-j1.23297004752530289795e-01
  -8.63214710751136343747e-02-j1.20711179709599006338e-01
  -9.14479723070905775595e-02-j1.17902812779931476239e-01
  -9.64823486414789904808e-02-j1.14874671251176757591e-01
  -1.01415042656920015296e-01-j1.11629951504881558266e-01
  -1.06236625878559587388e-01-j1.08172273273013666572e-01
  -1.10937817831071622310e-01-j1.04505673014442565516e-01
  -1.15509504668882462264e-01-j1.00634596440001361506e-01
  -1.19942757348705408837e-01-j9.65638902163592077743e-02
  -1.24228849311872460714e-01-j9.22987928791011713603e-02
  -1.28359273645919036433e-01-j8.78449249868047676859e-02
  -1.32325759696696909629e-01-j8.32082785481051273591e-02
  -1.36120289104452174556e-01-j7.83952057542703223403e-02
  -1.39735111238943998657e-01-j7.34124070506076420450e-02
  -1.43162758010571905531e-01-j6.82669185797018934769e-02
  -1.46396058035957343790e-01-j6.29660990306998430421e-02
  -1.49428150138412457748e-01-j5.75176159279254597956e-02
  -1.52252496164876960361e-01-j5.19294313936680268506e-02
  -1.54862893102760718067e-01-j4.62097874187331336682e-02
  -1.57253484481346100798e-01-j4.03671906758208895449e-02
  -1.59418771043935619813e-01-j3.44103969099493756101e-02
  -1.61353620678324677362e-01-j2.83483949406922314251e-02
  -1.63053277594448764454e-01-j2.21903903111963923811e-02
  -1.64513370739464898085e-01-j1.59457886186396627370e-02
</dep>
<dep S[2,2] frequency>
  +8.02607924899564483152e-04+j4.54814382076038515451e-03
  +1.22902849461356002657e-03+j5.61222421072262150216e-03
  +1.74279058393950322600e-03+j6.64119203829345063073e-03
  +2.34118302484253529988e-03+j7.62883647245495444961e-03
  +3.02104249465760203025e-03+j8.56915905864256803592e-03
  +3.77877970977405150399e-03+j9.45640652468346214199e-03
  +4.61040367699917016248e-03+j1.02851010994295805068e-02
  +5.51154611493829757474e-03+j1.10500686150064274249e-02
  +6.47748685113795456825e-03+j1.17464644929355984532e-02
  +7.50318045288689543931e-03+j1.23697975501968222140e-02
  +8.58328414555790085438e-03+j1.29159516104952968446e-02
  +9.71218695208712380629e-03+j1.33812048176593090254e-02
  +1.08840399357022585974e-02+j1.37622466191431765126e-02
  +1.20927873861995712618e-02+j1.40561923232735072609e-02
  +1.33321987748880078917e-02+j1.42605952162333775995e-02
  +1.45959013105769232210e-02+j1.43734561980044875384e-02
  +1.58774128781765874741e-02+j1.43932309027341963359e-02
  +1.71701752016907155385e-02+j1.43188343382775959411e-02
  +1.84675870132307851090e-02+j1.41496430266023175137e-02
  +1.97630370467903118681e-02+j1.38854946866346969786e-02
  +2.10499366904504797704e-02+j1.35266855190059025887e-02
  +2.23217520857855698801e-02+j1.30739651246237105486e-02
  +2.35720355366273101594e-02+j1.25285291577309602917e-02
  +2.47944560388235687998e-02+j1.18920097716237842256e-02
  +2.59828287982515233889e-02+j1.11664639793144400415e-02
  +2.71311435758107497018e-02+j1.03543600152044192736e-02
  +2.82335917541110641149e-02+j9.45856183430501644416e-03
  +2.92845919707484143857e-02+j8.48231184854944877949e-03
  +3.02788142457505286831e-02+j7.42921206055406537633e-03
  +3.12112024862404892345e-02+j6.30320370464104891284e-03
  +3.20769952902054539257e-02+j5.10854556241554201568e-03
  +3.28717449889420754161e-02+j3.84979107703121211509e-03
  +3.35913348545565509928e-02+j2.53176442564289087486e-03
  +3.42319944436663761711e-02+j1.15953569761096308630e-03
  +3.47903130334382484912e-02-j2.61604676865409991465e-04
  +3.52632511401199458256e-02-j1.72617209633398960636e-03
  +3.56481500963145847560e-02-j3.22851441021153534941e-03
  +3.59427397055420844163e-02-j4.76283885045914248679e-03
  +3.61451439733413981692e-02-j6.32323913407644745688e-03
  +3.62538849441153485098e-02-j7.90372259805041665892e-03
  +3.62678846765453199996e-02-j9.49823723795085485266e-03
  +3.61864653885184198168e-02-j1.11006985253017283199e-02
  +3.60093478318159049278e-02-j1.27050158798591768944e-02
  +3.57366479445670806592e-02-j1.43051186917168976498e-02
  +3.53688718432199206143e-02-j1.58949817784242754259e-02
  +3.49069092254146867704e-02-j1.74686501835853297271e-02
  +3.43520252538964884770e-02-j1.90202632206617865129e-02
  +3.37058509985018878163e-02-j2.05440776801565777587e-02
  +3.29703725157162452764e-02-j2.20344901218178478020e-02
  +3.21479186562747057399e-02-j2.34860581783804013567e-02
  +3.12411476760281574261e-02-j2.48935208117892527169e-02
  +3.02530327480420475894e-02-j2.62518174661394813885e-02
  +2.91868464596377295839e-02-j2.75561060645738917230e-02
  +2.80461443851636495206e-02-j2.88017798140253050709e-02
  +2.68347478264906007250e-02-j2.99844827765426355515e-02
  +2.55567258084796328221e-02-j3.11001241853349347233e-02
  +2.42163764209670784311e-02-j3.21448914774935187721e-02
  +2.28182075941012266207e-02-j3.31152620300306788081e-02
  +2.13669173932806120975e-02-j3.40080135877116260246e-02
  +1.98673739212825543887e-02-j3.48202333772763689135e-02
  +1.83245949076739529648e-02-j3.55493259059272634359e-02
  +1.67437270688271938601e-02-j3.61930194518210249233e-02
  +1.51300253172337948598e-02-j3.67493712508638881165e-02
  +1.34888318937234664985e-02-j3.72167713956251394736e-02
  +1.18255554998184762849e-02-j3.75939454612352896845e-02
  +1.01456504999941684447e-02-j3.78799558769849775697e-02
  +8.45459625883217269493e-03-j3.80742020697225763692e-02
  +6.75787668547830986526e-03-j3.81764194006545681814e-02
  +5.06096003926227461928e-03-j3.81866769277180856390e-02
  +3.36927906513148156878e-03-j3.81053740210167413149e-02
  +1.68821150779408651887e-03-j3.79332358671500974312e-02
  +2.30610657125127982772e-05-j3.76713078944284907035e-02
  -1.62096116715255977869e-03-j3.73209491574522864155e-02
  -3.23875472519410088912e-03-j3.68838247192943211039e-02
  -4.82534720622219970299e-03-j3.63618970687253281748e-02
  -6.37591108323104244909e-03-j3.57574166158912479241e-02
  -7.88577984501660431138e-03-j3.50729113066772790752e-02
  -9.35046343094456111622e-03-j3.43111753999518209746e-02
  -1.07656629180600503515e-02-j3.34752574507929182013e-02
  -1.21272844322502168501e-02-j3.25684475454278976603e-02
  -1.34314522470826390455e-02-j3.15942638335220959966e-02
  -1.46745210412794046401e-02-j3.05564384040768986794e-02
  -1.58530872865941495353e-02-j2.94589025535995710503e-02
  -1.69639997433074715683e-02-j2.83057714926155494506e-02
  -1.80043690327271951879e-02-j2.71013285420388175262e-02
  -1.89715762733010315233e-02-j2.58500088668985848750e-02
  -1.98632807540134875834e-02-j2.45563827992137939660e-02
  -2.06774266320026954558e-02-j2.32251388000329836436e-02
  -2.14122486344188525664e-02-j2.18610661139515584372e-02
  -2.20662767570386254834e-02-j2.04690371659882602851e-02
  -2.26383399426986035852e-02-j1.90539897568264594840e-02
  -2.31275687338668677062e-02-j1.76209091087358785122e-02
  -2.35333968926465450511e-02-j1.61748098156296038486e-02
  -2.38555619827061950178e-02-j1.47207177542175299267e-02
  -2.40941049114711917933e-02-j1.32636520102779407321e-02
  -2.42493684362442077362e-02-j1.18086068756490351894e-02
  -2.43219946323841897107e-02-j1.03605339741384017832e-02
  -2.43129213349391887222e-02-j8.92432457016140157080e-03
  -2.42233775597262973589e-02-j7.50479211910344990583e-03
  -2.40548779167755674702e-02-j6.10665511460098744956e-03
  -2.38092160316299220058e-02-j4.73452029094213137222e-03
  -2.34884569901836169625e-02-j3.39286623454438437258e-03
  -2.30949288324949278395e-02-j2.08602746407671787304e-03
  -2.26312131163570740000e-02-j8.18179030698856259163e-04
  -2.21001345796733653093e-02+j4.06678303291304991951e-04
  -2.15047499337510002182e-02+j1.58473225697935201500e-03
  -2.08483358205852724321e-02+j2.71237253947628504519e-03
  -2.01343759737238059415e-02+j3.78620362519008170007e-03
  -1.93665476211559196840e-02+j4.80305674713999569692e-03
  -1.85487071798274040513e-02+j5.76000105815947186644e-03
  -1.76848752836764565310e-02+j6.65435391955360687477e-03
  -1.67792212014359273797e-02+j7.48369026972021088306e-03
  -1.58360466959919024554e-02+j8.24585103711425806972e-03
  -1.48597693820827648353e-02+j8.93895055849578540341e-03
  -1.38549056455946947158e-02+j9.56138296975582967219e-03
  -1.28260531819256104469e-02+j1.01118275392467898977e-02
  -1.17778732249854377334e-02+j1.05892529191112718528e-02
  -1.07150725287641010453e-02+j1.09929202891522453250e-02
  -9.64238517373574091640e-03+j1.13223853800685399229e-02
  -8.56455426845469103281e-03+j1.15774993590366300639e-02
  -7.48631361878113361918e-03+j1.17584085710500281519e-02
  -6.41236943801421800659e-03+j1.18655531319957485703e-02
  -5.34738217143589881358e-03+j1.18996643741033289454e-02
  -4.29594851229870341308e-03+j1.18617611508813006888e-02
  -3.26258367983101472271e-03+j1.17531450122873373787e-02
  -2.25170403578684244494e-03+j1.15753942673732547475e-02
  -1.26761011283036545416e-03+j1.13303569560240444125e-02
  -3.14470124385467925121e-04+j1.10201427562813640548e-02
  +6.03695971761782600173e-04+j1.06471138610754554460e-02
  +1.48303178886884535342e-03+j1.02138748594973460815e-02
  +2.31985914009232843322e-03+j9.72326166658301141443e-03
  +3.11069191781193675819e-03+j9.17832954781063609095e-03
  +3.85224916494072283646e-03+j8.58234028906341116227e-03
  +4.54146728086123226131e-03+j7.93874856931933887971e-03
  +5.17551131183438106048e-03+j7.25118759450931599231e-03
  +5.75178527661078953931e-03+j6.52345405734597143244e-03
  +6.26794148723734505235e-03+j5.75949248818017917745e-03
  +6.72188882481351661358e-03+j4.96337906864667034734e-03
  +7.11179993706429272593e-03+j4.13930498028757150319e-03
  +7.43611733421578342124e-03+j3.29155936092181446162e-03
  +7.69355835612003761959e-03+j2.42451194883584741913e-03
  +7.88311899888974841610e-03+j1.54259548924393433134e-03
  +8.00407658860745330198e-03+j6.50287983342479752880e-04
  +8.05599129777115688378e-03-j2.47905140621601689788e-04
  +8.03870650637153114082e-03-j1.14746885642119655913e-03
  +7.95234801406257373058e-03-j2.04389628926661577613e-03
  +7.79732211772468913197e-03-j2.93270631046342773740e-03
  +7.57431257048237546042e-03-j3.80946089788767282280e-03
  +7.28427644817879714478e-03-j4.66978219114411608609e-03
  +6.92843895205997022807e-03-j5.50936916932451715284e-03
  +6.50828718093111879828e-03-j6.32401388117389759436e-03
  +6.02556291251043173174e-03-j7.10961716275285062622e-03
  +5.48225443740944871213e-03-j7.86220378129666962186e-03
  +4.88058749265990986232e-03-j8.57793694484512529719e-03
  +4.22301534633231882843e-03-j9.25313212568232984490e-03
  +3.51220808779347318240e-03-j9.88427014526516156678e-03
  +2.75104118116400748334e-03-j1.04680094781412214022e-02
  +1.94258334180662933788e-03-j1.10011977314818168439e-02
  +1.09008379833408323989e-03-j1.14808822668778058584e-02
  +1.96959004070424575916e-04-j1.19043199320993837997e-02
  -7.33221137332779743234e-04-j1.22689858791857550613e-02
  -1.69674746538405786522e-03-j1.25725814459555843006e-02
  -2.68978610969623777027e-03-j1.28130410877352121646e-02
  -3.70839332328914104975e-03-j1.29885383470746892942e-02
  -4.74853053704415301040e-03-j1.30974908583501806897e-02
  -5.80607956893844888435e-03-j1.31385643828174289438e-02
  -6.87685792538505515081e-03-j1.31106758810079701560e-02
  -7.95663413095522298324e-03-j1.30129956303946456297e-02
  -9.04114302623051403762e-03-j1.28449483987510201799e-02
  -1.01261009750601062990e-02-j1.26062136909943535434e-02
  -1.12072209247658129139e-02-j1.22967250900897009935e-02
  -1.22802272653141000130e-02-j1.19166687139422543262e-02
  -1.33408704369603042100e-02-j1.14664808151437903894e-02
  -1.43849412380305796688e-02-j1.09468445548955677082e-02
  -1.54082847872578573845e-02-j1.03586859793667954155e-02
  -1.64068141000276168651e-02-j9.70316923619487722852e-03
  -1.73765232386440884871e-02-j8.98169106468105736540e-03
  -1.83135000021384039548e-02-j8.19587459773141006891e-03
  -1.92139381232920847253e-02-j7.34756251585389364572e-03
  -2.00741489438300245440e-02-j6.43880959064079601978e-03
  -2.08905725428097446827e-02-j5.47187466025475868769e-03
  -2.16597882954653493670e-02-j4.44921207754706785759e-03
  -2.23785248432051483980e-02-j3.37346267131445089194e-03
  -2.30436694590331267452e-02-j2.24744426336256127724e-03
  -2.36522767941719919138e-02-j1.07414178126095938293e-03
  -2.42015769966605551189e-02+j1.43302991501823885623e-04
  -2.46889831922018875010e-02+j1.40160198916732935820e-03
  -2.51120983233303653182e-02+j2.69733171982744230483e-03
  -2.54687213432107859012e-02+j4.02694436720902899235e-03
  -2.57568527625093891820e-02+j5.38677910004518173404e-03
  -2.59746995515409417887e-02+j6.77307355165632229976e-03
  -2.61206793994804772896e-02+j8.18197543596354236184e-03
  -2.61934243361258978222e-02+j9.60955426491252526211e-03
  -2.61917837216121343613e-02+j1.10518131338564404298e-02
  -2.61148266122405645073e-02+j1.25047005453629046789e-02
  -2.59618435108248633847e-02+j1.39641222385790825244e-02
  -2.57323475116906057181e-02+j1.54259529975679064717e-02
  -2.54260748510935358224e-02+j1.68860484099116504864e-02
  -2.50429848751516914707e-02+j1.83402565488197735744e-02
  -2.45832594374772936408e-02+j1.97844295552765982171e-02
</dep>
