<Qucs Dataset 1.0.7>
<indep frequency 200>
  +1.00000000000000000000e+08
  +1.24623115577889442444e+08
  +1.49246231155778884888e+08
  +1.73869346733668327332e+08
  +1.98492462311557769775e+08
  +2.23115577889447212219e+08
  +2.47738693467336684465e+08
  +2.72361809045226097107e+08
  +2.96984924623115539551e+08
  +3.21608040201004981995e+08
  +3.46231155778894424438e+08
  +3.70854271356783926487e+08
  +3.95477386934673368931e+08
  +4.20100502512562811375e+08
  +4.44723618090452253819e+08
  +4.69346733668341696262e+08
  +4.93969849246231138706e+08
  +5.18592964824120581150e+08
  +5.43216080402009963989e+08
  +5.67839195979899406433e+08
  +5.92462311557788848877e+08
  +6.17085427135678291321e+08
  +6.41708542713567852974e+08
  +6.66331658291457295418e+08
  +6.90954773869346737862e+08
  +7.15577889447236180305e+08
  +7.40201005025125622749e+08
  +7.64824120603015065193e+08
  +7.89447236180904507637e+08
  +8.14070351758793950081e+08
  +8.38693467336683392525e+08
  +8.63316582914572834969e+08
  +8.87939698492462277412e+08
  +9.12562814070351719856e+08
  +9.37185929648241162300e+08
  +9.61809045226130604744e+08
  +9.86432160804020047188e+08
  +1.01105527638190948963e+09
  +1.03567839195979893208e+09
  +1.06030150753768837452e+09
  +1.08492462311557769775e+09
  +1.10954773869346714020e+09
  +1.13417085427135658264e+09
  +1.15879396984924602509e+09
  +1.18341708542713570595e+09
  +1.20804020100502514839e+09
  +1.23266331658291459084e+09
  +1.25728643216080403328e+09
  +1.28190954773869347572e+09
  +1.30653266331658291817e+09
  +1.33115577889447236061e+09
  +1.35577889447236180305e+09
  +1.38040201005025124550e+09
  +1.40502512562814068794e+09
  +1.42964824120603013039e+09
  +1.45427135678391957283e+09
  +1.47889447236180901527e+09
  +1.50351758793969845772e+09
  +1.52814070351758790016e+09
  +1.55276381909547734261e+09
  +1.57738693467336678505e+09
  +1.60201005025125622749e+09
  +1.62663316582914566994e+09
  +1.65125628140703511238e+09
  +1.67587939698492455482e+09
  +1.70050251256281399727e+09
  +1.72512562814070343971e+09
  +1.74974874371859288216e+09
  +1.77437185929648232460e+09
  +1.79899497487437176704e+09
  +1.82361809045226120949e+09
  +1.84824120603015065193e+09
  +1.87286432160804009438e+09
  +1.89748743718592953682e+09
  +1.92211055276381897926e+09
  +1.94673366834170842171e+09
  +1.97135678391959786415e+09
  +1.99597989949748730659e+09
  +2.02060301507537674904e+09
  +2.04522613065326619148e+09
  +2.06984924623115563393e+09
  +2.09447236180904507637e+09
  +2.11909547738693451881e+09
  +2.14371859296482396126e+09
  +2.16834170854271316528e+09
  +2.19296482412060260773e+09
  +2.21758793969849205017e+09
  +2.24221105527638149261e+09
  +2.26683417085427141190e+09
  +2.29145728643216085434e+09
  +2.31608040201005029678e+09
  +2.34070351758793973923e+09
  +2.36532663316582918167e+09
  +2.38994974874371862411e+09
  +2.41457286432160806656e+09
  +2.43919597989949750900e+09
  +2.46381909547738695145e+09
  +2.48844221105527639389e+09
  +2.51306532663316583633e+09
  +2.53768844221105527878e+09
  +2.56231155778894472122e+09
  +2.58693467336683416367e+09
  +2.61155778894472360611e+09
  +2.63618090452261304855e+09
  +2.66080402010050249100e+09
  +2.68542713567839193344e+09
  +2.71005025125628137589e+09
  +2.73467336683417081833e+09
  +2.75929648241206026077e+09
  +2.78391959798994970322e+09
  +2.80854271356783914566e+09
  +2.83316582914572858810e+09
  +2.85778894472361803055e+09
  +2.88241206030150747299e+09
  +2.90703517587939691544e+09
  +2.93165829145728635788e+09
  +2.95628140703517580032e+09
  +2.98090452261306524277e+09
  +3.00552763819095468521e+09
  +3.03015075376884412766e+09
  +3.05477386934673357010e+09
  +3.07939698492462301254e+09
  +3.10402010050251245499e+09
  +3.12864321608040189743e+09
  +3.15326633165829133987e+09
  +3.17788944723618078232e+09
  +3.20251256281407022476e+09
  +3.22713567839195966721e+09
  +3.25175879396984910965e+09
  +3.27638190954773855209e+09
  +3.30100502512562799454e+09
  +3.32562814070351743698e+09
  +3.35025125628140687943e+09
  +3.37487437185929632187e+09
  +3.39949748743718576431e+09
  +3.42412060301507520676e+09
  +3.44874371859296464920e+09
  +3.47336683417085409164e+09
  +3.49798994974874353409e+09
  +3.52261306532663297653e+09
  +3.54723618090452241898e+09
  +3.57185929648241186142e+09
  +3.59648241206030130386e+09
  +3.62110552763819074631e+09
  +3.64572864321608018875e+09
  +3.67035175879396963120e+09
  +3.69497487437185907364e+09
  +3.71959798994974851608e+09
  +3.74422110552763795853e+09
  +3.76884422110552740097e+09
  +3.79346733668341684341e+09
  +3.81809045226130628586e+09
  +3.84271356783919572830e+09
  +3.86733668341708517075e+09
  +3.89195979899497461319e+09
  +3.91658291457286405563e+09
  +3.94120603015075349808e+09
  +3.96582914572864294052e+09
  +3.99045226130653238297e+09
  +4.01507537688442182541e+09
  +4.03969849246231126785e+09
  +4.06432160804020071030e+09
  +4.08894472361809015274e+09
  +4.11356783919597959518e+09
  +4.13819095477386903763e+09
  +4.16281407035175848007e+09
  +4.18743718592964792252e+09
  +4.21206030150753736496e+09
  +4.23668341708542680740e+09
  +4.26130653266331624985e+09
  +4.28592964824120569229e+09
  +4.31055276381909561157e+09
  +4.33517587939698410034e+09
  +4.35979899497487449646e+09
  +4.38442211055276298523e+09
  +4.40904522613065338135e+09
  +4.43366834170854282379e+09
  +4.45829145728643226624e+09
  +4.48291457286432170868e+09
  +4.50753768844221115112e+09
  +4.53216080402010059357e+09
  +4.55678391959799003601e+09
  +4.58140703517587947845e+09
  +4.60603015075376892090e+09
  +4.63065326633165836334e+09
  +4.65527638190954780579e+09
  +4.67989949748743724823e+09
  +4.70452261306532669067e+09
  +4.72914572864321613312e+09
  +4.75376884422110557556e+09
  +4.77839195979899501801e+09
  +4.80301507537688446045e+09
  +4.82763819095477390289e+09
  +4.85226130653266334534e+09
  +4.87688442211055278778e+09
  +4.90150753768844223022e+09
  +4.92613065326633167267e+09
  +4.95075376884422111511e+09
  +4.97537688442211055756e+09
  +5.00000000000000000000e+09
</indep>
<dep isolated frequency>
  -4.94791035744125551332e+01
  -4.76945462784927656230e+01
  -4.61669591132959453716e+01
  -4.48442344459612343144e+01
  -4.36833447504443839193e+01
  -4.26516465042339945057e+01
  -4.18636457661437404454e+01
  -4.11195609323708168859e+01
  -4.04067907027274841880e+01
  -3.97282853565881239888e+01
  -3.90844183610311830535e+01
  -3.86066533275929799629e+01
  -3.81558853215434012895e+01
  -3.77001881000707754765e+01
  -3.72451832627002303866e+01
  -3.67949605634224639061e+01
  -3.64697266037376692793e+01
  -3.61800045591135841505e+01
  -3.58735988463015544880e+01
  -3.55550558983381677081e+01
  -3.52283033320765497365e+01
  -3.49953620729895362729e+01
  -3.48118217973642316565e+01
  -3.46076562878821718527e+01
  -3.43859918704766798214e+01
  -3.41498418930037956898e+01
  -3.39807949152759931621e+01
  -3.38752500391257314050e+01
  -3.37485610575187280347e+01
  -3.36025985100653414861e+01
  -3.34393634041061531548e+01
  -3.33195967046648320320e+01
  -3.32753422824132769620e+01
  -3.32113256618923244901e+01
  -3.31284133969475504955e+01
  -3.30276843934068367048e+01
  -3.29497383524235871732e+01
  -3.29553427742280931056e+01
  -3.29438477818376327377e+01
  -3.29153884309206716807e+01
  -3.28702955412732009677e+01
  -3.28308365106989867854e+01
  -3.28765799050721057029e+01
  -3.29088384400041178424e+01
  -3.29273069417593546859e+01
  -3.29318083051234822278e+01
  -3.29296442293526538947e+01
  -3.30043453397386343795e+01
  -3.30697733697645546158e+01
  -3.31254849199296614870e+01
  -3.31710898895052039848e+01
  -3.32062601164285169375e+01
  -3.32917346302920478252e+01
  -3.33736240838840103606e+01
  -3.34500718348375087885e+01
  -3.35207586978382749976e+01
  -3.35853774329155854161e+01
  -3.36559496444436376805e+01
  -3.37260009981009645230e+01
  -3.37938892180918131203e+01
  -3.38594935000687087268e+01
  -3.39226926836593918324e+01
  -3.39497765134455988800e+01
  -3.39658910702935017412e+01
  -3.39813247101070956546e+01
  -3.39960699393283718450e+01
  -3.40101195399686559995e+01
  -3.39608596910522493317e+01
  -3.38806528616335214110e+01
  -3.38010090835862371250e+01
  -3.37219242772670497743e+01
  -3.36433942457563475159e+01
  -3.35022465228701591400e+01
  -3.33152490903643609954e+01
  -3.31317830766807901455e+01
  -3.29517355907169147144e+01
  -3.27749977683391691130e+01
  -3.25594495716348646397e+01
  -3.22998936671917462604e+01
  -3.20459533247603474138e+01
  -3.17975211402340534050e+01
  -3.15544753062231322360e+01
  -3.12990623050366068014e+01
  -3.10161869043032396576e+01
  -3.07371342506267950512e+01
  -3.04622815555678769783e+01
  -3.01919048235975218120e+01
  -2.99246695682103514002e+01
  -2.96536484613365125540e+01
  -2.93818054275916580309e+01
  -2.91102512429626649748e+01
  -2.88399037816210643825e+01
  -2.85760466702799931227e+01
  -2.83338452127134914349e+01
  -2.80855816733548806496e+01
  -2.78329549500024207020e+01
  -2.75774465512482436225e+01
  -2.73232027096297294122e+01
  -2.71152909093790803752e+01
  -2.68967707379491329789e+01
  -2.66696390802577951717e+01
  -2.64357189678013710932e+01
  -2.61966480105239263310e+01
  -2.60191897536331140373e+01
  -2.58314839314251898372e+01
  -2.56317243683093280993e+01
  -2.54218564327022100713e+01
  -2.52036979645238155001e+01
  -2.50487016385451184419e+01
  -2.48907303439811791179e+01
  -2.47181003280147670864e+01
  -2.45327132147546507213e+01
  -2.43364165512512400369e+01
  -2.41995503641114311222e+01
  -2.40695098716117037441e+01
  -2.39229459041907723815e+01
  -2.37616048785826379230e+01
  -2.35872528810321995252e+01
  -2.34651367472681471327e+01
  -2.33611202057350553218e+01
  -2.32393423655682411777e+01
  -2.31013249909217357470e+01
  -2.29486747908066988089e+01
  -2.28387997513292404506e+01
  -2.27589983857795488120e+01
  -2.26607338701054281671e+01
  -2.25452639054269035057e+01
  -2.24139833057857700283e+01
  -2.23145777228170842932e+01
  -2.22572661937669913357e+01
  -2.21812638367043248877e+01
  -2.20875472490990354402e+01
  -2.19772668391806718091e+01
  -2.18871647246275955467e+01
  -2.18505545580073672340e+01
  -2.17954601203875952820e+01
  -2.17225789178101216237e+01
  -2.16328024886633620838e+01
  -2.15513191528154237631e+01
  -2.15333414849785178546e+01
  -2.14974877321798309993e+01
  -2.14441967190146378641e+01
  -2.13741053063469266249e+01
  -2.13008962444653633383e+01
  -2.12989437995118677804e+01
  -2.12800827634505971275e+01
  -2.12445319371182641532e+01
  -2.11926977769125102213e+01
  -2.11275593572206652482e+01
  -2.11382370934678576191e+01
  -2.11332647610262256421e+01
  -2.11126959322441507538e+01
  -2.10767507096064363736e+01
  -2.10258079623406075598e+01
  -2.10382613594183354166e+01
  -2.10429939768190052973e+01
  -2.10334751674152258261e+01
  -2.10097982254183044404e+01
  -2.09721931579627316466e+01
  -2.09809696704922785671e+01
  -2.09900786850234055692e+01
  -2.09863956624581824428e+01
  -2.09699530611263753599e+01
  -2.09408950108381795019e+01
  -2.09426323836336472084e+01
  -2.09498633236959399540e+01
  -2.09457123236022795254e+01
  -2.09302119345172776832e+01
  -2.09034830691353157306e+01
  -2.08945830230589990606e+01
  -2.08933875335136320928e+01
  -2.08820148043966646867e+01
  -2.08605444598895957142e+01
  -2.08291255040781919661e+01
  -2.08060222126748506355e+01
  -2.07906282771498354123e+01
  -2.07659406246960962505e+01
  -2.07321170272463177753e+01
  -2.06893702743305887282e+01
  -2.06490116692560796707e+01
  -2.06157016381380415737e+01
  -2.05735931777048506319e+01
  -2.05229421717251625523e+01
  -2.04640488210788191736e+01
  -2.04044649044428574314e+01
  -2.03525697864682157956e+01
  -2.02919458516501727274e+01
  -2.02229622945742129048e+01
  -2.01460247346196226204e+01
  -2.00667192767561708422e+01
  -1.99988011888622665424e+01
  -1.99217755540828456162e+01
  -1.98361373735267463303e+01
  -1.97424131683154726602e+01
  -1.96443601232527669254e+01
  -1.95654573201030110852e+01
  -1.94766288055630525378e+01
  -1.93785006460262394512e+01
  -1.92717300482486848523e+01
  -1.91569930120634914772e+01
</dep>
<dep coupled frequency>
  -3.59649618279463823001e+01
  -3.41112920394575453997e+01
  -3.25600430475732238733e+01
  -3.12321695466825062226e+01
  -3.00739691325860967197e+01
  -2.90482406210867551977e+01
  -2.81921237761318437265e+01
  -2.74006054157110838787e+01
  -2.66612252995518090870e+01
  -2.59698691194706796637e+01
  -2.53221988051910003037e+01
  -2.47748895635666812609e+01
  -2.42585210507738437968e+01
  -2.37569738232011893331e+01
  -2.32715546418777563531e+01
  -2.28028156925365124152e+01
  -2.24048722703386644639e+01
  -2.20325838709467127785e+01
  -2.16615907837243035772e+01
  -2.12939851835372806477e+01
  -2.09313310077834913159e+01
  -2.06207290424125631034e+01
  -2.03379762688943621640e+01
  -2.00503630209303693732e+01
  -1.97599065395369883902e+01
  -1.94682989381743816182e+01
  -1.92144931514229391212e+01
  -1.89932728719541472628e+01
  -1.87640087802167769837e+01
  -1.85284676728955979286e+01
  -1.82882297242423810246e+01
  -1.80739622716531762592e+01
  -1.78980550144592100992e+01
  -1.77123107634415255518e+01
  -1.75182309841222405566e+01
  -1.73172225928326781741e+01
  -1.71318366617337289881e+01
  -1.69911601632137703177e+01
  -1.68395659177870662404e+01
  -1.66783130698593566876e+01
  -1.65086286060214746385e+01
  -1.63451430595207405361e+01
  -1.62331848956747890611e+01
  -1.61096199812748643865e+01
  -1.59754923738188594484e+01
  -1.58318576126486618705e+01
  -1.56855283656744894927e+01
  -1.55979905376768446246e+01
  -1.54983912773821899123e+01
  -1.53875819636660775558e+01
  -1.52664569271678871587e+01
  -1.51359334304900663426e+01
  -1.50680125873308945472e+01
  -1.49896633732843405085e+01
  -1.48996320034314244651e+01
  -1.47986594018976251874e+01
  -1.46875344319421170525e+01
  -1.46314121004622350597e+01
  -1.45724659686961377503e+01
  -1.45015032272178387984e+01
  -1.44191164007537349079e+01
  -1.43259654508777636295e+01
  -1.42801360355765822874e+01
  -1.42392819714349005977e+01
  -1.41861996196893773714e+01
  -1.41213364140594102025e+01
  -1.40452219986228694637e+01
  -1.40085513274468613787e+01
  -1.39847716644366890648e+01
  -1.39486690262762103032e+01
  -1.39005489705016653801e+01
  -1.38408096612466540165e+01
  -1.38124336823150457576e+01
  -1.38048506599120486271e+01
  -1.37849614573864798217e+01
  -1.37529341715645259114e+01
  -1.37090357478091924293e+01
  -1.36882955760376248122e+01
  -1.36960838672405866845e+01
  -1.36916839974606059371e+01
  -1.36751329070117471076e+01
  -1.36465687781963396219e+01
  -1.36329674785480001731e+01
  -1.36553366628323757936e+01
  -1.36657202958125179038e+01
  -1.36640321593470392969e+01
  -1.36502863031453856024e+01
  -1.36434590334275540613e+01
  -1.36796936791899739205e+01
  -1.37042081408325255865e+01
  -1.37168017477752002264e+01
  -1.37173703818751064887e+01
  -1.37170658720494831329e+01
  -1.37666101338029545076e+01
  -1.38047386933538867027e+01
  -1.38311443271084950624e+01
  -1.38456105564554476928e+01
  -1.38516887497530571949e+01
  -1.39142596508696350099e+01
  -1.39657378165321013341e+01
  -1.40057148811660230336e+01
  -1.40338658265749938181e+01
  -1.40499575626984061216e+01
  -1.41220403776635698989e+01
  -1.41869991833662272285e+01
  -1.42406852676014707981e+01
  -1.42826649707665715994e+01
  -1.43125903635380602452e+01
  -1.43912187685291605987e+01
  -1.44703305533053203646e+01
  -1.45384004227334671100e+01
  -1.45948804072545161858e+01
  -1.46393003161970369774e+01
  -1.47256256292208025371e+01
  -1.48202442920938395332e+01
  -1.49040663313461081430e+01
  -1.49764169330049092821e+01
  -1.50366884929133952653e+01
  -1.51323907067206580024e+01
  -1.52446937486532885231e+01
  -1.53464957539841417855e+01
  -1.54369748797290800013e+01
  -1.55153614582899574970e+01
  -1.56227777461828800654e+01
  -1.57559113204416227916e+01
  -1.58789555276450933263e+01
  -1.59909136399773394999e+01
  -1.60908183540343650009e+01
  -1.62131542592240798228e+01
  -1.63714188156858000411e+01
  -1.65202276897832796010e+01
  -1.66583749149379691801e+01
  -1.67846481399437266191e+01
  -1.69263345582644575416e+01
  -1.71155055642170630392e+01
  -1.72962408857962799402e+01
  -1.74670875145308066578e+01
  -1.76265285578928931898e+01
  -1.77938301763440342995e+01
  -1.80217598626354345015e+01
  -1.82429196205574335465e+01
  -1.84555749460695039943e+01
  -1.86578340507203606080e+01
  -1.88599169620211384313e+01
  -1.91377470334452794987e+01
  -1.94115603035965307299e+01
  -1.96793254170255664803e+01
  -1.99386995399500257520e+01
  -2.01896357161048243256e+01
  -2.05343967710752970390e+01
  -2.08798313758224480807e+01
  -2.12236570135773270351e+01
  -2.15630156439868159168e+01
  -2.18944000680039394524e+01
  -2.23264770259023883625e+01
  -2.27762583745712596794e+01
  -2.32329751540472955185e+01
  -2.36932716457028611501e+01
  -2.41524158069450756159e+01
  -2.47223920337841249761e+01
  -2.53418603826297150761e+01
  -2.59869916267092548878e+01
  -2.66542957136257250284e+01
  -2.73367971893573056263e+01
  -2.81669489133179418161e+01
  -2.91165200428019197432e+01
  -3.01426954155105590871e+01
  -3.12415105828338326432e+01
  -3.23908686065591595593e+01
  -3.38143753738557464317e+01
  -3.55700348366410921130e+01
  -3.74607172883251280382e+01
  -3.91423286358014976827e+01
  -3.98088592565859684669e+01
  -3.96250835589564971428e+01
  -3.86404677745202747019e+01
  -3.68745286755954353453e+01
  -3.50187386500391681921e+01
  -3.33232987759714092135e+01
  -3.19461935214599357380e+01
  -3.08102787999739611280e+01
  -2.97292948150016123066e+01
  -2.87212513147418810888e+01
  -2.77885074336865400824e+01
  -2.69706420673313829184e+01
  -2.62809397481596427326e+01
  -2.56088087574390002032e+01
  -2.49605679033801486355e+01
  -2.43392123955461023854e+01
  -2.37677873604977740740e+01
  -2.32910054089220253104e+01
  -2.28151959791095038099e+01
  -2.23449431222965912980e+01
  -2.18834056545973680841e+01
  -2.14424657364966790851e+01
  -2.10873767257963216082e+01
  -2.07258645814842168420e+01
  -2.03615587469754686367e+01
  -1.99973424627806153353e+01
  -1.96354572168513996644e+01
</dep>
<dep through frequency>
  -1.25007985917655661812e-01
  -1.53270462979100907663e-01
  -1.68818337964097731074e-01
  -1.71514322124329793295e-01
  -1.61334493268508988306e-01
  -1.38368999101686707132e-01
  -1.62091560984800903134e-01
  -1.79956043698074857895e-01
  -1.85031985999143999688e-01
  -1.77274527631344075429e-01
  -1.56752178443920614503e-01
  -1.75733464330407096465e-01
  -1.95613838428284170234e-01
  -2.02788180672820589345e-01
  -1.97193438597175085825e-01
  -1.78878802965796002145e-01
  -1.92921254521367629975e-01
  -2.14471306880446993537e-01
  -2.23406852898449581613e-01
  -2.19649865474128624943e-01
  -2.03233196905866081439e-01
  -2.12154930535849578499e-01
  -2.35035852699131159182e-01
  -2.45392609818687906786e-01
  -2.43135351832252710746e-01
  -2.28283704063203363166e-01
  -2.31926303363680585967e-01
  -2.55852522787335612264e-01
  -2.67335461335883151079e-01
  -2.66276087345680312346e-01
  -2.52683562630147018346e-01
  -2.50916434373674890335e-01
  -2.75684906826326625584e-01
  -2.88076087994942442450e-01
  -2.87983631196979228406e-01
  -2.75408332553508439222e-01
  -2.68132660286509727499e-01
  -2.93635284583414257753e-01
  -3.06809550726697355394e-01
  -3.07542792760301941790e-01
  -2.95828716642173694673e-01
  -2.82980084741963788808e-01
  -3.09198519789420256387e-01
  -3.23121418038968433173e-01
  -3.24629981776721532327e-01
  -3.13711285863089106574e-01
  -2.95260474425652730268e-01
  -3.22247902262427443620e-01
  -3.36959546871418103020e-01
  -3.39270029903173342412e-01
  -3.29159570635658094151e-01
  -3.06714547229486655944e-01
  -3.32967742538792133011e-01
  -3.48557699906414664159e-01
  -3.51750328607322915175e-01
  -3.42518294921931920616e-01
  -3.20940511383254301059e-01
  -3.41750833258949782145e-01
  -3.58328903561952349932e-01
  -3.62509007371072944359e-01
  -3.54255341060990103230e-01
  -3.33638522327380282473e-01
  -3.49079104124681793841e-01
  -3.66747173069671639212e-01
  -3.72016810898130045882e-01
  -3.64842860343752073415e-01
  -3.45286766045505622014e-01
  -3.55407756659699036739e-01
  -3.74237878805510681968e-01
  -3.80672899374877637957e-01
  -3.74657662540276881202e-01
  -3.56243731870759083868e-01
  -3.61070588181411078477e-01
  -3.81089079507568040395e-01
  -3.88721764488363819012e-01
  -3.83903237047834910989e-01
  -3.66674819255326855938e-01
  -3.66208556539417084963e-01
  -3.87390523221231575235e-01
  -3.96202279518661271140e-01
  -3.92568370837584112998e-01
  -3.76519957276790884215e-01
  -3.70737331294625382938e-01
  -3.93009481437132102144e-01
  -4.02931896470704709046e-01
  -4.00419708216399716783e-01
  -3.85494446507788968148e-01
  -3.74347715634981426103e-01
  -3.97598187481521869735e-01
  -4.08521241686153113726e-01
  -4.07023575640500789863e-01
  -3.93118014417425720719e-01
  -3.76534576786010710681e-01
  -4.00632302883056068410e-01
  -4.12422632623146601105e-01
  -4.11804976105325293290e-01
  -3.98784618678553193227e-01
  -3.76668538261560770231e-01
  -4.01485301925284532309e-01
  -4.14007781135717789489e-01
  -4.14129214386606048226e-01
  -4.01848562879767334799e-01
  -3.77270539978379115809e-01
  -3.99517395223626614609e-01
  -4.12661237807324665638e-01
  -4.13399704367490294921e-01
  -4.01726474141059552991e-01
  -3.77741170025252315234e-01
  -3.94186338501629540687e-01
  -4.07891744112713394710e-01
  -4.09172469679886519067e-01
  -3.98017533919266752740e-01
  -3.74522329895968231206e-01
  -3.85159903302932260516e-01
  -3.99440517654531701552e-01
  -4.01259106425887190905e-01
  -3.90600026690565094167e-01
  -3.67554747891182809205e-01
  -3.72413007998140810351e-01
  -3.87373006035913736156e-01
  -3.89814830639254927824e-01
  -3.79717378636173052975e-01
  -3.57167737479754110463e-01
  -3.56308709952596447401e-01
  -3.72146778886148443810e-01
  -3.75393571753405375091e-01
  -3.66020856308646169719e-01
  -3.44109998848515730163e-01
  -3.37628783467567306076e-01
  -3.54629876502905339031e-01
  -3.58954431754487990336e-01
  -3.50564575200109584951e-01
  -3.29533704500299673423e-01
  -3.17557881935308206067e-01
  -3.36069567934038859747e-01
  -3.41814858333555848802e-01
  -3.34743051184500761686e-01
  -3.14916532750363908910e-01
  -2.97605122206627659143e-01
  -3.17999584283822911424e-01
  -3.25542960992403540565e-01
  -3.20168190386823370286e-01
  -3.01923082848791712873e-01
  -2.79464499649202613440e-01
  -3.02089820679269593917e-01
  -3.11795150990156366699e-01
  -3.08493662844111227184e-01
  -2.92214943302113838719e-01
  -2.64821272118500150583e-01
  -2.89948770451369297607e-01
  -3.02112917028578620293e-01
  -3.01204394760579807766e-01
  -2.87231392999585610770e-01
  -2.60319362951004162898e-01
  -2.82906553256983606115e-01
  -2.97712657308502548492e-01
  -2.99411098293224153810e-01
  -2.87986511698007707771e-01
  -2.63541978610097649138e-01
  -2.81820950937040515250e-01
  -2.99306335455559568981e-01
  -3.03683665475701469738e-01
  -2.94913301086803358864e-01
  -2.73074571057655701711e-01
  -2.86939041924605897638e-01
  -3.06990241229659399647e-01
  -3.13965995196422431590e-01
  -3.07803222841308454782e-01
  -2.88557665563247245366e-01
  -2.97861953592586548023e-01
  -3.20237855914467184348e-01
  -3.29597245096555580002e-01
  -3.25855777404200241953e-01
  -3.09047220415895385059e-01
  -3.13621588348794277934e-01
  -3.38000963695946454735e-01
  -3.49438769765439749548e-01
  -3.47832425376488729718e-01
  -3.33196375136282196827e-01
  -3.32860847417691396721e-01
  -3.58905159275058283086e-01
  -3.72087315831999054794e-01
  -3.72289714578924513244e-01
  -3.59510543371023560955e-01
  -3.54086975198349473981e-01
  -3.81499185992722755767e-01
  -3.96122808500320444658e-01
  -3.97828029070172561887e-01
  -3.86599644219765670172e-01
  -3.75924316941312897100e-01
  -4.04497342557762484816e-01
  -4.20342357768761831771e-01
  -4.23319280731199287793e-01
  -4.13401660348978516879e-01
  -3.97340344761471453428e-01
  -4.26980157365237367184e-01
  -4.43936673450329055690e-01
  -4.48060419559585532134e-01
  -4.39314838842198462920e-01
  -4.17777364743325552165e-01
</dep>
<dep RL frequency>
  -3.40130362213142802830e+01
  -3.27057342794918852746e+01
  -3.15596962272874677069e+01
  -3.05414350961729397227e+01
  -2.96263571233693738805e+01
  -2.87960757409675274232e+01
  -2.80504789433334451587e+01
  -2.73623426380052556794e+01
  -2.67224797642829017263e+01
  -2.61248432118843929572e+01
  -2.55644026940059632125e+01
  -2.50973842617296440949e+01
  -2.46616812923389439050e+01
  -2.42400422492975167188e+01
  -2.38323585911220234834e+01
  -2.34383338069846445251e+01
  -2.31260680525179012079e+01
  -2.28450923771027412101e+01
  -2.25639198447980220408e+01
  -2.22836553420156633365e+01
  -2.20051993820836280236e+01
  -2.17936112059066111613e+01
  -2.16213252940975806382e+01
  -2.14424145849307734579e+01
  -2.12579338457717810229e+01
  -2.10688612081061492631e+01
  -2.09314126980733306027e+01
  -2.08439773646939450202e+01
  -2.07471384300844192694e+01
  -2.06415502179546983541e+01
  -2.05278876583807416978e+01
  -2.04510713354185327262e+01
  -2.04357847519711519624e+01
  -2.04103529820455023014e+01
  -2.03749533561595939091e+01
  -2.03298287129317856170e+01
  -2.03076071929292893969e+01
  -2.03584363005876589625e+01
  -2.03997837091438753987e+01
  -2.04313712149859156852e+01
  -2.04529820794729069178e+01
  -2.04846964376630609195e+01
  -2.06005310055801729163e+01
  -2.07088027045567031337e+01
  -2.08088550256595858912e+01
  -2.09000455410451344562e+01
  -2.09901578636049457316e+01
  -2.11745739419247023250e+01
  -2.13548138796170547948e+01
  -2.15299941876487750392e+01
  -2.16991619816668830367e+01
  -2.18613007985838407876e+01
  -2.21210431602135635387e+01
  -2.23847934828665273699e+01
  -2.26491084251332175370e+01
  -2.29130279500940581272e+01
  -2.31754050773409403519e+01
  -2.35223065060196105946e+01
  -2.38917953021697293536e+01
  -2.42719594421057358602e+01
  -2.46626757231977364881e+01
  -2.50635857371188279785e+01
  -2.55373624274990760341e+01
  -2.60555976696548015070e+01
  -2.66041335680106314499e+01
  -2.71863082647949383386e+01
  -2.78059207538398425186e+01
  -2.84905865676910785567e+01
  -2.92452926052517234723e+01
  -3.00716492635697889568e+01
  -3.09846455096271782281e+01
  -3.20045038323263284497e+01
  -3.30767940830906894689e+01
  -3.41914128124485259264e+01
  -3.53964123447252276833e+01
  -3.66654922077823712812e+01
  -3.79176667650035525980e+01
  -3.85689789612770184135e+01
  -3.82498949768324010279e+01
  -3.74768110706653487796e+01
  -3.64495797871269004986e+01
  -3.53350863679615088131e+01
  -3.41549162089218967253e+01
  -3.29634996369874926359e+01
  -3.19076304116894320373e+01
  -3.09611408382924544469e+01
  -3.01043573808521998103e+01
  -2.93286805696458969805e+01
  -2.86314853627121301827e+01
  -2.79840782255002160639e+01
  -2.73800764618533065686e+01
  -2.68142035801947073992e+01
  -2.62946778703506396369e+01
  -2.58657449127906211572e+01
  -2.54506043305977378566e+01
  -2.50491128304802828097e+01
  -2.46609589820213237488e+01
  -2.42910197843172959153e+01
  -2.40243189063909845515e+01
  -2.37571118574641104715e+01
  -2.34904067383681969261e+01
  -2.32250370263942755855e+01
  -2.29616837964500959401e+01
  -2.28038328725059074031e+01
  -2.26451597469143273145e+01
  -2.24807316314249234779e+01
  -2.23113885425139493179e+01
  -2.21379154523299028767e+01
  -2.20595000093173183586e+01
  -2.19904601982131033822e+01
  -2.19128568545729436323e+01
  -2.18271606135512463709e+01
  -2.17338685755721954251e+01
  -2.17243799878135419590e+01
  -2.17374329549551177365e+01
  -2.17413282075644609392e+01
  -2.17360410943192761124e+01
  -2.17216050625387389061e+01
  -2.17795157697795715990e+01
  -2.18754159243215724473e+01
  -2.19635451353463118096e+01
  -2.20433787515082499908e+01
  -2.21144192435955311282e+01
  -2.22466801842595742755e+01
  -2.24347385296653243358e+01
  -2.26189568859080125662e+01
  -2.27984614643153520319e+01
  -2.29723044359023695904e+01
  -2.31975757013454533251e+01
  -2.34995215518028857105e+01
  -2.38059603231683460933e+01
  -2.41162530075324035295e+01
  -2.44295555181999368699e+01
  -2.47886392076691173258e+01
  -2.52499243228114949034e+01
  -2.57336212576459359980e+01
  -2.62415058323820069575e+01
  -2.67754335429872334373e+01
  -2.73635734721186665297e+01
  -2.80860711131470210944e+01
  -2.88741609187636392164e+01
  -2.97409517847654534251e+01
  -3.07039228618330994891e+01
  -3.17871163175461646233e+01
  -3.30036695314803196766e+01
  -3.43582367153686618622e+01
  -3.58482009783172088646e+01
  -3.74142052986712485563e+01
  -3.88217486154985493840e+01
  -3.84589420943824649157e+01
  -3.72866522712678403195e+01
  -3.57884643357434413247e+01
  -3.42779203058232013746e+01
  -3.28744324418847142510e+01
  -3.13764903976656128748e+01
  -3.00788482063619966311e+01
  -2.89485898430796524394e+01
  -2.79477043004366478840e+01
  -2.70497469363721911861e+01
  -2.62173703630358723160e+01
  -2.54491585221319560617e+01
  -2.47394589117312548865e+01
  -2.40805336364792736958e+01
  -2.34659705934717486286e+01
  -2.29214994905861360053e+01
  -2.24118354669975232696e+01
  -2.19222956749726449743e+01
  -2.14523779561257086357e+01
  -2.10013365559388951453e+01
  -2.06123273776508071364e+01
  -2.02563394282137494429e+01
  -1.99043313735429840960e+01
  -1.95574952752648165699e+01
  -1.92166949625733209928e+01
  -1.89266121333402210780e+01
  -1.86761964919793825857e+01
  -1.84219858064934918218e+01
  -1.81653886459301681100e+01
  -1.79076123952570682718e+01
  -1.76880645507955236440e+01
  -1.75176571419753166481e+01
  -1.73395394837224436912e+01
  -1.71548848571405940788e+01
  -1.69647884393369530187e+01
  -1.68001663213448502177e+01
  -1.66948524160641653680e+01
  -1.65800004814042480916e+01
  -1.64564143093290340403e+01
  -1.63249036739874959778e+01
  -1.62064038154837000150e+01
  -1.61570459889400623865e+01
  -1.60976188905594632672e+01
  -1.60285379294380838644e+01
  -1.59502695181880209674e+01
  -1.58732704919056999415e+01
  -1.58742461548721625064e+01
  -1.58655461950549749872e+01
  -1.58472285564406902836e+01
  -1.58194143594251777074e+01
  -1.57822852570388150184e+01
</dep>
<dep S[4,4] frequency>
  +1.46541599999999994086e-02+j1.36538699999999985080e-02
  +1.63781014573524223710e-02+j1.65727227062369836252e-02
  +1.81020429147048488028e-02+j1.94915754124739756814e-02
  +1.98259843720572752346e-02+j2.24104281187109677376e-02
  +2.15499258294096981969e-02+j2.53292808249479563243e-02
  +2.32738672867621280982e-02+j2.82481335311849483805e-02
  +2.59058874259667677731e-02+j3.03269467402808579060e-02
  +2.86416868118453127323e-02+j3.23097565215550580620e-02
  +3.13774861977238611610e-02+j3.42925663028292582180e-02
  +3.41132855836024095897e-02+j3.62753760841034653128e-02
  +3.68490849694809649573e-02+j3.82581858653776654688e-02
  +4.00208977531704701569e-02+j3.92443663141203991085e-02
  +4.33052314887692815781e-02+j3.99733489754551946094e-02
  +4.65895652243681138160e-02+j4.07023316367899762325e-02
  +4.98738989599669391151e-02+j4.14313142981247717334e-02
  +5.31582326955657644141e-02+j4.21602969594595672342e-02
  +5.64458512012575575056e-02+j4.19504635644365464486e-02
  +5.97349296111915201157e-02+j4.13233767530425677439e-02
  +6.30240080211254688480e-02+j4.06962899416485751614e-02
  +6.63130864310594314581e-02+j4.00692031302545825788e-02
  +6.96021648409933801904e-02+j3.94421163188606038741e-02
  +7.25816989622430075446e-02+j3.80865961146057974140e-02
  +7.53458980188276006285e-02+j3.62243398551564954602e-02
  +7.81100970754121659567e-02+j3.43620835957072212619e-02
  +8.08742961319967312850e-02+j3.24998273362579470636e-02
  +8.36384951885812966133e-02+j3.06375710768086451097e-02
  +8.59372238619253020486e-02+j2.83262740961526815475e-02
  +8.77459859572625872071e-02+j2.55423048392853513366e-02
  +8.95547480525998723655e-02+j2.27583355824180211258e-02
  +9.13635101479371852795e-02+j1.99743663255506909149e-02
  +9.31722722432744843157e-02+j1.71903970686833329484e-02
  +9.45099986495623878291e-02+j1.42239442940830518314e-02
  +9.50940619848393842162e-02+j1.09655155788463409827e-02
  +9.56781253201163944810e-02+j7.70708686360963013406e-03
  +9.62621886553934186237e-02+j4.44865814837291928541e-03
  +9.68462519906704011330e-02+j1.19022943313620843675e-03
  +9.70637468165774092155e-02-j2.05908479582136982877e-03
  +9.63481543254015998512e-02-j5.28519841880381591182e-03
  +9.56325618342257210980e-02-j8.51131204178623423928e-03
  +9.49169693430498839781e-02-j1.17374256647686803223e-02
  +9.42013768518740191027e-02-j1.49635392877510986498e-02
  +9.32743951130606541167e-02-j1.80961469065010205348e-02
  +9.13811171889889473086e-02-j2.08013226847083565474e-02
  +8.94878392649172682560e-02-j2.35064984629157203155e-02
  +8.75945613408455336923e-02-j2.62116742411230840837e-02
  +8.57012834167738823954e-02-j2.89168500193304200963e-02
  +8.37399994052500651343e-02-j3.15511913750056438577e-02
  +8.09627500444946579528e-02-j3.33356318396796913461e-02
  +7.81855006837391952601e-02-j3.51200723043537388346e-02
  +7.54082513229838158342e-02-j3.69045127690277585675e-02
  +7.26310019622283531415e-02-j3.86889532337018060559e-02
  +6.98537526014729459600e-02-j4.04733936983758257888e-02
  +6.66220278385836750523e-02-j4.11113865007525780548e-02
  +6.33783481816333482683e-02-j4.17192222026901426979e-02
  +6.01346685246830214844e-02-j4.23270579046276795854e-02
  +5.68909888677326947004e-02-j4.29348936065652164729e-02
  +5.36473092107823679164e-02-j4.35427293085027811159e-02
  +5.04135870736315272467e-02-j4.30562475947154077449e-02
  +4.71813291275549051562e-02-j4.24088533419910984623e-02
  +4.39490711814782830658e-02-j4.17614590892668169353e-02
  +4.07168132354016054641e-02-j4.11140648365425354083e-02
  +3.74845552893249833737e-02-j4.04666705838182538812e-02
  +3.46208677273646125983e-02-j3.89354406876080139099e-02
  +3.18677434971608164460e-02-j3.71390787632145946695e-02
  +2.91146192669570202938e-02-j3.53427168388211754291e-02
  +2.63614950367532241415e-02-j3.35463549144277700664e-02
  +2.36083708065494279893e-02-j3.17499929900343369482e-02
  +2.14345841870802189533e-02-j2.93692971715291267776e-02
  +1.95504487271858651276e-02-j2.66964522039400131703e-02
  +1.76663132672915668131e-02-j2.40236072363508995631e-02
  +1.57821778073972129874e-02-j2.13507622687617859558e-02
  +1.38980423475029146729e-02-j1.86779173011726584708e-02
  +1.26487516649747555597e-02-j1.57343624681805654975e-02
  +1.18899937714327386118e-02-j1.25816351413497451439e-02
  +1.11312358778907216639e-02-j9.42890781451892479037e-03
  +1.03724779843487047160e-02-j6.27618048768809055904e-03
  +9.61372009080668776804e-03-j3.12345316085727020550e-03
  +9.41459491912327584018e-03+j3.78258139108675339735e-05
  +9.86833355443655912964e-03+j3.20908108422138932392e-03
  +1.03220721897498424191e-02+j6.38033635453191805276e-03
  +1.07758108250631257086e-02+j9.55159162484244331215e-03
  +1.12295494603764089980e-02+j1.27228468951529651021e-02
  +1.20850695386660045294e-02+j1.57363049603566201862e-02
  +1.36580045330400023929e-02+j1.84680027037756079589e-02
  +1.52309395274139447451e-02+j2.11997004471945645065e-02
  +1.68038745217879426086e-02+j2.39313981906135557487e-02
  +1.83768095161618849609e-02+j2.66630959340325435214e-02
  +2.01703190796273523766e-02+j2.91826146645437073390e-02
  +2.26034355058300495678e-02+j3.10868713848258572396e-02
  +2.50365519320326357366e-02+j3.29911281051079655069e-02
  +2.74696683582352774167e-02+j3.48953848253900772436e-02
  +2.99027847844378635855e-02+j3.67996415456721820414e-02
  +3.24087733190090987456e-02+j3.85364069733990025068e-02
  +3.53155007463896164488e-02+j3.93521029187620316470e-02
  +3.82222281737701341520e-02+j4.01677988641250746649e-02
  +4.11289556011506518551e-02+j4.09834948094880968661e-02
  +4.40356830285312250695e-02+j4.17991907548511260062e-02
  +4.69432011260877968262e-02+j4.25541279282133644291e-02
  +4.98653406756526806909e-02+j4.21854847569280155817e-02
  +5.27874802252175645556e-02+j4.18168415856426667343e-02
  +5.57096197747824484203e-02+j4.14481984143573178869e-02
  +5.86317593243473322850e-02+j4.10795552430719829173e-02
  +6.15538988739122161498e-02+j4.07109120717866479477e-02
  +6.40507552009060288079e-02+j3.92995662932346390139e-02
  +6.65246138967299227573e-02+j3.78318352901801102650e-02
  +6.89984725925538167068e-02+j3.63641042871255537605e-02
  +7.14723312883777106563e-02+j3.48963732840710527672e-02
  +7.39461899842016046058e-02+j3.34286422810165240183e-02
  +7.57007191918743216341e-02+j3.12487006787877108493e-02
  +7.73244423875680264580e-02+j2.89392475944054428094e-02
  +7.89481655832616757706e-02+j2.66297945100231470139e-02
  +8.05718887789554083501e-02+j2.43203414256408789740e-02
  +8.21956119746490854183e-02+j2.20108883412585831785e-02
  +8.29794406733174727542e-02+j1.93707943878435873142e-02
  +8.34736236887440030685e-02+j1.66166757554268018637e-02
  +8.39678067041705611384e-02+j1.38625571230100164133e-02
  +8.44619897195971192083e-02+j1.11084384905932309628e-02
  +8.49561727350236495226e-02+j8.35431985817644551240e-03
  +8.46553423329964027655e-02+j5.62561175136674918029e-03
  +8.39092721807371821896e-02+j2.91113456925110036799e-03
  +8.31632020284779616137e-02+j1.96657387135451555693e-04
  +8.24171318762187687934e-02-j2.51781979498016950103e-03
  +8.16710617239595204619e-02-j5.23229697709581831333e-03
  +8.03023542306985638195e-02-j7.65386362177167267618e-03
  +7.83999240434525290766e-02-j9.82434831095888028152e-03
  +7.64974938562064665781e-02-j1.19948330001460878869e-02
  +7.45950636689604734686e-02-j1.41653176893332954922e-02
  +7.26926334817144248479e-02-j1.63358023785205308531e-02
  +7.04079107766617251496e-02-j1.80733802274179178315e-02
  +6.76284272445960704667e-02-j1.92506924777359755829e-02
  +6.48489437125304157838e-02-j2.04280047280540333343e-02
  +6.20694601804647472232e-02-j2.16053169783720910857e-02
  +5.92899766483990856014e-02-j2.27826292286901488371e-02
  +5.63671761941743898472e-02-j2.35224281538109758483e-02
  +5.31577244336565932215e-02-j2.33871471211774817345e-02
  +4.99482726731388104735e-02-j2.32518660885439876207e-02
  +4.67388209126210069089e-02-j2.31165850559104657513e-02
  +4.35293691521032172220e-02-j2.29813040232769716376e-02
  +4.03494778571441628512e-02-j2.25139463328165867484e-02
  +3.72681283840762267445e-02-j2.09395885240818979689e-02
  +3.41867789110082975768e-02-j1.93652307153471814338e-02
  +3.11054294379403580006e-02-j1.77908729066124926543e-02
  +2.80240799648724253634e-02-j1.62165150978778038748e-02
  +2.50343680508839337706e-02-j1.44712265152244917710e-02
  +2.26678554071181488638e-02-j1.15634895365776396714e-02
  +2.03013427633523639571e-02-j8.65575255793077369404e-03
  +1.79348301195865790503e-02-j5.74801557928390771668e-03
  +1.55683174758207976129e-02-j2.84027860063704173932e-03
  +1.32333922913478677780e-02+j9.28869835464390947166e-05
  +1.20992910699488937648e-02+j3.99274249973180506146e-03
  +1.09651898485499145475e-02+j7.89259801591716408931e-03
  +9.83108862715093706486e-03+j1.17924535321025231172e-02
  +8.69698740575195958225e-03+j1.56923090482878856144e-02
  +7.56288618435298209963e-03+j1.95921645644732481117e-02
  +7.89131672366540082297e-03+j2.39122229691920255845e-02
  +8.34164099647283566186e-03+j2.82673029032099801250e-02
  +8.79196526928027050074e-03+j3.26223828372279381349e-02
  +9.24228954208770707435e-03+j3.69774627712458892059e-02
  +9.69261381489514364795e-03+j4.13325427052638402770e-02
  +1.15352437531292036782e-02+j4.55268507714773756900e-02
  +1.36824577843009734246e-02+j4.96859880021904426473e-02
  +1.58296718154727414363e-02+j5.38451252329035096045e-02
  +1.79768858466445129174e-02+j5.80042624636165696228e-02
  +2.01240998778162774596e-02+j6.21633996943296296411e-02
  +2.33750523750412449175e-02+j6.57108991911803524966e-02
  +2.70596320214686325567e-02+j6.90181037857180434969e-02
  +3.07442116678960306042e-02+j7.23253083802557622528e-02
  +3.44287913143234217128e-02+j7.56325129747934532531e-02
  +3.81133709607508128214e-02+j7.89397175693311581313e-02
  +4.24902665333415779925e-02+j8.13866657980056862343e-02
  +4.72998709822301938166e-02+j8.32959396047388278550e-02
  +5.21094754311188998463e-02+j8.52052134114720249869e-02
  +5.69190798800073213815e-02+j8.71144872182050833409e-02
  +6.17286843288961245557e-02+j8.90237610249382943506e-02
  +6.68087695038354079102e-02+j9.00413432006707814548e-02
  +7.21458167236821851231e-02+j9.02118006726439491949e-02
  +7.74828639435287680470e-02+j9.03822581446171169350e-02
  +8.28199111633753509709e-02+j9.05527156165902846752e-02
  +8.81569583832219061392e-02+j9.07231730885634524153e-02
  +9.34305055313182364340e-02+j9.01475242147645600133e-02
  +9.86127697547523190957e-02+j8.84993290040263225205e-02
  +1.03795033978186415635e-01+j8.68511337932881266610e-02
  +1.08977298201620498297e-01+j8.52029385825498752904e-02
  +1.14159562425054594836e-01+j8.35547433718116516754e-02
  +1.19092667519352712890e-01+j8.14052226965395753222e-02
  +1.23465156351395849432e-01+j7.81277031834369251051e-02
  +1.27837645183439013730e-01+j7.48501836703343026436e-02
  +1.32210134015482178027e-01+j7.15726641572316524265e-02
  +1.36582622847525370080e-01+j6.82951446441290022094e-02
  +1.40681164656345752961e-01+j6.47698334254717400515e-02
  +1.43718148190711214607e-01+j6.02843170829245600384e-02
  +1.46755131725076620741e-01+j5.57988007403774355364e-02
  +1.49792115259442054631e-01+j5.13132843978302555232e-02
  +1.52829098793807405254e-01+j4.68277680552830477545e-02
  +1.55696254872071282449e-01+j4.22779576790355826610e-02
  +1.57077403897657008613e-01+j3.71655681432284668020e-02
  +1.58458552923242734778e-01+j3.20531786074213509430e-02
  +1.59839701948828488698e-01+j2.69407890716142350840e-02
  +1.61220850974414298129e-01+j2.18283995358071192250e-02
  +1.62602000000000024293e-01+j1.67160100000000033660e-02
</dep>
<dep S[4,3] frequency>
  +9.73733700000000035324e-01-j1.53184700000000006970e-01
  +9.64025833697194856065e-01-j1.89671520009103894422e-01
  +9.54317967394389565783e-01-j2.26158340018207754119e-01
  +9.44610101091584275501e-01-j2.62645160027311586060e-01
  +9.34902234788778985219e-01-j2.99131980036415445756e-01
  +9.25194368485973805960e-01-j3.35618800045519305453e-01
  +9.09238829686082161707e-01-j3.69637230780253678297e-01
  +8.92569279250226887967e-01-j4.03373563075159424773e-01
  +8.75899728814371725250e-01-j4.37109895370065115738e-01
  +8.59230178378516451509e-01-j4.70846227664970973237e-01
  +8.42560627942661288792e-01-j5.04582559959876664202e-01
  +8.20967000825647885698e-01-j5.35085605408546771677e-01
  +7.98102628822766058114e-01-j5.64754244126687510175e-01
  +7.75238256819884452575e-01-j5.94422882844828359694e-01
  +7.52373884817002624992e-01-j6.24091521562969209214e-01
  +7.29509512814120686386e-01-j6.53760160281109947711e-01
  +7.03049871075235199847e-01-j6.79858100591782088529e-01
  +6.74992324645687702400e-01-j7.04369056850299601891e-01
  +6.46934778216140315976e-01-j7.28880013108816782186e-01
  +6.18877231786592818530e-01-j7.53390969367334184525e-01
  +5.90819685357045321084e-01-j7.77901925625851697887e-01
  +5.60384978223621210702e-01-j7.98878843855697184928e-01
  +5.28296594790549245424e-01-j8.17397301906331308352e-01
  +4.96208211357477446679e-01-j8.35915759956965209732e-01
  +4.64119827924405703445e-01-j8.54434218007599111111e-01
  +4.32031444491333849189e-01-j8.72952676058233123513e-01
  +3.98591941977816555109e-01-j8.88270795669442336795e-01
  +3.63730215374086118807e-01-j9.00220153421493973767e-01
  +3.28868488770355626993e-01-j9.12169511173545832783e-01
  +2.94006762166625190691e-01-j9.24118868925597469755e-01
  +2.59145035562894698877e-01-j9.36068226677649217748e-01
  +2.23717420276307366045e-01-j9.45364379371043672684e-01
  +1.87384375926726964856e-01-j9.50415370351606836330e-01
  +1.51051331577146619178e-01-j9.55466361332169888954e-01
  +1.14718287227566245745e-01-j9.60517352312733274644e-01
  +7.83852428779858861896e-02-j9.65568343293296438290e-01
  +4.20068777454650210679e-02-j9.68646557921017725690e-01
  +5.51315014540783299157e-03-j9.66703139355419849288e-01
  -3.09805774546493689625e-02-j9.64759720789821861864e-01
  -6.74743050547065570388e-02-j9.62816302224223985462e-01
  -1.03968032654763564704e-01-j9.60872883658625887016e-01
  -1.40258643625906176400e-01-j9.57696778537241000251e-01
  -1.75620773958245351976e-01-j9.48885853623515185262e-01
  -2.10982904290584499796e-01-j9.40074928709789370274e-01
  -2.46345034622924036194e-01-j9.31264003796063555285e-01
  -2.81707164955263156259e-01-j9.22453078882337740296e-01
  -3.16886227722478319713e-01-j9.13140352534810628704e-01
  -3.49868769629488707285e-01-j8.97806803676871711950e-01
  -3.82851311536499150368e-01-j8.82473254818932906218e-01
  -4.15833853443509482428e-01-j8.67139705960993767420e-01
  -4.48816395350519981022e-01-j8.51806157103054961688e-01
  -4.81798937257530313083e-01-j8.36472608245116044934e-01
  -5.11319316833636849928e-01-j8.15329731793869472156e-01
  -5.40748624849668346748e-01-j7.94034042020674846185e-01
  -5.70177932865699843568e-01-j7.72738352247479998169e-01
  -5.99607240881731229365e-01-j7.51442662474285150154e-01
  -6.29036548897762726185e-01-j7.30146972701090302138e-01
  -6.54442031363941523203e-01-j7.04324882832913279351e-01
  -6.79255835422957976455e-01-j6.77837214110683650148e-01
  -7.04069639481974540729e-01-j6.51349545388454131967e-01
  -7.28883443540991105003e-01-j6.24861876666224502763e-01
  -7.53697247600007669277e-01-j5.98374207943994873560e-01
  -7.74261896338754640468e-01-j5.68634862620294279090e-01
  -7.93551888215186296271e-01-j5.37920082985137715248e-01
  -8.12841880091617841053e-01-j5.07205303349981151406e-01
  -8.32131871968049385835e-01-j4.76490523714824587564e-01
  -8.51421863844480819594e-01-j4.45775744079668134745e-01
  -8.66554827747583744646e-01-j4.12997005530238103788e-01
  -8.79609404281129769743e-01-j3.79186350388898307795e-01
  -8.92663980814675794839e-01-j3.45375695247558567313e-01
  -9.05718557348221819936e-01-j3.11565040106218882343e-01
  -9.18773133881767734010e-01-j2.77754384964879141862e-01
  -9.28040615790823641973e-01-j2.42905454236275741842e-01
  -9.34381879899029543779e-01-j2.07254267211779585889e-01
  -9.40723144007235445585e-01-j1.71603080187283402180e-01
  -9.47064408115441236369e-01-j1.35951893162787218472e-01
  -9.53405672223647027153e-01-j1.00300706138291062519e-01
  -9.56547096735354207553e-01-j6.44119978612063409651e-02
  -9.55955609679969064985e-01-j2.82461988723909200594e-02
  -9.55364122624584144461e-01+j7.91960011642451472413e-03
  -9.54772635569199223937e-01+j4.40853991052399460382e-02
  -9.54181148513814081369e-01+j8.02511980940553704134e-02
  -9.51117948247313549359e-01+j1.16121648742074229377e-01
  -9.43641293957646620782e-01+j1.51464729824294708216e-01
  -9.36164639667979692206e-01+j1.86807810906514853988e-01
  -9.28687985378312763629e-01+j2.22150891988735305072e-01
  -9.21211331088645835052e-01+j2.57493973070955783911e-01
  -9.12047660492284251177e-01+j2.92295137233800128573e-01
  -8.97992096819781426831e-01+j3.25524888236488174620e-01
  -8.83936533147279046574e-01+j3.58754639239175499021e-01
  -8.69880969474776444272e-01+j3.91984390241862823423e-01
  -8.55825405802274064015e-01+j4.25214141244550258847e-01
  -8.40840910685578091233e-01+j4.57935168863251196303e-01
  -8.20748028193030165767e-01+j4.87858620698721212605e-01
  -8.00655145700482018256e-01+j5.17782072534191395441e-01
  -7.80562263207933981768e-01+j5.47705524369661578277e-01
  -7.60469380715385945280e-01+j5.77628976205131650090e-01
  -7.40104943497789324880e-01+j6.07328614661506560601e-01
  -7.14718786098673564133e-01+j6.32889388796903928913e-01
  -6.89332628699557803387e-01+j6.58450162932301297225e-01
  -6.63946471300442042640e-01+j6.84010937067698554515e-01
  -6.38560313901326503938e-01+j7.09571711203096144871e-01
  -6.13174156502210632169e-01+j7.35132485338493513183e-01
  -5.83628498335866385816e-01+j7.55707219773555927134e-01
  -5.53857910853201129697e-01+j7.76012328942581430802e-01
  -5.24087323370535762557e-01+j7.96317438111606934470e-01
  -4.94316735887870561950e-01+j8.16622547280632216093e-01
  -4.64546148405205305831e-01+j8.36927656449657719762e-01
  -4.31945798408574943572e-01+j8.52179946369925556127e-01
  -3.98830872052436780084e-01+j8.66513409596629702314e-01
  -3.65715945696298616596e-01+j8.80846872823333848501e-01
  -3.32601019340160397597e-01+j8.95180336050037883666e-01
  -2.99486092984022289620e-01+j9.09513799276741918831e-01
  -2.64733477645144321677e-01+j9.19012828875072185220e-01
  -2.29416089532991501754e-01+j9.26844657609083188987e-01
  -1.94098701420838654075e-01+j9.34676486343093859688e-01
  -1.58781313308685834151e-01+j9.42508315077104752433e-01
  -1.23463925196533000350e-01+j9.50340143811115534156e-01
  -8.75176952610196012827e-02+j9.53788417248406572568e-01
  -5.12192884059453207302e-02+j9.54781721973734787134e-01
  -1.49208815508710124220e-02+j9.55775026699063112723e-01
  +2.13775253042033097639e-02+j9.56768331424391327289e-01
  +5.76759321592776041943e-02+j9.57761636149719763900e-01
  +9.38120928336629855693e-02+j9.55001705270284606542e-01
  +1.29809176612167370690e-01+j9.49024513095675481544e-01
  +1.65806260390671811322e-01+j9.43047320921066578592e-01
  +2.01803344169176224199e-01+j9.37070128746457564617e-01
  +2.37800427947680692586e-01+j9.31092936571848550642e-01
  +2.73090096900649059730e-01+j9.22117496830028748889e-01
  +3.07464233564020195111e-01+j9.09261741945098567186e-01
  +3.41838370227391274980e-01+j8.96405987060168718550e-01
  +3.76212506890762410361e-01+j8.83550232175238536847e-01
  +4.10586643554133601253e-01+j8.70694477290308688211e-01
  +4.43976765709981735508e-01+j8.55659461725158054790e-01
  +4.75398738956800182009e-01+j8.36265659274777028998e-01
  +5.06820712203618573000e-01+j8.16871856824395559116e-01
  +5.38242685450437186034e-01+j7.97478054374014422301e-01
  +5.69664658697255577025e-01+j7.78084251923633174464e-01
  +6.00108059108469427123e-01+j7.57323129268276273862e-01
  +6.27289320434560204731e-01+j7.32003951739288227785e-01
  +6.54470581760650871317e-01+j7.06684774210300070685e-01
  +6.81651843086741426880e-01+j6.81365596681311913585e-01
  +7.08833104412832093466e-01+j6.56046419152323867507e-01
  +7.35319364884750137357e-01+j6.30082638286233231995e-01
  +7.57079135154665405771e-01+j5.99735105459693440544e-01
  +7.78838905424580563164e-01+j5.69387572633153538071e-01
  +8.00598675694495720556e-01+j5.39040039806613635598e-01
  +8.22358445964410877949e-01+j5.08692506980073844147e-01
  +8.43953830727226739228e-01+j4.78246071100330460979e-01
  +8.59299961497281050704e-01+j4.44039752059147529994e-01
  +8.74646092267335362180e-01+j4.09833433017964654521e-01
  +8.89992223037389784679e-01+j3.75627113976781723537e-01
  +9.05338353807444207177e-01+j3.41420794935598737041e-01
  +9.20684484577498407631e-01+j3.07214475894415806057e-01
  +9.29444761272756103665e-01+j2.70736217647893906424e-01
  +9.37656144355583642813e-01+j2.34068606144607421760e-01
  +9.45867527438411404006e-01+j1.97400994641320909340e-01
  +9.54078910521238832132e-01+j1.60733383138034369164e-01
  +9.62290293604066593325e-01+j1.24065771634747870622e-01
  +9.64332620475392032766e-01+j8.66482950291156406308e-02
  +9.65025389963507285174e-01+j4.90667761533877741509e-02
  +9.65718159451622537581e-01+j1.14852572776599024668e-02
  +9.66410928939737678967e-01-j2.60962615980679657479e-02
  +9.67103698427852931374e-01-j6.36777804737958391668e-02
  +9.62389229250709909991e-01-j1.00769734773004951411e-01
  +9.55550411272118149775e-01-j1.37669353208061950866e-01
  +9.48711593293526500581e-01-j1.74568971643118908688e-01
  +9.41872775314934851387e-01-j2.11468590078175894265e-01
  +9.35033957336343202194e-01-j2.48368208513232852086e-01
  +9.23776276788708106125e-01-j2.83901814810211539086e-01
  +9.09756734229084540466e-01-j3.18581640983204461559e-01
  +8.95737191669460530719e-01-j3.53261467156198050166e-01
  +8.81717649109837520172e-01-j3.87941293329189640371e-01
  +8.67698106550213399402e-01-j4.22621119502183839600e-01
  +8.50339984141063931489e-01-j4.55450270620354258355e-01
  +8.29810144775420699403e-01-j4.86521243795541180610e-01
  +8.09280305409778133452e-01-j5.17592216970726992642e-01
  +7.88750466044135678523e-01-j5.48663190145912804674e-01
  +7.68220626678493112571e-01-j5.79734163321098616706e-01
  +7.45398709614403798263e-01-j6.08841127895660694236e-01
  +7.19281874133683607475e-01-j6.35124781500877699791e-01
  +6.93165038652963416688e-01-j6.61408435106094705347e-01
  +6.67048203172243336923e-01-j6.87692088711311710902e-01
  +6.40931367691523035113e-01-j7.13975742316528494413e-01
  +6.13435420303557799038e-01-j7.38497813447871687131e-01
  +5.82836425616653830417e-01-j7.59056265884680003708e-01
  +5.52237430929749972819e-01-j7.79614718321488653352e-01
  +5.21638436242846115221e-01-j8.00173170758297302996e-01
  +4.91039441555942313133e-01-j8.20731623195105730595e-01
  +4.59772413314352978997e-01-j8.39973843501083172747e-01
  +4.25916721982917800826e-01-j8.54115599150974902365e-01
  +3.92061030651482456122e-01-j8.68257354800866520961e-01
  +3.58205339320047166929e-01-j8.82399110450758250579e-01
  +3.24349647988611877736e-01-j8.96540866100649980197e-01
  +2.90293403878622902070e-01-j9.09978351370449689561e-01
  +2.54482303102898377301e-01-j9.17253401096359888278e-01
  +2.18671202327173797020e-01-j9.24528450822269864950e-01
  +1.82860101551449188984e-01-j9.31803500548179841623e-01
  +1.47049000775724580947e-01-j9.39078550274089929317e-01
  +1.11237900000000000666e-01-j9.46353600000000017012e-01
</dep>
<dep S[4,2] frequency>
  +2.53250699999999981382e-03+j1.57101499999999991153e-02
  +4.49391989777578326759e-03+j1.91794260848999476021e-02
  +6.45533279555156672136e-03+j2.26487021697998960890e-02
  +8.41674569332735017513e-03+j2.61179782546998445758e-02
  +1.03781585911031336289e-02+j2.95872543395997930626e-02
  +1.23395714888789170827e-02+j3.30565304244997415495e-02
  +1.54508509509167467344e-02+j3.57433882598976598866e-02
  +1.86935422478533147528e-02+j3.83408278784163683572e-02
  +2.19362335447898931795e-02+j4.09382674969350698890e-02
  +2.51789248417264611979e-02+j4.35357071154537852986e-02
  +2.84216161386630326857e-02+j4.61331467339725076471e-02
  +3.24079214562360204410e-02+j4.77510883746861264365e-02
  +3.65861294948611887046e-02+j4.91162532764067849556e-02
  +4.07643375334863500292e-02+j5.04814181781274295968e-02
  +4.49425455721115182928e-02+j5.18465830798481019936e-02
  +4.91207536107366796174e-02+j5.32117479815687605127e-02
  +5.36499788840018310143e-02+j5.35659119350454515640e-02
  +5.83352125034885329868e-02+j5.34707401568286777582e-02
  +6.30204461229752349594e-02+j5.33755683786118900747e-02
  +6.77056797424619438708e-02+j5.32803966003951023911e-02
  +7.23909133619486389044e-02+j5.31852248221783285853e-02
  +7.71028755343233368480e-02+j5.21776473197639034662e-02
  +8.18334314746173019373e-02+j5.05353530650038407224e-02
  +8.65639874149112392709e-02+j4.88930588102437502229e-02
  +9.12945433552052043602e-02+j4.72507645554836597235e-02
  +9.60250992954991555717e-02+j4.56084703007235692240e-02
  +1.00557214760903568251e-01+j4.32351012256682876167e-02
  +1.04880446473612984337e-01+j4.00921832365163655076e-02
  +1.09203678186322455934e-01+j3.69492652473644711542e-02
  +1.13526909899031913653e-01+j3.38063472582125490451e-02
  +1.17850141611741343617e-01+j3.06634292690606546916e-02
  +1.21858106270754107392e-01+j2.70060130217020799570e-02
  +1.25361639649077510894e-01+j2.25253930419632153459e-02
  +1.28865173027400914396e-01+j1.80447730622243507348e-02
  +1.32368706405724290143e-01+j1.35641530824854861237e-02
  +1.35872239784047721400e-01+j9.08353310274659375700e-03
  +1.39045775117425746137e-01+j4.29907112135102797978e-03
  +1.41379311971584015195e-01-j1.25881004607950042207e-03
  +1.43712848825742312009e-01-j6.81669121351002882392e-03
  +1.46046385679900581067e-01-j1.23745723809405294702e-02
  +1.48379922534058850125e-01-j1.79324535483710301165e-02
  +1.50454692890011787476e-01-j2.36226595575852460485e-02
  +1.51346597594646220530e-01-j2.99177449126482863928e-02
  +1.52238502299280625829e-01-j3.62128302677113267372e-02
  +1.53130407003915114394e-01-j4.25079156227744503482e-02
  +1.54022311708549519693e-01-j4.88030009778375184482e-02
  +1.54789645433397432539e-01-j5.51239019956441256287e-02
  +1.54062324681949552874e-01-j6.17545500825059656691e-02
  +1.53335003930501673208e-01-j6.83851981693677779539e-02
  +1.52607683179053793543e-01-j7.50158462562296179943e-02
  +1.51880362427605913878e-01-j8.16464943430914302791e-02
  +1.51153041676158034212e-01-j8.82771424299532703195e-02
  +1.48781467840615827525e-01-j9.48042365246457297001e-02
  +1.46366642222166165599e-01-j1.01328606650119695809e-01
  +1.43951816603716448162e-01-j1.07852976775593648040e-01
  +1.41536990985266730725e-01-j1.14377346901067586393e-01
  +1.39122165366817096555e-01-j1.20901717026541552502e-01
  +1.35282857424686042691e-01-j1.26937709077718785533e-01
  +1.31234088256698078201e-01-j1.32901888184345451371e-01
  +1.27185319088710058200e-01-j1.38866067290972089454e-01
  +1.23136549920722149221e-01-j1.44830246397598727537e-01
  +1.19087780752734184730e-01-j1.50794425504225337864e-01
  +1.13920939927575404216e-01-j1.55996471471728126446e-01
  +1.08418701216729862491e-01-j1.60969893592239871039e-01
  +1.02916462505884320766e-01-j1.65943315712751615632e-01
  +9.74142237950387790413e-02-j1.70916737833263360224e-01
  +9.19119850841931818053e-02-j1.75890159953775132573e-01
  +8.56405552205160569557e-02-j1.79957966515379458317e-01
  +7.89845532088819801686e-02-j1.83572992881280649957e-01
  +7.23285511972479033815e-02-j1.87188019247181869353e-01
  +6.56725491856137710833e-02-j1.90803045613083005483e-01
  +5.90165471739796942963e-02-j1.94418071978984224879e-01
  +5.19328396497995004033e-02-j1.97115718670484885156e-01
  +4.45186520060467105786e-02-j1.99104523096463842391e-01
  +3.71044643622939207539e-02-j2.01093327522442771871e-01
  +2.96902767185411309292e-02-j2.03082131948421729106e-01
  +2.22760890747883411045e-02-j2.05070936374400714097e-01
  +1.47216929388388484412e-02-j2.06243851715706388861e-01
  +7.00373050947311615033e-03-j2.06464956283442802043e-01
  -7.14231919892616140544e-04-j2.06686060851179298492e-01
  -8.43219434925829292027e-03-j2.06907165418915711674e-01
  -1.61501567786240252111e-02-j2.07128269986652180368e-01
  -2.38089604703517476736e-02-j2.06712978054014451246e-01
  -3.13621312077950742392e-02-j2.05161346079063389158e-01
  -3.89153019452382897825e-02-j2.03609714104112354827e-01
  -4.64684726826816718592e-02-j2.02058082129161292739e-01
  -5.40216434201249984248e-02-j2.00506450154210230652e-01
  -6.14199365996571655657e-02-j1.98531869296238866474e-01
  -6.83691265605728681898e-02-j1.95330850552517421015e-01
  -7.53183165214884597916e-02-j1.92129831808796003312e-01
  -8.22675064824041069045e-02-j1.88928813065074668875e-01
  -8.92166964433196985063e-02-j1.85727794321353278928e-01
  -9.60151706260647386237e-02-j1.82308276553271947362e-01
  -1.01984827372000208534e-01-j1.77687187167981430758e-01
  -1.07954484117935733956e-01-j1.73066097782690941909e-01
  -1.13924140863871176110e-01-j1.68445008397400453060e-01
  -1.19893797609806673776e-01-j1.63823919012109936455e-01
  -1.25798244863414676598e-01-j1.59145634018479059657e-01
  -1.30496806918048824375e-01-j1.53409660411087445109e-01
  -1.35195368972682944397e-01-j1.47673686803695830561e-01
  -1.39893931027317064419e-01-j1.41937713196304132746e-01
  -1.44592493081951212197e-01-j1.36201739588912573709e-01
  -1.49291055136585332219e-01-j1.30465765981520931405e-01
  -1.52593312661419955312e-01-j1.24005636830488819022e-01
  -1.55820063571196848473e-01-j1.17506348217671224843e-01
  -1.59046814480973713879e-01-j1.11007059604853630663e-01
  -1.62273565390750579285e-01-j1.04507770992036064239e-01
  -1.65500316300527472446e-01-j9.80084823792184700597e-02
  -1.67386401158577391435e-01-j9.11806420329075162368e-02
  -1.69028693453538103597e-01-j8.42930564061722953362e-02
  -1.70670985748498788004e-01-j7.74054707794370189244e-02
  -1.72313278043459444655e-01-j7.05178851527017980239e-02
  -1.73955570338420156817e-01-j6.36302995259665493677e-02
  -1.74397699001834188826e-01-j5.67390984569307588181e-02
  -1.74425939711115196573e-01-j4.98466505678966942394e-02
  -1.74454180420396148810e-01-j4.29542026788626296607e-02
  -1.74482421129677156557e-01-j3.60617547898285373265e-02
  -1.74510661838958164305e-01-j2.91693069007944727478e-02
  -1.73536993712523568423e-01-j2.25190290228585165977e-02
  -1.72002216012369008036e-01-j1.60043761707244769354e-02
  -1.70467438312214336626e-01-j9.48972331859040951763e-03
  -1.68932660612059776239e-01-j2.97507046645636985538e-03
  -1.67397882911905132586e-01+j3.53958238567769756244e-03
  -1.65094411273962016207e-01+j9.65010726082987657648e-03
  -1.62132017704567754635e-01+j1.54142149547663309672e-02
  -1.59169624135173548574e-01+j2.11783226487027576024e-02
  -1.56207230565779314757e-01+j2.69424303426392119931e-02
  -1.53244836996385080941e-01+j3.27065380365756663839e-02
  -1.49759236699039510743e-01+j3.79920310830267060620e-02
  -1.45596505196236153390e-01+j4.26581037438291399422e-02
  -1.41433773693432768281e-01+j4.73241764046315738224e-02
  -1.37271042190629410928e-01+j5.19902490654340354581e-02
  -1.33108310687826025820e-01+j5.66563217262364693383e-02
  -1.28653809568340604663e-01+j6.08576030686626689992e-02
  -1.23615733665790011875e-01+j6.41292451433799065574e-02
  -1.18577657763239391331e-01+j6.74008872180971302379e-02
  -1.13539581860688770787e-01+j7.06725292928143677962e-02
  -1.08501505958138177999e-01+j7.39441713675316053545e-02
  -1.03357891980364130502e-01+j7.68457122528737740508e-02
  -9.78624596528171741827e-02+j7.85134956585643861704e-02
  -9.23670273252702178635e-02+j8.01812790642549705344e-02
  -8.68715949977232754220e-02+j8.18490624699455687763e-02
  -8.13761626701763191027e-02+j8.35168458756361392625e-02
  -7.58846578819332429067e-02+j8.49683769523595505690e-02
  -7.04198630983273038408e-02+j8.49492414710674159650e-02
  -6.49550683147213647750e-02+j8.49301059897752813610e-02
  -5.94902735311154118314e-02+j8.49109705084831606348e-02
  -5.40254787475094588878e-02+j8.48918350271910260307e-02
  -4.85746445259083794999e-02+j8.48313789888031355435e-02
  -4.36545328685376265998e-02+j8.32000870478461912461e-02
  -3.87344212111668667609e-02+j8.15687951068892747042e-02
  -3.38143095537961207997e-02+j7.99375031659323581623e-02
  -2.88941978964253713691e-02+j7.83062112249754277427e-02
  -2.39740862390546184690e-02+j7.66749192840185250786e-02
  -1.99999330094631916355e-02+j7.37803763936591833206e-02
  -1.61046200536973452278e-02+j7.07805486960223079196e-02
  -1.22093070979314970853e-02+j6.77807209983854325186e-02
  -8.31399414216565067759e-03+j6.47808933007485709954e-02
  -4.41868118639980426987e-03+j6.17810656031117094722e-02
  -1.67838548299278998016e-03+j5.79826577099100681778e-02
  +8.09235904082028587730e-04+j5.40095505171623163632e-02
  +3.29685729115684672194e-03+j5.00364433244145645485e-02
  +5.78447867823166615719e-03+j4.60633361316668127339e-02
  +8.27210006530648515877e-03+j4.20902289389190609192e-02
  +9.58053640026885686143e-03+j3.77792256104397677907e-02
  +1.04257047888326043195e-02+j3.33354725929986342448e-02
  +1.12708731773963500428e-02+j2.88917195755575006988e-02
  +1.21160415659600957661e-02+j2.44479665581163671528e-02
  +1.29612099545238432241e-02+j2.00042135406752370763e-02
  +1.27586276416156545188e-02+j1.56088559814422829508e-02
  +1.19011838535618003077e-02+j1.12437463820608679610e-02
  +1.10437400655079322187e-02+j6.87863678267938011279e-03
  +1.01862962774541092326e-02+j2.51352718329814206477e-03
  +9.32885248940022379638e-03-j1.85158241608342905016e-03
  +7.65640083002596186224e-03-j5.90259423592620624532e-03
  +5.20967555682483318691e-03-j9.65520694648930311033e-03
  +2.76295028362379818665e-03-j1.34078196570522334419e-02
  +3.16225010422763186391e-04-j1.71604323676151915290e-02
  -2.13050026277827181387e-03-j2.09130450781781357383e-02
  -5.12080115302731078697e-03-j2.42225021575311616484e-02
  -8.89250544537594639349e-03-j2.68949120496546068004e-02
  -1.26642097377245802653e-02-j2.95673219417780519525e-02
  -1.64359140300732106676e-02-j3.22397318339014971045e-02
  -2.02076183224218497436e-02-j3.49121417260249422565e-02
  -2.42693465232690919198e-02-j3.71390798692781826107e-02
  -2.89836380883844862977e-02-j3.83636918779929614320e-02
  -3.36979296534998737367e-02-j3.95883038867077541312e-02
  -3.84122212186152681146e-02-j4.08129158954225468303e-02
  -4.31265127837306624925e-02-j4.20375279041373395295e-02
  -4.79383382528452417493e-02-j4.29143488001896000750e-02
  -5.31281124275607211094e-02-j4.24434619201706497815e-02
  -5.83178866022762004695e-02-j4.19725750401516994881e-02
  -6.35076607769916728907e-02-j4.15016881601327214391e-02
  -6.86974349517071591897e-02-j4.10308012801137711456e-02
  -7.38824282694651446324e-02-j4.03741904187319422537e-02
  -7.90255886155721148922e-02-j3.80924763349855532990e-02
  -8.41687489616790851521e-02-j3.58107622512391643443e-02
  -8.93119093077860554120e-02-j3.35290481674927753897e-02
  -9.44550696538930256718e-02-j3.12473340837463864350e-02
  -9.95982299999999959317e-02-j2.89656199999999974803e-02
</dep>
<dep S[4,1] frequency>
  -7.52669399999999350070e-04-j3.27227600000000017760e-03
  -1.31275137560897710298e-03-j3.90902285859155446818e-03
  -1.87283335121795312117e-03-j4.54576971718310962611e-03
  -2.43291532682693087408e-03-j5.18251657577466391669e-03
  -2.99299730243590689227e-03-j5.81926343436621820726e-03
  -3.55307927804488291046e-03-j6.45601029295777423256e-03
  -4.37420461506703509014e-03-j6.78044940862653627844e-03
  -5.22516314158926950539e-03-j7.06919661461975420980e-03
  -6.07612166811151085954e-03-j7.35794382061297214115e-03
  -6.92708019463374527480e-03-j7.64669102660619354195e-03
  -7.77803872115598662895e-03-j7.93543823259940800385e-03
  -8.70600550454348962037e-03-j7.87607666797571215334e-03
  -9.65384562762849202100e-03-j7.72687949179866329086e-03
  -1.06016857507134874827e-02-j7.57768231562162830617e-03
  -1.15495258737984933528e-02-j7.42848513944457944369e-03
  -1.24973659968834922840e-02-j7.27928796326753058121e-03
  -1.33686667707769019087e-02-j6.83497339270722203963e-03
  -1.42059499064751300346e-02-j6.25949495867973715324e-03
  -1.50432330421733616299e-02-j5.68401652465223838906e-03
  -1.58805161778715932253e-02-j5.10853809062475350267e-03
  -1.67177993135698213512e-02-j4.53305965659725473849e-03
  -1.73888617327287164915e-02-j3.76737848936381514164e-03
  -1.79442923988457382622e-02-j2.86938243424003647242e-03
  -1.84997230649627530941e-02-j1.97138637911623004761e-03
  -1.90551537310797713953e-02-j1.07339032399242362281e-03
  -1.96105843971967827577e-02-j1.75394268868644953585e-04
  -1.99808008034848376411e-02+j7.99469462740398650880e-04
  -2.01560557248881624948e-02+j1.85524616703869327239e-03
  -2.03313106462914908179e-02+j2.91102287133698789390e-03
  -2.05065655676948226105e-02+j3.96679957563528251541e-03
  -2.06818204890981439947e-02+j5.02257627993357713692e-03
  -2.07074839515995964834e-02+j6.06872632976654391435e-03
  -2.04937991843723646412e-02+j7.09947361047488789687e-03
  -2.02801144171451397380e-02+j8.13022089118323187940e-03
  -2.00664296499179148348e-02+j9.16096817189157586192e-03
  -1.98527448826906899315e-02+j1.01917154525999476000e-02
  -1.95506554987540659418e-02+j1.11710842455235437320e-02
  -1.90235352556067244256e-02+j1.20196708951440245361e-02
  -1.84964150124593829094e-02+j1.28682575447645330957e-02
  -1.79692947693120413932e-02+j1.37168441943850138998e-02
  -1.74421745261647137548e-02+j1.45654308440054947038e-02
  -1.68831438506118619580e-02+j1.53640419566933028594e-02
  -1.61782451640414270955e-02+j1.59342063946614487246e-02
  -1.54733464774709783551e-02+j1.65043708326295668343e-02
  -1.47684477909005296148e-02+j1.70745352705977126995e-02
  -1.40635491043300808744e-02+j1.76446997085658308091e-02
  -1.33572014067718514152e-02+j1.81922447029577993849e-02
  -1.26334678721364557230e-02+j1.84683921965003716714e-02
  -1.19097343375010600308e-02+j1.87445396900429162024e-02
  -1.11860008028656643386e-02+j1.90206871835854884889e-02
  -1.04622672682302686464e-02+j1.92968346771280607754e-02
  -9.73853373359487295424e-03+j1.95729821706706053064e-02
  -9.13344092830881137957e-03+j1.96266763871145999421e-02
  -8.53146894616091389096e-03+j1.96745190099437416986e-02
  -7.92949696401301640236e-03+j1.97223616327728556996e-02
  -7.32752498186509115818e-03+j1.97702042556019974562e-02
  -6.72555299971716591401e-03+j1.98180468784311114572e-02
  -6.30364605337208061542e-03+j1.97785835122016862009e-02
  -5.90821654553647102048e-03+j1.97262823457490799051e-02
  -5.51278703770091693670e-03+j1.96739811792965013648e-02
  -5.11735752986530734177e-03+j1.96216800128438950690e-02
  -4.72192802202975325798e-03+j1.95693788463912887732e-02
  -4.48864711097801682982e-03+j1.95599030074757596065e-02
  -4.30400735470348738687e-03+j1.95632738624350321910e-02
  -4.11936759842895794392e-03+j1.95666447173943325311e-02
  -3.93472784215437298982e-03+j1.95700155723536051156e-02
  -3.75008808587984354688e-03+j1.95733864273129054556e-02
  -3.65148174237350797711e-03+j1.97073073970132350841e-02
  -3.59588948479699910266e-03+j1.99064994477149426189e-02
  -3.54029722722049022821e-03+j2.01056914984166223981e-02
  -3.48470496964398135376e-03+j2.03048835491183160551e-02
  -3.42911271206747247930e-03+j2.05040755998199958343e-02
  -3.36083706884326982589e-03+j2.08604258144608201153e-02
  -3.28276120868831178257e-03+j2.13382092285505642337e-02
  -3.20468534853335373924e-03+j2.18159926426402944744e-02
  -3.12660948837839569592e-03+j2.22937760567300247150e-02
  -3.04853362822343765259e-03+j2.27715594708197688334e-02
  -2.87402477632314745648e-03+j2.33759704122097969337e-02
  -2.58701783835330045846e-03+j2.41281041837969403852e-02
  -2.30001090038345346045e-03+j2.48802379553840768978e-02
  -2.01300396241366197359e-03+j2.56323717269712168798e-02
  -1.72599702444381497557e-03+j2.63845054985583533924e-02
  -1.30086984887817225243e-03+j2.71988612661579823304e-02
  -6.29117249474231421402e-04+j2.81243196962330764543e-02
  +4.26353499297094096221e-05+j2.90497781263081705783e-02
  +7.14387949333594729495e-04+j2.99752365563832681716e-02
  +1.38614054873753556052e-03+j3.09006949864583692344e-02
  +2.18727657902723082728e-03+j3.18231456705883458680e-02
  +3.36358972361378016913e-03+j3.27368747012847793876e-02
  +4.53990286820027399983e-03+j3.36506037319811920905e-02
  +5.71621601278682334168e-03+j3.45643327626776117323e-02
  +6.89252915737331717239e-03+j3.54780617933740313741e-02
  +8.15096214180671685412e-03+j3.63535495747311296344e-02
  +9.86098921943506789844e-03+j3.70187407657608172351e-02
  +1.15710162970634189428e-02+j3.76839319567904978969e-02
  +1.32810433746917144759e-02+j3.83491231478201993754e-02
  +1.49910704523200655203e-02+j3.90143143388498730983e-02
  +1.67244678649931532988e-02+j3.96542231409542922371e-02
  +1.88900407189958596810e-02+j3.98265978845725732160e-02
  +2.10556135729986215743e-02+j3.99989726281908541949e-02
  +2.32211864270013834677e-02+j4.01713473718091490516e-02
  +2.53867592810040898499e-02+j4.03437221154274300305e-02
  +2.75523321350068517432e-02+j4.05160968590457248872e-02
  +2.99780408435264544842e-02+j4.00266030551176821284e-02
  +3.24178166680730850402e-02+j3.95013180232935412484e-02
  +3.48575924926196600850e-02+j3.89760329914694003683e-02
  +3.72973683171662351299e-02+j3.84507479596452594883e-02
  +3.97371441417128656859e-02+j3.79254629278211186083e-02
  +4.21876754085852012643e-02+j3.67044155287728768311e-02
  +4.46401624920073070157e-02+j3.53568476658193409090e-02
  +4.70926495754294682783e-02+j3.40092798028657772313e-02
  +4.95451366588516017853e-02+j3.26617119399122413093e-02
  +5.19976237422737075367e-02+j3.13141440769586776316e-02
  +5.42335573441854734700e-02+j2.93429524915953532371e-02
  +5.63948103983228365976e-02+j2.71566982765768238917e-02
  +5.85560634524602274809e-02+j2.49704440615582667906e-02
  +6.07173165065975628529e-02+j2.27841898465397096896e-02
  +6.28785695607349537362e-02+j2.05979356315211803441e-02
  +6.46605974698686025715e-02+j1.79400435792997914319e-02
  +6.62302439208578563878e-02+j1.50180152141232425844e-02
  +6.77998903718471379598e-02+j1.20959868489467214925e-02
  +6.93695368228364195318e-02+j9.17395848377017264497e-03
  +7.09391832738257011037e-02+j6.25193011859362379745e-03
  +7.20562283903635747428e-02+j3.04913329837935842548e-03
  +7.27853051220693214596e-02-j3.94337323967736130825e-04
  +7.35143818537750265429e-02-j3.83780794631483068713e-03
  +7.42434585854807871375e-02-j7.28127856866192524343e-03
  +7.49725353171865477320e-02-j1.07247491910090197997e-02
  +7.52675592416720412592e-02-j1.42653014504503239390e-02
  +7.50008344636202972655e-02-j1.79314962187538395888e-02
  +7.47341096855686226608e-02-j2.15976909870573274830e-02
  +7.44673849075168509115e-02-j2.52638857553608708884e-02
  +7.42006601294651624290e-02-j2.89300805236643865381e-02
  +7.35912097536516457419e-02-j3.25574297260312339741e-02
  +7.22962664240508479097e-02-j3.61070830635155937127e-02
  +7.10013230944500639552e-02-j3.96567364009999534513e-02
  +6.97063797648492800008e-02-j4.32063897384843409455e-02
  +6.84114364352485099241e-02-j4.67560430759687284397e-02
  +6.69019736233755352162e-02-j5.02037893483722741372e-02
  +6.46773955311890497155e-02-j5.33118214902022491408e-02
  +6.24528174390025642149e-02-j5.64198536320321963888e-02
  +6.02282393468160787142e-02-j5.95278857738621713924e-02
  +5.80036612546295932136e-02-j6.26359179156921463960e-02
  +5.56870662401992774782e-02-j6.56545763669686560648e-02
  +5.27446920216242953749e-02-j6.80654314318442227316e-02
  +4.98023178030493063329e-02-j7.04762864967197755206e-02
  +4.68599435844743242296e-02-j7.28871415615953283096e-02
  +4.39175693658993351876e-02-j7.52979966264708949764e-02
  +4.09640233021144328784e-02-j7.76873028037985968730e-02
  +3.75857701001121868867e-02-j7.92574098076456873274e-02
  +3.42075168981099478338e-02-j8.08275168114927500262e-02
  +3.08292636961077018420e-02-j8.23976238153398543584e-02
  +2.74510104941054558503e-02-j8.39677308191869309351e-02
  +2.40727572921032202669e-02-j8.55378378230340213895e-02
  +2.05616370099962163243e-02-j8.63181814280194331657e-02
  +1.70394430097740787189e-02-j8.70327027296189936756e-02
  +1.35172490095519428482e-02-j8.77472240312185403077e-02
  +9.99505500932980524287e-03-j8.84617453328181146954e-02
  +6.47286100910766850486e-03-j8.91762666344176890831e-02
  +3.03007510327010873979e-03-j8.92691659798806880222e-02
  -3.95339299311642071444e-04-j8.92260778303836793457e-02
  -3.82075370189339288268e-03-j8.91829896808866567914e-02
  -7.24616810447514456128e-03-j8.91399015313896342372e-02
  -1.06715825070568971072e-02-j8.90968133818926255607e-02
  -1.39232153019224549895e-02-j8.86287105664284174944e-02
  -1.71065742932960986045e-02-j8.79936316931018980281e-02
  -2.02899332846697387500e-02-j8.73585528197753785618e-02
  -2.34732922760433754261e-02-j8.67234739464488452176e-02
  -2.66566512674170259800e-02-j8.60883950731223257513e-02
  -2.96688473385887871436e-02-j8.51951258037287467717e-02
  -3.25740637606358185430e-02-j8.41404832769377941659e-02
  -3.54792801826829123923e-02-j8.30858407501468138046e-02
  -3.83844966047298397083e-02-j8.20311982233559028321e-02
  -4.12897130267769821299e-02-j8.09765556965648808374e-02
  -4.40794893913162150190e-02-j7.97691076548724953277e-02
  -4.67595954156636781085e-02-j7.84164913486775499996e-02
  -4.94397014400110162979e-02-j7.70638750424826463048e-02
  -5.21198074643583544874e-02-j7.57112587362877564878e-02
  -5.47999134887057065546e-02-j7.43586424300928527931e-02
  -5.74269989350314202792e-02-j7.28974410735661049188e-02
  -5.99778659882798589886e-02-j7.12801460198878023000e-02
  -6.25287330415282838203e-02-j6.96628509662094996813e-02
  -6.50796000947767017131e-02-j6.80455559125311970625e-02
  -6.76304671480251334836e-02-j6.64282608588528805660e-02
  -7.01664459071873469753e-02-j6.47101758531680726350e-02
  -7.26689255133748518434e-02-j6.27653101296235249595e-02
  -7.51714051195623567114e-02-j6.08204444060789911619e-02
  -7.76738847257498754573e-02-j5.88755786825344573643e-02
  -8.01763643319373942031e-02-j5.69307129589899096889e-02
  -8.26714606949984776030e-02-j5.48905894897050439241e-02
  -8.51379466254986311258e-02-j5.24813375407345295010e-02
  -8.76044325559987707708e-02-j5.00720855917640150778e-02
  -9.00709184864989381714e-02-j4.76628336427935006547e-02
  -9.25374044169990916942e-02-j4.52535816938230139872e-02
  -9.49907543977878410235e-02-j4.27797973215641724742e-02
  -9.73291635182302744544e-02-j3.97413478572513356735e-02
  -9.96675726386727078854e-02-j3.67028983929384988727e-02
  -1.02005981759115127439e-01-j3.36644489286256620719e-02
  -1.04344390879557560869e-01-j3.06259994643128252712e-02
  -1.06682799999999994300e-01-j2.75875499999999884704e-02
</dep>
<dep S[3,4] frequency>
  +9.73733700000000035324e-01-j1.53184199999999992592e-01
  +9.64025892491176650267e-01-j1.89670902421140152860e-01
  +9.54318084982353265211e-01-j2.26157604842280313129e-01
  +9.44610277473529769132e-01-j2.62644307263420473397e-01
  +9.34902469964706384076e-01-j2.99131009684560633666e-01
  +9.25194662455882999019e-01-j3.35617712105700849445e-01
  +9.09239217625830598024e-01-j3.69636060428454871207e-01
  +8.92569765179867191662e-01-j4.03372314331447157087e-01
  +8.75900312733903674278e-01-j4.37108568234439553990e-01
  +8.59230860287940267916e-01-j4.70844822137431950893e-01
  +8.42561407841976750532e-01-j5.04581076040424347795e-01
  +8.20967909870624956703e-01-j5.35084089830692888334e-01
  +7.98103675053700722941e-01-j5.64752708950839843460e-01
  +7.75239440236776600202e-01-j5.94421328070986687564e-01
  +7.52375205419852477462e-01-j6.24089947191133531668e-01
  +7.29510970602928354722e-01-j6.53758566311280375771e-01
  +7.03051452482176819636e-01-j6.79856514159605795911e-01
  +6.74994023640593021618e-01-j7.04367490016117092644e-01
  +6.46936594799009223600e-01-j7.28878465872628389377e-01
  +6.18879165957425536604e-01-j7.53389441729139686110e-01
  +5.90821737115841738586e-01-j7.77900417585650982844e-01
  +5.60387147570381327633e-01-j7.98877378529077364355e-01
  +5.28298881725272950760e-01-j8.17395895373693170960e-01
  +4.96210615880164906955e-01-j8.35914412218308866542e-01
  +4.64122350035056807638e-01-j8.54432929062924784169e-01
  +4.32034084189948708321e-01-j8.72951445907540479752e-01
  +3.98594689716594063889e-01-j8.88269633860464313813e-01
  +3.63733061102755328431e-01-j9.00219070004429466891e-01
  +3.28871432488916592973e-01-j9.12168506148394619970e-01
  +2.94009803875077913027e-01-j9.24117942292359662027e-01
  +2.59148175261239233080e-01-j9.36067378436324926128e-01
  +2.23720631582787238267e-01-j9.45363609521656655943e-01
  +1.87387616630197817447e-01-j9.50414678894195619208e-01
  +1.51054601677608313359e-01-j9.55465748266734582472e-01
  +1.14721586725018892539e-01-j9.60516817639273545737e-01
  +7.83885717724294300846e-02-j9.65567887011812731046e-01
  +4.20102305092809047427e-02-j9.68646185559176697843e-01
  +5.51651270823630412998e-03-j9.66702864983704501789e-01
  -3.09772050928083103605e-02-j9.64759544408232416757e-01
  -6.74709228938529248509e-02-j9.62816223832759998658e-01
  -1.03964640694897372808e-01-j9.60872903257287580558e-01
  -1.40255240108154238809e-01-j9.57696889090496772390e-01
  -1.75617350842499464481e-01-j9.48886022970752751604e-01
  -2.10979461576844690152e-01-j9.40075156851008841841e-01
  -2.46341572311190248890e-01-j9.31264290731264710033e-01
  -2.81703683045535502316e-01-j9.22453424611520689247e-01
  -3.16882727722478330090e-01-j9.13140755550253868655e-01
  -3.49865269629488773173e-01-j8.97807245888302851711e-01
  -3.82847811536499105234e-01-j8.82473736226351945788e-01
  -4.15830353443509548317e-01-j8.67140226564401039866e-01
  -4.48812895350519880378e-01-j8.51806716902450022921e-01
  -4.81795437257530267949e-01-j8.36473207240499005977e-01
  -5.11315797737951438506e-01-j8.15330331793869711454e-01
  -5.40745086155989040932e-01-j7.94034642020674752416e-01
  -5.70174374574026532336e-01-j7.72738952247479904401e-01
  -5.99603662992064134762e-01-j7.51443262474285167407e-01
  -6.29032951410101626166e-01-j7.30147572701090319391e-01
  -6.54438397192631304833e-01-j7.04325482832913296605e-01
  -6.79252162055659969297e-01-j6.77837814110683667401e-01
  -7.04065926918688633762e-01-j6.51350145388454038198e-01
  -7.28879691781717076182e-01-j6.24862476666224520017e-01
  -7.53693456644745740647e-01-j5.98374807943994890813e-01
  -7.74257990809380736152e-01-j5.68635477695919155927e-01
  -7.93547845499854465068e-01-j5.37920717658756486479e-01
  -8.12837700190328416028e-01-j5.07205957621593928053e-01
  -8.32127554880802255965e-01-j4.76491197584431369627e-01
  -8.51417409571276317948e-01-j4.45776437547268755690e-01
  -8.66550223222826820901e-01-j4.12997744727021831590e-01
  -8.79604642972421135738e-01-j3.79187148379663996334e-01
  -8.92659062722015672620e-01-j3.45376552032306050055e-01
  -9.05713482471609987456e-01-j3.11565955684948270310e-01
  -9.18767902221204524338e-01-j2.77755359337590379543e-01
  -9.28035194179615663401e-01-j2.42906516147436080111e-01
  -9.34376242709888060745e-01-j2.07255438871706082482e-01
  -9.40717291240160680132e-01-j1.71604361595976001587e-01
  -9.47058339770433188498e-01-j1.35953284320245948447e-01
  -9.53399388300705474819e-01-j1.00302207044515909184e-01
  -9.56540588188944940207e-01-j6.44136609802950788062e-02
  -9.55948865957632731849e-01-j2.82480854086106687728e-02
  -9.55357143726320190424e-01+j7.91749016307373432166e-03
  -9.54765421495007871044e-01+j4.40830657347581339467e-02
  -9.54173699263695440642e-01+j8.02486413064425474495e-02
  -9.51110277892275091105e-01+j1.16118822103004976087e-01
  -9.43633427622668663481e-01+j1.51461550421334412153e-01
  -9.36156577353062457902e-01+j1.86804278739663459641e-01
  -9.28679727083456030279e-01+j2.22147007057992840195e-01
  -9.21202876813849491633e-01+j2.57489735376322248506e-01
  -9.12039020288495705380e-01+j2.92290516622433937943e-01
  -8.97983299832041170774e-01+j3.25519797273267241788e-01
  -8.83927579375587080257e-01+j3.58749077924099768477e-01
  -8.69871858919132989740e-01+j3.91978358574932350677e-01
  -8.55816138462679010246e-01+j4.25207639225764877366e-01
  -8.40831507670134925547e-01+j4.57928181415394375264e-01
  -8.20738605579592883643e-01+j4.87851064909039955353e-01
  -8.00645703489050841739e-01+j5.17773948402685535441e-01
  -7.80552801398508799835e-01+j5.47696831896331115530e-01
  -7.60459899307966868953e-01+j5.77619715389976806641e-01
  -7.40095449530219773315e-01+j6.07318780477733799472e-01
  -7.14709409718131905009e-01+j6.32878888286640184369e-01
  -6.89323369906044036703e-01+j6.58438996095546791310e-01
  -6.63937330093955946353e-01+j6.83999103904453398250e-01
  -6.38551290281868078047e-01+j7.09559211713359894169e-01
  -6.13165250469780209741e-01+j7.35119319522266390088e-01
  -5.83619914409741036287e-01+j7.55693331848063976075e-01
  -5.53849660092972873038e-01+j7.75997715891313388781e-01
  -5.24079405776204709788e-01+j7.96302099934562690464e-01
  -4.94309151459436657561e-01+j8.16606483977811992148e-01
  -4.64538897142668494311e-01+j8.36910868021061293831e-01
  -4.31939079302542661143e-01+j8.52162465980654149078e-01
  -3.98824721288228989380e-01+j8.66495243277569882068e-01
  -3.65710363273915317617e-01+j8.80828020574485837102e-01
  -3.32596005259601701365e-01+j8.95160797871401792136e-01
  -2.99481647245287974091e-01+j9.09493575168317636148e-01
  -2.64729760545958592299e-01+j9.18991977126941250731e-01
  -2.29413156353563740808e-01+j9.26823198323139640920e-01
  -1.94096552161168889317e-01+j9.34654419519337920086e-01
  -1.58779947968774010070e-01+j9.42485640715536199252e-01
  -1.23463343776379172456e-01+j9.50316861911734700463e-01
  -8.75180623292441117744e-02+j9.53764615748643906912e-01
  -5.12206961276485128742e-02+j9.54757450122117434788e-01
  -1.49233299260529139740e-02+j9.55750284495590962663e-01
  +2.13740362755426849262e-02+j9.56743118869064601562e-01
  +5.76714024771382838264e-02+j9.57735953242538129437e-01
  +9.38064190839383860165e-02+j9.54975678640766378891e-01
  +1.29802270148623388746e-01+j9.48998251290229966060e-01
  +1.65798121213308391475e-01+j9.43020823939693664251e-01
  +2.01793972277993449715e-01+j9.37043396589157140397e-01
  +2.37789823342678424689e-01+j9.31065969238620949611e-01
  +2.73078190388147679091e-01+j9.22090439542176509846e-01
  +3.07450935593948426749e-01+j9.09234782647216244200e-01
  +3.41823680799749118897e-01+j8.96379125752256089577e-01
  +3.76196426005549866556e-01+j8.83523468857296045975e-01
  +4.10569171211350614215e-01+j8.70667811962335669307e-01
  +4.43957882312430274219e-01+j8.55633005437943516824e-01
  +4.75378405307696483284e-01+j8.36239634143429055868e-01
  +5.06798928302962692349e-01+j8.16846262848914927979e-01
  +5.38219451298228901415e-01+j7.97452891554400578045e-01
  +5.69639974293494999458e-01+j7.78059520259886450155e-01
  +6.00081933497894848273e-01+j7.57298928252516323489e-01
  +6.27261783768421232743e-01+j7.31980613035261962196e-01
  +6.54441634038947506191e-01+j7.06662297818007489880e-01
  +6.81621484309473779639e-01+j6.81343982600753239609e-01
  +7.08801334580000164109e-01+j6.56025667383498878316e-01
  +7.35286201582725840176e-01+j6.30062799075918889002e-01
  +7.57044697983034309274e-01+j5.99716520520991780430e-01
  +7.78803194383342667351e-01+j5.69370241966064671857e-01
  +8.00561690783651247472e-01+j5.39023963411137452262e-01
  +8.22320187183959605548e-01+j5.08677684856210454711e-01
  +8.43914305109488838141e-01+j4.78232512791942898644e-01
  +8.59259436381851759990e-01+j4.44027820384257809749e-01
  +8.74604567654214681838e-01+j4.09823127976572665343e-01
  +8.89949698926577714708e-01+j3.75618435568887520937e-01
  +9.05294830198940636556e-01+j3.41413743161202376530e-01
  +9.20639961471303669427e-01+j3.07209050753517232124e-01
  +9.29399582384043076999e-01+j2.70732690494577377116e-01
  +9.37610338331064441242e-01+j2.34066999594697899845e-01
  +9.45821094278085583440e-01+j1.97401308694818422573e-01
  +9.54031850225106947683e-01+j1.60735617794938917546e-01
  +9.62242606172128200903e-01+j1.24069926895059440275e-01
  +9.64284691833455887000e-01+j8.66545590316659536390e-02
  +9.64977304537619540170e-01+j4.90751900558743237024e-02
  +9.65669917241783193340e-01+j1.14958210800826955006e-02
  +9.66362529945946735488e-01-j2.60835478957089361707e-02
  +9.67055142650110388658e-01-j6.36629168715005661072e-02
  +9.62340882514521878122e-01-j1.00752670618011075376e-01
  +9.55502417299821216190e-01-j1.37650068600353586712e-01
  +9.48663952085120665281e-01-j1.74547466582696098047e-01
  +9.41825486870420003349e-01-j2.11444864565038609383e-01
  +9.34987021655719341418e-01-j2.48342262547381148474e-01
  +9.23730019496876386675e-01-j2.83873664069881292971e-01
  +9.09711358846980511217e-01-j3.18551295267551937140e-01
  +8.95692698197084413714e-01-j3.53228926465223191933e-01
  +8.81674037547189204389e-01-j3.87906557662892392813e-01
  +8.67655376897292662797e-01-j4.22584188860564369250e-01
  +8.50298417802106465402e-01-j4.55411245504925066285e-01
  +8.29770009090021409826e-01-j4.86480219684729264795e-01
  +8.09241600377937242428e-01-j5.17549193864532131037e-01
  +7.88713191665852964007e-01-j5.48618168044335163813e-01
  +7.68184782953768796609e-01-j5.79687142224138085567e-01
  +7.45364481466021078226e-01-j6.08792236445253709398e-01
  +7.19249527392719967267e-01-j6.35074204622990912128e-01
  +6.93134573319418967330e-01-j6.61356172800728225880e-01
  +6.67019619246117856370e-01-j6.87638140978465539632e-01
  +6.40904665172816856433e-01-j7.13920109156202853384e-01
  +6.13410719794085790291e-01-j7.38440609431790573325e-01
  +5.82813998474480010614e-01-j7.58997748803004523843e-01
  +5.52217277154874230938e-01-j7.79554888174218474362e-01
  +5.21620555835268673306e-01-j8.00112027545432424880e-01
  +4.91023834515662949141e-01-j8.20669166916646486420e-01
  +4.59759147982400473431e-01-j8.39910178678602403757e-01
  +4.25906063184160355028e-01-j8.54051130810742242794e-01
  +3.92052978385920347648e-01-j8.68192082942882192853e-01
  +3.58199893587680284757e-01-j8.82333035075021698823e-01
  +3.24346808789440332887e-01-j8.96473987207161426838e-01
  +2.90293189302918863692e-01-j9.09910725240056339480e-01
  +2.54484871442335225389e-01-j9.17185520192045022903e-01
  +2.18676553581751365041e-01-j9.24460315144033817347e-01
  +1.82868235721167587959e-01-j9.31735110096022611792e-01
  +1.47059917860583783122e-01-j9.39009905048011295214e-01
  +1.11251600000000006041e-01-j9.46284699999999978637e-01
</dep>
<dep S[3,3] frequency>
  +1.46631100000000000327e-02+j1.36524300000000001210e-02
  +1.63938441220552663657e-02+j1.65682626553693944371e-02
  +1.81245782441105326988e-02+j1.94840953107387922227e-02
  +1.98553123661657990318e-02+j2.23999279661081865389e-02
  +2.15860464882210653648e-02+j2.53157606214775808551e-02
  +2.33167806102763316978e-02+j2.82315932768469821101e-02
  +2.59584162752583488820e-02+j3.03023263841045234490e-02
  +2.87041537959586597062e-02+j3.22764777785432763202e-02
  +3.14498913166589774693e-02+j3.42506291729820361303e-02
  +3.41956288373592917629e-02+j3.62247805674207959403e-02
  +3.69413663580595991176e-02+j3.81989319618595418726e-02
  +4.01231624586344190475e-02+j3.91705375493965335387e-02
  +4.34174911711473973663e-02+j3.98834184989025342105e-02
  +4.67118198836603895630e-02+j4.05962994484085487601e-02
  +5.00061485961733748207e-02+j4.13091803979145633097e-02
  +5.33004773086863600784e-02+j4.20220613474205639815e-02
  +5.65955997388798079384e-02+j4.17906991111297587693e-02
  +5.98910749340388348649e-02+j4.11396713903272315260e-02
  +6.31865501291978409748e-02+j4.04886436695247597939e-02
  +6.64820253243568748402e-02+j3.98376159487222603062e-02
  +6.97775005195158948279e-02+j3.91865882279197608185e-02
  +7.27591608213498802771e-02+j3.78031604795806830399e-02
  +7.55225152043952352443e-02+j3.59102372791994528534e-02
  +7.82858695874405902115e-02+j3.40173140788182504224e-02
  +8.10492239704859313010e-02+j3.21243908784370479914e-02
  +8.38125783535313001460e-02+j3.02314676780558178049e-02
  +8.61054373699483149851e-02+j2.78874128099065310415e-02
  +8.79030403764125695121e-02+j2.50684846792567916918e-02
  +8.97006433828768379168e-02+j2.22495565486070245864e-02
  +9.14982463893411063216e-02+j1.94306284179572852366e-02
  +9.32958493958053747264e-02+j1.66117002873075181313e-02
  +9.46176385914117012987e-02+j1.36099699362439152672e-02
  +9.51781196605694657098e-02+j1.03157537162162082911e-02
  +9.57386007297272162431e-02+j7.02153749618850131498e-03
  +9.62990817988849806541e-02+j3.72732127616076658327e-03
  +9.68595628680427589430e-02+j4.33105056133059607149e-04
  +9.70497160748611115144e-02-j2.85108430277986046875e-03
  +9.62972126631249092377e-02-j6.10975063749064073448e-03
  +9.55447092513887069609e-02-j9.36841697220142100022e-03
  +9.47922058396525046842e-02-j1.26270833069122012660e-02
  +9.40397024279162885296e-02-j1.58857496416229537761e-02
  +9.30734859521687718509e-02-j1.90495654076600628990e-02
  +9.11303507314899507996e-02-j2.17798031005298209362e-02
  +8.91872155108111297483e-02-j2.45100407933995789733e-02
  +8.72440802901323086971e-02-j2.72402784862693370105e-02
  +8.53009450694534598902e-02-j2.99705161791390950476e-02
  +8.32889312427923800275e-02-j3.26290304967803423963e-02
  +8.04504832263313873764e-02-j3.44269778988842700684e-02
  +7.76120352098703114585e-02-j3.62249253009881977405e-02
  +7.47735871934092910518e-02-j3.80228727030921254126e-02
  +7.19351391769482706451e-02-j3.98208201051960253292e-02
  +6.90966911604871947272e-02-j4.16187675072999530013e-02
  +6.57953446350775794649e-02-j4.22555387449840558212e-02
  +6.24818216472905751946e-02-j4.28617654516183776980e-02
  +5.91682986595036264355e-02-j4.34679921582526995749e-02
  +5.58547756717166499207e-02-j4.40742188648869936962e-02
  +5.25412526839296734060e-02-j4.46804455715212878175e-02
  +4.92332466541784974368e-02-j4.41767044023477772896e-02
  +4.59260518586377397554e-02-j4.35097493918626399001e-02
  +4.26188570630970375852e-02-j4.28427943813775302662e-02
  +3.93116622675562799039e-02-j4.21758393708923928767e-02
  +3.60044674720155777337e-02-j4.15088843604072832427e-02
  +3.30651601347849988244e-02-j3.99427617959545733228e-02
  +3.02362112659912418700e-02-j3.81069079539538557722e-02
  +2.74072623971974294044e-02-j3.62710541119531104659e-02
  +2.45783135284036169388e-02-j3.44352002699523651597e-02
  +2.17493646596098599844e-02-j3.25993464279516476090e-02
  +1.95022593825960322000e-02-j3.01651641334569065034e-02
  +1.75460581793511760651e-02-j2.74318358369413373143e-02
  +1.55898569761063199302e-02-j2.46985075404257681253e-02
  +1.36336557728615193064e-02-j2.19651792439101989363e-02
  +1.16774545696166631714e-02-j1.92318509473946297472e-02
  +1.03610020604178454384e-02-j1.62159036210000051526e-02
  +9.53887150570142949846e-03-j1.29815818101805674489e-02
  +8.71674095098495804734e-03-j9.74725999936111586752e-03
  +7.89461039626854210738e-03-j6.51293818854167816390e-03
  +7.07247984155212616741e-03-j3.27861637772222658249e-03
  +6.81634798422725562972e-03-j2.63900176176584677634e-05
  +7.22050643856786411590e-03+j3.24672367046522497569e-03
  +7.62466489290847260207e-03+j6.51983735854810841914e-03
  +8.02882334724908108825e-03+j9.79295104663098492370e-03
  +8.43298180158968957443e-03+j1.30660647347138683672e-02
  +9.24572679000146280259e-03+j1.61879834048538340241e-02
  +1.07880377630502621855e-02+j1.90399305195471796326e-02
  +1.23303487360990615684e-02+j2.18918776342404974855e-02
  +1.38726597091478609514e-02+j2.47438247489338396246e-02
  +1.54149706821966603343e-02+j2.75957718636271887025e-02
  +1.71840310739947987884e-02+j3.02394914952985073564e-02
  +1.96106037300177726834e-02+j3.22794074894973831436e-02
  +2.20371763860407465785e-02+j3.43193234836962138279e-02
  +2.44637490420636649624e-02+j3.63592394778950445122e-02
  +2.68903216980865833463e-02+j3.83991554720938821355e-02
  +2.93942250969994600673e-02+j4.02732986748964433277e-02
  +3.23233863480538174962e-02+j4.12358227909279187462e-02
  +3.52525475991081749250e-02+j4.21983469069594011036e-02
  +3.81817088501624768426e-02+j4.31608710229908765221e-02
  +4.11108701012168342714e-02+j4.41233951390223588795e-02
  +4.40425352235497280518e-02+j4.50254445505771788705e-02
  +4.70205031341298651526e-02+j4.48091667303463087046e-02
  +4.99984710447099467423e-02+j4.45928889101154385388e-02
  +5.29764389552900283320e-02+j4.43766110898845683730e-02
  +5.59544068658701654329e-02+j4.41603332696536843294e-02
  +5.89323747764502470226e-02+j4.39440554494228141635e-02
  +6.15201236342620139119e-02+j4.26835701733654648837e-02
  +6.40867709922384176657e-02+j4.13666182965595763399e-02
  +6.66534183502148769307e-02+j4.00496664197536877960e-02
  +6.92200657081912806845e-02+j3.87327145429477714966e-02
  +7.17867130661677399495e-02+j3.74157626661418829528e-02
  +7.36671811129176457023e-02+j3.53779606812938685056e-02
  +7.54228713204680434323e-02+j3.32090761683126178827e-02
  +7.71785615280183856513e-02+j3.10401916553313672598e-02
  +7.89342517355687556257e-02+j2.88713071423501166368e-02
  +8.06899419431190978447e-02+j2.67024226293688660139e-02
  +8.16350808806346195379e-02+j2.41878764762718800885e-02
  +8.23006934285342162116e-02+j2.15541255870129178085e-02
  +8.29663059764338128854e-02+j1.89203746977539555285e-02
  +8.36319185243334650703e-02+j1.62866238084949654930e-02
  +8.42975310722330617441e-02+j1.36528729192360032130e-02
  +8.41919511964131506154e-02+j1.10245494402639032661e-02
  +8.36544722927537176549e-02+j8.39926553112485541064e-03
  +8.31169933890942846944e-02+j5.77398162198577979964e-03
  +8.25795144854348517338e-02+j3.14869771284673194423e-03
  +8.20420355817754465289e-02+j5.23413803707684088806e-04
  +8.08989647255103083712e-02-j1.83182913334292707397e-03
  +7.92367824264904319076e-02-j3.95559383158841648687e-03
  +7.75746001274705693218e-02-j6.07935852983390589976e-03
  +7.59124178284506789804e-02-j8.20312322807939531266e-03
  +7.42502355294308025169e-02-j1.03268879263248847256e-02
  +7.22155537538941572073e-02-j1.20408907882517124399e-02
  +6.96987852503181959385e-02-j1.32245821856002698791e-02
  +6.71820167467422069141e-02-j1.44082735829488273183e-02
  +6.46652482431662456452e-02-j1.55919649802974125130e-02
  +6.21484797395902635597e-02-j1.67756563776459699522e-02
  +5.94915494627382065995e-02-j1.75424115077296716159e-02
  +5.65542785617876367366e-02-j1.74752433030671006087e-02
  +5.36170076608370599347e-02-j1.74080750984045296015e-02
  +5.06797367598864900717e-02-j1.73409068937419585943e-02
  +4.77424658589358993921e-02-j1.72737386890793875871e-02
  +4.48331477213324697262e-02-j1.68899240594786448355e-02
  +4.20170120209827496760e-02-j1.54505470421101298584e-02
  +3.92008763206330435036e-02-j1.40111700247416426368e-02
  +3.63847406202833303923e-02-j1.25717930073731276597e-02
  +3.35686049199336242199e-02-j1.11324159900046404381e-02
  +3.08408017969232818578e-02-j9.53070120900038897371e-03
  +2.87137217648353697264e-02-j6.82497649098252889832e-03
  +2.65866417327474541255e-02-j4.11925177296466882293e-03
  +2.44595617006595385245e-02-j1.41352705494679486975e-03
  +2.23324816685716263931e-02+j1.29219766307106520564e-03
  +2.02358303854049612069e-02+j4.02178437957234624633e-03
  +1.92959537111813336785e-02+j7.65850513683563605127e-03
  +1.83560770369577061500e-02+j1.12952258940989258562e-02
  +1.74162003627340820910e-02+j1.49319466513622087223e-02
  +1.64763236885104545626e-02+j1.85686674086254985272e-02
  +1.55364470142868287689e-02+j2.22053881658887813932e-02
  +1.60009561667103679394e-02+j2.62172727685061682235e-02
  +1.65825129185612485383e-02+j3.02604251514282558688e-02
  +1.71640696704121326066e-02+j3.43035775343503365753e-02
  +1.77456264222630097360e-02+j3.83467299172724207512e-02
  +1.83271831741138938043e-02+j4.23898823001945118660e-02
  +2.02380967503378132732e-02+j4.62471036686376291147e-02
  +2.24398235815793656300e-02+j5.00636503269216923129e-02
  +2.46415504128209179868e-02+j5.38801969852057416333e-02
  +2.68432772440624738131e-02+j5.76967436434898048314e-02
  +2.90450040753040261698e-02+j6.15132903017738541518e-02
  +3.22899217337860866550e-02+j6.47121729544931356681e-02
  +3.59446791128207737698e-02+j6.76683931557933299183e-02
  +3.95994364918554470067e-02+j7.06246133570935519241e-02
  +4.32541938708901341215e-02+j7.35808335583937184188e-02
  +4.69089512499248142974e-02+j7.65370537596939404246e-02
  +5.12039788417740920901e-02+j7.86426476500745041953e-02
  +5.58991858803816188406e-02+j8.02165860617387038722e-02
  +6.05943929189892427356e-02+j8.17905244734029035492e-02
  +6.52895999575965751971e-02+j8.33644628850670338371e-02
  +6.99848069962042962366e-02+j8.49384012967312473918e-02
  +7.49108871147211585750e-02+j8.56405262715848464294e-02
  +8.00563012301325205300e-02+j8.55144112207214396326e-02
  +8.52017153455436465626e-02+j8.53882961698580467136e-02
  +9.03471294609548003507e-02+j8.52621811189946815501e-02
  +9.54925435763659541388e-02+j8.51360660681312608755e-02
  +1.00548556370182756714e-01+j8.42878090561878096088e-02
  +1.05476052551673638025e-01+j8.24014551033784153899e-02
  +1.10403548733164491580e-01+j8.05151011505690072934e-02
  +1.15331044914655372891e-01+j7.86287471977596408301e-02
  +1.20258541096146212568e-01+j7.67423932449502466113e-02
  +1.24923374966262462626e-01+j7.43770691830812069600e-02
  +1.28997209968511661327e-01+j7.09340465708757916818e-02
  +1.33071044970760804516e-01+j6.74910239586703764036e-02
  +1.37144879973009947705e-01+j6.40480013464649888810e-02
  +1.41218714975259174160e-01+j6.06049787342595458473e-02
  +1.45014168827546807705e-01+j5.69306181221470031240e-02
  +1.47730881944792113991e-01+j5.23598113099323081432e-02
  +1.50447595062037448033e-01+j4.77890044977176131624e-02
  +1.53164308179282782074e-01+j4.32181976855029181817e-02
  +1.55881021296528088360e-01+j3.86473908732881954453e-02
  +1.58428047659789517088e-01+j3.40205589501301475241e-02
  +1.59490298127831608976e-01+j2.89035017601041166468e-02
  +1.60552548595873728621e-01+j2.37864445700780857695e-02
  +1.61614799063915792754e-01+j1.86693873800520548922e-02
  +1.62677049531957884643e-01+j1.35523301900260240149e-02
  +1.63739300000000004287e-01+j8.43527299999999313762e-03
</dep>
<dep S[3,2] frequency>
  -7.55940400000000220504e-04-j3.27154300000000002047e-03
  -1.31831396904147357674e-03-j3.90684744623688313264e-03
  -1.88068753808294519825e-03-j4.54215189247376624482e-03
  -2.44306110712442028920e-03-j5.17745633871064848963e-03
  -3.00543467616589191072e-03-j5.81276078494753073445e-03
  -3.56780824520736353223e-03-j6.44806523118441471398e-03
  -4.39171288787026936618e-03-j6.76875562768497474053e-03
  -5.24550645794075870443e-03-j7.05349053957040478258e-03
  -6.09930002801123763434e-03-j7.33822545145583482462e-03
  -6.95309359808172697259e-03-j7.62296036334126486667e-03
  -7.80688716815221631085e-03-j7.90769527522669490871e-03
  -8.73672379305695870344e-03-j7.84184889699360981874e-03
  -9.68618467024156756806e-03-j7.68552882991567487547e-03
  -1.06356455474261799021e-02-j7.52920876283774687110e-03
  -1.15851064246107887667e-02-j7.37288869575980498894e-03
  -1.25345673017954011008e-02-j7.21656862868187698457e-03
  -1.34052772745420212264e-02-j6.76326477740660236826e-03
  -1.42409866913261150267e-02-j6.17796755243055217832e-03
  -1.50766961081102088271e-02-j5.59267032745450198838e-03
  -1.59124055248943060970e-02-j5.00737310247845179845e-03
  -1.67481149416784103057e-02-j4.42207587750240160851e-03
  -1.74146899222210813085e-02-j3.64581579792552790131e-03
  -1.79636062151493358652e-02-j2.73671205058512168051e-03
  -1.85125225080775938913e-02-j1.82760830324468770414e-03
  -1.90614388010058484479e-02-j9.18504555904281483336e-04
  -1.96103550939341030046e-02-j9.40080856384750696009e-06
  -1.99711183304190249832e-02+j9.76099868417984461999e-04
  -2.01338266260820755726e-02+j2.04201799736747346969e-03
  -2.02965349217451331010e-02+j3.10793612631696247739e-03
  -2.04592432174081836904e-02+j4.17385425526645148508e-03
  -2.06219515130712377493e-02+j5.23977238421594049278e-03
  -2.06327090605256807665e-02+j6.29461404696635140610e-03
  -2.04003434854659465580e-02+j7.33173322344746192236e-03
  -2.01679779104062123496e-02+j8.36885239992854468305e-03
  -1.99356123353464781411e-02+j9.40597157640965519931e-03
  -1.97032467602867439327e-02+j1.04430907528907379600e-02
  -1.93810642502075525240e-02+j1.14269408285462559238e-02
  -1.88302558740660042069e-02+j1.22751962715417772820e-02
  -1.82794474979244420121e-02+j1.31234517145372986402e-02
  -1.77286391217828936950e-02+j1.39717071575328199984e-02
  -1.71778307456413453780e-02+j1.48199626005283413566e-02
  -1.65946447864072643696e-02+j1.56165796653518484938e-02
  -1.58634553909537956429e-02+j1.61771489254823874759e-02
  -1.51322659955002991605e-02+j1.67377181856129264581e-02
  -1.44010766000468304338e-02+j1.72982874457434654403e-02
  -1.36698872045933339514e-02+j1.78588567058739766669e-02
  -1.29373212592555075773e-02+j1.83959661183697165132e-02
  -1.21882388953262754683e-02+j1.86515945122473214557e-02
  -1.14391565313970433593e-02+j1.89072229061249263982e-02
  -1.06900741674678112503e-02+j1.91628513000025313406e-02
  -9.94099180353857914128e-03+j1.94184796938801362831e-02
  -9.19190943960937478785e-03+j1.96741080877577412256e-02
  -8.56663013261121930597e-03+j1.96963700203503233599e-02
  -7.94460744285374609319e-03+j1.97124932899724325530e-02
  -7.32258475309627288041e-03+j1.97286165595945695017e-02
  -6.70056206333879966763e-03+j1.97447398292166786948e-02
  -6.07853937358132645485e-03+j1.97608630988388156435e-02
  -5.64520672918389365691e-03+j1.96811956430735790491e-02
  -5.23961977706427495249e-03+j1.95874427596187394851e-02
  -4.83403282494471175923e-03+j1.94936898761638721655e-02
  -4.42844587282514856597e-03+j1.93999369927090326016e-02
  -4.02285892070558537270e-03+j1.93061841092541652820e-02
  -3.79020642117522399417e-03+j1.92503388845073897251e-02
  -3.60943060538776450130e-03+j1.92058651568381422159e-02
  -3.42865478960024949728e-03+j1.91613914291689224623e-02
  -3.24787897381273449326e-03+j1.91169177014996749531e-02
  -3.06710315802527500040e-03+j1.90724439738304274439e-02
  -2.98363649380667395050e-03+j1.91576031561609405607e-02
  -2.94882144147545766089e-03+j1.93075748450588502436e-02
  -2.91400638914418586012e-03+j1.94575465339567876821e-02
  -2.87919133681296957050e-03+j1.96075182228546973651e-02
  -2.84437628448169776973e-03+j1.97574899117526348036e-02
  -2.80696726508644633924e-03+j2.00673394334204002742e-02
  -2.76755393543487437924e-03+j2.05007235922178981946e-02
  -2.72814060578330241924e-03+j2.09341077510154099928e-02
  -2.68872727613173045924e-03+j2.13674919098129079131e-02
  -2.64931394648015849924e-03+j2.18008760686104058335e-02
  -2.52107889929559236819e-03+j2.23661558737675569830e-02
  -2.28922502785788850588e-03+j2.30853042617385623148e-02
  -2.05737115642012913241e-03+j2.38044526497095676465e-02
  -1.82551728498242527010e-03+j2.45236010376805695088e-02
  -1.59366341354472140779e-03+j2.52427494256515817794e-02
  -1.22822101324832066993e-03+j2.60303842222594020162e-02
  -6.24244940239160328588e-04+j2.69403073225308528627e-02
  -2.02688672299999872450e-05+j2.78502304228023037092e-02
  +5.83707205779160354098e-04+j2.87601535230737580251e-02
  +1.18768327878832069544e-03+j2.96700766233452192799e-02
  +1.91935960081290879486e-03+j3.05826380972527497870e-02
  +3.02133226289125200736e-03+j3.15028501443476299793e-02
  +4.12330492496953970871e-03+j3.24230621914424893548e-02
  +5.22527758704788292121e-03+j3.33432742385373487304e-02
  +6.32725024912617062256e-03+j3.42634862856322011671e-02
  +7.51150703240449635345e-03+j3.51492001532047251833e-02
  +9.14826132623497434437e-03+j3.58452013505221600553e-02
  +1.07850156200654523353e-02+j3.65412025478396018663e-02
  +1.24217699138959303262e-02+j3.72372037451570575550e-02
  +1.40585242077264083171e-02+j3.79332049424744854882e-02
  +1.57191315514468299419e-02+j3.86051496287049544787e-02
  +1.78208409308681092753e-02+j3.88322297772229763080e-02
  +1.99225503102893886087e-02+j3.90593099257409981373e-02
  +2.20242596897106124310e-02+j3.92863900742590199666e-02
  +2.41259690691318917644e-02+j3.95134702227770279181e-02
  +2.62276784485531710978e-02+j3.97405503712950358697e-02
  +2.86060947675904064802e-02+j3.93252622841493981731e-02
  +3.09994743012613205302e-02+j3.88752374686895108002e-02
  +3.33928538349322345802e-02+j3.84252126532296234274e-02
  +3.57862333686032041413e-02+j3.79751878377697360545e-02
  +3.81796129022741181913e-02+j3.75251630223098209260e-02
  +4.06042803924362427637e-02+j3.63916038124457441594e-02
  +4.30346374210907600677e-02+j3.51337477265946940275e-02
  +4.54649944497453328829e-02+j3.38758916407436438956e-02
  +4.78953514783998779425e-02+j3.26180355548925937637e-02
  +5.03257085070543952465e-02+j3.13601794690415436317e-02
  +5.25609671759198482377e-02+j2.94832171420913446980e-02
  +5.47289443017812682335e-02+j2.73927500822995773078e-02
  +5.68969214276426882293e-02+j2.53022830225078376731e-02
  +5.90648985535040527139e-02+j2.32118159627160702829e-02
  +6.12328756793654727097e-02+j2.11213489029243028927e-02
  +6.30411635885830545778e-02+j1.85567913053619193420e-02
  +6.46480109516869849706e-02+j1.57267237830734929460e-02
  +6.62548583147909153634e-02+j1.28966562607850665501e-02
  +6.78617056778948180007e-02+j1.00665887384966679097e-02
  +6.94685530409986928824e-02+j7.23652121620824151371e-03
  +7.06381771693909421561e-02+j4.11803660493345602411e-03
  +7.14330149697937066833e-02+j7.52321807500122563539e-04
  +7.22278527701964156993e-02-j2.61339298993321089704e-03
  +7.30226905705991941042e-02-j5.97910778736654435761e-03
  +7.38175283710019586314e-02-j9.34482258479987781818e-03
  +7.41882943389254728705e-02-j1.28179762026678634168e-02
  +7.40102289257011658474e-02-j1.64301765378415676189e-02
  +7.38321635124768865799e-02-j2.00423768730152440654e-02
  +7.36540980992525518012e-02-j2.36545772081889482674e-02
  +7.34760326860282586559e-02-j2.72667775433626247139e-02
  +7.29598287258612365758e-02-j3.08504815928797304636e-02
  +7.17673064724390907809e-02-j3.43771895990482301286e-02
  +7.05747842190169449861e-02-j3.79038976052167020381e-02
  +6.93822619655948130690e-02-j4.14306056113852017031e-02
  +6.81897397121726672742e-02-j4.49573136175536736125e-02
  +6.67831755386542741393e-02-j4.83901132728513649894e-02
  +6.46630880708074784469e-02-j5.15098630552636438384e-02
  +6.25430006029606966322e-02-j5.46296128376758949319e-02
  +6.04229131351139148176e-02-j5.77493626200881737809e-02
  +5.83028256672671260641e-02-j6.08691124025004526299e-02
  +5.60893595895268423646e-02-j6.39037908746176441799e-02
  +5.32408538825710070386e-02-j6.63599251447137550297e-02
  +5.03923481756151717126e-02-j6.88160594148098797573e-02
  +4.75438424686593363866e-02-j7.12721936849059767294e-02
  +4.46953367617035010606e-02-j7.37283279550021153348e-02
  +4.18350889386026741912e-02-j7.61636172225687024806e-02
  +3.85284546456889018251e-02-j7.78064661005575392005e-02
  +3.52218203527751225201e-02-j7.94493149785463620427e-02
  +3.19151860598613432152e-02-j8.10921638565352265182e-02
  +2.86085517669475639102e-02-j8.27350127345241048715e-02
  +2.53019174740337915441e-02-j8.43778616125129277137e-02
  +2.18340932471232200551e-02-j8.52466765833873041380e-02
  +1.83528347527427034003e-02-j8.60509802148675950750e-02
  +1.48715762583621919496e-02-j8.68552838463478721343e-02
  +1.13903177639816787642e-02-j8.76595874778281491935e-02
  +7.90905926960116384405e-03-j8.84638911093084401305e-02
  +4.47913566147065123069e-03-j8.86498628021707701929e-02
  +1.06044219493388693944e-03-j8.87005667321164870120e-02
  -2.35825127160287735181e-03-j8.87512706620622315867e-02
  -5.77694473813964142622e-03-j8.88019745920079622836e-02
  -9.19563820467640680167e-03-j8.88526785219536791027e-02
  -1.24636060753168867454e-02-j8.84717196108694287071e-02
  -1.56723581874506912026e-02-j8.79211727648445962036e-02
  -1.88811102995844956598e-02-j8.73706259188197637000e-02
  -2.20898624117182931781e-02-j8.68200790727949034409e-02
  -2.52986145238520976353e-02-j8.62695322267700709373e-02
  -2.83514924078966910892e-02-j8.54482982245873406990e-02
  -3.13069463276334641888e-02-j8.44578802837677583559e-02
  -3.42624002473702893301e-02-j8.34674623429481621351e-02
  -3.72178541671069548769e-02-j8.24770444021286353031e-02
  -4.01733080868438494071e-02-j8.14866264613090252045e-02
  -4.30204686116384196759e-02-j8.03294765109779790313e-02
  -4.57647482671729929904e-02-j7.90139278505388176210e-02
  -4.85090279227074483437e-02-j7.76983791900996978441e-02
  -5.12533075782419106359e-02-j7.63828305296605919450e-02
  -5.39975872337763590503e-02-j7.50672818692214582903e-02
  -5.66894895209702487371e-02-j7.36313283765489684507e-02
  -5.93060980449217345356e-02-j7.20222899577215303069e-02
  -6.19227065688732203341e-02-j7.04132515388940644074e-02
  -6.45393150928247061326e-02-j6.88042131200666262636e-02
  -6.71559236167761919312e-02-j6.71951747012391603642e-02
  -6.97545841785898873555e-02-j6.54775644982795446136e-02
  -7.23128612333505671472e-02-j6.35156641983942449325e-02
  -7.48711382881112330612e-02-j6.15537638985089452515e-02
  -7.74294153428719128529e-02-j5.95918635986236455704e-02
  -7.99876923976325787669e-02-j5.76299632987383458893e-02
  -8.25347635337310980841e-02-j5.55692004648564163993e-02
  -8.50384111803579867406e-02-j5.31253404183707755859e-02
  -8.75420588269848753971e-02-j5.06814803718851347725e-02
  -9.00457064736117640535e-02-j4.82376203253994939590e-02
  -9.25493541202386527100e-02-j4.57937602789138531456e-02
  -9.50374915694189581483e-02-j4.32846238969430974208e-02
  -9.73899132555351709772e-02-j4.02043131175544854461e-02
  -9.97423349416513560506e-02-j3.71240023381658457158e-02
  -1.02094756627767582757e-01-j3.40436915587772337410e-02
  -1.04447178313883781708e-01-j3.09633807793886217663e-02
  -1.06799599999999994537e-01-j2.78830700000000097916e-02
</dep>
<dep S[3,1] frequency>
  +2.53747300000000015896e-03+j1.57093799999999984840e-02
  +4.50261226034531086837e-03+j1.91771058835785539187e-02
  +6.46775152069062157778e-03+j2.26448317671571128229e-02
  +8.43289078103593228719e-03+j2.61125576507356717271e-02
  +1.03980300413812447313e-02+j2.95802835343142271618e-02
  +1.23631693017265537060e-02+j3.30480094178927860660e-02
  +1.54798786924799196274e-02+j3.57306876545968321590e-02
  +1.87281946092032088036e-02+j3.83236471752645135869e-02
  +2.19765105259265049187e-02+j4.09166066959322019536e-02
  +2.52248264426497940949e-02+j4.35095662165998764426e-02
  +2.84731423593730902100e-02+j4.61025257372675648093e-02
  +3.24654025507928670202e-02+j4.77127860283294569221e-02
  +3.66496506911532099471e-02+j4.90694434408767143907e-02
  +4.08338988315135667517e-02+j5.04261008534239718593e-02
  +4.50181469718739166175e-02+j5.17827582659712154500e-02
  +4.92023951122342664832e-02+j5.31394156785184590408e-02
  +5.37366442572471472716e-02+j5.34819623976531682841e-02
  +5.84264500887222287817e-02+j5.33737912700498057239e-02
  +6.31162559201973033529e-02+j5.32656201424464154082e-02
  +6.78060617516724056797e-02+j5.31574490148430389702e-02
  +7.24958675831474663731e-02+j5.30492778872396764100e-02
  +7.72103446802952647632e-02+j5.20262068636349606088e-02
  +8.19419843896546512552e-02+j5.03666840123940251495e-02
  +8.66736240990139961138e-02+j4.87071611611530619346e-02
  +9.14052638083733409724e-02+j4.70476383099121264753e-02
  +9.61369035177327135866e-02+j4.53881154586711632604e-02
  +1.00667458978286605831e-01+j4.29959567357926231157e-02
  +1.04986347778993460711e-01+j3.98326058944120098282e-02
  +1.09305236579700343347e-01+j3.66692550530313965407e-02
  +1.13624125380407225983e-01+j3.35059042116507832532e-02
  +1.17943014181114080863e-01+j3.03425533702701699657e-02
  +1.21943949507178031610e-01+j2.66641363776324580304e-02
  +1.25436155244998681635e-01+j2.21616070165378820089e-02
  +1.28928360982819401048e-01+j1.76590776554432782319e-02
  +1.32420566720640064950e-01+j1.31565482943486744549e-02
  +1.35912772458460728853e-01+j8.65401893325407067792e-03
  +1.39072735927742829887e-01+j3.84788624380666410829e-03
  +1.41386988325157281210e-01-j1.73105809712997826821e-03
  +1.43701240722571677022e-01-j7.31000243806662064472e-03
  +1.46015493119986072834e-01-j1.28889467790032907768e-02
  +1.48329745517400440891e-01-j1.84678911199399053977e-02
  +1.50383764519567780793e-01-j2.41785233724787496090e-02
  +1.51248212434679202287e-01-j3.04911234547343146239e-02
  +1.52112660349790596026e-01-j3.68037235369899073945e-02
  +1.52977108264901989765e-01-j4.31163236192455279205e-02
  +1.53841556180013383504e-01-j4.94289237015011206910e-02
  +1.54580864704268905463e-01-j5.57668510954514862199e-02
  +1.53818698719579066703e-01-j6.24086661192656266817e-02
  +1.53056532734889255698e-01-j6.90504811430798226546e-02
  +1.52294366750199472449e-01-j7.56922961668939631164e-02
  +1.51532200765509633689e-01-j8.23341111907081035781e-02
  +1.50770034780819878195e-01-j8.89759262145222995510e-02
  +1.48358039771909006044e-01-j9.55054891614830342439e-02
  +1.45902646305984151631e-01-j1.02032099337665396743e-01
  +1.43447252840059324974e-01-j1.08558709513847745365e-01
  +1.40991859374134442806e-01-j1.15085319690030121742e-01
  +1.38536465908209671660e-01-j1.21611929866212498119e-01
  +1.34653856413785522061e-01-j1.27640657218159148112e-01
  +1.30561383719290491356e-01-j1.33596174011460178122e-01
  +1.26468911024795516163e-01-j1.39551690804761208131e-01
  +1.22376438330300540969e-01-j1.45507207598062238141e-01
  +1.18283965635805510264e-01-j1.51462724391363268150e-01
  +1.13073474048826783100e-01-j1.56646851611876997135e-01
  +1.07527600404453027583e-01-j1.61599578250778252997e-01
  +1.01981726760079272065e-01-j1.66552304889679481104e-01
  +9.64358531157055165473e-02-j1.71505031528580709210e-01
  +9.08899794713317610295e-02-j1.76457758167481965073e-01
  +8.45772625614770179325e-02-j1.80496794710009483831e-01
  +7.78811473758274086521e-02-j1.84079014034039450953e-01
  +7.11850321901778548828e-02-j1.87661233358069445831e-01
  +6.44889170045282456023e-02-j1.91243452682099440709e-01
  +5.77928018188786363218e-02-j1.94825672006129435587e-01
  +5.06728627293270839083e-02-j1.97484232095206740931e-01
  +4.32254427672343899403e-02-j1.99429097818751260851e-01
  +3.57780228051416959723e-02-j2.01373963542295808526e-01
  +2.83306028430490020042e-02-j2.03318829265840383957e-01
  +2.08831828809563635474e-02-j2.05263694989384848366e-01
  +1.33000735755028354212e-02-j2.06388420227229529846e-01
  +5.55866998557436042816e-03-j2.06556375035375383575e-01
  -2.18273360435417007608e-03-j2.06724329843521209549e-01
  -9.92413719428270058032e-03-j2.06892284651667035522e-01
  -1.76655407842112310846e-02-j2.07060239459812917007e-01
  -2.53434658371404220034e-02-j2.06589412731780802668e-01
  -3.29080445668616383692e-02-j2.04977987277290329970e-01
  -4.04726232965827992238e-02-j2.03366561822799857273e-01
  -4.80372020263040155896e-02-j2.01755136368309356820e-01
  -5.56017807560252874666e-02-j2.00143710913818828612e-01
  -6.30080108332249921865e-02-j1.98108401838219899682e-01
  -6.99550724519978350813e-02-j1.94843944388084416852e-01
  -7.69021340707705114426e-02-j1.91579486937949017289e-01
  -8.38491956895431878038e-02-j1.88315029487813562215e-01
  -9.07962573083159196763e-02-j1.85050572037678218162e-01
  -9.75903958443937735723e-02-j1.81567531130769455050e-01
  -1.03543578516615442098e-01-j1.76882454295234303743e-01
  -1.09496761188837110623e-01-j1.72197377459699207947e-01
  -1.15449943861058779149e-01-j1.67512300624164112151e-01
  -1.21403126533280447674e-01-j1.62827223788628988599e-01
  -1.27290354312572212558e-01-j1.58085092127592474753e-01
  -1.31957912587543330085e-01-j1.52287875276555517701e-01
  -1.36625470862514447612e-01-j1.46490658425518477381e-01
  -1.41293029137485537383e-01-j1.40693441574481492573e-01
  -1.45960587412456654910e-01-j1.34896224723444507765e-01
  -1.50628145687427744681e-01-j1.29099007872407495201e-01
  -1.53885975355110643514e-01-j1.22583365248712772289e-01
  -1.57067572486828233025e-01-j1.16028873006538663093e-01
  -1.60249169618545850291e-01-j1.09474380764364581653e-01
  -1.63430766750263439802e-01-j1.02919888522190472457e-01
  -1.66612363881981029312e-01-j9.63653962800163632618e-02
  -1.68442151487961683243e-01-j8.94904130822005428048e-02
  -1.70026120152929144380e-01-j8.25571504109675613492e-02
  -1.71610088817896605518e-01-j7.56238877397345798936e-02
  -1.73194057482864066655e-01-j6.86906250685016261937e-02
  -1.74778026147831500037e-01-j6.17573623972686447381e-02
  -1.75153408264486026846e-01-j5.48302128983253478367e-02
  -1.75111997703271099480e-01-j4.79051715855541015987e-02
  -1.75070587142056116603e-01-j4.09801302727829108719e-02
  -1.75029176580841189237e-01-j3.40550889600116646339e-02
  -1.74987766019626234115e-01-j2.71300476472404461514e-02
  -1.73939095001911597782e-01-j2.04577954184518573388e-02
  -1.72326317285838637172e-01-j1.39271153268660519142e-02
  -1.70713539569765648807e-01-j7.39643523528021873403e-03
  -1.69100761853692660441e-01-j8.65755143694413309419e-04
  -1.67487984137619672076e-01+j5.66492494789141987077e-03
  -1.65104275362269931060e-01+j1.17809372655969801791e-02
  -1.62059727002240056004e-01+j1.75414977226286128431e-02
  -1.59015178642210208704e-01+j2.33020581796602177516e-02
  -1.55970630282180333648e-01+j2.90626186366918226600e-02
  -1.52926081922150458592e-01+j3.48231790937234553240e-02
  -1.49359001686107439877e-01+j4.00957598377025825620e-02
  -1.45115663634190455999e-01+j4.47367999808335470302e-02
  -1.40872325582273444367e-01+j4.93778401239644837428e-02
  -1.36628987530356432734e-01+j5.40188802670954204554e-02
  -1.32385649478439421101e-01+j5.86599204102263849236e-02
  -1.27853305014762719249e-01+j6.28289777165437213213e-02
  -1.22742912514539045943e-01+j6.60540118420506194852e-02
  -1.17632520014315372636e-01+j6.92790459675575454046e-02
  -1.12522127514091685452e-01+j7.25040800930644574462e-02
  -1.07411735013868026023e-01+j7.57291142185713556101e-02
  -1.02199350880261538577e-01+j7.85796125195732803048e-02
  -9.66469707018966089906e-02+j8.01815701831868482552e-02
  -9.10945905235316655268e-02+j8.17835278468003884500e-02
  -8.55422103451667081853e-02+j8.33854855104139425226e-02
  -7.99898301668017647215e-02+j8.49874431740275104730e-02
  -7.44441838102216230100e-02+j8.63713371123723677725e-02
  -6.89443321350391019608e-02+j8.62722457353657240509e-02
  -6.34444804598565809117e-02+j8.61731543583590803292e-02
  -5.79446287846740459848e-02+j8.60740629813524227298e-02
  -5.24447771094915179968e-02+j8.59749716043457651304e-02
  -4.69595656198276006910e-02+j8.58343918991764237569e-02
  -4.20309131566937305147e-02+j8.41165983325258964642e-02
  -3.71022606935598464606e-02+j8.23988047658753830493e-02
  -3.21736082304259832232e-02+j8.06810111992248557566e-02
  -2.72449557672921095774e-02+j7.89632176325743423417e-02
  -2.23163033041582324623e-02+j7.72454240659238289268e-02
  -1.83597046674699171387e-02+j7.42668687713365915926e-02
  -1.44841212081928127908e-02+j7.11832361319735679173e-02
  -1.06085377489157015041e-02+j6.80996034926105303642e-02
  -6.73295428963859542149e-03+j6.50159708532474928111e-02
  -2.85737083036148760418e-03+j6.19323382138844621969e-02
  -1.58624386256130817108e-04+j5.80602334190944632808e-02
  +2.28267439840027083417e-03+j5.40156405836171096824e-02
  +4.72397318305667248545e-03+j4.99710477481397491450e-02
  +7.16527196771307457041e-03+j4.59264549126623886077e-02
  +9.60657075236947752273e-03+j4.18818620771850350093e-02
  +1.08531845989220457338e-02+j3.75144268255521856625e-02
  +1.16304410389528427305e-02+j3.30201560591078524531e-02
  +1.24076974789836414620e-02+j2.85258852926635053660e-02
  +1.31849539190144401934e-02+j2.40316145262191548093e-02
  +1.39622103590452371902e-02+j1.95373437597748146610e-02
  +1.36831445647925195597e-02+j1.51083870771837186497e-02
  +1.27438599459661038027e-02+j1.07202527746109339823e-02
  +1.18045753271396672290e-02+j6.33211847203805910933e-03
  +1.08652907083132896360e-02+j1.94398416946543750594e-03
  +9.92600608948683224564e-03-j2.44415013310751716435e-03
  +8.16934869824549256268e-03-j6.50216068493208315671e-03
  +5.63617099031557891586e-03-j1.02465471375349365113e-02
  +3.10299328238576241357e-03-j1.39909335901376441491e-02
  +5.69815574455949380717e-04-j1.77353200427403517869e-02
  -1.96336213347386712158e-03-j2.14797064953430733025e-02
  -5.03791841498361578355e-03-j2.47677720205827789357e-02
  -8.89071979423443695123e-03-j2.73998649195536514434e-02
  -1.27435211734852546495e-02-j3.00319578185245100732e-02
  -1.65963225527360723477e-02-j3.26640507174953687031e-02
  -2.04491239319868900459e-02-j3.52961436164662273329e-02
  -2.45872702914129853680e-02-j3.74734832508692439212e-02
  -2.93674522719854502739e-02-j3.86276130341446227723e-02
  -3.41476342525579151799e-02-j3.97817428174200293789e-02
  -3.89278162331303870247e-02-j4.09358726006953943521e-02
  -4.37079982137028588696e-02-j4.20900023839707870810e-02
  -4.85807087209377333470e-02-j4.28910679412171369496e-02
  -5.38119718488439605086e-02-j4.23239921470954238991e-02
  -5.90432349767501807314e-02-j4.17569163529737108487e-02
  -6.42744981046564078930e-02-j4.11898405588519977982e-02
  -6.95057612325626350547e-02-j4.06227647647302847478e-02
  -7.47289030342334209545e-02-j3.98680297321178100933e-02
  -7.98809824273867402633e-02-j3.74712577856942674615e-02
  -8.50330618205400595722e-02-j3.50744858392706970740e-02
  -9.01851412136933650032e-02-j3.26777138928471266865e-02
  -9.53372206068466843121e-02-j3.02809419464235562991e-02
  -1.00489300000000003621e-01-j2.78841700000000136672e-02
</dep>
<dep S[2,4] frequency>
  +2.53323099999999950399e-03+j1.57159400000000011588e-02
  +4.49521537527934611500e-03+j1.91865663866830592210e-02
  +6.45719975055869272601e-03+j2.26571927733661138138e-02
  +8.41918412583803760230e-03+j2.61278191600491718760e-02
  +1.03811685011173868154e-02+j2.95984455467322403466e-02
  +1.23431528763967308243e-02+j3.30690719334152949394e-02
  +1.54553826599664097946e-02+j3.57571252956744717322e-02
  +1.86990675744053702623e-02+j3.83557427526920874383e-02
  +2.19427524888443359341e-02+j4.09543602097096823278e-02
  +2.51864374032833016059e-02+j4.35529776667272772173e-02
  +2.84301223177222672778e-02+j4.61515951237448859845e-02
  +3.24177296949325066677e-02+j4.77704980715340371544e-02
  +3.65973193921311015786e-02+j4.91365684005751479635e-02
  +4.07769090893296964895e-02+j5.05026387296162726503e-02
  +4.49564987865282914004e-02+j5.18687090586574112150e-02
  +4.91360884837268793723e-02+j5.32347793876985081463e-02
  +5.36669287821313345521e-02+j5.35895896230649537717e-02
  +5.83538811456874029204e-02+j5.34949489504841779741e-02
  +6.30408335092434574110e-02+j5.34003082779034299321e-02
  +6.77277858727995257793e-02+j5.33056676053226818901e-02
  +7.24147382363555941476e-02+j5.32110269327419338481e-02
  +7.71285717156717648413e-02+j5.22037008373646138626e-02
  +8.18611050935552225782e-02+j5.05614634167869669845e-02
  +8.65936384714386525596e-02+j4.89192259962093478620e-02
  +9.13261718493220964188e-02+j4.72769885756317009839e-02
  +9.60587052272055402780e-02+j4.56347511550540818615e-02
  +1.00592864008945570564e-01+j4.32611648935765924495e-02
  +1.04918208383721234256e-01+j4.01177412765832408503e-02
  +1.09243552758496925703e-01+j3.69743176595898614956e-02
  +1.13568897133272617150e-01+j3.38308940425965098964e-02
  +1.17894241508048280842e-01+j3.06874704256031305416e-02
  +1.21904320337304666877e-01+j2.70293050840485216124e-02
  +1.25409970298974604574e-01+j2.25475464608611841921e-02
  +1.28915620260644514516e-01+j1.80657878376738467718e-02
  +1.32421270222314452214e-01+j1.35840292144865371071e-02
  +1.35926920183984389912e-01+j9.10227059129919968683e-03
  +1.39102522352973156927e-01+j4.31648479027890719095e-03
  +1.41437999411620912715e-01-j1.24319155625501887030e-03
  +1.43773476470268612992e-01-j6.80286790278891717598e-03
  +1.46108953528916396536e-01-j1.23625442493228154817e-02
  +1.48444430587564152324e-01-j1.79222205958567137873e-02
  +1.50521070792413697026e-01-j2.36143350552733000125e-02
  +1.51414523738570172551e-01-j2.99118466419872608419e-02
  +1.52307976684726564809e-01-j3.62093582287012494270e-02
  +1.53201429630882929311e-01-j4.25068698154152935231e-02
  +1.54094882577039404836e-01-j4.88043814021292821081e-02
  +1.54863720819480937818e-01-j5.51277501139327552604e-02
  +1.54137379967730442365e-01-j6.17613633772791104093e-02
  +1.53411039115980030179e-01-j6.83949766406254655582e-02
  +1.52684698264229701259e-01-j7.50285899039718207071e-02
  +1.51958357412479233561e-01-j8.16622031673181758560e-02
  +1.51232016560728849131e-01-j8.82958164306645865160e-02
  +1.48860677893154852436e-01-j9.48262423390005826374e-02
  +1.46446067852638611706e-01-j1.01353953922442882596e-01
  +1.44031457812122343221e-01-j1.07881665505885224188e-01
  +1.41616847771606102491e-01-j1.14409377089327538024e-01
  +1.39202237731089861761e-01-j1.20937088672769851860e-01
  +1.35362359426757117298e-01-j1.26976550324328807395e-01
  +1.31312904328980906143e-01-j1.32944217873878417491e-01
  +1.27263449231204694989e-01-j1.38911885423428055342e-01
  +1.23213994133428483835e-01-j1.44879552972977665437e-01
  +1.19164539035652328192e-01-j1.50847220522527331044e-01
  +1.13996323324649317943e-01-j1.56052679554828738206e-01
  +1.08492503055692024461e-01-j1.61029492128293733044e-01
  +1.02988682786734786490e-01-j1.66006304701758727882e-01
  +9.74848625177774930073e-02-j1.70983117275223667209e-01
  +9.19810422488201995250e-02-j1.75959929848688662046e-01
  +8.57074350359173231517e-02-j1.80030839420164928688e-01
  +7.90489577976474788734e-02-j1.83648825083152472670e-01
  +7.23904805593775790840e-02-j1.87266810746140016652e-01
  +6.57320033211076792945e-02-j1.90884796409127560635e-01
  +5.90735260828377795050e-02-j1.94502782072115076861e-01
  +5.19869298539149538030e-02-j1.97203034282642825081e-01
  +4.45695340185526811538e-02-j1.99194170869901737708e-01
  +3.71521381831904085047e-02-j2.01185307457160650335e-01
  +2.97347423478281358555e-02-j2.03176444044419590718e-01
  +2.23173465124658076952e-02-j2.05167580631678503345e-01
  +1.47595070010202444877e-02-j2.06342430130763809792e-01
  +7.03782683220233185040e-03-j2.06565004548046438071e-01
  -6.83853336615580786884e-04-j2.06787578965329094105e-01
  -8.40553350543349342416e-03-j2.07010153382611750139e-01
  -1.61272136742514060614e-02-j2.07232727799894350662e-01
  -2.37898188279270783596e-02-j2.06818568012618275720e-01
  -3.13469405209505502796e-02-j2.05267465183503833304e-01
  -3.89040622139740221996e-02-j2.03716362354389446399e-01
  -4.64611839069975496308e-02-j2.02165259525275003982e-01
  -5.40183056000210770620e-02-j2.00614156696160617077e-01
  -6.14205351612600036759e-02-j1.98639863761293444799e-01
  -6.83736192435734357886e-02-j1.95438433459699079098e-01
  -7.53267033258867568790e-02-j1.92237003158104741152e-01
  -8.22797874082001334806e-02-j1.89035572856510375450e-01
  -8.92328714905134545710e-02-j1.85834142554916065260e-01
  -9.60351903413854679492e-02-j1.82414080549454904467e-01
  -1.02008419801617955525e-01-j1.77791717294557699569e-01
  -1.07981649261850332078e-01-j1.73169354039660494671e-01
  -1.13954878722082819653e-01-j1.68546990784763262017e-01
  -1.19928108182315251717e-01-j1.63924627529866084874e-01
  -1.25836101706607750295e-01-j1.59245033477970698854e-01
  -1.30537721023964631284e-01-j1.53507100086782394266e-01
  -1.35239340341321567784e-01-j1.47769166695594089678e-01
  -1.39940959658678476529e-01-j1.42031233304405868356e-01
  -1.44642578976035357519e-01-j1.36293299913217563768e-01
  -1.49344198293392294019e-01-j1.30555366522029286935e-01
  -1.52648899548866179288e-01-j1.24092848083784540458e-01
  -1.55878061011898827459e-01-j1.17591146957911812931e-01
  -1.59107222474931447875e-01-j1.11089445832039057649e-01
  -1.62336383937964123803e-01-j1.04587744706166302366e-01
  -1.65565545400996744219e-01-j9.80860435802935193284e-02
  -1.67453460423031080806e-01-j9.12555900720650181590e-02
  -1.69097477341459329070e-01-j8.43653547965478312065e-02
  -1.70741494259887549578e-01-j7.74751195210306164984e-02
  -1.72385511178315770087e-01-j7.05848842455134295459e-02
  -1.74029528096744018351e-01-j6.36946489699962148379e-02
  -1.74472900490453802780e-01-j5.68007895086662939477e-02
  -1.74502219089401999774e-01-j4.99056802120539377832e-02
  -1.74531537688350196769e-01-j4.30105709154415261075e-02
  -1.74560856287298421519e-01-j3.61154616188291144319e-02
  -1.74590174886246674024e-01-j2.92203523222167305118e-02
  -1.73617270587226674161e-01-j2.25675096422513488115e-02
  -1.72083080826890583159e-01-j1.60503460911124717914e-02
  -1.70548891066554408891e-01-j9.53318253997356701568e-03
  -1.69014701306218317889e-01-j3.01601898883466224000e-03
  -1.67480511545882143620e-01+j3.50114456230424253569e-03
  -1.65177427351020339463e-01+j9.61404485392600149929e-03
  -1.62215249359559582354e-01+j1.53804120005848754538e-02
  -1.59253071368098769733e-01+j2.11467791472437494082e-02
  -1.56290893376637984868e-01+j2.69131462939025956072e-02
  -1.53328715385177200003e-01+j3.26795134405614695616e-02
  -1.49843253783898677778e-01+j3.79671472853878588793e-02
  -1.45680561477083247990e-01+j4.26352071827767464818e-02
  -1.41517869170267762691e-01+j4.73032670801656618398e-02
  -1.37355176863452305147e-01+j5.19713269775545494422e-02
  -1.33192484556636819848e-01+j5.66393868749434370446e-02
  -1.28738022633139326256e-01+j6.08425888234828127210e-02
  -1.23699985926576577766e-01+j6.41160182352482066470e-02
  -1.18661949220013884787e-01+j6.73894476470136283286e-02
  -1.13623912513451150175e-01+j7.06628770587790361324e-02
  -1.08585875806888443318e-01+j7.39363064705444439362e-02
  -1.03442323184710846529e-01+j7.68396224825382695434e-02
  -9.79470260833221473273e-02+j7.85091403106933788392e-02
  -9.24517289819334620038e-02+j8.01786581388484881350e-02
  -8.69564318805447489247e-02+j8.18481759670035974308e-02
  -8.14611347791560358456e-02+j8.35176937951587206044e-02
  -7.59697797886364767361e-02+j8.49709766294846069457e-02
  -7.05052338995536820310e-02+j8.49537107968152405135e-02
  -6.50406880104708873258e-02+j8.49364449641458740814e-02
  -5.95761421213881064984e-02+j8.49191791314765076493e-02
  -5.41115962323053256711e-02+j8.49019132988071134616e-02
  -4.86610115582285507330e-02+j8.48433352975953569697e-02
  -4.37411742727730895597e-02+j8.32142402917601525791e-02
  -3.88213369873176145086e-02+j8.15851452859249481886e-02
  -3.39014997018621672131e-02+j7.99560502800897437981e-02
  -2.89816624164067060399e-02+j7.83269552742545394075e-02
  -2.40618251309512448666e-02+j7.66978602684193488948e-02
  -2.00877916014471184780e-02+j7.38059484797164572223e-02
  -1.61925854547482900303e-02+j7.08087880690560916852e-02
  -1.22973793080494667868e-02+j6.78116276583957122703e-02
  -8.40217316135064874738e-03+j6.48144672477353467333e-02
  -4.50696701465182550383e-03+j6.18173068370749811962e-02
  -1.76641358122509462697e-03+j5.80219891412151606014e-02
  +7.21545283305531897494e-04+j5.40520646626847720007e-02
  +3.20950414783615755460e-03+j5.00821401841544042166e-02
  +5.69746301236678451274e-03+j4.61122157056240225548e-02
  +8.18542187689741060352e-03+j4.21422912270936478318e-02
  +9.49473190508626392614e-03+j3.78347745294060275323e-02
  +1.03409846506552285939e-02+j3.33946275428515723660e-02
  +1.11872373962241915268e-02+j2.89544805562971171997e-02
  +1.20334901417931561945e-02+j2.45143335697426620334e-02
  +1.28797428873621191275e-02+j2.00741865831881999283e-02
  +1.26788684428437228857e-02+j1.56825551742498653374e-02
  +1.18235222280822643848e-02+j1.13212468017748653371e-02
  +1.09681760133207920060e-02+j6.95993842929978900891e-03
  +1.01128297985593681996e-02+j2.59863005682496595039e-03
  +9.25748358379787847361e-03-j1.76267831565019017503e-03
  +7.58774225543873762079e-03-j5.80996850578457957326e-03
  +5.14430944522109578898e-03-j9.55893520555334275102e-03
  +2.70087663500355110169e-03-j1.33079019053219532731e-02
  +2.57443824786002944949e-04-j1.70568686050905637952e-02
  -2.18598898543154174234e-03-j2.08058353048591743173e-02
  -5.17249112627688953370e-03-j2.41118822705683882868e-02
  -8.93966886996304735402e-03-j2.67812211570399721916e-02
  -1.27068466136492017049e-02-j2.94505600435115560964e-02
  -1.64740243573353525863e-02-j3.21198989299831400013e-02
  -2.02412021010215138761e-02-j3.47892378164547100283e-02
  -2.42980586511120921767e-02-j3.70134215338210059709e-02
  -2.90067020743712822295e-02-j3.82359914315662796636e-02
  -3.37153454976304722823e-02-j3.94585613293115533562e-02
  -3.84239889208896692741e-02-j4.06811312270567992933e-02
  -4.31326323441488662658e-02-j4.19037011248020729859e-02
  -4.79386376128175667466e-02-j4.27787733743018039334e-02
  -5.31219248515358011264e-02-j4.23072750368716221647e-02
  -5.83052120902540424452e-02-j4.18357766994414681516e-02
  -6.34884993289722837639e-02-j4.13642783620112586274e-02
  -6.86717865676905320216e-02-j4.08927800245810768587e-02
  -7.38502497338008462302e-02-j4.02357370004866321533e-02
  -7.89865017870406832534e-02-j3.79551596003893099152e-02
  -8.41227538402805202766e-02-j3.56745822002919876770e-02
  -8.92590058935203434221e-02-j3.33940048001946654388e-02
  -9.43952579467601665675e-02-j3.11134274000973154450e-02
  -9.95315100000000035907e-02-j2.88328499999999932069e-02
</dep>
<dep S[2,3] frequency>
  -7.55110300000000345122e-04-j3.26575599999999986733e-03
  -1.31682931564155829285e-03-j3.89973091832736002554e-03
  -1.87854833128311797530e-03-j4.53370583665472018375e-03
  -2.44026734692467592303e-03-j5.16768075498207947460e-03
  -3.00198636256623560548e-03-j5.80165567330944050017e-03
  -3.56370537820779528793e-03-j6.43563059163679979102e-03
  -4.38652665613675080136e-03-j6.75518862209360804183e-03
  -5.23918785501811465344e-03-j7.03881370046502419235e-03
  -6.09184905389948544441e-03-j7.32243877883644034288e-03
  -6.94451025278085623538e-03-j7.60606385720785649340e-03
  -7.79717145166222008745e-03-j7.88968893557927264393e-03
  -8.72553236876258409005e-03-j7.82300689335781174183e-03
  -9.67342893407015583240e-03-j7.66592191657602950450e-03
  -1.06213254993777310442e-02-j7.50883693979426114495e-03
  -1.15692220646853062560e-02-j7.35175196301247890762e-03
  -1.25171186299928849373e-02-j7.19466698623071054808e-03
  -1.33860203413941752926e-02-j6.74092317462675338913e-03
  -1.42198130743700322520e-02-j6.15533041190194363246e-03
  -1.50536058073458753337e-02-j5.56973764917713387579e-03
  -1.58873985403217288237e-02-j4.98414488645232411912e-03
  -1.67211912732975823137e-02-j4.39855212372752824024e-03
  -1.73857062533945387617e-02-j3.62234184170923123602e-03
  -1.79324628473895818226e-02-j2.71352812508127150259e-03
  -1.84792194413846179446e-02-j1.80471440845331176916e-03
  -1.90259760353796575361e-02-j8.95900691825352035735e-04
  -1.95727326293746971275e-02+j1.29130248026354532698e-05
  -1.99312893837619263537e-02+j9.97791199242731297048e-04
  -2.00917419521167879559e-02+j2.06273685690847030649e-03
  -2.02521945204716460887e-02+j3.12768251457420931594e-03
  -2.04126470888265042214e-02+j4.19262817223994832538e-03
  -2.05730996571813658236e-02+j5.25757382990568733483e-03
  -2.05816399186686399547e-02+j6.31115576864710314808e-03
  -2.03471185642744786803e-02+j7.34655561311903237964e-03
  -2.01125972098803174060e-02+j8.38195545759093385563e-03
  -1.98780758554861561316e-02+j9.41735530206286308719e-03
  -1.96435545010919948572e-02+j1.04527551465347923187e-02
  -1.93193057583455063408e-02+j1.14346732414141727396e-02
  -1.87666590874452365867e-02+j1.22804554136362320538e-02
  -1.82140124165449668325e-02+j1.31262375858583191235e-02
  -1.76613657456446970784e-02+j1.39720197580803784376e-02
  -1.71087190747444412020e-02+j1.48178019303024377518e-02
  -1.65237940218811302229e-02+j1.56118197895403487685e-02
  -1.57913189980245782795e-02+j1.61692141746510864575e-02
  -1.50588439741680124584e-02+j1.67266085597618241465e-02
  -1.43263689503114466373e-02+j1.72840029448725618355e-02
  -1.35938939264548808161e-02+j1.78413973299832995245e-02
  -1.28601029631250918239e-02+j1.83752879927586709741e-02
  -1.21105228101495432380e-02+j1.86271712099925490502e-02
  -1.13609426571740224077e-02+j1.88790544272264271264e-02
  -1.06113625041984738218e-02+j1.91309376444603052025e-02
  -9.86178235122292523585e-03+j1.93828208616942110343e-02
  -9.11220219824737664993e-03+j1.96347040789280891104e-02
  -8.48738026838494197257e-03+j1.96528713838347579568e-02
  -7.86584008123847322480e-03+j1.96648908335238792322e-02
  -7.24429989409203223261e-03+j1.96769102832130005076e-02
  -6.62275970694559124041e-03+j1.96889297329021495386e-02
  -6.00121951979915024822e-03+j1.97009491825912708141e-02
  -5.56934069750586457914e-03+j1.96171095642725945574e-02
  -5.16535039395338291257e-03+j1.95191744689089674569e-02
  -4.76136009040084573485e-03+j1.94212393735453126009e-02
  -4.35736978684830855713e-03+j1.93233042781816855005e-02
  -3.95337948329577137940e-03+j1.92253691828180584000e-02
  -3.72321445100542991469e-03+j1.91655241612232463133e-02
  -3.54519332924746466418e-03+j1.91171053573720162166e-02
  -3.36717220748949941367e-03+j1.90686865535207861200e-02
  -3.18915108573147865201e-03+j1.90202677496695282677e-02
  -3.01112996397351340150e-03+j1.89718489458182981711e-02
  -2.93114966708241109217e-03+j1.90534458738887413354e-02
  -2.90018679644182819644e-03+j1.92000467078273784338e-02
  -2.86922392580130081186e-03+j1.93466475417660155323e-02
  -2.83826105516071791612e-03+j1.94932483757046665085e-02
  -2.80729818452013502039e-03+j1.96398492096432897291e-02
  -2.77426836556826650337e-03+j1.99468231656347722014e-02
  -2.73964145397892488987e-03+j2.03777144596019171852e-02
  -2.70501454238958327636e-03+j2.08086057535690621689e-02
  -2.67038763080029717401e-03+j2.12394970475362071527e-02
  -2.63576071921095556050e-03+j2.16703883415033521365e-02
  -2.51262859332673782475e-03+j2.22336890681669729908e-02
  -2.28624687375955648605e-03+j2.29514577573639577679e-02
  -2.05986515419237514735e-03+j2.36692264465609147894e-02
  -1.83348343462519380864e-03+j2.43869951357578960971e-02
  -1.60710171505801246994e-03+j2.51047638249548635270e-02
  -1.24726879966724490956e-03+j2.58914755269882453093e-02
  -6.49147431370511451831e-04+j2.68012908382929786189e-02
  -5.10260630737779941057e-05+j2.77111061495977084590e-02
  +5.47095305223010974771e-04+j2.86209214609024417686e-02
  +1.14521667351974443250e-03+j2.95307367722071820171e-02
  +1.87102266160904529002e-03+j3.04435286715207704955e-02
  +2.96707966921372356950e-03+j3.13649518746417152459e-02
  +4.06313667681845736013e-03+j3.22863750777626426491e-02
  +5.15919368442313563961e-03+j3.32077982808835769912e-02
  +6.25525069202786943023e-03+j3.41292214840045043944e-02
  +7.43362921232992857057e-03+j3.50163455268634668527e-02
  +9.06471086681182036671e-03+j3.57148513478076426453e-02
  +1.06957925212936566517e-02+j3.64133571687518114990e-02
  +1.23268741757754929367e-02+j3.71118629896959734138e-02
  +1.39579558302573292217e-02+j3.78103688106401492064e-02
  +1.56129168282883035168e-02+j3.84848792481037593749e-02
  +1.77094660969729922328e-02+j3.87156555488622489136e-02
  +1.98060153656576809489e-02+j3.89464318496207523301e-02
  +2.19025646343423141538e-02+j3.91772081503792557466e-02
  +2.39991139030270028698e-02+j3.94079844511377452854e-02
  +2.60956631717116915858e-02+j3.96387607518962487019e-02
  +2.84696109850571810185e-02+j3.92281691257506948123e-02
  +3.08585594122961492936e-02+j3.87828948640241144563e-02
  +3.32475078395351175686e-02+j3.83376206022975341003e-02
  +3.56364562667741413549e-02+j3.78923463405709815000e-02
  +3.80254046940131096299e-02+j3.74470720788444288996e-02
  +4.04464005585611907634e-02+j3.63190229035315892414e-02
  +4.28732240689067012340e-02+j3.50668149595367573124e-02
  +4.53000475792522117047e-02+j3.38146070155418976277e-02
  +4.77268710895976944197e-02+j3.25623990715470379431e-02
  +5.01536945999431493792e-02+j3.13101911275521782585e-02
  +5.23861935513305065903e-02+j2.94394234119715603182e-02
  +5.45516778123615042606e-02+j2.73553394188091048012e-02
  +5.67171620733925574420e-02+j2.52712554256466215286e-02
  +5.88826463344235828679e-02+j2.31871714324841660115e-02
  +6.10481305954546638048e-02+j2.11030874393217104945e-02
  +6.28546731080030784966e-02+j1.85452779743510431931e-02
  +6.44601936869165781374e-02+j1.57221630363960918064e-02
  +6.60657142658301610449e-02+j1.28990480984411404197e-02
  +6.76712348447436884413e-02+j1.00759331604861890330e-02
  +6.92767554236572435933e-02+j7.25281822253123764632e-03
  +7.04457439539792618088e-02+j4.14150019947567837875e-03
  +7.12405386387953420968e-02+j7.83135433693099569652e-04
  +7.20353333236113807514e-02-j2.57522933208947923944e-03
  +7.28301280084274610394e-02-j5.93359409787205804854e-03
  +7.36249226932434996939e-02-j9.29195886365460910206e-03
  +7.39962571835394850028e-02-j1.27576782215160222655e-02
  +7.38195518710952763852e-02-j1.63623352888186135434e-02
  +7.36428465586510677676e-02-j1.99669923561212048213e-02
  +7.34661412462068591500e-02-j2.35716494234237960992e-02
  +7.32894359337626366546e-02-j2.71763064907263873771e-02
  +7.27750950691251341507e-02-j3.07524868695704112209e-02
  +7.15854419620171877892e-02-j3.42717104018496476758e-02
  +7.03957888549092136721e-02-j3.77909339341288841307e-02
  +6.92061357478012673106e-02-j4.13101574664081205857e-02
  +6.80164826406932931935e-02-j4.48293809986873570406e-02
  +6.66131507597270550169e-02-j4.82547798439239561397e-02
  +6.44975061571085861445e-02-j5.13674077153350450153e-02
  +6.23818615544901033942e-02-j5.44800355867461061354e-02
  +6.02662169518716206440e-02-j5.75926634581571950111e-02
  +5.81505723492531517715e-02-j6.07052913295682838868e-02
  +5.59417503750820263586e-02-j6.37329400935196105360e-02
  +5.30992573326698538705e-02-j6.61826716989924873635e-02
  +5.02567642902576744435e-02-j6.86324033044653364355e-02
  +4.74142712478454950165e-02-j7.10821349099381855074e-02
  +4.45717782054333155894e-02-j7.35318665154110762128e-02
  +4.17175806195582074554e-02-j7.59607811974042090863e-02
  +3.84184249211355077769e-02-j7.75983229386315864762e-02
  +3.51192692227128011595e-02-j7.92358646798589499882e-02
  +3.18201135242900876032e-02-j8.08734064210863135003e-02
  +2.85209578258673775164e-02-j8.25109481623136908901e-02
  +2.52218021274446674296e-02-j8.41484899035410682799e-02
  +2.17626095689802748212e-02-j8.50133508900204892811e-02
  +1.82900788452251585048e-02-j8.58138133146867099210e-02
  +1.48175481214700439231e-02-j8.66142757393529028054e-02
  +1.13450173977149293414e-02-j8.74147381640191234453e-02
  +7.87248667395981302497e-03-j8.82152005886853302075e-02
  +4.45205496955579631962e-03-j8.83987815125643755509e-02
  +1.04302057031690326681e-03-j8.84474119747502562916e-02
  -2.36601382892199021968e-03-j8.84960424369361509100e-02
  -5.77504822816088305565e-03-j8.85446728991220316507e-02
  -9.18408262739977762634e-03-j8.85933033613079401469e-02
  -1.24420123792372203098e-02-j8.82116962949164584717e-02
  -1.56405774541161536606e-02-j8.76610612579188375193e-02
  -1.88391425289950939503e-02-j8.71104262209212304446e-02
  -2.20377076038740168928e-02-j8.65597911839236233700e-02
  -2.52362726787529641215e-02-j8.60091561469260301731e-02
  -2.82789044306532358353e-02-j8.51891171570842153926e-02
  -3.12240752829647978672e-02-j8.42006962518480756019e-02
  -3.41692461352764015325e-02-j8.32122753466119080556e-02
  -3.71144169875878560116e-02-j8.22238544413758098983e-02
  -4.00595878398995255965e-02-j8.12354335361396284743e-02
  -4.28966401699009056148e-02-j8.00813489524716676238e-02
  -4.56309777631049781621e-02-j7.87698805943727459189e-02
  -4.83653153563089327482e-02-j7.74584122362738797252e-02
  -5.10996529495128942733e-02-j7.61469438781750274092e-02
  -5.38339905427168557983e-02-j7.48354755200761473377e-02
  -5.65162570961908333755e-02-j7.34044208140630510817e-02
  -5.91236702413812931223e-02-j7.18014577733599029807e-02
  -6.17310833865717598079e-02-j7.01984947326567548798e-02
  -6.43384965317622126157e-02-j6.85955316919536067788e-02
  -6.69459096769526723625e-02-j6.69925686512504448000e-02
  -6.95357173691604907306e-02-j6.52816012579556237405e-02
  -7.20859122112164629748e-02-j6.33276205074252557248e-02
  -7.46361070532724352189e-02-j6.13736397568948738312e-02
  -7.71863018953284074630e-02-j5.94196590063645058155e-02
  -7.97364967373843658294e-02-j5.74656782558341239220e-02
  -8.22757823412435529420e-02-j5.54131742644138891585e-02
  -8.47727941071192009348e-02-j5.29788878379724992307e-02
  -8.72698058729948489276e-02-j5.05446014115311093029e-02
  -8.97668176388704969204e-02-j4.81103149850897193751e-02
  -9.22638294047461310354e-02-j4.56760285586483294473e-02
  -9.47455126799100766366e-02-j4.31766117249182401761e-02
  -9.70930701439280535725e-02-j4.01072973799345700030e-02
  -9.94406276079460443862e-02-j3.70379830349509553411e-02
  -1.01788185071964035200e-01-j3.39686686899673129236e-02
  -1.04135742535982012136e-01-j3.08993543449836427506e-02
  -1.06483300000000002949e-01-j2.78300400000000003331e-02
</dep>
<dep S[2,2] frequency>
  +1.46463800000000005097e-02+j1.35206599999999985823e-02
  +1.63646791948944131390e-02+j1.64074190313455506307e-02
  +1.80829783897888188293e-02+j1.92941780626911044139e-02
  +1.98012775846832314586e-02+j2.21809370940366547276e-02
  +2.15195767795776440878e-02+j2.50676961253822050413e-02
  +2.32378759744720497782e-02+j2.79544551567277588244e-02
  +2.58611319941775691378e-02+j3.00022897898671141170e-02
  +2.85878104809315844448e-02+j3.19542484336212545548e-02
  +3.13144889676855997518e-02+j3.39062070773753915232e-02
  +3.40411674544396219977e-02+j3.58581657211295562471e-02
  +3.67678459411936511825e-02+j3.78101243648837001543e-02
  +3.99285532014076668950e-02+j3.87662652627739912070e-02
  +4.32012692461933162091e-02+j3.94654178175184722210e-02
  +4.64739852909789724622e-02+j4.01645703722629809906e-02
  +4.97467013357646287153e-02+j4.08637229270074620047e-02
  +5.30194173805502849683e-02+j4.15628754817519707743e-02
  +5.62941509607048917729e-02+j4.13232119801386632574e-02
  +5.95697812271908169746e-02+j4.06662950621544116991e-02
  +6.28454114936767421762e-02+j4.00093781441701185075e-02
  +6.61210417601626604389e-02+j3.93524612261858530715e-02
  +6.93966720266485787016e-02+j3.86955443082015737577e-02
  +7.23615941346604091278e-02+j3.73092508814195922273e-02
  +7.51103715298062496464e-02+j3.54155653190737496061e-02
  +7.78591489249520901650e-02+j3.35218797567279069849e-02
  +8.06079263200979306836e-02+j3.16281941943820643637e-02
  +8.33567037152437434466e-02+j2.97345086320362217425e-02
  +8.56384324891460713136e-02+j2.73901601970125696539e-02
  +8.74285333894975896785e-02+j2.45714319657419910659e-02
  +8.92186342898491080433e-02+j2.17527037344714124778e-02
  +9.10087351902006125304e-02+j1.89339755032008338897e-02
  +9.27988360905521725286e-02+j1.61152472719302553017e-02
  +9.41157010551592759784e-02+j1.31122600934407418372e-02
  +9.46753825261638926047e-02+j9.81445626464066966932e-03
  +9.52350639971685092311e-02+j6.51665243584056974591e-03
  +9.57947454681731397352e-02+j3.21884860704049757807e-03
  +9.63544269391777979950e-02-j7.89552217596023453439e-05
  +9.65449192396330840849e-02-j3.36902549493331426866e-03
  +9.57956534216510280366e-02-j6.63941027280001705435e-03
  +9.50463876036689719884e-02-j9.90979505066671984004e-03
  +9.42971217856869436957e-02-j1.31801798285334226257e-02
  +9.35478559677049015253e-02-j1.64505646064001254114e-02
  +9.25847638131744865575e-02-j1.96280946439758297029e-02
  +9.06442351256909750745e-02-j2.23811698791947510934e-02
  +8.87037064382074080804e-02-j2.51342451144136724839e-02
  +8.67631777507238133307e-02-j2.78873203496326216300e-02
  +8.48226490632402740921e-02-j3.06403955848515430205e-02
  +8.28127282397737585207e-02-j3.33226657981109120055e-02
  +7.99702116797688655758e-02-j3.51553878806785402578e-02
  +7.71276951197639448754e-02-j3.69881099632461685101e-02
  +7.42851785597589964194e-02-j3.88208320458137967623e-02
  +7.14426619997541034746e-02-j4.06535541283814250146e-02
  +6.86001454397491827741e-02-j4.24862762109490532669e-02
  +6.52818827936816614699e-02-j4.31676048487096841733e-02
  +6.19511057320216995681e-02-j4.38186462881079430431e-02
  +5.86203286703616821551e-02-j4.44696877275062019130e-02
  +5.52895516087017480089e-02-j4.51207291669044885385e-02
  +5.19587745470417861071e-02-j4.57717706063027474084e-02
  +4.86169669864413012128e-02-j4.53174026226771387016e-02
  +4.52735374598876028074e-02-j4.47004910897416674054e-02
  +4.19301079333339599131e-02-j4.40835795568061683536e-02
  +3.85866784067803170188e-02-j4.34666680238706693018e-02
  +3.52432488802266186134e-02-j4.28497564909351980056e-02
  +3.22501406938973667060e-02-j4.13319829037979702413e-02
  +2.93621215115408840113e-02-j3.95439697248269605989e-02
  +2.64741023291844013166e-02-j3.77559565458559787121e-02
  +2.35860831468279186218e-02-j3.59679433668849690697e-02
  +2.06980639644713804159e-02-j3.41799301879139733051e-02
  +1.83761508651922311763e-02-j3.17859883000668197450e-02
  +1.63372735646727385017e-02-j2.90891005135006514015e-02
  +1.42983962641531903159e-02-j2.63922127269344830580e-02
  +1.22595189636336976413e-02-j2.36953249403683147145e-02
  +1.02206416631141494555e-02-j2.09984371538021463710e-02
  +8.80991123685354038386e-03-j1.80070665006946822873e-02
  +7.88453825403206964850e-03-j1.47881543965376616168e-02
  +6.95916527121059891314e-03-j1.15692422923806548241e-02
  +6.03379228838912817778e-03-j8.35033018822363415357e-03
  +5.10841930556765744242e-03-j5.13141808406661348307e-03
  +4.74277248497201320276e-03-j1.88100707833756264353e-03
  +5.03009847828334022424e-03+j1.40615033622947666059e-03
  +5.31742447159466724571e-03+j4.69330775079651596471e-03
  +5.60475046490599426718e-03+j7.98046516536355526883e-03
  +5.89207645821726577751e-03+j1.12676225799305876341e-02
  +6.58680216645601834813e-03+j1.44161631206853237813e-02
  +8.00897469287620289435e-03+j1.73171914514253927342e-02
  +9.43114721929638744058e-03+j2.02182197821654356662e-02
  +1.08533197457166274980e-02+j2.31192481129055063538e-02
  +1.22754922721368120442e-02+j2.60202764436455770414e-02
  +1.39267175928727282574e-02+j2.87224417588559238768e-02
  +1.62421343468138745791e-02+j3.08479578710267217379e-02
  +1.85575511007549098785e-02+j3.29734739831974849045e-02
  +2.08729678546960006891e-02+j3.50989900953682446016e-02
  +2.31883846086370914996e-02+j3.72245062075389973599e-02
  +2.55844457761535415408e-02+j3.91893733696354815144e-02
  +2.84239873606769721803e-02+j4.02707985149576078165e-02
  +3.12635289452004028199e-02+j4.13522236602797341187e-02
  +3.41030705297237779483e-02+j4.24336488056018673598e-02
  +3.69426121142472085879e-02+j4.35150739509239797842e-02
  +3.97863254731358195748e-02+j4.45373336822605658814e-02
  +4.27071852838815102515e-02+j4.44654782093563405443e-02
  +4.56280450946271454171e-02+j4.43936227364521152072e-02
  +4.85489049053728360938e-02+j4.43217672635478898702e-02
  +5.14697647161185267706e-02+j4.42499117906436645331e-02
  +5.43906245268642174473e-02+j4.41780563177394253183e-02
  +5.69594781850745746077e-02+j4.30753086266785489844e-02
  +5.95092967456467003551e-02+j4.19168143701506845655e-02
  +6.20591153062188261025e-02+j4.07583201136227646355e-02
  +6.46089338667910073610e-02+j3.95998258570948724611e-02
  +6.71587524273631331084e-02+j3.84413316005669525310e-02
  +6.90593492072535397597e-02+j3.65621530615030387867e-02
  +7.08418886665144742487e-02+j3.45519221487392558245e-02
  +7.26244281257754087378e-02+j3.25416912359755006179e-02
  +7.44069675850363709824e-02+j3.05314603232117176557e-02
  +7.61895070442973332270e-02+j2.85212294104479346935e-02
  +7.71928013790060540966e-02+j2.61546595719030217086e-02
  +7.79273655490176075933e-02+j2.36652028326948538073e-02
  +7.86619297190291333344e-02+j2.11757460934866859059e-02
  +7.93964938890407145866e-02+j1.86862893542785180045e-02
  +8.01310580590522680833e-02+j1.61968326150703223476e-02
  +8.01171628874356167582e-02+j1.36949195388000044549e-02
  +7.96841001357388722948e-02+j1.11860304086913719956e-02
  +7.92510373840421833425e-02+j8.67714127858273953642e-03
  +7.88179746323454666346e-02+j6.16825214847410707719e-03
  +7.83849118806486944155e-02+j3.65936301836544686239e-03
  +7.73593063481970155681e-02+j1.39965883096287990739e-03
  +7.58257750804575691994e-02-j6.46444837865578492142e-04
  +7.42922438127181367085e-02-j2.69254850669403689167e-03
  +7.27587125449787042175e-02-j4.73865217552249529120e-03
  +7.12251812772392578488e-02-j6.78475584435095369074e-03
  +6.93232321058444567186e-02-j8.44083430267733580976e-03
  +6.69444785550579180011e-02-j9.59214432658328508552e-03
  +6.45657250042713931615e-02-j1.07434543504892343613e-02
  +6.21869714534848266885e-02-j1.18947643743951836370e-02
  +5.98082179026982949099e-02-j1.30460743983011329128e-02
  +5.72867627817708752191e-02-j1.37958540349061853370e-02
  +5.44798871335622283962e-02-j1.37425239737712368004e-02
  +5.16730114853535815733e-02-j1.36891939126363160195e-02
  +4.88661358371449416893e-02-j1.36358638515013674830e-02
  +4.60592601889362879275e-02-j1.35825337903664189465e-02
  +4.32746567562604517176e-02-j1.32219438883534323725e-02
  +4.05642992684528969072e-02-j1.18370824147738806786e-02
  +3.78539417806453559745e-02-j1.04522209411943012292e-02
  +3.51435842928378081029e-02-j9.06735946761474953526e-03
  +3.24332268050302602314e-02-j7.68249799403517008578e-03
  +2.98061937983244186479e-02-j6.13896742472998246942e-03
  +2.77458253376400565404e-02-j3.51637641714552806604e-03
  +2.56854568769556944330e-02-j8.93785409561059784878e-04
  +2.36250884162713253867e-02+j1.72880559802340849629e-03
  +2.15647199555869632792e-02+j4.35139660560786289967e-03
  +1.95335430577822134757e-02+j6.99756499860915148759e-03
  +1.86121080958649154358e-02+j1.05400476260874009782e-02
  +1.76906731339476208653e-02+j1.40825302535656504688e-02
  +1.67692381720303193560e-02+j1.76250128810438999594e-02
  +1.58478032101130247855e-02+j2.11674955085221529194e-02
  +1.49263682481957267456e-02+j2.47099781360003989406e-02
  +1.53631563561221814312e-02+j2.86364139485225863146e-02
  +1.59131446593194676720e-02+j3.25948500829998585870e-02
  +1.64631329625167521780e-02+j3.65532862174771377983e-02
  +1.70131212657140332145e-02+j4.05117223519544100707e-02
  +1.75631095689113177205e-02+j4.44701584864316892820e-02
  +1.94070041949101837475e-02+j4.82672229600769678304e-02
  +2.15339568400374249679e-02+j5.20289853860750328707e-02
  +2.36609094851646731272e-02+j5.57907478120731187277e-02
  +2.57878621302919212865e-02+j5.95525102380711837680e-02
  +2.79148147754191625070e-02+j6.33142726640692626860e-02
  +3.10645381494405806166e-02+j6.64917231144895731765e-02
  +3.46160787737422800947e-02+j6.94396141683612938555e-02
  +3.81676193980439656950e-02+j7.23875052222330145346e-02
  +4.17191600223456721119e-02+j7.53353962761047490915e-02
  +4.52707006466473715900e-02+j7.82832873299764420150e-02
  +4.94576186681210741569e-02+j8.04150116295851702386e-02
  +5.40416580458503645334e-02+j8.20366182419323408670e-02
  +5.86256974235797381767e-02+j8.36582248542795253732e-02
  +6.32097368013088550809e-02+j8.52798314666265988571e-02
  +6.77937761790383397464e-02+j8.69014380789738388744e-02
  +7.26163076563521164841e-02+j8.76803515678051259563e-02
  +7.76654113500982179463e-02+j8.76586899050929291288e-02
  +8.27145150438441389973e-02+j8.76370282423807323013e-02
  +8.77636187375900461705e-02+j8.76153665796684938405e-02
  +9.28127224313359533436e-02+j8.75937049169562970130e-02
  +9.77872950073014751693e-02+j8.68699252145474359876e-02
  +1.02654727256936390001e-01+j8.51368334538200599582e-02
  +1.07522159506571318710e-01+j8.34037416930926700509e-02
  +1.12389591756206261297e-01+j8.16706499323653356548e-02
  +1.17257024005841190006e-01+j7.99375581716379179920e-02
  +1.21878080013225850720e-01+j7.77358161991774376798e-02
  +1.25944781345677464524e-01+j7.44795957858989388090e-02
  +1.30011482678129064450e-01+j7.12233753726204676937e-02
  +1.34078184010580692131e-01+j6.79671549593419688229e-02
  +1.38144885343032264302e-01+j6.47109345460634699521e-02
  +1.41946097859567077482e-01+j6.12261632408270806138e-02
  +1.44718528073610380735e-01+j5.68557459167443324244e-02
  +1.47490958287653656233e-01+j5.24853285926616397461e-02
  +1.50263388501696959487e-01+j4.81149112685789470678e-02
  +1.53035818715740234985e-01+j4.37444939444962543895e-02
  +1.55645229446149890862e-01+j3.93172221106867225693e-02
  +1.56828203556919898443e-01+j3.43924676885493940670e-02
  +1.58011177667689933779e-01+j2.94677132664120378092e-02
  +1.59194151778459969115e-01+j2.45429588442747093069e-02
  +1.60377125889229976696e-01+j1.96182044221373530490e-02
  +1.61560099999999984277e-01+j1.46934499999999967912e-02
</dep>
<dep S[2,1] frequency>
  +9.73728499999999996817e-01-j1.53228499999999989711e-01
  +9.64016439726489537954e-01-j1.89726040111794141962e-01
  +9.54304379452979301135e-01-j2.26223580223588321969e-01
  +9.44592319179468842272e-01-j2.62721120335382474220e-01
  +9.34880258905958494431e-01-j2.99218660447176598716e-01
  +9.25168198632448035568e-01-j3.35716200558970834233e-01
  +9.09205001038756566167e-01-j3.69744806162297545704e-01
  +8.92527395833799030989e-01-j4.03491251014032381583e-01
  +8.75849790628841495810e-01-j4.37237695865767272974e-01
  +8.59172185423884071653e-01-j4.70984140717502108853e-01
  +8.42494580218926647497e-01-j5.04730585569237000243e-01
  +8.20889315421329479605e-01-j5.35242325996433399027e-01
  +7.98012381104326151693e-01-j5.64919293862002791506e-01
  +7.75135446787322823781e-01-j5.94596261727572072964e-01
  +7.52258512470319495868e-01-j6.24273229593141354421e-01
  +7.29381578153316278978e-01-j6.53950197458710524856e-01
  +7.02906239933058119007e-01-j6.80053861894680533595e-01
  +6.74831604052786748760e-01-j7.04569384485788097194e-01
  +6.46756968172515489535e-01-j7.29084907076895549771e-01
  +6.18682332292244341332e-01-j7.53600429668003224393e-01
  +5.90607696411973082107e-01-j7.78115952259110676970e-01
  +5.60153854098403014561e-01-j7.99093969483543165033e-01
  +5.28044912369678209885e-01-j8.17611114468582478310e-01
  +4.95935970640953627253e-01-j8.36128259453621902608e-01
  +4.63827028912228933599e-01-j8.54645404438661326907e-01
  +4.31718087183504295457e-01-j8.73162549423700529161e-01
  +3.98257377134932311069e-01-j8.88475632345182564364e-01
  +3.63373759589383837909e-01-j9.00416033821127892445e-01
  +3.28490142043835364749e-01-j9.12356435297073442570e-01
  +2.93606524498286891589e-01-j9.24296836773018659628e-01
  +2.58722906952738418429e-01-j9.36237238248963876686e-01
  +2.23274047448280277273e-01-j9.45521223623227657917e-01
  +1.86920793647339378296e-01-j9.50554909575133444299e-01
  +1.50567539846398423808e-01-j9.55588595527039341704e-01
  +1.14214286045457483199e-01-j9.60622281478945350131e-01
  +7.78610322445165425886e-02-j9.65655967430851358557e-01
  +4.14638472981939398831e-02-j9.68714715718115293441e-01
  +4.95483715812772285148e-03-j9.66746329268481030539e-01
  -3.15541729819384664246e-02-j9.64777942818846767636e-01
  -6.80631831220046695785e-02-j9.62809556369212504734e-01
  -1.04572193262070692321e-01-j9.60841169919578463876e-01
  -1.40876708513652249000e-01-j9.57639094361993237214e-01
  -1.76246442867643765551e-01-j9.48797616175700242458e-01
  -2.11616177221635309857e-01-j9.39956137989407580768e-01
  -2.46985911575627159475e-01-j9.31114659803114474990e-01
  -2.82355645929618703782e-01-j9.22273181616821702278e-01
  -3.17541604089301432445e-01-j9.12929713531518860492e-01
  -3.50522538960807983344e-01-j8.97563161651769414462e-01
  -3.83503473832314534242e-01-j8.82196609772019746387e-01
  -4.16484408703821085140e-01-j8.66830057892270189335e-01
  -4.49465343575327636039e-01-j8.51463506012520632282e-01
  -4.82446278446834186937e-01-j8.36096954132770964208e-01
  -5.11956018728258910322e-01-j8.14921914869869867815e-01
  -5.41374449857648598616e-01-j7.93594084386598175307e-01
  -5.70792880987038175888e-01-j7.72266253903326482799e-01
  -6.00211312116427753161e-01-j7.50938423420054679269e-01
  -6.29629743245817219410e-01-j7.29610592936783097784e-01
  -6.55017480391999029621e-01-j7.03759591547345353391e-01
  -6.79812529170806034706e-01-j6.77243486135895134126e-01
  -7.04607577949612928769e-01-j6.50727380724445025884e-01
  -7.29402626728420044877e-01-j6.24211275312994917641e-01
  -7.54197675507226938940e-01-j5.97695169901544920421e-01
  -7.74739212110180375248e-01-j5.67931533685460121497e-01
  -7.94004784886150893897e-01-j5.37193706809419135872e-01
  -8.13270357662121523568e-01-j5.06455879933378039226e-01
  -8.32535930438092153238e-01-j4.75718053057337109113e-01
  -8.51801503214063004954e-01-j4.44980226181296067978e-01
  -8.66907852996811278956e-01-j4.12182177151038942053e-01
  -8.79934717966912804954e-01-j3.78354079795084285998e-01
  -8.92961582937014330952e-01-j3.44525982439129685453e-01
  -9.05988447907116078994e-01-j3.10697885083174973886e-01
  -9.19015312877217827037e-01-j2.76869787727220373341e-01
  -9.28254143499859241118e-01-j2.42006080280567414942e-01
  -9.34566030215135068460e-01-j2.06342176117797537760e-01
  -9.40877916930411006824e-01-j1.70678271955027660578e-01
  -9.47189803645686723144e-01-j1.35014367792257755641e-01
  -9.53501690360962550486e-01-j9.93504636294878784586e-02
  -9.56613131428954988067e-01-j6.34506012824217480173e-02
  -9.55990953915045293954e-01-j2.72754716886870474113e-02
  -9.55368776401135599841e-01+j8.89965790504766013358e-03
  -9.54746598887226016750e-01+j4.50747874987823676785e-02
  -9.54124421373316211614e-01+j8.12499170925170960400e-02
  -9.51029728600852664044e-01+j1.17128790061908738540e-01
  -9.43520149681350783766e-01+j1.52478671648029640018e-01
  -9.36010570761849014509e-01+j1.87828553234150180673e-01
  -9.28500991842347023209e-01+j2.23178434820271082151e-01
  -9.20991412922845364974e-01+j2.58528316406392011384e-01
  -9.11793817627403857529e-01+j2.93335557404939439863e-01
  -8.97701429324270216981e-01+j3.26569286800399150028e-01
  -8.83609041021137131544e-01+j3.59803016195858249571e-01
  -8.69516652718003824063e-01+j3.93036745591317349113e-01
  -8.55424264414870516582e-01+j4.26270474986776337634e-01
  -8.40402106374295576607e-01+j4.58994742214630935262e-01
  -8.20266951008798650413e-01+j4.88917370934355166590e-01
  -8.00131795643301946264e-01+j5.18839999654079453428e-01
  -7.79996640277805131092e-01+j5.48762628373803629245e-01
  -7.59861484912308426942e-01+j5.78685257093527916084e-01
  -7.39454474222903668235e-01+j6.08383654185978173246e-01
  -7.14020184533742274802e-01+j6.33935452511586783331e-01
  -6.88585894844580770346e-01+j6.59487250837195615460e-01
  -6.63151605155419265891e-01+j6.85039049162804225546e-01
  -6.37717315466257761436e-01+j7.10590847488413057675e-01
  -6.12283025777096256981e-01+j7.36142645814021778783e-01
  -5.82685163182056764519e-01+j7.56696895563966021037e-01
  -5.52862151065577012155e-01+j7.76980897693507976953e-01
  -5.23039138949097259790e-01+j7.97264899823050043892e-01
  -4.93216126832617451914e-01+j8.17548901952592221853e-01
  -4.63393114716137644038e-01+j8.37832904082134177770e-01
  -4.30739908939377025288e-01+j8.53050787757329231908e-01
  -3.97572048401581668031e-01+j8.67347426353402450871e-01
  -3.64404187863786310775e-01+j8.81644064949475780857e-01
  -3.31236327325991009030e-01+j8.95940703545548999820e-01
  -2.98068466788195651773e-01+j9.10237342141622329805e-01
  -2.63266793558075473669e-01+j9.19686446413521152543e-01
  -2.27901684330656023603e-01+j9.27463831920340653348e-01
  -1.92536575103236545781e-01+j9.35241217427160265174e-01
  -1.57171465875817095714e-01+j9.43018602933979765979e-01
  -1.21806356648397604014e-01+j9.50795988440799266783e-01
  -8.58201466040193483575e-02+j9.54178914409488987403e-01
  -4.94860949175499748032e-02+j9.55100764848878180935e-01
  -1.31520432310806012488e-02+j9.56022615288267152422e-01
  +2.31820084553887584278e-02+j9.56944465727656123910e-01
  +5.95160601418581181044e-02+j9.57866316167045206420e-01
  +9.56778344793049462247e-02+j9.55027744776512754754e-01
  +1.31691933236156188958e-01+j9.48965752082084890162e-01
  +1.67706031993007431691e-01+j9.42903759387657136593e-01
  +2.03720130749858646668e-01+j9.36841766693229383023e-01
  +2.39734229506709917157e-01+j9.30779773998801518431e-01
  +2.75030635186734095932e-01+j9.21716518259515060763e-01
  +3.09398206522132235285e-01+j9.08769044762902211687e-01
  +3.43765777857530319128e-01+j8.95821571266289362612e-01
  +3.78133349192928402971e-01+j8.82874097769676402514e-01
  +4.12500920528326486814e-01+j8.69926624273063442416e-01
  +4.45875926445460812886e-01+j8.54800308169787914636e-01
  +4.77265680590226615276e-01+j8.35316041379336571282e-01
  +5.08655434734992306645e-01+j8.15831774588885227928e-01
  +5.40045188879757942502e-01+j7.96347507798433884574e-01
  +5.71434943024523800403e-01+j7.76863241007982652242e-01
  +6.01840530163120224216e-01+j7.56013924241838775053e-01
  +6.28965329668642936234e-01+j7.30614120565743041524e-01
  +6.56090129174165426207e-01+j7.05214316889647307995e-01
  +6.83214928679688138224e-01+j6.79814513213551796511e-01
  +7.10339728185210739220e-01+j6.54414709537456062982e-01
  +7.36767019522401533926e-01+j6.28372483234368450766e-01
  +7.58450769173787286981e-01+j5.97961335319468934024e-01
  +7.80134518825172929013e-01+j5.67550187404569528304e-01
  +8.01818268476558460023e-01+j5.37139039489670122585e-01
  +8.23502018127944324100e-01+j5.06727891574770716865e-01
  +8.45021060292428294325e-01+j4.76218391136875529579e-01
  +8.60278608129831590112e-01+j4.41969936408701524755e-01
  +8.75536155967235107944e-01+j4.07721481680527519931e-01
  +8.90793703804638514754e-01+j3.73473026952353515107e-01
  +9.06051251642041699519e-01+j3.39224572224179454771e-01
  +9.21308799479445106329e-01+j3.04976117496005449947e-01
  +9.29975844042075894258e-01+j2.68476581646431067263e-01
  +9.38093607507807458745e-01+j2.31789430943177054978e-01
  +9.46211370973539023232e-01+j1.95102280239923042693e-01
  +9.54329134439270587720e-01+j1.58415129536669030408e-01
  +9.62446897905002374252e-01+j1.21727978833415032001e-01
  +9.64396779016899796666e-01+j8.43079598436372312786e-02
  +9.64997359541477361944e-01+j4.67276168475463243857e-02
  +9.65597940066054927222e-01+j9.14727385145542096212e-03
  +9.66198520590632381477e-01-j2.84330691446354928698e-02
  +9.66799101115209946755e-01-j6.60134121407264101711e-02
  +9.61996481125308111615e-01-j1.03092005756903054570e-01
  +9.55071098807442231404e-01-j1.39973476449562955759e-01
  +9.48145716489576351194e-01-j1.76854947142222884704e-01
  +9.41220334171710248938e-01-j2.13736417834882758138e-01
  +9.34294951853844368728e-01-j2.50617888527542687083e-01
  +9.22955120993371291860e-01-j2.86125327061413525787e-01
  +9.08856186960258938257e-01-j3.20773972826033093586e-01
  +8.94757252927146362609e-01-j3.55422618590653272008e-01
  +8.80658318894034453095e-01-j3.90071264355271396518e-01
  +8.66559384860921655402e-01-j4.24719910119892296585e-01
  +8.49125378481075276937e-01-j4.57512664801181856422e-01
  +8.28522987341831496089e-01-j4.88542286209135701025e-01
  +8.07920596202588603418e-01-j5.19571907617088490916e-01
  +7.87318205063345488703e-01-j5.50601529025041114274e-01
  +7.66715813924102596033e-01-j5.81631150432993737631e-01
  +7.43823620440659527553e-01-j6.10692976343325644173e-01
  +7.17639779418626555518e-01-j6.36926047526159333501e-01
  +6.91455938396593583484e-01-j6.63159118708993133851e-01
  +6.65272097374560722471e-01-j6.89392189891826823178e-01
  +6.39088256352527750437e-01-j7.15625261074660401484e-01
  +6.11526823006121045267e-01-j7.40093632226697328846e-01
  +5.80865761472379671382e-01-j7.60591370078250839093e-01
  +5.50204699938638186474e-01-j7.81089107929804460362e-01
  +5.19543638404896812588e-01-j8.01586845781357859586e-01
  +4.88882576871155383191e-01-j8.22084583632911480855e-01
  +4.57554671720638572729e-01-j8.41263604956240751420e-01
  +4.23642714548574716993e-01-j8.55332534460616633609e-01
  +3.89730757376510916767e-01-j8.69401463964992515798e-01
  +3.55818800204447005520e-01-j8.83470393469368509010e-01
  +3.21906843032383149783e-01-j8.97539322973744502221e-01
  +2.87795223525167953582e-01-j9.10902542916367075065e-01
  +2.51936538820134336980e-01-j9.18090734333093516639e-01
  +2.16077854115100748134e-01-j9.25278925749820069235e-01
  +1.80219169410067159287e-01-j9.32467117166546732854e-01
  +1.44360484705033570441e-01-j9.39655308583273396472e-01
  +1.08501800000000009350e-01-j9.46843499999999949068e-01
</dep>
<dep S[1,4] frequency>
  -7.51838600000000537027e-04-j3.26649300000000008745e-03
  -1.31126557145520156178e-03-j3.90191111460178952433e-03
  -1.87069254291040258653e-03-j4.53732922920357852753e-03
  -2.43011951436560708073e-03-j5.17274734380536796441e-03
  -2.98954648582080637076e-03-j5.80816545840715653393e-03
  -3.54897345727600913023e-03-j6.44358357300894510344e-03
  -4.36901450393603271727e-03-j6.76689163419164768642e-03
  -5.21883967937023310335e-03-j7.05453037852933617646e-03
  -6.06866485480444042833e-03-j7.34216912286702466650e-03
  -6.91849003023863734496e-03-j7.62980786720471315654e-03
  -7.76831520567284466994e-03-j7.91744661154240164658e-03
  -8.69480732647742032837e-03-j7.85725168946091456768e-03
  -9.64108470552490701144e-03-j7.70729215131923939275e-03
  -1.05873620845723798167e-02-j7.55733261317756421782e-03
  -1.15336394636198630304e-02-j7.40737307503588904289e-03
  -1.24799168426673427745e-02-j7.25741353689421386797e-03
  -1.33494071240643392973e-02-j6.81266196077914831797e-03
  -1.41847696563555392135e-02-j6.23689112468192585759e-03
  -1.50201321886467287214e-02-j5.66112028858471727499e-03
  -1.58554947209379216988e-02-j5.08534945248749481461e-03
  -1.66908572532291146762e-02-j4.50957861639028623202e-03
  -1.73598580639021810024e-02-j3.74395107586206199457e-03
  -1.79131290310859773995e-02-j2.84624936300939546108e-03
  -1.84663999982697772662e-02-j1.94854765015672892758e-03
  -1.90196709654535771328e-02-j1.05084593730403463852e-03
  -1.95729419326373769994e-02-j1.53144224451368105022e-04
  -1.99409537663788397066e-02+j8.21092120193600560896e-04
  -2.01139568800696375006e-02+j1.87589086577422126112e-03
  -2.02869599937604422335e-02+j2.93068961135481420577e-03
  -2.04599631074512469664e-02+j3.98548835693540715042e-03
  -2.06329662211420516993e-02+j5.04028710251602785064e-03
  -2.06564163172732045970e-02+j6.08517209165745920352e-03
  -2.04405796903103439965e-02+j7.11419494487819381590e-03
  -2.02247430633474764572e-02+j8.14321779809892842827e-03
  -2.00089064363846158567e-02+j9.17224065131969079623e-03
  -1.97930698094217483174e-02+j1.02012635045404254086e-02
  -1.94889186651815426998e-02+j1.11786955528650755465e-02
  -1.89599660066830377758e-02+j1.20248050121070926277e-02
  -1.84310133481845328518e-02+j1.28709144713491097090e-02
  -1.79020606896860279278e-02+j1.37170239305911267902e-02
  -1.73731080311875230038e-02+j1.45631333898331161159e-02
  -1.68123455485120615327e-02+j1.53591417291066012485e-02
  -1.61061749521343167135e-02+j1.59261293322555397278e-02
  -1.54000043557565580166e-02+j1.64931169354044782072e-02
  -1.46938337593787993196e-02+j1.70601045385534444421e-02
  -1.39876631630010406226e-02+j1.76270921417023829214e-02
  -1.32801037589617421109e-02+j1.81714168788910668262e-02
  -1.25558808624174345070e-02+j1.84438231153886966762e-02
  -1.18316579658731269031e-02+j1.87162293518863542818e-02
  -1.11074350693288192993e-02+j1.89886355883839841319e-02
  -1.03832121727845116954e-02+j1.92610418248816139819e-02
  -9.65898927624020409155e-03+j1.95334480613792438319e-02
  -9.05436399383890977433e-03+j1.95830553888731995205e-02
  -8.45288470525890067719e-03+j1.96268020309669222190e-02
  -7.85140541667886382449e-03+j1.96705486730606171619e-02
  -7.24992612809885472736e-03+j1.97142953151543398604e-02
  -6.64844683951881787465e-03+j1.97580419572480625590e-02
  -6.22800100167336667667e-03+j1.97144176847937890873e-02
  -5.83417500170269054394e-03+j1.96579460652287485445e-02
  -5.44034900173206992235e-03+j1.96014744456637357573e-02
  -5.04652300176139378962e-03+j1.95450028260987229700e-02
  -4.65269700179077316804e-03+j1.94885312065337101828e-02
  -4.42190468853947971084e-03+j1.94750733598164915694e-02
  -4.24001903835463656023e-03+j1.94745187365877314711e-02
  -4.05813338816979340962e-03+j1.94739641133589436173e-02
  -3.87624773798495025900e-03+j1.94734094901301835190e-02
  -3.69436208780010710839e-03+j1.94728548669014234207e-02
  -3.59923551350788129000e-03+j1.96032318737762167871e-02
  -3.54748583460501309972e-03+j1.97990707077131677938e-02
  -3.49573615570214490944e-03+j1.99949095416501188005e-02
  -3.44398647679927671916e-03+j2.01907483755870698072e-02
  -3.39223679789640852889e-03+j2.03865872095240208139e-02
  -3.32832500320506818881e-03+j2.07400761800138055957e-02
  -3.25501576713849161138e-03+j2.12153784880695639448e-02
  -3.18170653107185952280e-03+j2.16906807961253084160e-02
  -3.10839729500528294537e-03+j2.21659831041810528873e-02
  -3.03508805893870636794e-03+j2.26412854122367973586e-02
  -2.86565871615124256877e-03+j2.32437272248228674054e-02
  -2.58409629688044484297e-03+j2.39944891368335522230e-02
  -2.30253387760970262832e-03+j2.47452510488442370407e-02
  -2.02097145833890490252e-03+j2.54960129608549149194e-02
  -1.73940903906816268787e-03+j2.62467748728656101453e-02
  -1.31986216742580042549e-03+j2.70602076460341386954e-02
  -6.53932328004147578326e-04+j2.79855445685467489614e-02
  +1.19975114174497576869e-05+j2.89108814910593557579e-02
  +6.77927350839102604851e-04+j2.98362184135719694933e-02
  +1.34385719026075545202e-03+j3.07615553360845832287e-02
  +2.13915417803373086869e-03+j3.16842202142880585702e-02
  +3.30958106513756789013e-03+j3.25991368834178188441e-02
  +4.48000795224140491158e-03+j3.35140535525475721790e-02
  +5.65043483934524193302e-03+j3.44289702216773185750e-02
  +6.82086172644907895446e-03+j3.53438868908070649710e-02
  +8.07344442763885394854e-03+j3.62207583144145348064e-02
  +9.77781905185232114164e-03+j3.68884110134842582718e-02
  +1.14821936760657883347e-02+j3.75560637125539886760e-02
  +1.31865683002792000167e-02+j3.82237164116236982636e-02
  +1.48909429244926672098e-02+j3.88913691106934356068e-02
  +1.66187132423751271482e-02+j3.95337998446783356332e-02
  +1.87791279454250781278e-02+j3.97098139068070010715e-02
  +2.09395426484750291074e-02+j3.98858279689356665099e-02
  +2.30999573515249800870e-02+j4.00618420310643319482e-02
  +2.52603720545749310666e-02+j4.02378560931929973865e-02
  +2.74207867576248820463e-02+j4.04138701553216628248e-02
  +2.98420066091543145781e-02+j3.99290141189763692076e-02
  +3.22773297694756156062e-02+j3.94084208469037133860e-02
  +3.47126529297969166343e-02+j3.88878275748310575644e-02
  +3.71479760901182176625e-02+j3.83672343027583739872e-02
  +3.95832992504395186906e-02+j3.78466410306856904100e-02
  +4.20301157765887167805e-02+j3.66310448722068915384e-02
  +4.44790223065162915184e-02+j3.52890663571276685939e-02
  +4.69279288364439217673e-02+j3.39470878420484734050e-02
  +4.93768353663714965052e-02+j3.26051093269693059717e-02
  +5.18257418962990712430e-02+j3.12631308118900830273e-02
  +5.40588483440187228535e-02+j2.92980867019307922305e-02
  +5.62175340609487039778e-02+j2.71181724379548627635e-02
  +5.83762197778787406133e-02+j2.49382581739789055408e-02
  +6.05349054948087217376e-02+j2.27583439100029760738e-02
  +6.26935912117387583731e-02+j2.05784296460270466067e-02
  +6.44737866893360656029e-02+j1.79272603239217231952e-02
  +6.60420122857640345959e-02+j1.50121690606634383691e-02
  +6.76102378821919758334e-02+j1.20970777974051535431e-02
  +6.91784634786199170708e-02+j9.18198653414686871699e-03
  +7.07466890750478860639e-02+j6.26689527088855613535e-03
  +7.18629981916686921828e-02+j3.07126622936484960924e-03
  +7.25919259786204085216e-02-j3.64838878916251552198e-04
  +7.33208537655721664938e-02-j3.80094398719738046921e-03
  +7.40497815525238828327e-02-j7.23704909547848163065e-03
  +7.47787093394756130493e-02-j1.06731542037596105477e-02
  +7.50741976656521398104e-02-j1.42062395504956029413e-02
  +7.48087310788119741467e-02-j1.78648361765449403826e-02
  +7.45432644919718084831e-02-j2.15234328025943055795e-02
  +7.42777979051316289416e-02-j2.51820294286436707765e-02
  +7.40123313182914771557e-02-j2.88406260546930082178e-02
  +7.34046467011184589069e-02-j3.24603849536849176083e-02
  +7.21124843268590998147e-02-j3.60024636665078612285e-02
  +7.08203219525997407224e-02-j3.95445423793308326044e-02
  +6.95281595783403677524e-02-j4.30866210921537762246e-02
  +6.82359972040810086602e-02-j4.66286998049767476004e-02
  +6.67296848251041213596e-02-j5.00689483329934126310e-02
  +6.45094888443647068721e-02-j5.31697390160590921404e-02
  +6.22892928636252854457e-02-j5.62705296991247716498e-02
  +6.00690968828858917750e-02-j5.93713203821904511592e-02
  +5.78489009021464772875e-02-j6.24721110652561306686e-02
  +5.55368937597139830653e-02-j6.54836169945632040612e-02
  +5.26005067282905164339e-02-j6.78879243696603046354e-02
  +4.96641196968670567413e-02-j7.02922317447573774540e-02
  +4.67277326654435970488e-02-j7.26965391198544502727e-02
  +4.37913456340201304173e-02-j7.51008464949515647247e-02
  +4.08438253849168347864e-02-j7.74836330615505941566e-02
  +3.74730664558008130793e-02-j7.90482879034809932106e-02
  +3.41023075266847983111e-02-j8.06129427454113645091e-02
  +3.07315485975687870124e-02-j8.21775975873417219297e-02
  +2.73607896684527687747e-02-j8.37422524292721071060e-02
  +2.39900307393367540065e-02-j8.53069072712024922822e-02
  +2.04875976026701080157e-02-j8.60831518666377165649e-02
  +1.69741901670552169934e-02-j8.67936869362680024631e-02
  +1.34607827314403259711e-02-j8.75042220058982606057e-02
  +9.94737529582543668349e-03-j8.82147570755285326261e-02
  +6.43396786021054826327e-03-j8.89252921451588046464e-02
  +3.00075998849277719369e-03-j8.90156701687011414625e-02
  -4.14903236219540776097e-04-j8.89703811644836084493e-02
  -3.83056646093185874588e-03-j8.89250921602660754361e-02
  -7.24622968564417498094e-03-j8.88798031560485424230e-02
  -1.06618929103564942518e-02-j8.88345141518310232875e-02
  -1.39033715564874389009e-02-j8.83656526783530432700e-02
  -1.70764180834449379176e-02-j8.77303817446858091866e-02
  -2.02494646104024386690e-02-j8.70951108110185889810e-02
  -2.34225111373599428899e-02-j8.64598398773513687754e-02
  -2.65955576643174332330e-02-j8.58245689436841208142e-02
  -2.95973689099839412653e-02-j8.49324064954995322507e-02
  -3.24921552796511303729e-02-j8.38796826123162087008e-02
  -3.53869416493183958083e-02-j8.28269587291328851508e-02
  -3.82817280189854808325e-02-j8.17742348459495893565e-02
  -4.11765143886527879014e-02-j8.07215109627662380509e-02
  -4.39560275333232067241e-02-j7.95170649709880106304e-02
  -4.66260288319903654086e-02-j7.81684799721484302459e-02
  -4.92960301306574477653e-02-j7.68198949733089331282e-02
  -5.19660314293245023665e-02-j7.54713099744694082549e-02
  -5.46360327279915708454e-02-j7.41227249756298972594e-02
  -5.72533109331144970944e-02-j7.26663846669470814277e-02
  -5.97947983864587709335e-02-j7.10551434335997267322e-02
  -6.23362858398030378337e-02-j6.94439022002523720367e-02
  -6.48777732931473255507e-02-j6.78326609669050173412e-02
  -6.74192607464915993898e-02-j6.62214197335576765235e-02
  -6.99461987968503645652e-02-j6.45099668339076670609e-02
  -7.24404002103936628387e-02-j6.25730343783138243108e-02
  -7.49346016239369749901e-02-j6.06361019227199815607e-02
  -7.74288030374802871414e-02-j5.86991694671261388105e-02
  -7.99230044510236131705e-02-j5.67622370115322960604e-02
  -8.24101164878635189526e-02-j5.47303937414198304889e-02
  -8.48697568390771595048e-02-j5.23307663672778478059e-02
  -8.73293971902908139349e-02-j4.99311389931358651229e-02
  -8.97890375415044683649e-02-j4.75315116189938824398e-02
  -9.22486778927181089172e-02-j4.51318842448518997568e-02
  -9.46953631969431608439e-02-j4.26678758026996229891e-02
  -9.70286905575545172153e-02-j3.96405266421596957915e-02
  -9.93620179181658874645e-02-j3.66131774816197685940e-02
  -1.01695345278777271592e-01-j3.35858283210798413965e-02
  -1.04028672639388627963e-01-j3.05584791605399419545e-02
  -1.06361999999999998212e-01-j2.75311299999999870014e-02
</dep>
<dep S[1,3] frequency>
  +2.53844300000000046985e-03+j1.57151300000000007651e-02
  +4.50433678311236082581e-03+j1.91841277933858696259e-02
  +6.47023056622472118177e-03+j2.26531255867717384866e-02
  +8.43612434933708153773e-03+j2.61221233801576038780e-02
  +1.04020181324494410263e-02+j2.95911211735434796777e-02
  +1.23679119155618005149e-02+j3.30601189669293415996e-02
  +1.54858383916203160707e-02+j3.57437806701571408885e-02
  +1.87354242573407464567e-02+j3.83376906927748589693e-02
  +2.19850101230611785774e-02+j4.09316007153925562334e-02
  +2.52345959887816141676e-02+j4.35255107380102604364e-02
  +2.84841818545020532272e-02+j4.61194207606279785172e-02
  +3.24780282261555724999e-02+j4.77302545701780434051e-02
  +3.66639441558010079070e-02+j4.90873882139782474754e-02
  +4.08498600854464502530e-02+j5.04445218577784931790e-02
  +4.50357760150918995379e-02+j5.18016555015787111271e-02
  +4.92216919447373349450e-02+j5.31587891453789290752e-02
  +5.37577879743067893470e-02+j5.35013996339292335902e-02
  +5.84495202885870965281e-02+j5.33931089585627655092e-02
  +6.31412526028673898315e-02+j5.32848182831962696726e-02
  +6.78329849171477039516e-02+j5.31765276078298154694e-02
  +7.25247172314280180716e-02+j5.30682369324633473884e-02
  +7.72411647309957094532e-02+j5.20446510845631871156e-02
  +8.19748053955373090496e-02+j5.03843384341660927017e-02
  +8.67084460600788947682e-02+j4.87240257837689705323e-02
  +9.14420867246204666090e-02+j4.70637131333718483628e-02
  +9.61757273891620523276e-02+j4.54034004829747539489e-02
  +1.00708220788936042567e-01+j4.30101063324974941526e-02
  +1.05028981196575443846e-01+j3.98452562457730363743e-02
  +1.09349741604214845125e-01+j3.66804061590485785960e-02
  +1.13670502011854218649e-01+j3.35155560723241208176e-02
  +1.17991262419493619928e-01+j3.03507059855996630393e-02
  +1.21993937444131228531e-01+j2.66705260046720959988e-02
  +1.25487671825479929488e-01+j2.21658116632320878470e-02
  +1.28981406206828630445e-01+j1.76610973217920796952e-02
  +1.32475140588177386913e-01+j1.31563829803520715434e-02
  +1.35968874969526087870e-01+j8.65166863891206339154e-03
  +1.39130206781700599405e-01+j3.84318060652641402264e-03
  +1.41445419482347206630e-01-j1.73855272936879190482e-03
  +1.43760632182993786099e-01-j7.32028606526399783228e-03
  +1.46075844883640365568e-01-j1.29020194011592037597e-02
  +1.48391057584286945037e-01-j1.84837527370543819316e-02
  +1.50445899697087021041e-01-j2.41972566157475643678e-02
  +1.51310543592137913826e-01-j3.05131060453999458648e-02
  +1.52175187487188806612e-01-j3.68289554750523273619e-02
  +1.53039831382239699398e-01-j4.31448049047047643700e-02
  +1.53904475277290619939e-01-j4.94606543343571458671e-02
  +1.54643908918567080102e-01-j5.58018490175921644258e-02
  +1.53881017808101150379e-01-j6.24471466049311141333e-02
  +1.53118126697635192901e-01-j6.90924441922700915963e-02
  +1.52355235587169318690e-01-j7.57377417796090413038e-02
  +1.51592344476703388967e-01-j8.23830393669479910113e-02
  +1.50829453366237459244e-01-j8.90283369542869684743e-02
  +1.48415721160226027342e-01-j9.55613500021073730695e-02
  +1.45958563874845792530e-01-j1.02091409425224835528e-01
  +1.43501406589465502206e-01-j1.08621468848342270230e-01
  +1.41044249304085211882e-01-j1.15151528271459718811e-01
  +1.38587092018704949314e-01-j1.21681587694577181269e-01
  +1.34701778993794207828e-01-j1.27713439666011785434e-01
  +1.30606464590176607476e-01-j1.33672033344362867213e-01
  +1.26511150186558896102e-01-j1.39630627022713948993e-01
  +1.22415835782941295751e-01-j1.45589220701065003016e-01
  +1.18320521379323584377e-01-j1.51547814379416084796e-01
  +1.13106471991041401814e-01-j1.56734475762484920525e-01
  +1.07556825732832372911e-01-j1.61689573758654059343e-01
  +1.02007179474623399518e-01-j1.66644671754823170406e-01
  +9.64575332164143706137e-02-j1.71599769750992253714e-01
  +9.09078869582053417098e-02-j1.76554867747161392533e-01
  +8.45908839566474335392e-02-j1.80595609301631848664e-01
  +7.78902259560003695782e-02-j1.84179200485238309115e-01
  +7.11895679553533056172e-02-j1.87762791668844769566e-01
  +6.44889099547062416562e-02-j1.91346382852451202261e-01
  +5.77882519540592332064e-02-j1.94929974036057634956e-01
  +5.06635190881993824341e-02-j1.97589198428592821566e-01
  +4.32111114366465765002e-02-j1.99534181740101096425e-01
  +3.57587037850937705663e-02-j2.01479165051609315773e-01
  +2.83062961335410201436e-02-j2.03424148363117562877e-01
  +2.08538884819882142097e-02-j2.05369131674625782225e-01
  +1.32657625413655222424e-02-j2.06493350358581295723e-01
  +5.51930854839627338393e-03-j2.06660070493108360967e-01
  -2.22714544457303098568e-03-j2.06826790627635370701e-01
  -9.97359943754227984414e-03-j2.06993510762162380434e-01
  -1.77200534305115287026e-02-j2.07160230896689390168e-01
  -2.54028987296603392387e-02-j2.06687662938761645970e-01
  -3.29721652995342284775e-02-j2.05073591755087991650e-01
  -4.05414318694081177163e-02-j2.03459520571414365087e-01
  -4.81106984392820069552e-02-j2.01845449387740683012e-01
  -5.56799650091559517051e-02-j2.00231378204067056448e-01
  -6.30906864304908721053e-02-j1.98193106794448542507e-01
  -7.00416696078529632530e-02-j1.94924768941511145082e-01
  -7.69926527852149433784e-02-j1.91656431088573775412e-01
  -8.39436359625768679926e-02-j1.88388093235636377987e-01
  -9.08946191399388481180e-02-j1.85119755382699008317e-01
  -9.76925106713232849209e-02-j1.81632683300821329286e-01
  -1.03648519374272440885e-01-j1.76942746162786768149e-01
  -1.09604528077221596849e-01-j1.72252809024752207012e-01
  -1.15560536780170780569e-01-j1.67562871886717701386e-01
  -1.21516545483119964288e-01-j1.62872934748683140249e-01
  -1.27406528712548428039e-01-j1.58125911619574149869e-01
  -1.32075537227529044015e-01-j1.52323226971744440927e-01
  -1.36744545742509659991e-01-j1.46520542323914815253e-01
  -1.41413554257490303723e-01-j1.40717857676085161822e-01
  -1.46082562772470919699e-01-j1.34915173028255536147e-01
  -1.50751571287451563430e-01-j1.29112488380425882717e-01
  -1.54009419577368050769e-01-j1.22591208726165995513e-01
  -1.57190957915103790565e-01-j1.16031070301935101963e-01
  -1.60372496252839558117e-01-j1.09470931877704208413e-01
  -1.63554034590575270158e-01-j1.02910793453473342618e-01
  -1.66735572928311037710e-01-j9.63506550292424213122e-02
  -1.68564107796665918482e-01-j8.94702163487017254617e-02
  -1.70146606612087164523e-01-j8.25315328723424113111e-02
  -1.71729105427508438320e-01-j7.55928493959830694049e-02
  -1.73311604242929684361e-01-j6.86541659196236719875e-02
  -1.74894103058350958158e-01-j6.17154824432643023258e-02
  -1.75267024394075043858e-01-j5.47833872033582636174e-02
  -1.75222811319725307877e-01-j4.78535639800634349239e-02
  -1.75178598245375571896e-01-j4.09237407567685784748e-02
  -1.75134385171025891426e-01-j3.39939175334737220258e-02
  -1.75090172096676183200e-01-j2.70640943101788378211e-02
  -1.74038007628871116417e-01-j2.03876886722464956136e-02
  -1.72421349509996157945e-01-j1.38532071577743276514e-02
  -1.70804691391121199473e-01-j7.31872564330213193351e-03
  -1.69188033272246268757e-01-j7.84244128829963971228e-04
  -1.67571375153371310285e-01+j5.75023738564220399105e-03
  -1.65183406086665013346e-01+j1.18693943411330438131e-02
  -1.62134271796050971615e-01+j1.76325364419076258127e-02
  -1.59085137505436957639e-01+j2.33956785426821800566e-02
  -1.56036003214822943663e-01+j2.91588206434567620562e-02
  -1.52986868924208929688e-01+j3.49219627442313163002e-02
  -1.49415074621137816679e-01+j4.01965422819819950817e-02
  -1.45166856668727417556e-01+j4.48388268977287229866e-02
  -1.40918638716317018433e-01+j4.94811115134754508915e-02
  -1.36670420763906619310e-01+j5.41233961292221787964e-02
  -1.32422202811496247943e-01+j5.87656807449689067013e-02
  -1.27885004576923561048e-01+j6.29355461596258908274e-02
  -1.22769810568182285992e-01+j6.61605156117527626325e-02
  -1.17654616559441038692e-01+j6.93854850638796344375e-02
  -1.12539422550699749759e-01+j7.26104545160065062426e-02
  -1.07424228541958474703e-01+j7.58354239681333919254e-02
  -1.02207165003799851921e-01+j7.86855925849265919192e-02
  -9.66505124627539402571e-02+j8.02863371327146718714e-02
  -9.10938599217080563486e-02+j8.18870816805027657015e-02
  -8.55372073806621446845e-02+j8.34878262282908595315e-02
  -7.99805548396162607760e-02+j8.50885707760789394838e-02
  -7.44307338503359255943e-02+j8.64711410556895515578e-02
  -6.89273721744370765352e-02+j8.63699742511236517872e-02
  -6.34240104985382135983e-02+j8.62688074465577658945e-02
  -5.79206488226393506613e-02+j8.61676406419918938795e-02
  -5.24172871467405224188e-02+j8.60664738374259941089e-02
  -4.69285894657871377467e-02+j8.59238057953668060707e-02
  -4.19973559468501331238e-02+j8.42034331327125573630e-02
  -3.70661224279131285009e-02+j8.24830604700582947775e-02
  -3.21348889089761238780e-02+j8.07626878074040460698e-02
  -2.72036553900391261940e-02+j7.90423151447497973621e-02
  -2.22724218711021215711e-02+j7.73219424820955486544e-02
  -1.83141023710575862049e-02+j7.43406886957075352385e-02
  -1.44368697405896362351e-02+j7.12543476135807096750e-02
  -1.05596371101216914695e-02+j6.81680065314538702337e-02
  -6.68240447965374670392e-03+j6.50816654493270446702e-02
  -2.80517184918580193831e-03+j6.19953243672002052289e-02
  -1.05416227522259382809e-04+j5.81206719320666795325e-02
  +2.33675172816579608190e-03+j5.40735666337650092150e-02
  +4.77891968385385154661e-03+j5.00264613354633527753e-02
  +7.22108763954190657763e-03+j4.59793560371616824578e-02
  +9.66325559522996160866e-03+j4.19322507388600190792e-02
  +1.09103636416704279088e-02+j3.75625928707654030414e-02
  +1.16879669661941309328e-02+j3.30662133601721044962e-02
  +1.24655702907178304872e-02+j2.85698338495788128899e-02
  +1.32431736152415335112e-02+j2.40734543389855212836e-02
  +1.40207769397652365351e-02+j1.95770748283922227384e-02
  +1.37419257298141486712e-02+j1.51462986048050279875e-02
  +1.28027730054870100829e-02+j1.07565255179781979478e-02
  +1.18636202811598576168e-02+j6.36675243115128464133e-03
  +1.09244675568327537230e-02+j1.97697934432462113508e-03
  +9.98531483250558044018e-03-j2.41279374250238237698e-03
  +8.22882581781261140952e-03-j6.47224267856473522986e-03
  +5.69585114510001364052e-03-j1.02178771314222899269e-02
  +3.16287647238751301604e-03-j1.39635115842796919683e-02
  +6.29901799675015861002e-04-j1.77091460371370940097e-02
  -1.90307287303748476348e-03-j2.14547804899944960511e-02
  -4.97731315562968332222e-03-j2.47440185991538025290e-02
  -8.82963614784820077785e-03-j2.73771756691961049013e-02
  -1.26819591400667164988e-02-j3.00103327392384211514e-02
  -1.65342821322852322197e-02-j3.26434898092807235237e-02
  -2.03866051245037462059e-02-j3.52766468793230397738e-02
  -2.45241646155647599614e-02-j3.74550808352513142641e-02
  -2.93035156411937808274e-02-j3.86103727795678863810e-02
  -3.40828666668227947545e-02-j3.97656647238844584979e-02
  -3.88622176924518086816e-02-j4.09209566682010306149e-02
  -4.36415687180808295476e-02-j4.20762486125176304874e-02
  -4.85133883714706989898e-02-j4.28785543199790009083e-02
  -5.37435285343236326949e-02-j4.23130208879811120504e-02
  -5.89736686971765664000e-02-j4.17474874559831954368e-02
  -6.42038088600294931663e-02-j4.11819540239853065788e-02
  -6.94339490228824268714e-02-j4.06164205919874177209e-02
  -7.46559588143637792301e-02-j3.98632932474820012025e-02
  -7.98068270514910166336e-02-j3.74687005979855991544e-02
  -8.49576952886182540370e-02-j3.50741079484891971063e-02
  -9.01085635257455053182e-02-j3.26795152989927950582e-02
  -9.52594317628727565994e-02-j3.02849226494963930101e-02
  -1.00410299999999994003e-01-j2.78903299999999909620e-02
</dep>
<dep S[1,2] frequency>
  +9.73728400000000049452e-01-j1.53229200000000009840e-01
  +9.64016261334513790970e-01-j1.89726857699757861520e-01
  +9.54304122669027643511e-01-j2.26224515399515685443e-01
  +9.44591984003541385029e-01-j2.62722173099273537122e-01
  +9.34879845338055126547e-01-j2.99219830799031361046e-01
  +9.25167706672568979087e-01-j3.35717488498789240481e-01
  +9.09204342747209071085e-01-j3.69746194102046010777e-01
  +8.92526561160446596510e-01-j4.03492736943672603012e-01
  +8.75848779573683788868e-01-j4.37239279785299195247e-01
  +8.59170997986921314293e-01-j4.70985822626925842993e-01
  +8.42493216400158617674e-01-j5.04732365468552490739e-01
  +8.20887775220644821950e-01-j5.35244141574287235485e-01
  +7.98010664521696000406e-01-j5.64921129037850522359e-01
  +7.75133553822747178863e-01-j5.94598116501413698209e-01
  +7.52256443123798135275e-01-j6.24275103964976985083e-01
  +7.29379332424849424754e-01-j6.53952091428540271956e-01
  +7.02903831390469413520e-01-j6.80055734759033247983e-01
  +6.74829038726246444035e-01-j7.04571218154153022795e-01
  +6.46754246062023696595e-01-j7.29086701549272575562e-01
  +6.18679453397800727110e-01-j7.53602184944392239352e-01
  +5.90604660733577757625e-01-j7.78117668339511903142e-01
  +5.60150650078263034892e-01-j7.99095600136783268397e-01
  +5.28041531967592625563e-01-j8.17612627533858882245e-01
  +4.95932413856922438278e-01-j8.36129654930934385071e-01
  +4.63823295746252139971e-01-j8.54646682328010109941e-01
  +4.31714177635582063708e-01-j8.73163709725085945834e-01
  +3.98253329396154820419e-01-j8.88476646415383153332e-01
  +3.63369613860714646414e-01-j9.00416871509523208950e-01
  +3.28485898325274416898e-01-j9.12357096603663486611e-01
  +2.93602182789834131871e-01-j9.24297321697803764273e-01
  +2.58718467254393957866e-01-j9.36237546791943930913e-01
  +2.23269521066493892292e-01-j9.45521348246694981476e-01
  +1.86916198672574168649e-01-j9.50554838218661712901e-01
  +1.50562876278654417250e-01-j9.55588328190628000236e-01
  +1.14209553884734679730e-01-j9.60621818162594509616e-01
  +7.78562314908148866976e-02-j9.65655308134560907973e-01
  +4.14590000620098236839e-02-j9.68713860441797414147e-01
  +4.94999972095619411583e-03-j9.66745278011911679528e-01
  -3.15590006200974215744e-02-j9.64776695582026166953e-01
  -6.80680009611510372647e-02-j9.62808113152140432334e-01
  -1.04577001302204486421e-01-j9.60839530722254586692e-01
  -1.40881497960396506741e-01-j9.57637262702225933175e-01
  -1.76251173520406145823e-01-j9.48795608133987555810e-01
  -2.11620849080415840415e-01-j9.39953953565749178445e-01
  -2.46990524640425868075e-01-j9.31112298997510690057e-01
  -2.82360200200435507156e-01-j9.22270644429272201670e-01
  -3.17546098058414771881e-01-j9.12927001469745480478e-01
  -3.50526954537945523160e-01-j8.97560292806044324188e-01
  -3.83507811017476274440e-01-j8.82193584142343056875e-01
  -4.16488667497006970208e-01-j8.66826875478641900585e-01
  -4.49469523976537776999e-01-j8.51460166814940855318e-01
  -4.82450380456068472768e-01-j8.36093458151239588005e-01
  -5.11959985058461297669e-01-j8.14918300295757735974e-01
  -5.41378279001893281119e-01-j7.93590352224522233016e-01
  -5.70796572945325264570e-01-j7.72262404153286841080e-01
  -6.00214866888757248020e-01-j7.50934456082051560166e-01
  -6.29633160832189231471e-01-j7.29606508010816057208e-01
  -6.55020777878068338751e-01-j7.03755440290379841173e-01
  -6.79815709068911644408e-01-j6.77239276084947938728e-01
  -7.04610640259755061088e-01-j6.50723111879515925260e-01
  -7.29405571450598255723e-01-j6.24206947674084022815e-01
  -7.54200502641441561380e-01-j5.97690783468652120369e-01
  -7.74741936732056046822e-01-j5.67927088458585416220e-01
  -7.94007411518056982480e-01-j5.37189202788562636393e-01
  -8.13272886304057918139e-01-j5.06451317118539856565e-01
  -8.32538361090058853797e-01-j4.75713431448517076738e-01
  -8.51803835876059678434e-01-j4.44975545778494241400e-01
  -8.66910100734432864655e-01-j4.12177477151038862413e-01
  -8.79936887312558591034e-01-j3.78349379795084317379e-01
  -8.92963673890684539458e-01-j3.44521282439129605812e-01
  -9.05990460468810376859e-01-j3.10693185083175060779e-01
  -9.19017247046936214261e-01-j2.76865087727220349212e-01
  -9.28256021388730756527e-01-j2.42001357063882316378e-01
  -9.34567868908018350993e-01-j2.06337411745325105539e-01
  -9.40879716427306611592e-01-j1.70673466426767950210e-01
  -9.47191563946594428103e-01-j1.35009521108210739371e-01
  -9.53503411465882466658e-01-j9.93455757896535424090e-02
  -9.56614822383420881913e-01-j6.34456650503728708523e-02
  -9.55992625271517182384e-01-j2.72704786224556988694e-02
  -9.55370428159613371832e-01+j8.90470780546145923573e-03
  -9.54748231047709894348e-01+j4.50798942333786173409e-02
  -9.54126033935806416864e-01+j8.12550806612957893238e-02
  -9.51031328600852710053e-01+j1.17134032274931784712e-01
  -9.43521749681350718753e-01+j1.52484031449016399495e-01
  -9.36012170761848949496e-01+j1.87834030623100639579e-01
  -9.28502591842347180240e-01+j2.23184029797185268240e-01
  -9.20993012922845188939e-01+j2.58534028971269869146e-01
  -9.11795407576456717891e-01+j2.93341392583254589876e-01
  -8.97702980077335177533e-01+j3.26575259164671949375e-01
  -8.83610552578214081265e-01+j3.59809125746088642739e-01
  -8.69518125079092873975e-01+j3.93042992327505447125e-01
  -8.55425697579971555662e-01+j4.26276858908922140490e-01
  -8.40403494312522147958e-01+j4.59001275384507689825e-01
  -8.20268260555049644189e-01+j4.88924119682165370104e-01
  -8.00133026797577029399e-01+j5.18846963979822994872e-01
  -7.79997793040104414608e-01+j5.48769808277480786174e-01
  -7.59862559282631799817e-01+j5.78692652575138355431e-01
  -7.39455467185068160418e-01+j6.08391267256244372419e-01
  -7.14021040311040855464e-01+j6.33943320353746564422e-01
  -6.88586613437013661532e-01+j6.59495373451248867447e-01
  -6.63152186562986356577e-01+j6.85047426548751059450e-01
  -6.37717759688959162645e-01+j7.10599479646253362475e-01
  -6.12283332814931746668e-01+j7.36151532743755665500e-01
  -5.82685202885924624638e-01+j7.56706037267517284128e-01
  -5.52861916397529573608e-01+j7.76990294170980644317e-01
  -5.23038629909134522578e-01+j7.97274551074443893484e-01
  -4.93215343420739527058e-01+j8.17558807977907253672e-01
  -4.63392056932344476028e-01+j8.37843064881370613861e-01
  -4.30738493870915395423e-01+j8.53061203330487183294e-01
  -3.97570260971235045488e-01+j8.67358096700481584485e-01
  -3.64402028071554695554e-01+j8.81654990070476318742e-01
  -3.31233795171874290109e-01+j8.95951883440471052999e-01
  -2.98065562272193884663e-01+j9.10248776810465565212e-01
  -2.63263414672546214312e-01+j9.19698062993683951305e-01
  -2.27897795897284038968e-01+j9.27475605284455051347e-01
  -1.92532177122021891380e-01+j9.35253147575226262411e-01
  -1.57166558346759743792e-01+j9.43030689865997251431e-01
  -1.21800939571497582325e-01+j9.50808232156768462495e-01
  -8.58141458605850421248e-02+j9.54191252096959319218e-01
  -4.94794689981086777131e-02+j9.55113161330330195931e-01
  -1.31447921356323271791e-02+j9.56035070563700961621e-01
  +2.31898847268440233549e-02+j9.56956979797071949356e-01
  +5.95245615893203461333e-02+j9.57878889030442715047e-01
  +9.56870054231055144900e-02+j9.55040292014213587635e-01
  +1.31701811667538304373e-01+j9.48978201329815806986e-01
  +1.67716617911971177524e-01+j9.42916110645418470426e-01
  +2.03731424156403939651e-01+j9.36854019961020911822e-01
  +2.39746230400836757291e-01+j9.30791929276623131173e-01
  +2.75043368341488347895e-01+j9.21728490123071009243e-01
  +3.09411703998650478020e-01+j9.08780722656548967109e-01
  +3.43780039655812608146e-01+j8.95832955190026813952e-01
  +3.78148375312974793783e-01+j8.82885187723504660795e-01
  +4.12516710970136868397e-01+j8.69937420256982507638e-01
  +4.45892468144236553407e-01+j8.54810725262606263541e-01
  +4.77282947414778502271e-01+j8.35325909728324433878e-01
  +5.08673426685320229090e-01+j8.15841094194042382171e-01
  +5.40063905955862066932e-01+j7.96356278659760552507e-01
  +5.71454385226404015796e-01+j7.76871463125478611822e-01
  +6.01860683923669315121e-01+j7.56021543347075164476e-01
  +6.28986149760986323898e-01+j7.30620955751221545782e-01
  +6.56111615598303110630e-01+j7.05220368155367816065e-01
  +6.83237081435620008385e-01+j6.79819780559514308393e-01
  +7.10362547272937017162e-01+j6.54419192963660467655e-01
  +7.36790484843211190835e-01+j6.28376155105087819130e-01
  +7.58474744042439641412e-01+j5.97964007692496912760e-01
  +7.80159003241667980966e-01+j5.67551860279906006390e-01
  +8.01843262440896320520e-01+j5.37139712867315100020e-01
  +8.23527521640124771096e-01+j5.06727565454724415694e-01
  +8.45047066320131379236e-01+j4.76217059993743363489e-01
  +8.60304849333462184902e-01+j4.41967390189944520085e-01
  +8.75562632346792768523e-01+j4.07717720386145621170e-01
  +8.90820415360123463167e-01+j3.73468050582346722255e-01
  +9.06078198373454379855e-01+j3.39218380778547823340e-01
  +9.21335981386785074498e-01+j3.04968710974748924425e-01
  +9.30002989771258947727e-01+j2.68467851507916022147e-01
  +9.38120694443008718011e-01+j2.31779368141073471854e-01
  +9.46238399114758710340e-01+j1.95090884774230893806e-01
  +9.54356103786508480624e-01+j1.58402401407388343513e-01
  +9.62473808458258250909e-01+j1.21713918040545793220e-01
  +9.64423325251575258577e-01+j8.42925374427438006686e-02
  +9.65023474620285814929e-01+j4.67108265066752126327e-02
  +9.65623623988996482304e-01+j9.12911557060664194396e-03
  +9.66223773357707038656e-01-j2.84525953654619287447e-02
  +9.66823922726417817053e-01-j6.60343063015305098418e-02
  +9.62020604246625388178e-01-j1.03114217204922434257e-01
  +9.55094418411007617387e-01-j1.39996985284781799708e-01
  +9.48168232575389735572e-01-j1.76879753364641095770e-01
  +9.41242046739771853758e-01-j2.13762521444500447343e-01
  +9.34315860904153971944e-01-j2.50645289524359771161e-01
  +9.22975021502843051557e-01-j2.86153926551941661938e-01
  +9.08874950786081714504e-01-j3.20803709000210268698e-01
  +8.94774880069320044385e-01-j3.55453491448479541592e-01
  +8.80674809352559151421e-01-j3.90103273896746760574e-01
  +8.66574738635797148234e-01-j4.24753056345016755113e-01
  +8.49139434769881629173e-01-j4.57546796957686408014e-01
  +8.28535593379085555377e-01-j4.88577261079380098518e-01
  +8.07931751988290369759e-01-j5.19607725201072567778e-01
  +7.87327910597495184142e-01-j5.50638189322765092548e-01
  +7.66724069206699998524e-01-j5.81668653444457506296e-01
  +7.43830337030373489604e-01-j6.10731185386471864263e-01
  +7.17644830178854831182e-01-j6.36964766117148362135e-01
  +6.91459323327336061737e-01-j6.63198346847824748984e-01
  +6.65273816475817403315e-01-j6.89431927578501135834e-01
  +6.39088309624298744893e-01-j7.15665508309177522683e-01
  +6.11525162207680272886e-01-j7.40134268407241835419e-01
  +5.80862278060501613375e-01-j7.60632123846759045094e-01
  +5.50199393913322842842e-01-j7.81129979286276143746e-01
  +5.19536509766144294353e-01-j8.01627834725793464443e-01
  +4.88873625618965523820e-01-j8.22125690165310674118e-01
  +4.57543885794829963132e-01-j8.41304736615212211959e-01
  +4.23630047215347027567e-01-j8.55373332953690779235e-01
  +3.89716208635863980980e-01-j8.69441929292169679577e-01
  +3.55802370056380934393e-01-j8.83510525630648468898e-01
  +3.21888531476897998829e-01-j8.97579121969127258218e-01
  +2.87775038602384736208e-01-j9.10941964525187275470e-01
  +2.51914550881907728375e-01-j9.18129391620149726272e-01
  +2.16054063161430776052e-01-j9.25316818715112288096e-01
  +1.80193575440953879241e-01-j9.32504245810074849921e-01
  +1.44333087720476926918e-01-j9.39691672905037411745e-01
  +1.08472600000000002352e-01-j9.46879099999999973569e-01
</dep>
<dep S[1,1] frequency>
  +1.46296900000000007491e-02+j1.35235400000000005605e-02
  +1.63354386395692559308e-02+j1.64157433540646803538e-02
  +1.80411872791385041737e-02+j1.93079467081293601471e-02
  +1.97469359187077628248e-02+j2.22001500621940295321e-02
  +2.14526845582770110676e-02+j2.50923534162587162644e-02
  +2.31584331978462697188e-02+j2.79845567703233891188e-02
  +2.57632889191219405234e-02+j3.00471503004528447955e-02
  +2.84708985729404846776e-02+j3.20149323519275524896e-02
  +3.11785082267590357707e-02+j3.39827144034022393670e-02
  +3.38861178805775833944e-02+j3.59504964548769331834e-02
  +3.65937275343961310181e-02+j3.79182785063516408774e-02
  +3.97341446458688504761e-02+j3.89018639009459377132e-02
  +4.29862553598161709068e-02+j3.96314599794913291486e-02
  +4.62383660737634913374e-02+j4.03610560580367483396e-02
  +4.94904767877108048291e-02+j4.10906521365821397751e-02
  +5.27425875016581183208e-02+j4.18202482151275450883e-02
  +5.60001918273801066461e-02+j4.16227861132447973791e-02
  +5.92602377690775103392e-02+j4.10132963406179273935e-02
  +6.25202837107749209711e-02+j4.04038065679910574080e-02
  +6.57803296524723246641e-02+j3.97943167953641874224e-02
  +6.90403755941697283571e-02+j3.91848270227373174368e-02
  +7.19971172998093850159e-02+j3.78559905943768870706e-02
  +7.47428648450906563117e-02+j3.60267393165376870190e-02
  +7.74886123903719276074e-02+j3.41974880386984869673e-02
  +8.02343599356531711475e-02+j3.23682367608592869157e-02
  +8.29801074809344563210e-02+j3.05389854830200868641e-02
  +8.52687207954496567686e-02+j2.82660602645382341702e-02
  +8.70761423890677455084e-02+j2.55261119866427854674e-02
  +8.88835639826858481261e-02+j2.27861637087473367647e-02
  +9.06909855763039229881e-02+j2.00462154308518880619e-02
  +9.24984071699220256058e-02+j1.73062671529564671147e-02
  +9.38431983112147927173e-02+j1.43854700465878837523e-02
  +9.44477748667585520481e-02+j1.11753125231119909699e-02
  +9.50523514223023113789e-02+j7.96515499963609818757e-03
  +9.56569279778461123431e-02+j4.75499747616020540519e-03
  +9.62615045333898716740e-02+j1.54483995268431262282e-03
  +9.65062861487711171060e-02-j1.65739944135415151472e-03
  +9.58352223305299344425e-02-j4.83948351390631192892e-03
  +9.51641585122888072901e-02-j8.02156758645850009870e-03
  +9.44930946940476385043e-02-j1.12036516590106605129e-02
  +9.38220308758064835963e-02-j1.43857357315628209271e-02
  +9.29437129145900542415e-02-j1.74767471540361041260e-02
  +9.11180010344581348125e-02-j2.01514500114516048601e-02
  +8.92922891543261598724e-02-j2.28261528688671055942e-02
  +8.74665772741942126878e-02-j2.55008557262826618395e-02
  +8.56408653940622655032e-02-j2.81755585836981625736e-02
  +8.37485768973932065418e-02-j3.07811627077676230879e-02
  +8.10574744386408641006e-02-j3.25576914622843216485e-02
  +7.83663719798885494150e-02-j3.43342202168010202090e-02
  +7.56752695211361792182e-02-j3.61107489713176910140e-02
  +7.29841670623838645326e-02-j3.78872777258343895745e-02
  +7.02930646036315776026e-02-j3.96638064803510603795e-02
  +6.71579645453055096294e-02-j4.03231173381596585958e-02
  +6.40111852096383604493e-02-j4.09530399792781274471e-02
  +6.08644058739711280026e-02-j4.15829626203965685427e-02
  +5.77176265383039233114e-02-j4.22128852615150373939e-02
  +5.45708472026367186203e-02-j4.28428079026334784896e-02
  +5.14341108150445647240e-02-j4.24085385551210836130e-02
  +4.82988511802208142498e-02-j4.18177864245092012485e-02
  +4.51635915453970082645e-02-j4.12270342938972911284e-02
  +4.20283319105732577903e-02-j4.06362821632853532527e-02
  +3.88930722757494518049e-02-j4.00455300326734708882e-02
  +3.61169622670675649623e-02-j3.85979969749476459207e-02
  +3.34485895616976613987e-02-j3.68934477326081089466e-02
  +3.07802168563278133462e-02-j3.51888984902685442169e-02
  +2.81118441509579097826e-02-j3.34843492479289794872e-02
  +2.54434714455880617301e-02-j3.17798000055894286353e-02
  +2.33379345049656850009e-02-j2.95117499597369326025e-02
  +2.15137983035472712956e-02-j2.69619666755538944791e-02
  +1.96896621021288575903e-02-j2.44121833913708702335e-02
  +1.78655259007103883739e-02-j2.18624001071878321101e-02
  +1.60413896992919746687e-02-j1.93126168230048078645e-02
  +1.48319694092232667870e-02-j1.65050165620109628994e-02
  +1.40975287065736032410e-02-j1.34982059031500123414e-02
  +1.33630880039239396950e-02-j1.04913952442890479055e-02
  +1.26286473012742206379e-02-j7.48458458542808346969e-03
  +1.18942065986245570919e-02-j4.47777392656713291164e-03
  +1.16993500960561602753e-02-j1.46736242149199391793e-03
  +1.21339689284724605578e-02+j1.54724980680031459768e-03
  +1.25685877608888163515e-02+j4.56186203509261617439e-03
  +1.30032065933051166340e-02+j7.57647426338492469000e-03
  +1.34378254257214169165e-02+j1.05910864916772297362e-02
  +1.42574143646744255776e-02+j1.34492678800645568127e-02
  +1.57644001496094476877e-02+j1.60281287078702268378e-02
  +1.72713859345445253091e-02+j1.86069895356758725768e-02
  +1.87783717194795474192e-02+j2.11858503634815426020e-02
  +2.02853575044146250406e-02+j2.37647111912872126271e-02
  +2.20013190653896018034e-02+j2.61362988735060718104e-02
  +2.43232541121182754829e-02+j2.79068502398682471988e-02
  +2.66451891588468936511e-02+j2.96774016062303878927e-02
  +2.89671242055755118194e-02+j3.14479529725925285866e-02
  +3.12890592523041299877e-02+j3.32185043389546658110e-02
  +3.36779175407817543686e-02+j3.48267313749232587661e-02
  +3.64348006662250090137e-02+j3.55423031289985105752e-02
  +3.91916837916682636589e-02+j3.62578748830737623843e-02
  +4.19485669171115738152e-02+j3.69734466371490211323e-02
  +4.47054500425548284603e-02+j3.76890183912242798803e-02
  +4.74617086911623964340e-02+j3.83461724999186182039e-02
  +5.02064192146974286324e-02+j3.79230394999511555287e-02
  +5.29511297382324608307e-02+j3.74999064999837206091e-02
  +5.56958402617674930291e-02+j3.70767735000162856895e-02
  +5.84405507853025807385e-02+j3.66536405000488368922e-02
  +6.11852613088376129369e-02+j3.62305075000813880948e-02
  +6.34924868184964519280e-02+j3.48159312268424281367e-02
  +6.57760548724704574575e-02+j3.33477416307294827202e-02
  +6.80596229264444629870e-02+j3.18795520346165373038e-02
  +7.03431909804184685164e-02+j3.04113624385035918873e-02
  +7.26267590343924185348e-02+j2.89431728423906464709e-02
  +7.41947120915518731898e-02+j2.68116397654964144781e-02
  +7.56325345960403572221e-02+j2.45594814164250274668e-02
  +7.70703571005287857432e-02+j2.23073230673536404556e-02
  +7.85081796050172420198e-02+j2.00551647182822256887e-02
  +7.99460021095056705409e-02+j1.78030063692108664331e-02
  +8.05608969024202703491e-02+j1.52618710068833096649e-02
  +8.08919971709967655649e-02+j1.26210791463381433175e-02
  +8.12230974395732607807e-02+j9.98028728579300472568e-03
  +8.15541977081498115076e-02+j7.33949542524783837827e-03
  +8.18852979767262789679e-02+j4.69870356470267203086e-03
  +8.14475311385014777432e-02+j2.11435044969618402000e-03
  +8.05791675441989985185e-02-j4.38394679312420487705e-04
  +7.97108039498965192937e-02-j2.99113980832099723983e-03
  +7.88424403555939845578e-02-j5.54388493732960174754e-03
  +7.79740767612915053331e-02-j8.09663006633820625524e-03
  +7.65134510816661006505e-02-j1.03377132533269688874e-02
  +7.45451402779599425763e-02-j1.23116408420989864592e-02
  +7.25768294742538122577e-02-j1.42855684308710040309e-02
  +7.06085186705476958169e-02-j1.62594960196430216026e-02
  +6.86402078668415516205e-02-j1.82334236084150391743e-02
  +6.63190673850084788654e-02-j1.97675177278585634255e-02
  +6.35412967176139792391e-02-j2.07323818443675977896e-02
  +6.07635260502195073684e-02-j2.16972459608766321537e-02
  +5.79857553828250216199e-02-j2.26621100773856665178e-02
  +5.52079847154305566881e-02-j2.36269741938947008819e-02
  +5.23110036391747079687e-02-j2.41566465999332180559e-02
  +4.91755872203993374403e-02-j2.38158825605402912906e-02
  +4.60401708016239669119e-02-j2.34751185211473645253e-02
  +4.29047543828485894446e-02-j2.31343544817544377601e-02
  +3.97693379640732119773e-02-j2.27935904423615109948e-02
  +3.66794116037402612163e-02-j2.21280045296363692131e-02
  +3.37411294463018998635e-02-j2.03796028160357634018e-02
  +3.08028472888635350413e-02-j1.86312011024351575905e-02
  +2.78645651314251702191e-02-j1.68827993888345795348e-02
  +2.49262829739868019274e-02-j1.51343976752339737235e-02
  +2.20869563161922924377e-02-j1.32220541952671466479e-02
  +1.99205960248317152927e-02-j1.01947924417802454622e-02
  +1.77542357334711416172e-02-j7.16753068829333039869e-03
  +1.55878754421105662070e-02-j4.14026893480641533518e-03
  +1.34215151507499890621e-02-j1.11300718131951414946e-03
  +1.12876941984714519729e-02+j1.93781491425397411899e-03
  +1.03908837239916219258e-02+j5.88430332769997871400e-03
  +9.49407324951178840933e-03+j9.83079174114597637013e-03
  +8.59726277503195662755e-03+j1.37772801545919740263e-02
  +7.70045230055212484577e-03+j1.77237685680379751518e-02
  +6.80364182607229306399e-03+j2.16702569814839728080e-02
  +7.37971490881048769461e-03+j2.59597376809645279117e-02
  +8.07854448861469905119e-03+j3.02778048436097638185e-02
  +8.77737406841890867304e-03+j3.45958720062549893171e-02
  +9.47620364822312002961e-03+j3.89139391689002148156e-02
  +1.01750332280273331209e-02+j4.32320063315454472530e-02
  +1.22517864655921539935e-02+j4.73196709623634401143e-02
  +1.46299775539523498752e-02+j5.13569321883043661270e-02
  +1.70081686423125440222e-02+j5.53941934142452713230e-02
  +1.93863597306727399039e-02+j5.94314546401861903968e-02
  +2.17645508190329357856e-02+j6.34687158661270955928e-02
  +2.52138860243633008973e-02+j6.68397159820600383906e-02
  +2.90840429950957740646e-02+j6.99489612397154736367e-02
  +3.29541999658282472319e-02+j7.30582064973708950051e-02
  +3.68243569365607273380e-02+j7.61674517550263302512e-02
  +4.06945139072932005053e-02+j7.92766970126817377418e-02
  +4.52145904420742858476e-02+j8.14898128945432953518e-02
  +5.01408774273384635900e-02+j8.31428331313918411727e-02
  +5.50671644126027523547e-02+j8.47958533682404286269e-02
  +5.99934513978667496858e-02+j8.64488736050889328144e-02
  +6.49197383831311286562e-02+j8.81018938419375341464e-02
  +7.00727889414517746136e-02+j8.88459422176978153018e-02
  +7.54412693837938908015e-02+j8.87264493289898620310e-02
  +8.08097498261358265781e-02+j8.86069564402819781490e-02
  +8.61782302684777345991e-02+j8.84874635515740526337e-02
  +9.15467107108196564980e-02+j8.83679706628661409962e-02
  +9.68136307565589798729e-02+j8.75002480324266057599e-02
  +1.01934555218731029425e-01+j8.55569266308052883696e-02
  +1.07055479680903065098e-01+j8.36136052291839571016e-02
  +1.12176404143075128528e-01+j8.16702838275626119557e-02
  +1.17297328605247178079e-01+j7.97269624259412668099e-02
  +1.22141125774329742382e-01+j7.72897572947928990228e-02
  +1.26361377389374418545e-01+j7.37412974751400496221e-02
  +1.30581629004419108586e-01+j7.01928376554871724657e-02
  +1.34801880619463826383e-01+j6.66443778358343230650e-02
  +1.39022132234508460913e-01+j6.30959180161814736643e-02
  +1.42952026939342502487e-01+j5.93102155317493662245e-02
  +1.45756774245408227131e-01+j5.46051859785744164721e-02
  +1.48561521551474007286e-01+j4.99001564253994667197e-02
  +1.51366268857539731929e-01+j4.51951268722245724785e-02
  +1.54171016163605484328e-01+j4.04900973190495949705e-02
  +1.56799650648967558997e-01+j3.57283540788674580657e-02
  +1.57887280519174055815e-01+j3.04703604630939539621e-02
  +1.58974910389380497122e-01+j2.52123668473204498586e-02
  +1.60062540259586993940e-01+j1.99543732315469735106e-02
  +1.61150170129793518514e-01+j1.46963796157734971626e-02
  +1.62237800000000015332e-01+j9.43838599999999305901e-03
</dep>
