<Qucs Dataset 1.0.7>
<indep frequency 200>
  +1.00000000000000000000e+08
  +1.24623115577889442444e+08
  +1.49246231155778884888e+08
  +1.73869346733668327332e+08
  +1.98492462311557769775e+08
  +2.23115577889447212219e+08
  +2.47738693467336684465e+08
  +2.72361809045226097107e+08
  +2.96984924623115539551e+08
  +3.21608040201004981995e+08
  +3.46231155778894424438e+08
  +3.70854271356783926487e+08
  +3.95477386934673368931e+08
  +4.20100502512562811375e+08
  +4.44723618090452253819e+08
  +4.69346733668341696262e+08
  +4.93969849246231138706e+08
  +5.18592964824120581150e+08
  +5.43216080402009963989e+08
  +5.67839195979899406433e+08
  +5.92462311557788848877e+08
  +6.17085427135678291321e+08
  +6.41708542713567852974e+08
  +6.66331658291457295418e+08
  +6.90954773869346737862e+08
  +7.15577889447236180305e+08
  +7.40201005025125622749e+08
  +7.64824120603015065193e+08
  +7.89447236180904507637e+08
  +8.14070351758793950081e+08
  +8.38693467336683392525e+08
  +8.63316582914572834969e+08
  +8.87939698492462277412e+08
  +9.12562814070351719856e+08
  +9.37185929648241162300e+08
  +9.61809045226130604744e+08
  +9.86432160804020047188e+08
  +1.01105527638190948963e+09
  +1.03567839195979893208e+09
  +1.06030150753768837452e+09
  +1.08492462311557769775e+09
  +1.10954773869346714020e+09
  +1.13417085427135658264e+09
  +1.15879396984924602509e+09
  +1.18341708542713570595e+09
  +1.20804020100502514839e+09
  +1.23266331658291459084e+09
  +1.25728643216080403328e+09
  +1.28190954773869347572e+09
  +1.30653266331658291817e+09
  +1.33115577889447236061e+09
  +1.35577889447236180305e+09
  +1.38040201005025124550e+09
  +1.40502512562814068794e+09
  +1.42964824120603013039e+09
  +1.45427135678391957283e+09
  +1.47889447236180901527e+09
  +1.50351758793969845772e+09
  +1.52814070351758790016e+09
  +1.55276381909547734261e+09
  +1.57738693467336678505e+09
  +1.60201005025125622749e+09
  +1.62663316582914566994e+09
  +1.65125628140703511238e+09
  +1.67587939698492455482e+09
  +1.70050251256281399727e+09
  +1.72512562814070343971e+09
  +1.74974874371859288216e+09
  +1.77437185929648232460e+09
  +1.79899497487437176704e+09
  +1.82361809045226120949e+09
  +1.84824120603015065193e+09
  +1.87286432160804009438e+09
  +1.89748743718592953682e+09
  +1.92211055276381897926e+09
  +1.94673366834170842171e+09
  +1.97135678391959786415e+09
  +1.99597989949748730659e+09
  +2.02060301507537674904e+09
  +2.04522613065326619148e+09
  +2.06984924623115563393e+09
  +2.09447236180904507637e+09
  +2.11909547738693451881e+09
  +2.14371859296482396126e+09
  +2.16834170854271316528e+09
  +2.19296482412060260773e+09
  +2.21758793969849205017e+09
  +2.24221105527638149261e+09
  +2.26683417085427141190e+09
  +2.29145728643216085434e+09
  +2.31608040201005029678e+09
  +2.34070351758793973923e+09
  +2.36532663316582918167e+09
  +2.38994974874371862411e+09
  +2.41457286432160806656e+09
  +2.43919597989949750900e+09
  +2.46381909547738695145e+09
  +2.48844221105527639389e+09
  +2.51306532663316583633e+09
  +2.53768844221105527878e+09
  +2.56231155778894472122e+09
  +2.58693467336683416367e+09
  +2.61155778894472360611e+09
  +2.63618090452261304855e+09
  +2.66080402010050249100e+09
  +2.68542713567839193344e+09
  +2.71005025125628137589e+09
  +2.73467336683417081833e+09
  +2.75929648241206026077e+09
  +2.78391959798994970322e+09
  +2.80854271356783914566e+09
  +2.83316582914572858810e+09
  +2.85778894472361803055e+09
  +2.88241206030150747299e+09
  +2.90703517587939691544e+09
  +2.93165829145728635788e+09
  +2.95628140703517580032e+09
  +2.98090452261306524277e+09
  +3.00552763819095468521e+09
  +3.03015075376884412766e+09
  +3.05477386934673357010e+09
  +3.07939698492462301254e+09
  +3.10402010050251245499e+09
  +3.12864321608040189743e+09
  +3.15326633165829133987e+09
  +3.17788944723618078232e+09
  +3.20251256281407022476e+09
  +3.22713567839195966721e+09
  +3.25175879396984910965e+09
  +3.27638190954773855209e+09
  +3.30100502512562799454e+09
  +3.32562814070351743698e+09
  +3.35025125628140687943e+09
  +3.37487437185929632187e+09
  +3.39949748743718576431e+09
  +3.42412060301507520676e+09
  +3.44874371859296464920e+09
  +3.47336683417085409164e+09
  +3.49798994974874353409e+09
  +3.52261306532663297653e+09
  +3.54723618090452241898e+09
  +3.57185929648241186142e+09
  +3.59648241206030130386e+09
  +3.62110552763819074631e+09
  +3.64572864321608018875e+09
  +3.67035175879396963120e+09
  +3.69497487437185907364e+09
  +3.71959798994974851608e+09
  +3.74422110552763795853e+09
  +3.76884422110552740097e+09
  +3.79346733668341684341e+09
  +3.81809045226130628586e+09
  +3.84271356783919572830e+09
  +3.86733668341708517075e+09
  +3.89195979899497461319e+09
  +3.91658291457286405563e+09
  +3.94120603015075349808e+09
  +3.96582914572864294052e+09
  +3.99045226130653238297e+09
  +4.01507537688442182541e+09
  +4.03969849246231126785e+09
  +4.06432160804020071030e+09
  +4.08894472361809015274e+09
  +4.11356783919597959518e+09
  +4.13819095477386903763e+09
  +4.16281407035175848007e+09
  +4.18743718592964792252e+09
  +4.21206030150753736496e+09
  +4.23668341708542680740e+09
  +4.26130653266331624985e+09
  +4.28592964824120569229e+09
  +4.31055276381909561157e+09
  +4.33517587939698410034e+09
  +4.35979899497487449646e+09
  +4.38442211055276298523e+09
  +4.40904522613065338135e+09
  +4.43366834170854282379e+09
  +4.45829145728643226624e+09
  +4.48291457286432170868e+09
  +4.50753768844221115112e+09
  +4.53216080402010059357e+09
  +4.55678391959799003601e+09
  +4.58140703517587947845e+09
  +4.60603015075376892090e+09
  +4.63065326633165836334e+09
  +4.65527638190954780579e+09
  +4.67989949748743724823e+09
  +4.70452261306532669067e+09
  +4.72914572864321613312e+09
  +4.75376884422110557556e+09
  +4.77839195979899501801e+09
  +4.80301507537688446045e+09
  +4.82763819095477390289e+09
  +4.85226130653266334534e+09
  +4.87688442211055278778e+09
  +4.90150753768844223022e+09
  +4.92613065326633167267e+09
  +4.95075376884422111511e+09
  +4.97537688442211055756e+09
  +5.00000000000000000000e+09
</indep>
<dep isolated frequency>
  -4.94701667862348841709e+01
  -4.76785976055193430057e+01
  -4.61483091425554334819e+01
  -4.48247191228346082426e+01
  -4.36637798549991060781e+01
  -4.26323990575496623023e+01
  -4.18371365599115989653e+01
  -4.10876943341680913591e+01
  -4.03716277133057985793e+01
  -3.96912343634267656967e+01
  -3.90464339939532649737e+01
  -3.85608115384967575778e+01
  -3.81023929231430287246e+01
  -3.76410267460138641127e+01
  -3.71819633695469917711e+01
  -3.67289640473845295787e+01
  -3.63949687703438868880e+01
  -3.60951669176278215900e+01
  -3.57805189834635513080e+01
  -3.54553998773010476953e+01
  -3.51235406879519445056e+01
  -3.48805583858658536656e+01
  -3.46841766370499229311e+01
  -3.44688089702895226196e+01
  -3.42375649256294423139e+01
  -3.39933883791940019137e+01
  -3.38125087307263783032e+01
  -3.36908736940098947343e+01
  -3.35494609994366186356e+01
  -3.33902496754416162617e+01
  -3.32152918201309574897e+01
  -3.30811816624336714199e+01
  -3.30169617525721150741e+01
  -3.29339643677403302036e+01
  -3.28332629934880202427e+01
  -3.27160971357039542795e+01
  -3.26202797323433486554e+01
  -3.26013269558473979259e+01
  -3.25657263555348137629e+01
  -3.25138839408899187333e+01
  -3.24463772642714971539e+01
  -3.23841129970743537569e+01
  -3.24001082541809068971e+01
  -3.24023525044561822028e+01
  -3.23908244467445740611e+01
  -3.23656332275415863364e+01
  -3.23339456437104360020e+01
  -3.23738080644002366171e+01
  -3.24032585962465091711e+01
  -3.24220821503497731442e+01
  -3.24301394606292490153e+01
  -3.24273704844281951409e+01
  -3.24751077467955084899e+01
  -3.25173366380410868715e+01
  -3.25522807414346431187e+01
  -3.25797599403656406025e+01
  -3.25996301994655226508e+01
  -3.26350074469067337191e+01
  -3.26692785289748499622e+01
  -3.26991496087876569732e+01
  -3.27245275736963634472e+01
  -3.27453321313314660301e+01
  -3.27505950237160163852e+01
  -3.27498967567346497276e+01
  -3.27467662501720937485e+01
  -3.27412087581645607770e+01
  -3.27332335864881684984e+01
  -3.26893795594029938911e+01
  -3.26274926419586819293e+01
  -3.25645803357070775519e+01
  -3.25006991585630728991e+01
  -3.24359044476048978822e+01
  -3.23315496356116085508e+01
  -3.21974448661313843445e+01
  -3.20638406513999356662e+01
  -3.19308136289611113057e+01
  -3.17984323562209496572e+01
  -3.16377761038135076888e+01
  -3.14445049721101312912e+01
  -3.12527524011548472060e+01
  -3.10626800338329935869e+01
  -3.08744222481207302167e+01
  -3.06742258575431527845e+01
  -3.04500869715415447558e+01
  -3.02266186224153088347e+01
  -3.00042728979383497290e+01
  -2.97834299910076438778e+01
  -2.95624619647955313440e+01
  -2.93347683282991447129e+01
  -2.91049367421847868798e+01
  -2.88738755384467253862e+01
  -2.86423700881558289666e+01
  -2.84144530866989875051e+01
  -2.82012710725196349415e+01
  -2.79822124537227736596e+01
  -2.77586183007513582766e+01
  -2.75316857811935946643e+01
  -2.73048367364235673449e+01
  -2.71153049500964158369e+01
  -2.69162270738089013378e+01
  -2.67092183171528638752e+01
  -2.64957719028497962199e+01
  -2.62772482962191205047e+01
  -2.61113951190332471697e+01
  -2.59362356416491763866e+01
  -2.57501536804384230095e+01
  -2.55547850079442611104e+01
  -2.53516699195852552862e+01
  -2.52043434386692695170e+01
  -2.50541216097076180347e+01
  -2.48905713279534701599e+01
  -2.47153331507519915533e+01
  -2.45300060112626212572e+01
  -2.43982695289649207382e+01
  -2.42725707925088727279e+01
  -2.41317387561255323192e+01
  -2.39773147154017394200e+01
  -2.38108565906149181046e+01
  -2.36921401215977311949e+01
  -2.35899201057099432433e+01
  -2.34713167919194987121e+01
  -2.33377013039079947987e+01
  -2.31905155405133776014e+01
  -2.30827639825453481137e+01
  -2.30027149587153161292e+01
  -2.29055309975700041036e+01
  -2.27923694836194634661e+01
  -2.26645034008716059759e+01
  -2.25661726577183756604e+01
  -2.25068227195143890640e+01
  -2.24300369116238158540e+01
  -2.23367375386409605653e+01
  -2.22279950240989094823e+01
  -2.21379914202097438647e+01
  -2.20976459788749615143e+01
  -2.20399762029631318683e+01
  -2.19656673091385599150e+01
  -2.18755714595447194881e+01
  -2.17931625052014297239e+01
  -2.17697554736848744028e+01
  -2.17295106129963286890e+01
  -2.16728920969881144742e+01
  -2.16005362147445190146e+01
  -2.15252260593532156463e+01
  -2.15161334382738331783e+01
  -2.14910150869616103364e+01
  -2.14501470023676859000e+01
  -2.13939703764482977988e+01
  -2.13253160274862878509e+01
  -2.13271878482938461730e+01
  -2.13140991235255654601e+01
  -2.12861843957373828573e+01
  -2.12437274780541649477e+01
  -2.11871519762798889985e+01
  -2.11897463756882196151e+01
  -2.11846736535553219483e+01
  -2.11659054735197962316e+01
  -2.11336183185650128280e+01
  -2.10881116732179734186e+01
  -2.10863178203632664065e+01
  -2.10843752472473653370e+01
  -2.10699506588230605075e+01
  -2.10431677921877522408e+01
  -2.10042538754576000315e+01
  -2.09950660187581696903e+01
  -2.09907947750999284153e+01
  -2.09751993597275721015e+01
  -2.09484011555404769922e+01
  -2.09106063842308103062e+01
  -2.08909894027627203172e+01
  -2.08789728540647132604e+01
  -2.08566068561767750111e+01
  -2.08240504792586733629e+01
  -2.07815318836942495295e+01
  -2.07486557604854340298e+01
  -2.07244002595755532070e+01
  -2.06904908898673447482e+01
  -2.06471529497093797545e+01
  -2.05946684668605115576e+01
  -2.05462586314630399897e+01
  -2.05071264350414068645e+01
  -2.04586957652721537215e+01
  -2.04012781481635521175e+01
  -2.03352325263483422191e+01
  -2.02699292439645262220e+01
  -2.02157639576693028971e+01
  -2.01522788760894968618e+01
  -2.00798867111584371514e+01
  -1.99990410801462026313e+01
  -1.99166049995095377767e+01
  -1.98497526364168486168e+01
  -1.97731660386179406430e+01
  -1.96873694165373507303e+01
  -1.95929246673848318494e+01
  -1.94941835001268124472e+01
  -1.94188887424795666448e+01
  -1.93330684196116671103e+01
  -1.92373601480704614630e+01
  -1.91324407115511831989e+01
  -1.90190123876536851810e+01
</dep>
<dep coupled frequency>
  -3.72037166059181743094e+01
  -3.53506802542737688100e+01
  -3.37998013054739274708e+01
  -3.24721624167101339253e+01
  -3.13141204093613190196e+01
  -3.02885042281028162847e+01
  -2.94330910141426436155e+01
  -2.86421898873265945440e+01
  -2.79033012238648048253e+01
  -2.72123409475856163908e+01
  -2.65649933481966655791e+01
  -2.60184463619977570659e+01
  -2.55028644068407359669e+01
  -2.50020046860134073086e+01
  -2.45171859848513697955e+01
  -2.40489719774581516276e+01
  -2.36518296929711695498e+01
  -2.32804294767068142846e+01
  -2.29102572540754749753e+01
  -2.25434057945900008235e+01
  -2.21814416405203438387e+01
  -2.18716578331626188003e+01
  -2.15898219846384300524e+01
  -2.13030919517466834634e+01
  -2.10134784411948061233e+01
  -2.07226696257673701496e+01
  -2.04696759716344978131e+01
  -2.02493255547990642640e+01
  -2.00209304069698177386e+01
  -1.97862468330059293464e+01
  -1.95468467912244818763e+01
  -1.93333625442309262610e+01
  -1.91582104328992954834e+01
  -1.89732497232858996483e+01
  -1.87799698785747537499e+01
  -1.85797673848512481243e+01
  -1.83951122236271906729e+01
  -1.82550191006267539251e+01
  -1.81040602129206433801e+01
  -1.79434831062826241066e+01
  -1.77745039270525424513e+01
  -1.76116718497353446082e+01
  -1.75000904470047018435e+01
  -1.73769703917171938201e+01
  -1.72433459176760131015e+01
  -1.71002627495890706655e+01
  -1.69544865668832969163e+01
  -1.68671106980700997724e+01
  -1.67677492042604896483e+01
  -1.66572462456858723101e+01
  -1.65364883642246489615e+01
  -1.64063847578055650445e+01
  -1.63384431641439960003e+01
  -1.62601350995265363508e+01
  -1.61702156841697366474e+01
  -1.60694206033426958413e+01
  -1.59585327977774849018e+01
  -1.59022870526354012100e+01
  -1.58432229707356064807e+01
  -1.57722080482556670233e+01
  -1.56898321222535663821e+01
  -1.55967515815423691805e+01
  -1.55507357225515203680e+01
  -1.55096559710482821970e+01
  -1.54564027991483499136e+01
  -1.53914231281712936550e+01
  -1.53152452033736992121e+01
  -1.52783644250635486372e+01
  -1.52543168690451231839e+01
  -1.52179869100935718507e+01
  -1.51696810342258192605e+01
  -1.51097976044141297791e+01
  -1.50812216918208026328e+01
  -1.50733911440691521477e+01
  -1.50532797034780081447e+01
  -1.50210569936624249721e+01
  -1.49769910033448638842e+01
  -1.49560900617728886886e+01
  -1.49637073192070459982e+01
  -1.49591475628383481222e+01
  -1.49424490386324784197e+01
  -1.49137510146067562289e+01
  -1.49000535173256203336e+01
  -1.49223723382667117221e+01
  -1.49327051513828195084e+01
  -1.49309661593234732635e+01
  -1.49171698348549632840e+01
  -1.49103333193080764829e+01
  -1.49466712085096347096e+01
  -1.49712800045188743070e+01
  -1.49839580995873529190e+01
  -1.49846005862015942967e+01
  -1.49843938854637244162e+01
  -1.50342176460847234409e+01
  -1.50726115511171609995e+01
  -1.50992657893988599938e+01
  -1.51139614964457855706e+01
  -1.51202626935160484578e+01
  -1.51833120152273863823e+01
  -1.52352522782235908494e+01
  -1.52756706569088791525e+01
  -1.53042378312502371784e+01
  -1.53207166962357916873e+01
  -1.53934839823078917220e+01
  -1.54591290636777181078e+01
  -1.55134794348815638898e+01
  -1.55560949202468350450e+01
  -1.55866212711585401252e+01
  -1.56661453344887942052e+01
  -1.57461994402637888157e+01
  -1.58151913126503380624e+01
  -1.58725639209166669019e+01
  -1.59178379967620227120e+01
  -1.60052997455312748798e+01
  -1.61011582642489088357e+01
  -1.61862055296535238824e+01
  -1.62597547312510144479e+01
  -1.63211858605730775196e+01
  -1.64183054933631424888e+01
  -1.65321961211217463017e+01
  -1.66355820209881883898e+01
  -1.67276259886719103065e+01
  -1.68075419367658653869e+01
  -1.69167077349428716104e+01
  -1.70518323444785480092e+01
  -1.71768815903900886610e+01
  -1.72908396185292048131e+01
  -1.73927179097232986749e+01
  -1.75172049518050805261e+01
  -1.76779374453017581459e+01
  -1.78292547114369810402e+01
  -1.79699274745886796723e+01
  -1.80987163753650186493e+01
  -1.82430566368497437679e+01
  -1.84352828734896156959e+01
  -1.86191516178134932602e+01
  -1.87931817620020282789e+01
  -1.89558220707282316653e+01
  -1.91264315763733776521e+01
  -1.93581872929654892346e+01
  -1.95833051767400299070e+01
  -1.98000166361950356020e+01
  -2.00063853067581476353e+01
  -2.02126699856141698319e+01
  -2.04954594573405479707e+01
  -2.07744473602029628978e+01
  -2.10475592543451739402e+01
  -2.13123907027775807421e+01
  -2.15688417576902651263e+01
  -2.19204354117762960641e+01
  -2.22730681189324108971e+01
  -2.26243983479075758680e+01
  -2.29714722179453971762e+01
  -2.33106401463937906726e+01
  -2.37528633666949815506e+01
  -2.42136613567689771287e+01
  -2.46820019631211273747e+01
  -2.51543470401251454405e+01
  -2.56256518784251454690e+01
  -2.62123926345458073683e+01
  -2.68511102951637923297e+01
  -2.75168946388233237599e+01
  -2.82057280086467656588e+01
  -2.89095299636997609127e+01
  -2.97711669004601198196e+01
  -3.07600976065358331368e+01
  -3.18282173934175744989e+01
  -3.29668780906636413874e+01
  -3.41423503700838963937e+01
  -3.56017796826986199221e+01
  -3.73810543009949398652e+01
  -3.91666830571396289429e+01
  -4.04349535468049552378e+01
  -4.04230291277825060092e+01
  -3.97107197748232749746e+01
  -3.85284704543987857051e+01
  -3.68718252591984665401e+01
  -3.51941328142871654450e+01
  -3.36548940880979898793e+01
  -3.23897699463596921987e+01
  -3.13370202582685486448e+01
  -3.03273739952055478852e+01
  -2.93782646392804593916e+01
  -2.84936956505522900329e+01
  -2.77140326669496452894e+01
  -2.70546159232885301549e+01
  -2.64089130229134383399e+01
  -2.57834743506562169557e+01
  -2.51817030492697533361e+01
  -2.46268491250674870230e+01
  -2.41637765317652295494e+01
  -2.37001497589358862683e+01
  -2.32406308775168746195e+01
  -2.27885031342009156674e+01
  -2.23557802846240534222e+01
  -2.20078596986044097150e+01
  -2.16526886286125908043e+01
  -2.12939442156296721009e+01
  -2.09345741216203791168e+01
  -2.05768915040056441512e+01
</dep>
<dep through frequency>
  -1.24864304116990856852e-01
  -1.52932972864603111685e-01
  -1.68323165110609906936e-01
  -1.70899380802827793868e-01
  -1.60638828849088477480e-01
  -1.37632095213588517835e-01
  -1.61098325801523944989e-01
  -1.78711172770982779090e-01
  -1.83571491932947750136e-01
  -1.75636453166255729341e-01
  -1.54975924157526062652e-01
  -1.73636923876020254909e-01
  -1.93170802566798527344e-01
  -2.00031942898546671872e-01
  -1.94160210825098794585e-01
  -1.75607082406741332736e-01
  -1.89262525412037141415e-01
  -2.10369876089670337915e-01
  -2.18892378195518322315e-01
  -2.14755799874090769208e-01
  -1.97996213439754265018e-01
  -2.06460358266160909357e-01
  -2.28801291709320175904e-01
  -2.38643011529413640037e-01
  -2.35900326177462371646e-01
  -2.20597021921142305567e-01
  -2.23706431198371663571e-01
  -2.46994810545844045713e-01
  -2.57858755259118943570e-01
  -2.56204741554914350310e-01
  -2.42047043368189773727e-01
  -2.39665739807960076480e-01
  -2.63702486860000195890e-01
  -2.75373026157832045957e-01
  -2.74577320978981520572e-01
  -2.61322211767369194657e-01
  -2.53346930905605893791e-01
  -2.78034627215797025546e-01
  -2.90395365825251605685e-01
  -2.90323493307093116744e-01
  -2.77819626014917220314e-01
  -2.64183005707467222223e-01
  -2.89522802014522295799e-01
  -3.02556800151482452321e-01
  -3.03173745121484372600e-01
  -2.91368351565327088348e-01
  -2.72040953783135419641e-01
  -2.98116261235288448894e-01
  -3.11892161362375963662e-01
  -3.13251082755652388023e-01
  -3.02181380542627497920e-01
  -2.78777667114452731845e-01
  -3.04122022836469163565e-01
  -3.18766826464670027796e-01
  -3.20983937274327280065e-01
  -3.10754334042324664722e-01
  -2.88165591508331542236e-01
  -3.08095860608299965122e-01
  -3.23764595968181800867e-01
  -3.26989835648066051732e-01
  -3.17743863707023954657e-01
  -2.96106007078637656349e-01
  -3.10717357236080571337e-01
  -3.27559271329019019436e-01
  -3.31942501681434853911e-01
  -3.23829318215108408197e-01
  -3.03289488137416296532e-01
  -3.12651576385012675008e-01
  -3.30782839797681693650e-01
  -3.36445703629895120912e-01
  -3.29591359616724366433e-01
  -3.10278866571499500893e-01
  -3.14433947780053624221e-01
  -3.33917202022630088543e-01
  -3.40930858354182686476e-01
  -3.35414425702731333612e-01
  -3.17415501012677792048e-01
  -3.16377649462538879099e-01
  -3.37212031921577060078e-01
  -3.45585182882263475257e-01
  -3.41424891218944814852e-01
  -3.24767076279397770566e-01
  -3.18522650855047106955e-01
  -3.40645953930079847805e-01
  -3.50324716546430714459e-01
  -3.47475529781626324421e-01
  -3.32122992048979048807e-01
  -3.20630582707494560246e-01
  -3.43930701095963353708e-01
  -3.54808070735448455313e-01
  -3.53169064348891170724e-01
  -3.39027824643361341828e-01
  -3.22218256369391220506e-01
  -3.46555083317761913886e-01
  -3.58491401037301649080e-01
  -3.57924598090717083210e-01
  -3.44859561885396070924e-01
  -3.22637479721028741508e-01
  -3.47869099768000511474e-01
  -3.60717764103473725879e-01
  -3.61073124086411345601e-01
  -3.48932116965346483806e-01
  -3.24399053365643119662e-01
  -3.47191307142755201109e-01
  -3.60829766820401631744e-01
  -3.61975288925149907282e-01
  -3.50617998042522804880e-01
  -3.26855536944246127806e-01
  -3.43937087314680201011e-01
  -3.58294369283196134646e-01
  -3.60145667548315617790e-01
  -3.49475001546356134341e-01
  -3.26374264296336202840e-01
  -3.37736593256000861007e-01
  -3.52817671840002511363e-01
  -3.55363294358172987497e-01
  -3.45351429391589581641e-01
  -3.22868553016833148561e-01
  -3.28539097758810683114e-01
  -3.44438726038050757605e-01
  -3.47756490056131517541e-01
  -3.38463561188122485923e-01
  -3.16640558328326937598e-01
  -3.16681266947672568346e-01
  -3.33585581277169251901e-01
  -3.37847026691413310218e-01
  -3.29428381778955614578e-01
  -3.08403097101310696981e-01
  -3.02908193644751300155e-01
  -3.21080977396880962171e-01
  -3.26540500387767995694e-01
  -3.19238788399256734341e-01
  -2.99239971822398198587e-01
  -2.88333703829823873033e-01
  -3.08088850543074055377e-01
  -3.15058657744273162837e-01
  -3.09181494305175219584e-01
  -2.90509344747914510787e-01
  -2.74343350067741575948e-01
  -2.96004348837195840893e-01
  -3.04815634783368372140e-01
  -3.00698838449637018133e-01
  -2.83690621509064488937e-01
  -2.62439757592568156941e-01
  -2.86291054100320019327e-01
  -2.97245548122903990862e-01
  -2.95205354797631658315e-01
  -2.80188747976787666527e-01
  -2.54042781539539741509e-01
  -2.80283826787697587513e-01
  -2.93606329673649468770e-01
  -2.93890907469226581039e-01
  -2.81135000778533983290e-01
  -2.55452949808371077012e-01
  -2.78993717028455323614e-01
  -2.94791635482046732175e-01
  -2.97537740551182816606e-01
  -2.87207286379071946580e-01
  -2.63893174678074771133e-01
  -2.82939775150873817910e-01
  -3.01181487645233225692e-01
  -3.06388383103610772995e-01
  -2.98513556723835504769e-01
  -2.77627895983433070626e-01
  -2.92051876675830990315e-01
  -3.12570838193316546949e-01
  -3.20099540008975003147e-01
  -3.14570327552736450638e-01
  -2.96032914124061630190e-01
  -3.05674112028273770036e-01
  -3.28198276611199379893e-01
  -3.37796487678842627389e-01
  -3.34382840501026568081e-01
  -3.17987938067616271454e-01
  -3.22668790235002722611e-01
  -3.46870466374433195078e-01
  -3.58219758690178635696e-01
  -3.56615584013656949924e-01
  -3.42072267318608902453e-01
  -3.41610160780088101262e-01
  -3.67165029596985603710e-01
  -3.79939268807608421241e-01
  -3.79819658710264240753e-01
  -3.66807263019240437085e-01
  -3.61026186021692674366e-01
  -3.87670623602814456987e-01
  -4.01594921967599494117e-01
  -4.02676179528959343745e-01
  -3.90904814274705192378e-01
  -3.79647903797158181582e-01
  -4.07220890380971090039e-01
  -4.22116899985982785282e-01
  -4.24204833164430972214e-01
  -4.13466230377944665708e-01
  -3.96609599375892907247e-01
  -4.25072144967322707032e-01
  -4.40881683471661234286e-01
  -4.43899270496141973297e-01
  -4.34098251623865505344e-01
  -4.11565042532856806279e-01
</dep>
<dep RL frequency>
  -3.36657275288829964666e+01
  -3.23080288897482290622e+01
  -3.11255025072910527228e+01
  -3.00797799069747213707e+01
  -2.91433756213773307309e+01
  -2.82961018899421468120e+01
  -2.75383558503650185401e+01
  -2.68397206871289206731e+01
  -2.61905567698267702781e+01
  -2.55846455743035576802e+01
  -2.50168100989926571742e+01
  -2.45423013459139625070e+01
  -2.40993254702820927093e+01
  -2.36708415372748213201e+01
  -2.32567440766264788010e+01
  -2.28567257933234628808e+01
  -2.25373043656983220728e+01
  -2.22487420160104605316e+01
  -2.19602670968814130958e+01
  -2.16730167039157741726e+01
  -2.13879094141137251484e+01
  -2.11684068106154441580e+01
  -2.09872500801032835227e+01
  -2.07996411577589093156e+01
  -2.06066915865904363159e+01
  -2.04094234597547128374e+01
  -2.02627112141781928756e+01
  -2.01646039807223296236e+01
  -2.00571068764195139522e+01
  -1.99409545636851532890e+01
  -1.98168934295576413263e+01
  -1.97288723992409664731e+01
  -1.97006019858642105191e+01
  -1.96619687239338283291e+01
  -1.96132482012000295413e+01
  -1.95547798958937804059e+01
  -1.95186174957369260596e+01
  -1.95534488671162129947e+01
  -1.95782443340969543044e+01
  -1.95928299104466638880e+01
  -1.95971021655957855501e+01
  -1.96109344585376348391e+01
  -1.97066817404049388074e+01
  -1.97938079296014386443e+01
  -1.98717427383594653634e+01
  -1.99399526246075140534e+01
  -2.00062798047137171409e+01
  -2.01647494869207690726e+01
  -2.03171872782160214399e+01
  -2.04627262089838524162e+01
  -2.06004656930566696360e+01
  -2.07294829235871773676e+01
  -2.09543286086752011954e+01
  -2.11799812391801580702e+01
  -2.14028060754412763345e+01
  -2.16216995713928312739e+01
  -2.18354210671404374011e+01
  -2.21323357153850892587e+01
  -2.24465325868221015071e+01
  -2.27649492883587356573e+01
  -2.30867107812376417542e+01
  -2.34106734106364022807e+01
  -2.38063867877324852884e+01
  -2.42379590083638127851e+01
  -2.46866495114543269551e+01
  -2.51530688419038206405e+01
  -2.56376152719083059139e+01
  -2.61861498033148194509e+01
  -2.67929734017678633506e+01
  -2.74433991067897800065e+01
  -2.81437880193050737887e+01
  -2.89018700276477815692e+01
  -2.97281139007453312217e+01
  -3.06397113366296700576e+01
  -3.16564763858322493206e+01
  -3.28052359326903228975e+01
  -3.41241957285659438526e+01
  -3.55260763518918878390e+01
  -3.68957104360789855946e+01
  -3.82830626781228602340e+01
  -3.94888267900561800161e+01
  -4.01600511119836056650e+01
  -3.96814123018686757405e+01
  -3.82140458103917453059e+01
  -3.67305607677038352676e+01
  -3.53476530343813948321e+01
  -3.40929464671557909128e+01
  -3.29531882908554649703e+01
  -3.19148045999102727421e+01
  -3.09873695801200774724e+01
  -3.01494522160630005203e+01
  -2.93852863778782591453e+01
  -2.86961286681532428133e+01
  -2.81220563674143910760e+01
  -2.75788817623430944082e+01
  -2.70640120499480651972e+01
  -2.65750567080075583704e+01
  -2.61157293994102701618e+01
  -2.57781957831645200940e+01
  -2.54455891934474642824e+01
  -2.51186401173932658537e+01
  -2.47978625631400504403e+01
  -2.44835988516104663404e+01
  -2.42891733037566801556e+01
  -2.40964676557424510861e+01
  -2.38999950218734689145e+01
  -2.37006088453340346689e+01
  -2.34990760764378947556e+01
  -2.34029931750385102873e+01
  -2.33188441803290302801e+01
  -2.32271244793930655703e+01
  -2.31283380466150454424e+01
  -2.30229999969027687712e+01
  -2.30088989638326495424e+01
  -2.30205310131815643615e+01
  -2.30240011397822357253e+01
  -2.30192897716221445137e+01
  -2.30064234726594882829e+01
  -2.30710439272309706382e+01
  -2.31775318805074128647e+01
  -2.32779665765019636581e+01
  -2.33718579374743065102e+01
  -2.34587226039084839613e+01
  -2.36102046396001199469e+01
  -2.38216694994264024388e+01
  -2.40326048214447816065e+01
  -2.42423922948476864292e+01
  -2.44503266819327116366e+01
  -2.47120543415334736892e+01
  -2.50534870286219870650e+01
  -2.54057212007658819175e+01
  -2.57691106444697446420e+01
  -2.61439481086072298410e+01
  -2.65672781176832906169e+01
  -2.70883214177258224709e+01
  -2.76425228158561679948e+01
  -2.82343748628900925723e+01
  -2.88693457868739535854e+01
  -2.95619559917870553534e+01
  -3.03356232665071878785e+01
  -3.11691843170123092932e+01
  -3.20678836661395436636e+01
  -3.30346212083270103221e+01
  -3.40218440389061456131e+01
  -3.46356115167286517931e+01
  -3.50124527826925557861e+01
  -3.50813294789216243430e+01
  -3.48277623495130157494e+01
  -3.42869803759968334589e+01
  -3.30630594592794722075e+01
  -3.19084711819706825509e+01
  -3.08409852554426251459e+01
  -2.98605615008812605993e+01
  -2.89605054990500008216e+01
  -2.80068320814273903352e+01
  -2.71377951939414501226e+01
  -2.63478514544302733213e+01
  -2.56237975438215137558e+01
  -2.49554830247547663191e+01
  -2.43262147395001377959e+01
  -2.37332871205224478217e+01
  -2.31745180097299936506e+01
  -2.26466297514348582354e+01
  -2.21467115720977147930e+01
  -2.17013270741792219098e+01
  -2.12810719159644179399e+01
  -2.08731026170854541135e+01
  -2.04775369119082064628e+01
  -2.00942786331195257787e+01
  -1.97637929299953505335e+01
  -1.94611600347799367228e+01
  -1.91598104542010396756e+01
  -1.88608117852933006020e+01
  -1.85650049161036037049e+01
  -1.83141904074675707648e+01
  -1.80992096248785436785e+01
  -1.78796672495494810562e+01
  -1.76567246657681522493e+01
  -1.74314108359314303698e+01
  -1.72408057659425679731e+01
  -1.70959519957654322297e+01
  -1.69434397793769164764e+01
  -1.67842124716477343327e+01
  -1.66191713533224501020e+01
  -1.64775812281811582238e+01
  -1.63921104445028191776e+01
  -1.62975320592062793423e+01
  -1.61944648386353016178e+01
  -1.60835475340613314188e+01
  -1.59846854186187492530e+01
  -1.59519474130951888213e+01
  -1.59097681086740152523e+01
  -1.58584222490349340262e+01
  -1.57982359711125148749e+01
  -1.57391488368829577382e+01
  -1.57552219222093867756e+01
  -1.57623840673675346125e+01
  -1.57605911028738514545e+01
  -1.57498541019872035918e+01
  -1.57302391536962833385e+01
</dep>
<dep S[4,4] frequency>
  +1.47937999999999993117e-02+j1.45770100000000013551e-02
  +1.66275235400584371626e-02+j1.77041286281372257927e-02
  +1.84612470801168784829e-02+j2.08312472562744502302e-02
  +2.02949706201753163337e-02+j2.39583658844116642594e-02
  +2.21286941602337576540e-02+j2.70854845125488956359e-02
  +2.39624177002921955049e-02+j3.02126031406861166040e-02
  +2.67731276719067184944e-02+j3.24606544625421350458e-02
  +2.96954919724949223392e-02+j3.46082420859932585189e-02
  +3.26178562730831261840e-02+j3.67558297094443681141e-02
  +3.55402205736713369677e-02+j3.89034173328954985260e-02
  +3.84625848742595477514e-02+j4.10510049563465942435e-02
  +4.18711109178060564284e-02+j4.21495376421634621034e-02
  +4.54050995787267236414e-02+j4.29773431879878070605e-02
  +4.89390882396473839155e-02+j4.38051487338121381399e-02
  +5.24730769005680580674e-02+j4.46329542796364414636e-02
  +5.60070655614887252804e-02+j4.54607598254607864208e-02
  +5.95739005665567589176e-02+j4.52908242570430608076e-02
  +6.31553340110293931486e-02+j4.46774462424166241004e-02
  +6.67367674555019996241e-02+j4.40640682277902151487e-02
  +7.03182008999746199773e-02+j4.34506902131637784414e-02
  +7.38996343444472403306e-02+j4.28373121985373694898e-02
  +7.71809523480457837508e-02+j4.14374344372884784171e-02
  +8.02534944826329144085e-02+j3.94904266530052561190e-02
  +8.33260366172200173107e-02+j3.75434188687220893321e-02
  +8.63985787518071202129e-02+j3.55964110844388947896e-02
  +8.94711208863942231151e-02+j3.36494033001556724916e-02
  +9.20707118517511691191e-02+j3.12029951911875491621e-02
  +9.41724617636372773877e-02+j2.82309049401294753778e-02
  +9.62742116755233440228e-02+j2.52588146890714293491e-02
  +9.83759615874094384136e-02+j2.22867244380133555648e-02
  +1.00477711499295560560e-01+j1.93146341869552817805e-02
  +1.02089807054539488673e-01+j1.61224432196434286357e-02
  +1.02918449434705461254e-01+j1.25780883174112234624e-02
  +1.03747091814871419957e-01+j9.03373341517901828901e-03
  +1.04575734195037406415e-01+j5.48937851294681311565e-03
  +1.05404376575203365118e-01+j1.94502361071460794228e-03
  +1.05844117265082623969e-01-j1.61305971721845131661e-03
  +1.05293922307128154370e-01-j5.20608827251697880989e-03
  +1.04743727349173698649e-01-j8.79911682781550630317e-03
  +1.04193532391219201294e-01-j1.23921453831140615520e-02
  +1.03643337433264731695e-01-j1.59851739384125890453e-02
  +1.02863214276005143777e-01-j1.94943676133634558045e-02
  +1.01032050233956449681e-01-j2.26203377990552567667e-02
  +9.92008861919078110958e-02-j2.57463079847470577288e-02
  +9.73697221498591169997e-02-j2.88722781704388864465e-02
  +9.55385581078104506592e-02-j3.19982483561306874087e-02
  +9.36303942677783607174e-02-j3.50548729944390735636e-02
  +9.07983547953387370999e-02-j3.72794608856225340165e-02
  +8.79663153228991412380e-02-j3.95040487768059944695e-02
  +8.51342758504595176205e-02-j4.17286366679894549225e-02
  +8.23022363780199495142e-02-j4.39532245591729153755e-02
  +7.94701969055803536524e-02-j4.61778124503563758285e-02
  +7.60692549555903596570e-02-j4.72384247496454301452e-02
  +7.26533481278132386993e-02-j4.82684188794463009398e-02
  +6.92374413000361454973e-02-j4.92984130092471717344e-02
  +6.58215344722590245397e-02-j5.03284071390480425290e-02
  +6.24056276444819313376e-02-j5.13584012688489133236e-02
  +5.89084528981629329536e-02-j5.12482115417757788656e-02
  +5.53993282121658103812e-02-j5.09703649021578109046e-02
  +5.18902035261686878087e-02-j5.06925182625398429437e-02
  +4.83810788401715097251e-02-j5.04146716229218749827e-02
  +4.48719541541743871527e-02-j5.01368249833039070218e-02
  +4.16691857636252716013e-02-j4.89142251152696050376e-02
  +3.85583177920708064512e-02-j4.74082192300320226508e-02
  +3.54474498205163968123e-02-j4.59022133447944263862e-02
  +3.23365818489619316622e-02-j4.43962074595568439994e-02
  +2.92257138774075220233e-02-j4.28902015743192616126e-02
  +2.66602887510614672273e-02-j4.07371456343028764957e-02
  +2.43675684339131337630e-02-j3.82605843751133711805e-02
  +2.20748481167648002987e-02-j3.57840231159238519876e-02
  +1.97821277996164668345e-02-j3.33074618567343605502e-02
  +1.74894074824680778590e-02-j3.08309005975448413572e-02
  +1.58199943557277289408e-02-j2.80292957963858974102e-02
  +1.46321991384462113395e-02-j2.49765358768912620890e-02
  +1.34444039211646382270e-02-j2.19237759573966128901e-02
  +1.22566087038830651146e-02-j1.88710160379019775689e-02
  +1.10688134866014920021e-02-j1.58182561184073353089e-02
  +1.04428581014987531539e-02-j1.27162978103135537733e-02
  +1.04723413235960904899e-02-j9.55694498966828259734e-03
  +1.05018245456934833371e-02-j6.39759216902301142138e-03
  +1.05313077677908761842e-02-j3.23823934837774024542e-03
  +1.05607909898882690314e-02-j7.88865277324656000157e-05
  +1.09997243541539169165e-02+j2.94916732807069641165e-03
  +1.21697657487167543167e-02+j5.74277572231546643011e-03
  +1.33398071432795917168e-02+j8.53638411656020869300e-03
  +1.45098485378424291170e-02+j1.13299925108049787115e-02
  +1.56798899324053220283e-02+j1.41236009050497504647e-02
  +1.70778697225147935157e-02+j1.67201548009465392197e-02
  +1.91368094894402429595e-02+j1.87453037067045885644e-02
  +2.11957492563657479145e-02+j2.07704526124625893369e-02
  +2.32546890232911973584e-02+j2.27956015182205970482e-02
  +2.53136287902166468022e-02+j2.48207504239786047595e-02
  +2.74499255343891301884e-02+j2.66858239169854571937e-02
  +3.00116243988933217857e-02+j2.76706093943439868088e-02
  +3.25733232633975688941e-02+j2.86553948717025303017e-02
  +3.51350221279018160025e-02+j2.96401803490610737946e-02
  +3.76967209924060075998e-02+j3.06249658264196034096e-02
  +4.02605916923904905147e-02+j3.15512472847163522038e-02
  +4.28646250154343100291e-02+j3.13956443708298116313e-02
  +4.54686583384780740325e-02+j3.12400414569432710588e-02
  +4.80726916615218935469e-02+j3.10844385430567304862e-02
  +5.06767249845657130614e-02+j3.09288356291702037915e-02
  +5.32807583076094770647e-02+j3.07732327152836493411e-02
  +5.54849387974682972668e-02+j2.96185804641196925857e-02
  +5.76674968308280022633e-02+j2.84099035842851066480e-02
  +5.98500548641877072598e-02+j2.72012267044505207103e-02
  +6.20326128975474122562e-02+j2.59925498246159625282e-02
  +6.42151709309071172527e-02+j2.47838729447813765905e-02
  +6.57060658035535372079e-02+j2.29066423467637891864e-02
  +6.70711856298881192728e-02+j2.09078390242718736847e-02
  +6.84363054562227013378e-02+j1.89090357017799581829e-02
  +6.98014252825572834027e-02+j1.69102323792880704367e-02
  +7.11665451088918377121e-02+j1.49114290567961549350e-02
  +7.17262971106825686363e-02+j1.26237141516644946204e-02
  +7.20083102838141309032e-02+j1.02363653126916476221e-02
  +7.22903234569457486813e-02+j7.84901647371880062387e-03
  +7.25723366300773387039e-02+j5.46166763474595362560e-03
  +7.28543498032089564820e-02+j3.07431879577310662732e-03
  +7.23844275937007286537e-02+j7.47265638050498282041e-04
  +7.14933910801982541727e-02-j1.54601949328345145140e-03
  +7.06023545666957519362e-02-j3.83930462461742894043e-03
  +6.97113180531932774553e-02-j6.13258975595137867387e-03
  +6.88202815396908029744e-02-j8.42587488728532840732e-03
  +6.73558180264520189873e-02-j1.04036138216531959255e-02
  +6.53998147629460818697e-02-j1.21108675871577642358e-02
  +6.34438114994401169966e-02-j1.38181213526623325460e-02
  +6.14878082359341660013e-02-j1.55253751181669008563e-02
  +5.95318049724282288837e-02-j1.72326288836714691666e-02
  +5.72427776538157601083e-02-j1.84997296929806098742e-02
  +5.45227524755930170741e-02-j1.91971870212485073992e-02
  +5.18027272973702601622e-02-j1.98946443495163771686e-02
  +4.90827021191474893724e-02-j2.05921016777842469381e-02
  +4.63626769409247393994e-02-j2.12895590060521444631e-02
  +4.35409886849574268020e-02-j2.15564515223045927161e-02
  +4.05159618867004939213e-02-j2.09621619537848080661e-02
  +3.74909350884435749185e-02-j2.03678723852650511716e-02
  +3.44659082901866281601e-02-j1.97735828167452942772e-02
  +3.14408814919297091572e-02-j1.91792932482255096271e-02
  +2.84732679782217709685e-02-j1.82680279358504171761e-02
  +2.56970455523492860572e-02-j1.63001024287053319917e-02
  +2.29208231264767942070e-02-j1.43321769215602468073e-02
  +2.01446007006043092957e-02-j1.23642514144151616229e-02
  +1.73683782747318243844e-02-j1.03963259072700625607e-02
  +1.46961875793701120946e-02-j8.27141298864667029456e-03
  +1.27314851583099335891e-02-j5.07887625670655484811e-03
  +1.07667827372497516142e-02-j1.88633952476643940166e-03
  +8.80208031618957137399e-03+j1.30619720717368992258e-03
  +6.83737789512939286851e-03+j4.49873393911380536903e-03
  +4.90565303720583850700e-03+j7.71308807267828688836e-03
  +4.22759811490768314113e-03+j1.17568491692924270708e-02
  +3.54954319260953124471e-03+j1.58006102659065811311e-02
  +2.87148827031137587884e-03+j1.98443713625207317219e-02
  +2.19343334801322398242e-03+j2.38881324591348823128e-02
  +1.51537842571507208600e-03+j2.79318935557490329036e-02
  +2.29989922348995332047e-03+j3.22542093885373401529e-02
  +3.20631741852350944655e-03+j3.65997411799031807655e-02
  +4.11273561355706730736e-03+j4.09452729712690075004e-02
  +5.01915380859062169872e-03+j4.52908047626348481129e-02
  +5.92557200362417869216e-03+j4.96363365540006817866e-02
  +8.17884136154100292726e-03+j5.37040628680695714126e-02
  +1.07267510775024780406e-02+j5.77110157963678371829e-02
  +1.32746607934639514192e-02+j6.17179687246660960143e-02
  +1.58225705094254230632e-02+j6.57249216529643548457e-02
  +1.83704802253868981765e-02+j6.97318745812626067382e-02
  +2.19494832005063464364e-02+j7.30476522755662410757e-02
  +2.59335731090633049567e-02+j7.60918870676929176566e-02
  +2.99176630176202669464e-02+j7.91361218598195803597e-02
  +3.39017529261772254667e-02+j8.21803566519462708184e-02
  +3.78858428347341874565e-02+j8.52245914440729473993e-02
  +4.24825320756266819333e-02+j8.73683648432038162390e-02
  +4.74621060064391100952e-02+j8.89493350150970529810e-02
  +5.24416799372516492794e-02+j9.05303051869902619675e-02
  +5.74212538680639109079e-02+j9.21112753588834293206e-02
  +6.24008277988765402977e-02+j9.36922455307766938182e-02
  +6.75800972303393227003e-02+j9.43733502836441584538e-02
  +7.29490813411259597654e-02+j9.41995650722984023684e-02
  +7.83180654519123747859e-02+j9.40257798609526185274e-02
  +8.36870495626987898063e-02+j9.38519946496068624420e-02
  +8.90560336734852048268e-02+j9.36782094382611202343e-02
  +9.43084794462335229692e-02+j9.27702261043759773829e-02
  +9.93933984739218262527e-02+j9.08068147991571567035e-02
  +1.04478317501610157292e-01+j8.88434034939383499019e-02
  +1.09563236529298488331e-01+j8.68799921887195569781e-02
  +1.14648155556986791614e-01+j8.49165808835007640543e-02
  +1.19450430964558484970e-01+j8.24717615035280848801e-02
  +1.23616748900254577737e-01+j7.89437580699595409239e-02
  +1.27783066835950670503e-01+j7.54157546363910247234e-02
  +1.31949384771646804904e-01+j7.18877512028224530116e-02
  +1.36115702707342883793e-01+j6.83597477692539368110e-02
  +1.39991157205204469482e-01+j6.46024549586124152700e-02
  +1.42739501484684033761e-01+j5.99566544627511965881e-02
  +1.45487845764163570284e-01+j5.53108539668899501507e-02
  +1.48236190043643134562e-01+j5.06650534710286759577e-02
  +1.50984534323122698840e-01+j4.60192529751674850313e-02
  +1.53557503463001510102e-01+j4.13201442659553164205e-02
  +1.54595922770401267288e-01+j3.61545834127642573552e-02
  +1.55634342077800913451e-01+j3.09890225595731982899e-02
  +1.56672761385200587370e-01+j2.58234617063821392247e-02
  +1.57711180692600316799e-01+j2.06579008531910801594e-02
  +1.58749599999999990718e-01+j1.54923399999999933385e-02
</dep>
<dep S[4,3] frequency>
  +9.73778000000000032443e-01-j1.53016199999999991110e-01
  +9.64104136216696883110e-01-j1.89471173268936171619e-01
  +9.54430272433393844800e-01-j2.25926146537872352127e-01
  +9.44756408650090584445e-01-j2.62381119806808560391e-01
  +9.35082544866787546134e-01-j2.98836093075744713143e-01
  +9.25408681083484174756e-01-j3.35291066344680921407e-01
  +9.09504855844152526601e-01-j3.69296399116372797700e-01
  +8.92889043064935661320e-01-j4.03021776141380350111e-01
  +8.76273230285718685018e-01-j4.36747153166387902523e-01
  +8.59657417506501708715e-01-j4.70472530191395510446e-01
  +8.43041604727284732412e-01-j5.04197907216403118369e-01
  +8.21509504227832310086e-01-j5.34712912411258844969e-01
  +7.98708668921334297153e-01-j5.64399424499881452455e-01
  +7.75907833614836395242e-01-j5.94085936588504059941e-01
  +7.53106998308338271286e-01-j6.23772448677126778449e-01
  +7.30306163001840258353e-01-j6.53458960765749385935e-01
  +7.03908239870976393249e-01-j6.79597514119252732456e-01
  +6.75911604006623423224e-01-j7.04159189986111044846e-01
  +6.47914968142270564222e-01-j7.28720865852969246212e-01
  +6.19918332277917705220e-01-j7.53282541719827447579e-01
  +5.91921696413564735195e-01-j7.77844217586685648946e-01
  +5.61538364665826184030e-01-j7.98890948899476982525e-01
  +5.29494723452940574404e-01-j8.17492502444456259347e-01
  +4.97451082240055075800e-01-j8.36094055989435203102e-01
  +4.65407441027169577197e-01-j8.54695609534414479924e-01
  +4.33363799814284245127e-01-j8.73297163079393534701e-01
  +3.99954517367501316549e-01-j8.88711639985105272821e-01
  +3.65107724423274215830e-01-j9.00771314757294438991e-01
  +3.30260931479047170622e-01-j9.12830989529483716183e-01
  +2.95414138534820069903e-01-j9.24890664301672993375e-01
  +2.60567345590593080207e-01-j9.36950339073862048522e-01
  +2.25138453491010220864e-01-j9.46363374117141442632e-01
  +1.88778195367031831342e-01-j9.51541752058375212009e-01
  +1.52417937243053414065e-01-j9.56720129999609314453e-01
  +1.16057679119074969032e-01-j9.61898507940843083830e-01
  +7.96974209950965101212e-02-j9.67076885882077186274e-01
  +4.32773331480326428622e-02-j9.70282962903997292514e-01
  +6.70495083385366785755e-03-j9.68468616932012249521e-01
  -2.98674314803252932693e-02-j9.66654270960027095505e-01
  -6.64398137945042543961e-02-j9.64839924988042163534e-01
  -1.03012196108683035112e-01-j9.63025579016056898496e-01
  -1.39391412084562738016e-01-j9.59975278459869074688e-01
  -1.74887631891503303461e-01-j9.51275219397914595376e-01
  -2.10383851698443868905e-01-j9.42575160335960005042e-01
  -2.45880071505384795172e-01-j9.33875101274005636753e-01
  -2.81376291312325332861e-01-j9.25175042212051157442e-01
  -3.16693425447071352785e-01-j9.15970032085727803306e-01
  -3.49861815130703246446e-01-j9.00706408870200037065e-01
  -3.83030204814335251129e-01-j8.85442785654672381845e-01
  -4.16198594497967255812e-01-j8.70179162439144615604e-01
  -4.49366984181599149473e-01-j8.54915539223617071407e-01
  -4.82535373865231209667e-01-j8.39651916008089527210e-01
  -5.12279105144017421480e-01-j8.18517247944152370742e-01
  -5.41932751396786982490e-01-j7.97228143096924690703e-01
  -5.71586397649556543499e-01-j7.75939038249696788618e-01
  -6.01240043902326215530e-01-j7.54649933402468886534e-01
  -6.30893690155095554495e-01-j7.33360828555241095472e-01
  -6.56537042696861528057e-01-j7.07474742771761810900e-01
  -6.81590706603824036947e-01-j6.80912699662494569353e-01
  -7.06644370510786545836e-01-j6.54350656553227216783e-01
  -7.31698034417748943703e-01-j6.27788613443959864213e-01
  -7.56751698324711341570e-01-j6.01226570334692733688e-01
  -7.77544462999639307554e-01-j5.71344120850221903751e-01
  -7.97059047886730209775e-01-j5.40465619573612610083e-01
  -8.16573632773821334041e-01-j5.09587118297003205392e-01
  -8.36088217660912347284e-01-j4.78708617020393856212e-01
  -8.55602802548003138483e-01-j4.47830115743784507032e-01
  -8.70927421097764442592e-01-j4.14830911675528990479e-01
  -8.84157184099223503182e-01-j3.80771420805014526589e-01
  -8.97386947100682785816e-01-j3.46711929934500062700e-01
  -9.10616710102141846406e-01-j3.12652439063985543299e-01
  -9.23846473103601018018e-01-j2.78592948193471079410e-01
  -9.33243238777378580906e-01-j2.43457244566617519999e-01
  -9.39678318482619956420e-01-j2.07489971296709430071e-01
  -9.46113398187861553978e-01-j1.71522698026801340143e-01
  -9.52548477893102818470e-01-j1.35555424756893250215e-01
  -9.58983557598344193984e-01-j9.95881514869851602878e-02
  -9.62170159870235686128e-01-j6.33661161764955960241e-02
  -9.61567109998420654904e-01-j2.68468771658008052705e-02
  -9.60964060126605401635e-01+j9.67236184489398548303e-03
  -9.60361010254790370411e-01+j4.61916008555887797060e-02
  -9.59757960382975228164e-01+j8.27108398662835669901e-02
  -9.56641139058054257305e-01+j1.18934621485872166202e-01
  -9.49035765144127907433e-01+j1.54630838821065791366e-01
  -9.41430391230201779607e-01+j1.90327056156259055708e-01
  -9.33825017316275429735e-01+j2.26023273491452708628e-01
  -9.26219643402349412931e-01+j2.61719490826646361548e-01
  -9.16897808931949942490e-01+j2.96863448817810460234e-01
  -9.02598700988638702469e-01+j3.30406003401923831220e-01
  -8.88299593045327906538e-01+j3.63948557986036702605e-01
  -8.74000485102016999583e-01+j3.97491112570149407457e-01
  -8.59701377158705870585e-01+j4.31033667154262112309e-01
  -8.44458139936771989831e-01+j4.64055581322311894166e-01
  -8.24022939283910793584e-01+j4.94214385467119599049e-01
  -8.03587738631049708360e-01+j5.24373189611927359444e-01
  -7.83152537978188512113e-01+j5.54531993756735008816e-01
  -7.62717337325327426889e-01+j5.84690797901542769210e-01
  -7.42006917385662045916e-01+j6.14620275935082838181e-01
  -7.16207010431397228523e-01+j6.40308945561049669415e-01
  -6.90407103477132411129e-01+j6.65997615187016611671e-01
  -6.64607196522867482713e-01+j6.91686284812983442905e-01
  -6.38807289568602776342e-01+j7.17374954438950163116e-01
  -6.13007382614337958948e-01+j7.43063624064917216394e-01
  -5.83013872975374214391e-01+j7.63645328810335088932e-01
  -5.52793589923547434850e-01+j7.83950869135227268458e-01
  -5.22573306871720655309e-01+j8.04256409460119559007e-01
  -4.92353023819893820257e-01+j8.24561949785011849556e-01
  -4.62132740768066985204e-01+j8.44867490109904251128e-01
  -4.29086492606364833247e-01+j8.60005144867355242333e-01
  -3.95526358621679563488e-01+j8.74203048769911839067e-01
  -3.61966224636994238217e-01+j8.88400952672468546822e-01
  -3.28406090652308912947e-01+j9.02598856575024921511e-01
  -2.94845956667623532166e-01+j9.16796760477581629267e-01
  -2.59682801726127399089e-01+j9.26062011964559284039e-01
  -2.23966829613032936130e-01+j9.33626190895203933451e-01
  -1.88250857499938389905e-01+j9.41190369825848582863e-01
  -1.52534885386843899191e-01+j9.48754548756493232275e-01
  -1.16818913273749422355e-01+j9.56318727687137881688e-01
  -8.05300086995000413692e-02+j9.59425546691704655977e-01
  -4.39202387155556150944e-02+j9.60036063399214434355e-01
  -7.31046873161117494178e-03+j9.60646580106724323755e-01
  +2.92993012523332652108e-02+j9.61257096814234102133e-01
  +6.59090712362777053634e-02+j9.61867613521743991534e-01
  +1.02290768794987579904e-01+j9.58679065291360821277e-01
  +1.38476963416106158000e-01+j9.52233971011211322022e-01
  +1.74663158037224763852e-01+j9.45788876731061933789e-01
  +2.10849352658343341949e-01+j9.39343782450912212489e-01
  +2.47035547279461836778e-01+j9.32898688170762824257e-01
  +2.82450211869704814749e-01+j9.23436552978289304505e-01
  +3.16866366632103324541e-01+j9.10069780401130179470e-01
  +3.51282521394501834333e-01+j8.96703007823971276480e-01
  +3.85698676156900399636e-01+j8.83336235246812151445e-01
  +4.20114830919298853917e-01+j8.69969462669653248454e-01
  +4.53494757706220941174e-01+j8.54425937853621531026e-01
  +4.84802102286429725808e-01+j8.34528643340687770191e-01
  +5.16109446866638510443e-01+j8.14631348827754231401e-01
  +5.47416791446847295077e-01+j7.94734054314820581588e-01
  +5.78724136027056079712e-01+j7.74836759801886820753e-01
  +6.09019048794281259163e-01+j7.53586196084740977952e-01
  +6.35938951273063546310e-01+j7.27824417460400940882e-01
  +6.62858853751845833457e-01+j7.02062638836060903813e-01
  +6.89778756230628009583e-01+j6.76300860211720977766e-01
  +7.16698658709410296730e-01+j6.50539081587380940697e-01
  +7.42908659652377734162e-01+j6.24146562711641039733e-01
  +7.64290835372871013575e-01+j5.93464570520361722750e-01
  +7.85673011093364292989e-01+j5.62782578329082405766e-01
  +8.07055186813857572403e-01+j5.32100586137803310827e-01
  +8.28437362534350740795e-01+j5.01418593946523993843e-01
  +8.49653400695404514842e-01+j4.70641288199180329865e-01
  +8.64553579113141679180e-01+j4.36240557058020006487e-01
  +8.79453757530878954540e-01+j4.01839825916859461064e-01
  +8.94353935948616118878e-01+j3.67439094775699082174e-01
  +9.09254114366353283216e-01+j3.33038363634538703284e-01
  +9.24154292784090447554e-01+j2.98637632493378324394e-01
  +9.32457889595568967245e-01+j2.62102846202195149949e-01
  +9.40211698715667454351e-01+j2.25390198508813061062e-01
  +9.47965507835765941458e-01+j1.88677550815430944420e-01
  +9.55719316955864317542e-01+j1.51964903122048827777e-01
  +9.63473126075962804649e-01+j1.15252255428666738890e-01
  +9.65092869591208657454e-01+j7.78996896797704146964e-02
  +9.65370710351428518159e-01+j4.04071339377761740153e-02
  +9.65648551111648156819e-01+j2.91457819578193116569e-03
  +9.65926391871868017525e-01-j3.45779775462123212248e-02
  +9.66204232632087878230e-01-j7.20705332882065480282e-02
  +9.61134408003696871781e-01-j1.09003142440350531128e-01
  +9.53963639203591062810e-01-j1.45715764656340535099e-01
  +9.46792870403485586905e-01-j1.82428386872330455803e-01
  +9.39622101603379888957e-01-j2.19141009088320432019e-01
  +9.32451332803274302030e-01-j2.55853631304310380479e-01
  +9.20924329956757770077e-01-j2.91168831845471764996e-01
  +9.06674608958199068631e-01-j3.25610620783956083990e-01
  +8.92424887959640367185e-01-j3.60052409722441013606e-01
  +8.78175166961082220851e-01-j3.94494198660923944821e-01
  +8.63925445962523297361e-01-j4.28935987599409485060e-01
  +8.46387194867746051052e-01-j4.61524789948279834384e-01
  +8.25724775073035432982e-01-j4.92353218350349841614e-01
  +8.05062355278325592067e-01-j5.23181646752418627599e-01
  +7.84399935483615862175e-01-j5.54010075154487302562e-01
  +7.63737515688906132283e-01-j5.84838503556556088547e-01
  +7.40813634976567714219e-01-j6.13715763431259331284e-01
  +7.14638848227739265084e-01-j6.39788170259696253872e-01
  +6.88464061478911037995e-01-j6.65860577088133509527e-01
  +6.62289274730082588860e-01-j6.91932983916570210070e-01
  +6.36114487981254250748e-01-j7.18005390745007465725e-01
  +6.08573198244959590042e-01-j7.42331628011552835389e-01
  +5.77957231695295670093e-01-j7.62728926144116026187e-01
  +5.47341265145631528100e-01-j7.83126224276679216985e-01
  +5.16725298595967608151e-01-j8.03523522409242185738e-01
  +4.86109332046303743713e-01-j8.23920820541805376536e-01
  +4.54826477659198757930e-01-j8.43012246239462914588e-01
  +4.20959399893278851668e-01-j8.57043351615516590947e-01
  +3.87092322127359000916e-01-j8.71074456991570267306e-01
  +3.53225244361439094654e-01-j8.85105562367624276732e-01
  +3.19358166595519188391e-01-j8.99136667743677731046e-01
  +2.85288130044832610732e-01-j9.12467058483157678062e-01
  +2.49442184035866043601e-01-j9.19666126786526039183e-01
  +2.13596238026899531981e-01-j9.26865195089894511327e-01
  +1.77750292017933048117e-01-j9.34064263393262983470e-01
  +1.41904346008966536496e-01-j9.41263331696631455614e-01
  +1.06058399999999997121e-01-j9.48462400000000038780e-01
</dep>
<dep S[4,2] frequency>
  +2.20659400000000009007e-03+j1.36203499999999998182e-02
  +3.91480532348892785316e-03+j1.66241247336182673688e-02
  +5.62301664697785474889e-03+j1.96278994672365314500e-02
  +7.33122797046678251198e-03+j2.26316742008547990006e-02
  +9.03943929395570854035e-03+j2.56354489344730665512e-02
  +1.07476506174446345687e-02+j2.86392236680913271629e-02
  +1.34544577206575678707e-02+j3.09576096855996713009e-02
  +1.62753887646947849321e-02+j3.31976664503040377885e-02
  +1.90963198087320054630e-02+j3.54377232150084250928e-02
  +2.19172508527692259939e-02+j3.76777799797128193360e-02
  +2.47381818968064499942e-02+j3.99178367444171858236e-02
  +2.82010157712896079862e-02+j4.13016737672373401846e-02
  +3.18295039992345998869e-02+j4.24645481754129250351e-02
  +3.54579922271795813793e-02+j4.36274225835885098856e-02
  +3.90864804551245698105e-02+j4.47902969917640947362e-02
  +4.27149686830695582418e-02+j4.59531713999396795867e-02
  +4.66417550102837807913e-02+j4.62349323487355745588e-02
  +5.07011188538007556703e-02+j4.61250855926495506587e-02
  +5.47604826973177236105e-02+j4.60152388365634712475e-02
  +5.88198465408347054284e-02+j4.59053920804774473474e-02
  +6.28792103843516803074e-02+j4.57955453243913956918e-02
  +6.69546511184105352932e-02+j4.48935042969021702586e-02
  +7.10412757715110643186e-02+j4.34403718395404980779e-02
  +7.51279004246115794663e-02+j4.19872393821788536528e-02
  +7.92145250777120946140e-02+j4.05341069248171814721e-02
  +8.33011497308125958838e-02+j3.90809744674555092914e-02
  +8.72096298225604193988e-02+j3.69958584968210213439e-02
  +9.09305901831734542107e-02+j3.42454997728255661205e-02
  +9.46515505437864890226e-02+j3.14951410488300831414e-02
  +9.83725109043995377123e-02+j2.87447823248346279179e-02
  +1.02093471265012586402e-01+j2.59944236008391449388e-02
  +1.05537194109482132531e-01+j2.28014413529443460416e-02
  +1.08537333415222814192e-01+j1.89002558582915813901e-02
  +1.11537472720963454220e-01+j1.49990703636388167386e-02
  +1.14537612026704149759e-01+j1.10978848689860520871e-02
  +1.17537751332444817542e-01+j7.19669937433328743559e-03
  +1.20250156639905292355e-01+j3.03551609746974260240e-03
  +1.22230145120426111904e-01-j1.78748243861376332475e-03
  +1.24210133600946917576e-01-j6.61048097469729700748e-03
  +1.26190122081467681614e-01-j1.14334795107808029346e-02
  +1.28170110561988487285e-01-j1.62564780468642811062e-02
  +1.29925609620059279159e-01-j2.11918985109255664234e-02
  +1.30654929366889993592e-01-j2.66412187185091353658e-02
  +1.31384249113720708024e-01-j3.20905389260926765527e-02
  +1.32113568860551450213e-01-j3.75398591336762732507e-02
  +1.32842888607382164645e-01-j4.29891793412598421931e-02
  +1.33464462040537523713e-01-j4.84600171494233844527e-02
  +1.32793250345766611353e-01-j5.41890320874543474083e-02
  +1.32122038650995671238e-01-j5.99180470254852826084e-02
  +1.31450826956224758879e-01-j6.56470619635162178085e-02
  +1.30779615261453818764e-01-j7.13760769015471807641e-02
  +1.30108403566682906405e-01-j7.71050918395780882086e-02
  +1.28017122134010397083e-01-j8.27361096298810660965e-02
  +1.25888486021202866683e-01-j8.83645496227633830966e-02
  +1.23759849908395391793e-01-j9.39929896156457417300e-02
  +1.21631213795587889148e-01-j9.96214296085280726079e-02
  +1.19502577682780386503e-01-j1.05249869601410375730e-01
  +1.16144218628917161862e-01-j1.10449909003702370636e-01
  +1.12605036499599908684e-01-j1.15586954775697151043e-01
  +1.09065854370282655506e-01-j1.20724000547691945329e-01
  +1.05526672240965402327e-01-j1.25861046319686697981e-01
  +1.01987490111648204660e-01-j1.30998092091681506144e-01
  +9.74829840637944089465e-02-j1.35471192269259327334e-01
  +9.26889012261136735482e-02-j1.39745122789731252011e-01
  +8.78948183884329936610e-02-j1.44019053310203148932e-01
  +8.31007355507522027516e-02-j1.48292983830675073609e-01
  +7.83066527130715228644e-02-j1.52566914351146998285e-01
  +7.28485463066596561355e-02-j1.56052950320109240501e-01
  +6.70584483410874288012e-02-j1.59145063011454146462e-01
  +6.12683503755152014669e-02-j1.62237175702799052424e-01
  +5.54782524099429186215e-02-j1.65329288394143958385e-01
  +4.96881544443706912872e-02-j1.68421401085488892102e-01
  +4.35296563301080796649e-02-j1.70715257808330717060e-01
  +3.70865022513595654630e-02-j1.72392316944557560943e-01
  +3.06433481726111067722e-02-j1.74069376080784349314e-01
  +2.42001940938625925703e-02-j1.75746435217011165442e-01
  +1.77570400151140783684e-02-j1.77423494353237981569e-01
  +1.11949434948359072273e-02-j1.78390280060932965300e-01
  +4.49408951424939973052e-03-j1.78528465516269718716e-01
  -2.20676446633716327739e-03-j1.78666650971606555398e-01
  -8.90761844692367077414e-03-j1.78804836426943336569e-01
  -1.56084724275102337820e-02-j1.78943021882280145496e-01
  -2.22550777485927553379e-02-j1.78527055877200413470e-01
  -2.88048174772341236682e-02-j1.77121605339117499378e-01
  -3.53545572058754919986e-02-j1.75716154801034585287e-01
  -4.19042969345168603290e-02-j1.74310704262951698951e-01
  -4.84540366631582286594e-02-j1.72905253724868729348e-01
  -5.48665960391445106659e-02-j1.71131636991397606540e-01
  -6.08813693269509292882e-02-j1.68290437416586030617e-01
  -6.68961426147571813772e-02-j1.65449237841774510205e-01
  -7.29109159025634334661e-02-j1.62608038266962989793e-01
  -7.89256891903696855550e-02-j1.59766838692151469381e-01
  -8.48076092817139359781e-02-j1.56735669202412386536e-01
  -8.99589419912977805716e-02-j1.52659815606786486430e-01
  -9.51102747008816251650e-02-j1.48583962011160503058e-01
  -1.00261607410465469759e-01-j1.44508108415534575197e-01
  -1.05412940120049314352e-01-j1.40432254819908619581e-01
  -1.10506894268936256553e-01-j1.36306805250340778990e-01
  -1.14539776561361744678e-01-j1.31264203150204483705e-01
  -1.18572658853787260558e-01-j1.26221601050068132910e-01
  -1.22605541146212748682e-01-j1.21178998949931865381e-01
  -1.26638423438638236806e-01-j1.16136396849795570096e-01
  -1.30671305731063752686e-01-j1.11093794749659191545e-01
  -1.33476717694052837704e-01-j1.05427096456095187316e-01
  -1.36215752926406419299e-01-j9.97266495138441622093e-02
  -1.38954788158760056405e-01-j9.40262025715931926140e-02
  -1.41693823391113665755e-01-j8.83257556293421675075e-02
  -1.44432858623467275105e-01-j8.26253086870911701567e-02
  -1.45994101616186561232e-01-j7.66473660264203326964e-02
  -1.47341169730294402340e-01-j7.06189623338223382287e-02
  -1.48688237844402243448e-01-j6.45905586412242882499e-02
  -1.50035305958510084556e-01-j5.85621549486262660267e-02
  -1.51382374072617925664e-01-j5.25337512560282438034e-02
  -1.51675805247366873862e-01-j4.65126950281941065057e-02
  -1.51605879604955640083e-01-j4.04941726441453708762e-02
  -1.51535953962544378548e-01-j3.44756502600966074912e-02
  -1.51466028320133144769e-01-j2.84571278760478163505e-02
  -1.51396102677721910990e-01-j2.24386054919990529655e-02
  -1.50447782602292856602e-01-j1.66428851511811470854e-02
  -1.49007526026955883225e-01-j1.09719429888208708235e-02
  -1.47567269451618937603e-01-j5.30100082646062231717e-03
  -1.46127012876281991982e-01+j3.69941335899626189132e-04
  -1.44686756300945046361e-01+j6.04088349825990245101e-03
  -1.42574350242989145165e-01+j1.13474956528157588931e-02
  -1.39885779845055069348e-01+j1.63418053152787068338e-02
  -1.37197209447121021286e-01+j2.13361149777416547746e-02
  -1.34508639049186945469e-01+j2.63304246402046027153e-02
  -1.31820068651252897407e-01+j3.13247343026675506561e-02
  -1.28676434486262009083e-01+j3.58907479012156027665e-02
  -1.24943859352652689165e-01+j3.99024631420435704765e-02
  -1.21211284219043369248e-01+j4.39141783828715104310e-02
  -1.17478709085434049331e-01+j4.79258936236994503854e-02
  -1.13746133951824715536e-01+j5.19376088645274180955e-02
  -1.09762649359427602591e-01+j5.55354580657819729694e-02
  -1.05277315278224148365e-01+j5.83055247617549760042e-02
  -1.00791981197020694139e-01+j6.10755914577279790389e-02
  -9.63066471158172676681e-02+j6.38456581537009681959e-02
  -9.18213130346138273197e-02+j6.66157248496739712307e-02
  -8.72482685093778215224e-02+j6.90577447709164321532e-02
  -8.23828352551257275804e-02+j7.04061984631964982162e-02
  -7.75174020008736336385e-02+j7.17546521554765504014e-02
  -7.26519687466215396965e-02+j7.31031058477566164644e-02
  -6.77865354923694596323e-02+j7.44515595400366686496e-02
  -6.29277946063113435837e-02+j7.56092365216244483017e-02
  -5.81145664883414916901e-02+j7.54694989051668679858e-02
  -5.33013383703716536743e-02+j7.53297612887092876699e-02
  -4.84881102524018225974e-02+j7.51900236722517073540e-02
  -4.36748821344319637650e-02+j7.50502860557941270381e-02
  -3.88745801744005761713e-02+j7.48742754807366073244e-02
  -3.45656770337260804693e-02+j7.33193177262123491067e-02
  -3.02567738930515500728e-02+j7.17643599716881047668e-02
  -2.59478707523770370236e-02+j7.02094022171638604268e-02
  -2.16389676117025135660e-02+j6.86544444626396299647e-02
  -1.73300644710279935778e-02+j6.70994867081153856248e-02
  -1.38738041458338276501e-02+j6.44414311846811665996e-02
  -1.04886067670375213168e-02+j6.16914387139104736235e-02
  -7.10340938824121324868e-03+j5.89414462431397806474e-02
  -3.71821200944490691531e-03+j5.61914537723690876714e-02
  -3.33014630648601449303e-04+j5.34414613015983946953e-02
  +2.02137874038329796306e-03+j4.99987593407407171497e-02
  +4.15027097937371424602e-03+j4.64045186072222018425e-02
  +6.27916321836413052898e-03+j4.28102778737036865353e-02
  +8.40805545735454767931e-03+j3.92160371401851781670e-02
  +1.05369476963449622275e-02+j3.56217964066666559209e-02
  +1.16178558231203390982e-02+j3.17391782407309280822e-02
  +1.22870410853168996607e-02+j2.77432648624243369251e-02
  +1.29562263475134584884e-02+j2.37473514841177388290e-02
  +1.36254116097100207855e-02+j1.97514381058111407330e-02
  +1.42945968719065830826e-02+j1.57555247275045461064e-02
  +1.40331172225091147659e-02+j1.18095467719843937038e-02
  +1.31899566484254791854e-02+j7.89477927958491532134e-03
  +1.23467960743418245229e-02+j3.98001178718536408052e-03
  +1.15036355002582219020e-02+j6.52442947860348843037e-05
  +1.06604749261745533617e-02-j3.84952319761359268435e-03
  +9.09159815521450725972e-03-j7.48102355851171935130e-03
  +6.83327662900584317796e-03-j1.08434145361713668576e-02
  +4.57495510279726583236e-03-j1.42058055138308964027e-02
  +2.31663357658869195621e-03-j1.75681964914904259478e-02
  +5.83120503801146106149e-05-j2.09305874691499554929e-02
  -2.68654083629377149478e-03-j2.38951434501280535194e-02
  -6.13079459447908245440e-03-j2.62878017776216471590e-02
  -9.57504835266439514874e-03-j2.86804601051152546765e-02
  -1.30193021108497061084e-02-j3.10731184326088483161e-02
  -1.64635558690350188027e-02-j3.34657767601024419557e-02
  -2.01693942407743277700e-02-j3.54572067176403826760e-02
  -2.44638066247227087269e-02-j3.65458596031310173347e-02
  -2.87582190086710862142e-02-j3.76345124886216797488e-02
  -3.30526313926194637016e-02-j3.87231653741123005297e-02
  -3.73470437765678411890e-02-j3.98118182596029490661e-02
  -4.17304068333277516922e-02-j4.05853430240472601298e-02
  -4.64584581499949758610e-02-j4.01377307216425338598e-02
  -5.11865094666621930908e-02-j3.96901184192378075899e-02
  -5.59145607833294241984e-02-j3.92425061168330813199e-02
  -6.06426120999966483671e-02-j3.87948938144283550500e-02
  -6.53665537088079645622e-02-j3.81778538509394138600e-02
  -7.00545349670463890490e-02-j3.60783050807515215386e-02
  -7.47425162252847719024e-02-j3.39787563105636569727e-02
  -7.94304974835231963892e-02-j3.18792075403757646512e-02
  -8.41184787417616069982e-02-j2.97796587701878723298e-02
  -8.88064600000000037294e-02-j2.76801100000000077639e-02
</dep>
<dep S[4,1] frequency>
  -7.36641800000000825099e-04-j3.27946400000000016367e-03
  -1.28682122283427756437e-03-j3.92561142834923441219e-03
  -1.83700064566855690573e-03-j4.57175885669846866072e-03
  -2.38718006850283451237e-03-j5.21790628504770204188e-03
  -2.93735949133711385373e-03-j5.86405371339693629040e-03
  -3.48753891417139319509e-03-j6.51020114174617053893e-03
  -4.30036315866385437934e-03-j6.85665155627049327514e-03
  -5.14320361461377897894e-03-j7.16885127099672198048e-03
  -5.98604407056371051743e-03-j7.48105098572295068582e-03
  -6.82888452651363164758e-03-j7.79325070044917245227e-03
  -7.67172498246355624718e-03-j8.10545041517540115761e-03
  -8.60241930355089973181e-03-j8.08010097813334493555e-03
  -9.55578586494967852083e-03-j7.96764102553408626317e-03
  -1.05091524263484503710e-02-j7.85518107293484146858e-03
  -1.14625189877472222211e-02-j7.74272112033558279620e-03
  -1.24158855491460010101e-02-j7.63026116773633800161e-03
  -1.33093321241560882950e-02-j7.22592490245481389177e-03
  -1.41761474769365805604e-02-j6.69186526079973420522e-03
  -1.50429628297170624174e-02-j6.15780561914465451867e-03
  -1.59097781824975546827e-02-j5.62374597748957483212e-03
  -1.67765935352780434786e-02-j5.08968633583448126778e-03
  -1.74939920472624368952e-02-j4.35955787230835056789e-03
  -1.81074484538646628129e-02-j3.49303376531595599630e-03
  -1.87209048604668817917e-02-j2.62650965832353366913e-03
  -1.93343612670691042399e-02-j1.75998555133113909754e-03
  -1.99478176736713266881e-02-j8.93461444338716770375e-04
  -2.03878999695300648642e-02+j6.29380415647085023068e-05
  -2.06454840381878786115e-02+j1.11394275572240797345e-03
  -2.09030681068456888894e-02+j2.16494746988010744460e-03
  -2.11606521755035061061e-02+j3.21595218403780691574e-03
  -2.14182362441613163839e-02+j4.26695689819553414246e-03
  -2.15304620251827866229e-02+j5.32399106925193765782e-03
  -2.14101127041392835793e-02+j6.39067244774604859003e-03
  -2.12897633830957874745e-02+j7.45735382624013176667e-03
  -2.11694140620522913698e-02+j8.52403520473424269888e-03
  -2.10490647410087883262e-02+j9.59071658322832587551e-03
  -2.08376879838764461628e-02+j1.06193921580068628696e-02
  -2.03946040725560134854e-02+j1.15513252889691275804e-02
  -1.99515201612355946859e-02+j1.24832584199313645357e-02
  -1.95084362499151620085e-02+j1.34151915508936292465e-02
  -1.90653523385947432089e-02+j1.43471246818558939573e-02
  -1.85845304630218033370e-02+j1.52369303566110836368e-02
  -1.79312019377296516520e-02+j1.59341642677479355950e-02
  -1.72778734124374999670e-02+j1.66313981788848153087e-02
  -1.66245448871453482820e-02+j1.73286320900216672669e-02
  -1.59712163618531965970e-02+j1.80258660011585192251e-02
  -1.53123472609695554514e-02+j1.87027017950550655812e-02
  -1.45870000275123978817e-02+j1.91347924862519114253e-02
  -1.38616527940552125564e-02+j1.95668831774487572694e-02
  -1.31363055605980272311e-02+j1.99989738686456031136e-02
  -1.24109583271408419058e-02+j2.04310645598424489577e-02
  -1.16856110936836565806e-02+j2.08631552510392948019e-02
  -1.10144104399081677048e-02+j2.10773928157421686080e-02
  -1.03446341022140897437e-02+j2.12858997929679938377e-02
  -9.67485776452001178249e-03+j2.14944067701937913117e-02
  -9.00508142682596157691e-03+j2.17029137474196165414e-02
  -8.33530508913188361575e-03+j2.19114207246454140154e-02
  -7.78667851871256422314e-03+j2.20112834381428756902e-02
  -7.25586626465485329263e-03+j2.20951706914436218909e-02
  -6.72505401059719787327e-03+j2.21790579447443680916e-02
  -6.19424175653954245391e-03+j2.22629451980451420479e-02
  -5.66342950248183152340e-03+j2.23468324513458882485e-02
  -5.25184418442814493488e-03+j2.24327850652523141939e-02
  -4.87602442933826596416e-03+j2.25193572437241418260e-02
  -4.50020467424838699344e-03+j2.26059294221959417026e-02
  -4.12438491915850802272e-03+j2.26925016006677693348e-02
  -3.74856516406862905200e-03+j2.27790737791395692113e-02
  -3.43736052316578888366e-03+j2.29462685156855417112e-02
  -3.15846147127274434752e-03+j2.31537720756211373718e-02
  -2.87956241937969981137e-03+j2.33612756355567330324e-02
  -2.60066336748659976408e-03+j2.35687791954923425708e-02
  -2.32176431559355522793e-03+j2.37762827554279521092e-02
  -2.02993715208032998731e-03+j2.40927543798468701830e-02
  -1.72812067641481270641e-03+j2.44934236073447442195e-02
  -1.42630420074923991436e-03+j2.48940928348426182559e-02
  -1.12448772508366712231e-03+j2.52947620623404922924e-02
  -8.22671249418149841404e-04+j2.56954312898383663288e-02
  -4.39986450622653624265e-04+j2.61848381114021117044e-02
  +3.70387954731210555792e-05+j2.67777656193424057340e-02
  +5.14064041568951246575e-04+j2.73706931272826928248e-02
  +9.91089287664781437570e-04+j2.79636206352229764460e-02
  +1.46811453376055611741e-03+j2.85565481431632565978e-02
  +2.06017446089595823722e-03+j2.91883538453555808900e-02
  +2.85763858846782570211e-03+j2.98895798678599187992e-02
  +3.65510271603974867816e-03+j3.05908058903642532389e-02
  +4.45256684361161614305e-03+j3.12920319128685842092e-02
  +5.25003097118353911910e-03+j3.19932579353729221183e-02
  +6.15482343470463710844e-03+j3.26820253062940421773e-02
  +7.37083917533343235817e-03+j3.33346659419985757999e-02
  +8.58685491596222760791e-03+j3.39873065777031094226e-02
  +9.80287065659102285764e-03+j3.46399472134076291674e-02
  +1.10188863972198181074e-02+j3.52925878491121627900e-02
  +1.23023827239899796737e-02+j3.59066679000277499956e-02
  +1.39569688405550840216e-02+j3.63086952685063094060e-02
  +1.56115549571201883694e-02+j3.67107226369848826941e-02
  +1.72661410736852927172e-02+j3.71127500054634351656e-02
  +1.89207271902503970651e-02+j3.75147773739420015149e-02
  +2.05940602187338894780e-02+j3.78932602030963849860e-02
  +2.26140701312403380463e-02+j3.78363461218578500667e-02
  +2.46340800437467866146e-02+j3.77794320406192873918e-02
  +2.66540899562532351830e-02+j3.77225179593807247169e-02
  +2.86740998687596837513e-02+j3.76656038781421620421e-02
  +3.06941097812661323196e-02+j3.76086897969035993672e-02
  +3.29063506253339799201e-02+j3.69519786272605177402e-02
  +3.51289865563200742749e-02+j3.62628328082265638521e-02
  +3.73516224873061686296e-02+j3.55736869891925822085e-02
  +3.95742584182923184954e-02+j3.48845411701586283204e-02
  +4.17968943492784128502e-02+j3.41953953511246744323e-02
  +4.39946481630740238167e-02+j3.28847056866323206314e-02
  +4.61878773041391466059e-02+j3.14609917779880010613e-02
  +4.83811064452042693951e-02+j3.00372778693436814912e-02
  +5.05743355862693644287e-02+j2.86135639606993896766e-02
  +5.27675647273344872179e-02+j2.71898500520550701065e-02
  +5.47397972254324016728e-02+j2.52147207166210640672e-02
  +5.66358169088576057781e-02+j2.30494304757301038400e-02
  +5.85318365922827821279e-02+j2.08841402348391713684e-02
  +6.04278562757080417445e-02+j1.87188499939482388967e-02
  +6.23238759591332180943e-02+j1.65535597530572786695e-02
  +6.38608659566450576062e-02+j1.39754152092800010276e-02
  +6.51967847719951421048e-02+j1.11660555153382523574e-02
  +6.65327035873451988479e-02+j8.35669582139653144282e-03
  +6.78686224026952555910e-02+j5.54733612745481052819e-03
  +6.92045412180453123341e-02+j2.73797643351308961357e-03
  +7.01225108666000962465e-02-j3.13581208418678425431e-04
  +7.06822158551974610852e-02-j3.57275013988686551691e-03
  +7.12419208437948259238e-02-j6.83191907135505260840e-03
  +7.18016258323921768847e-02-j1.00910880028232119443e-02
  +7.23613308209895417233e-02-j1.33502569342913990358e-02
  +7.25247935042485081247e-02-j1.66893415760030749961e-02
  +7.21754416239069745975e-02-j2.01318526805663866597e-02
  +7.18260897435654410703e-02-j2.35743637851297260788e-02
  +7.14767378632239214209e-02-j2.70168748896930654979e-02
  +7.11273859828823878937e-02-j3.04593859942564049170e-02
  +7.04665745277573418726e-02-j3.38630822351599913844e-02
  +6.91828059743064827103e-02-j3.71891440194757616489e-02
  +6.78990374208556096702e-02-j4.05152058037915041577e-02
  +6.66152688674047505080e-02-j4.38412675881072466666e-02
  +6.53315003139538774679e-02-j4.71673293724230169310e-02
  +6.38523500397471521772e-02-j5.04006147548512750678e-02
  +6.17218815145054028326e-02-j5.33246236932963246780e-02
  +5.95914129892636326713e-02-j5.62486326317414020437e-02
  +5.74609444640218763878e-02-j5.91726415701864516539e-02
  +5.53304759387801201043e-02-j6.20966505086315151418e-02
  +5.31150494097248487835e-02-j6.49403374621189827254e-02
  +5.03218492416940416101e-02-j6.72377789360096844717e-02
  +4.75286490736632413756e-02-j6.95352204099004139737e-02
  +4.47354489056324480800e-02-j7.18326618837911573534e-02
  +4.19422487376016409066e-02-j7.41301033576818868553e-02
  +3.91382727946791714180e-02-j7.64081869638359584274e-02
  +3.59246466614501630543e-02-j7.79503648665058612721e-02
  +3.27110205282211616296e-02-j7.94925427691757502391e-02
  +2.94973943949921602048e-02-j8.10347206718456114505e-02
  +2.62837682617631553106e-02-j8.25768985745155004174e-02
  +2.30701421285341538858e-02-j8.41190764771853893844e-02
  +1.96988822470331101377e-02-j8.49450460280829627857e-02
  +1.63144844859879276089e-02-j8.57113236719033444455e-02
  +1.29300867249427520189e-02-j8.64776013157237122275e-02
  +9.54568896389757122478e-03-j8.72438789595440800095e-02
  +6.16129120285239476745e-03-j8.80101566033644616693e-02
  +2.80625692856199121517e-03-j8.81991487343635471863e-02
  -5.42353719652056672287e-04-j8.82618525160044492539e-02
  -3.89096436786610455974e-03-j8.83245562976453651993e-02
  -7.23957501608015353139e-03-j8.83872600792862811447e-02
  -1.05881856642942029367e-02-j8.84499638609271832124e-02
  -1.38189952935653115329e-02-j8.80985081449838780543e-02
  -1.70035242851777276818e-02-j8.75843410551272044673e-02
  -2.01880532767901473001e-02-j8.70701739652705170025e-02
  -2.33725822684025669185e-02-j8.65560068754138434155e-02
  -2.65571112600149761285e-02-j8.60418397855571559507e-02
  -2.96157126602700562779e-02-j8.52531323115470057727e-02
  -3.25956072382610484439e-02-j8.42928325678287682088e-02
  -3.55755018162521099989e-02-j8.33325328241105167670e-02
  -3.85553963942429911427e-02-j8.23722330803923208364e-02
  -4.15352909722341012699e-02-j8.14119333366740555169e-02
  -4.44251552901644003457e-02-j8.02680615499821725756e-02
  -4.72294890785579374315e-02-j7.89497926879828421098e-02
  -5.00338228669513496172e-02-j7.76315238259835532775e-02
  -5.28381566553447756807e-02-j7.63132549639842783229e-02
  -5.56424904437381809275e-02-j7.49949861019849894905e-02
  -5.83992323438181082373e-02-j7.35364653690312175538e-02
  -6.10875597266272024610e-02-j7.18763291005796584043e-02
  -6.37758871094362828069e-02-j7.02161928321280992549e-02
  -6.64642144922453770306e-02-j6.85560565636765401054e-02
  -6.91525418750544851321e-02-j6.68959202952249809560e-02
  -7.18180387312374740594e-02-j6.51118692797117148974e-02
  -7.44321661491549879663e-02-j6.30490059943975972301e-02
  -7.70462935670724879955e-02-j6.09861427090834795628e-02
  -7.96604209849899741469e-02-j5.89232794237693757733e-02
  -8.22745484029074880539e-02-j5.68604161384552442282e-02
  -8.48692770188503448070e-02-j5.46908166286362851238e-02
  -8.73888343169653136755e-02-j5.21076089657726559956e-02
  -8.99083916150802825440e-02-j4.95244013029090268674e-02
  -9.24279489131952375347e-02-j4.69411936400453977392e-02
  -9.49475062113102064032e-02-j4.43579859771817686109e-02
  -9.74458446250561632906e-02-j4.17076630021543104387e-02
  -9.97585157000449446185e-02-j3.84700744017234530503e-02
  -1.02071186775033698191e-01-j3.52324858012925956618e-02
  -1.04383857850022479519e-01-j3.19948972008617105178e-02
  -1.06696528925011233091e-01-j2.87573086004308531294e-02
  -1.09009200000000000541e-01-j2.55197199999999957409e-02
</dep>
<dep S[3,4] frequency>
  +9.73777200000000009439e-01-j1.53019800000000011364e-01
  +9.64102826668854162584e-01-j1.89475557188694188060e-01
  +9.54428453337708204707e-01-j2.25931314377388337000e-01
  +9.44754080006562468874e-01-j2.62387071566082485941e-01
  +9.35079706675416622019e-01-j2.98842828754776634881e-01
  +9.25405333344270886187e-01-j3.35298585943470783821e-01
  +9.09500717150265258759e-01-j3.69304473991014570178e-01
  +8.92884081255957640089e-01-j4.03030380161437662423e-01
  +8.76267445361649799374e-01-j4.36756286331860699157e-01
  +8.59650809467342180703e-01-j4.70482192502283791402e-01
  +8.43034173573034451010e-01-j5.04208098672706883647e-01
  +8.21501047445870602459e-01-j5.34723383767651161413e-01
  +7.98699134249705400279e-01-j5.64410111434207273362e-01
  +7.75897221053540087077e-01-j5.94096839100763274288e-01
  +7.53095307857374773874e-01-j6.23783566767319275215e-01
  +7.30293394661209682717e-01-j6.53470294433875387163e-01
  +7.03894325801560527545e-01-j6.79608778441016858629e-01
  +6.75896514057570563239e-01-j7.04170258327935671971e-01
  +6.47898702313580709955e-01-j7.28731738214854263269e-01
  +6.19900890569590856671e-01-j7.53293218101773187634e-01
  +5.91903078825601114410e-01-j7.77854697988691778932e-01
  +5.61518571198225457941e-01-j7.98900990607883443317e-01
  +5.29473754105702854034e-01-j8.17501936615050217583e-01
  +4.97428937013180472171e-01-j8.36102882622216769803e-01
  +4.65384119920658090308e-01-j8.54703828629383433046e-01
  +4.33339302828135708445e-01-j8.73304774636550207312e-01
  +3.99928920884215666209e-01-j8.88718443501819610475e-01
  +3.65081108845114410411e-01-j9.00777099179134843610e-01
  +3.30233296806013099101e-01-j9.12835754856449743677e-01
  +2.95385484766911787791e-01-j9.24894410533764421700e-01
  +2.60537672727810531992e-01-j9.36953066211079432790e-01
  +2.25107858768768293034e-01-j9.46364931406107778855e-01
  +1.88746834363226478892e-01-j9.51541898291777377139e-01
  +1.52385809957684636995e-01-j9.56718865177446864401e-01
  +1.16024785552142767342e-01-j9.61895832063116351662e-01
  +7.96637611466009532002e-02-j9.67072798948786171991e-01
  +4.32430131481599810961e-02-j9.70277393055295034330e-01
  +6.67024083328059125275e-03-j9.68461381251172426232e-01
  -2.99025314815987708350e-02-j9.66645369447050040179e-01
  -6.64753037964781468006e-02-j9.64829357642927432082e-01
  -1.03048076111357328477e-01-j9.63013345838804823984e-01
  -1.39427605049058905839e-01-j9.59961344273436267827e-01
  -1.74923785660011543719e-01-j9.51259423402056492058e-01
  -2.10419966270964209354e-01-j9.42557502530677049357e-01
  -2.45916146881917208056e-01-j9.33855581659297273589e-01
  -2.81412327492869873691e-01-j9.25153660787917608843e-01
  -3.16729383230864525167e-01-j9.15946784329003893532e-01
  -3.49897224170665877008e-01-j9.00681240510069258676e-01
  -3.83065065110467284359e-01-j8.85415696691134623819e-01
  -4.16232906050268747222e-01-j8.70150152872200099985e-01
  -4.49400746990070043552e-01-j8.54884609053265243084e-01
  -4.82568587929871450903e-01-j8.39619065234330608227e-01
  -5.12311273977007708424e-01-j8.18482533854042682009e-01
  -5.41963861938103974580e-01-j7.97191567197389705512e-01
  -5.71616449899200240736e-01-j7.75900600540736729016e-01
  -6.01269037860296617914e-01-j7.54609633884083752520e-01
  -6.30921625821392884070e-01-j7.33318667227430553979e-01
  -6.56563475844452515418e-01-j7.07430890491077324356e-01
  -6.81615571911899031932e-01-j6.80867181552324396421e-01
  -7.06667667979345548446e-01-j6.54303472613571357464e-01
  -7.31719764046792175982e-01-j6.27739763674818429529e-01
  -7.56771860114238692496e-01-j6.01176054736065390571e-01
  -7.77562725285903755257e-01-j5.71292195707731487175e-01
  -7.97075311177611767199e-01-j5.40412361767533599988e-01
  -8.16587897069320001187e-01-j5.09532527827335712800e-01
  -8.36100482961028124151e-01-j4.78652693887137770101e-01
  -8.55613068852736136094e-01-j4.47772859946939938425e-01
  -8.70935440160817142541e-01-j4.14772597592582559223e-01
  -8.84162831805008431196e-01-j3.80712185616352449813e-01
  -8.97390223449199719852e-01-j3.46651773640122340403e-01
  -9.10617615093391119530e-01-j3.12591361663892175482e-01
  -9.23845006737582297163e-01-j2.78530949687662121583e-01
  -9.33239235220626794920e-01-j2.43394631194225496973e-01
  -9.39671649598690983396e-01-j2.07426979683034196089e-01
  -9.46104063976755282894e-01-j1.71459328171842895205e-01
  -9.52536478354819471370e-01-j1.35491676660651594322e-01
  -9.58968892732883659846e-01-j9.95240251494602656823e-02
  -9.62152748267791180226e-01-j6.33018793454968170531e-02
  -9.61546856686853579355e-01-j2.67828421941397089301e-02
  -9.60940965105915756439e-01+j9.73619495721739919292e-03
  -9.60335073524978044546e-01+j4.62552321085745107854e-02
  -9.59729181944040332652e-01+j8.27742692599316154389e-02
  -9.56609511874492501882e-01+j1.18997618959206769018e-01
  -9.49001276653449687970e-01+j1.54692993580660603792e-01
  -9.41393041432407207125e-01+j1.90388368202114049987e-01
  -9.33784806211364504236e-01+j2.26083742823567857005e-01
  -9.26176570990321579302e-01+j2.61779117445021691779e-01
  -9.16851905365646979718e-01+j2.96922066881817436901e-01
  -9.02550053703182864062e-01+j3.30463132018390670641e-01
  -8.88248202040719192496e-01+j3.64004197154963293759e-01
  -8.73946350378255298885e-01+j3.97545262291535861365e-01
  -8.59644498715791627319e-01+j4.31086327428108539994e-01
  -8.44398553960024611520e-01+j4.64106652638987926540e-01
  -8.23960844763937938495e-01+j4.94263320602455202835e-01
  -8.03523135567851265471e-01+j5.24419988565922423618e-01
  -7.83085426371764592446e-01+j5.54576656529389699912e-01
  -7.62647717175678030443e-01+j5.84733324492856976207e-01
  -7.41934807796507778122e-01+j6.14660636183776198926e-01
  -7.16132764677904765094e-01+j6.40346581710265705389e-01
  -6.90330721559301641044e-01+j6.66032527236755322875e-01
  -6.64528678440698405971e-01+j6.91718472763244718315e-01
  -6.38726635322095281921e-01+j7.17404418289734224778e-01
  -6.12924592203492157871e-01+j7.43090363816223842264e-01
  -5.82929448383743498141e-01+j7.63668805256749849697e-01
  -5.52707558296412826415e-01+j7.83971053118658778303e-01
  -5.22485668209082154689e-01+j8.04273300980567595886e-01
  -4.92263778121751482963e-01+j8.24575548842476413469e-01
  -4.62041888034420811238e-01+j8.44877796704385453097e-01
  -4.28994613226486187774e-01+j8.60011794182739430781e-01
  -3.95433558136085272494e-01+j8.74205974466445656645e-01
  -3.61872503045684357215e-01+j8.88400154750151771488e-01
  -3.28311447955283386424e-01+j9.02594335033857886330e-01
  -2.94750392864882471144e-01+j9.16788515317564112195e-01
  -2.59586870573444206123e-01+j9.26049810025365682797e-01
  -2.23870722078404194022e-01+j9.33609951769256873888e-01
  -1.88154573583364154166e-01+j9.41170093513147953956e-01
  -1.52438425088324086554e-01+j9.48730235257039034025e-01
  -1.16722276593284046697e-01+j9.56290377000930114093e-01
  -8.04337571803967477102e-02+j9.59393033193842281747e-01
  -4.38246868448362997261e-02+j9.59999316734658991734e-01
  -7.21561650927585174209e-03+j9.60605600275475923766e-01
  +2.93934538262845823642e-02+j9.61211883816292633753e-01
  +6.60025241618450164705e-02+j9.61818167357109343740e-01
  +1.02383009222622195500e-01+j9.58625407064952916869e-01
  +1.38567551732850846591e-01+j9.52176118814098249032e-01
  +1.74752094243079469926e-01+j9.45726830563243581196e-01
  +2.10936636753308148773e-01+j9.39277542312389024382e-01
  +2.47121179263536799864e-01+j9.32828254061534467567e-01
  +2.82533767184138862039e-01+j9.23362018865081068952e-01
  +3.16947295815348140113e-01+j9.09991267895150279799e-01
  +3.51360824446557418188e-01+j8.96620516925219490645e-01
  +3.85774353077766751774e-01+j8.83249765955288923536e-01
  +4.20187881708976085360e-01+j8.69879014985358134382e-01
  +4.53564855744741812771e-01+j8.54331668554139000982e-01
  +4.84868594294063870453e-01+j8.34430866000288262718e-01
  +5.16172332843385817114e-01+j8.14530063446437857522e-01
  +5.47476071392707930308e-01+j7.94629260892587230281e-01
  +5.78779809942030043501e-01+j7.74728458338736603039e-01
  +6.09070904127021250929e-01+j7.53474549385961145376e-01
  +6.35986279469201276626e-01+j7.27709968248486216424e-01
  +6.62901654811381302324e-01+j7.01945387111011509518e-01
  +6.89817030153561216999e-01+j6.76180805973536802611e-01
  +7.16732405495741242696e-01+j6.50416224836061984682e-01
  +7.42937786345569506352e-01+j6.24021026551790369830e-01
  +7.64314709803684322331e-01+j5.93337192149079872827e-01
  +7.85691633261799249333e-01+j5.62653357746369264802e-01
  +8.07068556719914065312e-01+j5.31969523343658767800e-01
  +8.28445480178028770268e-01+j5.01285688940948270798e-01
  +8.49656250505138155305e-01+j4.70506570618379804660e-01
  +8.64550569122684575696e-01+j4.36105153547431179106e-01
  +8.79444887740230885065e-01+j4.01703736476482553552e-01
  +8.94339206357777194434e-01+j3.67302319405533983510e-01
  +9.09233524975323281758e-01+j3.32900902334585357956e-01
  +9.24127843592869591127e-01+j2.98499485263636732402e-01
  +9.32425345430617613651e-01+j2.61965279361724923124e-01
  +9.40173039976603952539e-01+j2.25253317598131053145e-01
  +9.47920734522590180404e-01+j1.88541355834537155411e-01
  +9.55668429068576408270e-01+j1.51829394070943313189e-01
  +9.63416123614562747157e-01+j1.15117432307349415455e-01
  +9.65029784716180505377e-01+j7.77667199138124543012e-02
  +9.65301550098275784606e-01+j4.02762729159671512003e-02
  +9.65573315480371507924e-01+j2.78582591812186718128e-03
  +9.65845080862466898175e-01-j3.47046210797234272460e-02
  +9.66116846244562510471e-01-j7.21950680775687164692e-02
  +9.61041227642282724908e-01-j1.09124516033723112374e-01
  +9.53864775423931887666e-01-j1.45833563575616748098e-01
  +9.46688323205580828379e-01-j1.82542611117510356067e-01
  +9.39511870987229880114e-01-j2.19251658659403936280e-01
  +9.32335418768879042872e-01-j2.55960706201297516493e-01
  +9.20803202851196322953e-01-j2.91271504739910314097e-01
  +9.06548562756156472986e-01-j3.25708374581913318035e-01
  +8.92293922661116400974e-01-j3.60145244423916988108e-01
  +8.78039282566077106118e-01-j3.94582114265918548757e-01
  +8.63784642471036590017e-01-j4.29018984107922884963e-01
  +8.46242045138400289517e-01-j4.61602254301084702348e-01
  +8.25575823332863723003e-01-j4.92424568129042450337e-01
  +8.04909601527327600579e-01-j5.23246881956998977081e-01
  +7.84243379721791700199e-01-j5.54069195784955503825e-01
  +7.63577157916255688797e-01-j5.84891509612912141591e-01
  +7.40650046041683163267e-01-j6.13762268987694481481e-01
  +7.14472848739598820345e-01-j6.39827620538309993492e-01
  +6.88295651437514810489e-01-j6.65892972088925061414e-01
  +6.62118454135430689611e-01-j6.91958323639540351380e-01
  +6.35941256833346568733e-01-j7.18023675190155530323e-01
  +6.08398044981147578802e-01-j7.42342688336337985788e-01
  +5.77781255315737873879e-01-j7.62732382447248724588e-01
  +5.47164465650327946911e-01-j7.83122076558159574411e-01
  +5.16547675984918130965e-01-j8.03511770669070202189e-01
  +4.85930886319508203997e-01-j8.23901464779981163034e-01
  +4.54647570622103092131e-01-j8.42985238215260279659e-01
  +4.20781433559892725782e-01-j8.57008504393734216187e-01
  +3.86915296497682470456e-01-j8.71031770572208263737e-01
  +3.53049159435472159618e-01-j8.85055036750682200264e-01
  +3.19183022373261848781e-01-j8.99078302929156247814e-01
  +2.85114109439037755056e-01-j9.12400874571358766474e-01
  +2.49270887551230169166e-01-j9.19592299657087330900e-01
  +2.13427665663422694298e-01-j9.26783724742815451236e-01
  +1.77584443775615108407e-01-j9.33975149828543682595e-01
  +1.41741221887807550273e-01-j9.41166574914271691910e-01
  +1.05898000000000019893e-01-j9.48358000000000034291e-01
</dep>
<dep S[3,3] frequency>
  +1.47959700000000003023e-02+j1.45811799999999991417e-02
  +1.66315318318908875184e-02+j1.77086023970434332242e-02
  +1.84670936637817729997e-02+j2.08360247940868742456e-02
  +2.03026554956726619505e-02+j2.39634471911303152669e-02
  +2.21382173275635509013e-02+j2.70908695881737458799e-02
  +2.39737791594544329132e-02+j3.02182919852171938402e-02
  +2.67873070703864880893e-02+j3.24651538588331400881e-02
  +2.97126012687381549360e-02+j3.46113813825866950546e-02
  +3.26378954670898321910e-02+j3.67576089063402500212e-02
  +3.55631896654415025072e-02+j3.89038364300938188656e-02
  +3.84884838637931797622e-02+j4.10500639538473738321e-02
  +4.19003370422299584175e-02+j4.21451833779686729775e-02
  +4.54377553520917618068e-02+j4.29690458074103998065e-02
  +4.89751736619535651962e-02+j4.37929082368521127577e-02
  +5.25125919718153616467e-02+j4.46167706662938395867e-02
  +5.60500102816771650360e-02+j4.54406330957355525380e-02
  +5.96199615189612341926e-02+j4.52643596900702271935e-02
  +6.32043718987147645771e-02+j4.46435795131291529581e-02
  +6.67887822784682810839e-02+j4.40227993361880648449e-02
  +7.03731926582218114685e-02+j4.34020191592469906094e-02
  +7.39576030379753279753e-02+j4.27812389823058747407e-02
  +7.72408219462944328759e-02+j4.13715018718773530626e-02
  +8.03145164429257818473e-02+j3.94129253917658572970e-02
  +8.33882109395571030630e-02+j3.74543489116543615314e-02
  +8.64619054361884242788e-02+j3.54957724315428657658e-02
  +8.95355999328197454945e-02+j3.35371959514313700002e-02
  +9.21345435078639030113e-02+j3.10770021622955860963e-02
  +9.42337515619578736104e-02+j2.80887925740438693101e-02
  +9.63329596160518442094e-02+j2.51005829857921525239e-02
  +9.84321676701458425640e-02+j2.21123733975404357377e-02
  +1.00531375724239785407e-01+j1.91241638092887467071e-02
  +1.02138628175377582652e-01+j1.59141688569612582693e-02
  +1.02958745428175596492e-01+j1.23493145118520331049e-02
  +1.03778862680973582577e-01+j8.78446016674280794057e-03
  +1.04598979933771568662e-01+j5.21960582163355502061e-03
  +1.05419097186569582503e-01+j1.65475147652432985623e-03
  +1.05847869532001398474e-01-j1.92479314458710026869e-03
  +1.05280487105993719732e-01-j5.54173134935806444012e-03
  +1.04713104679986027112e-01-j9.15866955412905636713e-03
  +1.04145722253978320615e-01-j1.27756077589000205386e-02
  +1.03578339827970627995e-01-j1.63925459636709847100e-02
  +1.02778983283050351361e-01-j1.99258979757703791336e-02
  +1.00919233607027203359e-01-j2.30771632922525671283e-02
  +9.90594839310040553571e-02-j2.62284286087347828786e-02
  +9.71997342549808795997e-02-j2.93796939252170263845e-02
  +9.53399845789577038424e-02-j3.25309592416992143793e-02
  +9.34021641702491300929e-02-j3.56127347218342660273e-02
  +9.05276186087327905394e-02-j3.78607422157871964519e-02
  +8.76530730472164509859e-02-j4.01087497097400991208e-02
  +8.47785274857001946991e-02-j4.23567572036930295454e-02
  +8.19039819241838551456e-02-j4.46047646976459322143e-02
  +7.90294363626675155921e-02-j4.68527721915988626389e-02
  +7.55707003178970604385e-02-j4.79305216131720723816e-02
  +7.20965972470873905920e-02-j4.89774876057330887935e-02
  +6.86224941762776929899e-02-j5.00244535982940774499e-02
  +6.51483911054680508990e-02-j5.10714195908550938618e-02
  +6.16742880346583532969e-02-j5.21183855834160825182e-02
  +5.81048060027495871793e-02-j5.20145131045750275245e-02
  +5.45212990905171168698e-02-j5.17414170186903665805e-02
  +5.09377921782846465604e-02-j5.14683209328057056364e-02
  +4.73542852660521762509e-02-j5.11952248469210724480e-02
  +4.37707783538197059414e-02-j5.09221287610364115039e-02
  +4.04822275495168582005e-02-j4.96897676502461305148e-02
  +3.72821573487026047822e-02-j4.81696472897662208990e-02
  +3.40820871478883513639e-02-j4.66495269292863251609e-02
  +3.08820169470740979456e-02-j4.51294065688064155450e-02
  +2.76819467462598445273e-02-j4.36092862083265198070e-02
  +2.50199125050720172503e-02-j4.14249240836856019721e-02
  +2.26268798558939554511e-02-j3.89084613088152286853e-02
  +2.02338472067159491630e-02-j3.63919985339448692763e-02
  +1.78408145575378873637e-02-j3.38755357590745098673e-02
  +1.54477819083598810757e-02-j3.13590729842041504583e-02
  +1.36753646407812845531e-02-j2.84993979529075541768e-02
  +1.23824853719032845767e-02-j2.53745291744757184293e-02
  +1.10896061030252290891e-02-j2.22496603960438757430e-02
  +9.79672683414717360151e-03-j1.91247916176120330567e-02
  +8.50384756526917362507e-03-j1.59999228391801973093e-02
  +7.77475879799838232032e-03-j1.28087102240856814950e-02
  +7.70338427589445373656e-03-j9.54010133089199657830e-03
  +7.63200975379052515279e-03-j6.27149243769831166162e-03
  +7.56063523168659656903e-03-j3.00288354450462674494e-03
  +7.48926070958266798527e-03+j2.65725348689061641183e-04
  +7.83291224786497597421e-03+j3.41725177895182193749e-03
  +8.91762809235113751427e-03+j6.35971752015855682633e-03
  +1.00023439368372990543e-02+j9.30218326136526309222e-03
  +1.10870597813234605944e-02+j1.22446490025719979811e-02
  +1.21717756258096221345e-02+j1.51871147437787346046e-02
  +1.34917227828650898580e-02+j1.79424390348271560469e-02
  +1.54937774125532556901e-02+j2.01551035064918837580e-02
  +1.74958320422413660111e-02+j2.23677679781565594275e-02
  +1.94978866719294763321e-02+j2.45804324498212420358e-02
  +2.14999413016175866531e-02+j2.67930969214859177052e-02
  +2.35857990217789303955e-02+j2.88508592749922090914e-02
  +2.61325073807113228419e-02+j3.00567826366769097479e-02
  +2.86792157396437152883e-02+j3.12627059983616173433e-02
  +3.12259240985760522236e-02+j3.24686293600462971831e-02
  +3.37726324575084446700e-02+j3.36745527217310186563e-02
  +3.63243134149836555125e-02+j3.48232097282579755593e-02
  +3.89679500489901742277e-02+j3.49128698369547962876e-02
  +4.16115866829967484541e-02+j3.50025299456515892604e-02
  +4.42552233170032671694e-02+j3.50921900543484099888e-02
  +4.68988599510097858847e-02+j3.51818501630452029616e-02
  +4.95424965850163601111e-02+j3.52715102717420236900e-02
  +5.18480359422149317261e-02+j3.43718356593523122200e-02
  +5.41352923386502205005e-02+j3.34186617462340629370e-02
  +5.64225487350854537638e-02+j3.24654878331158136540e-02
  +5.87098051315207425382e-02+j3.15123139199975366154e-02
  +6.09970615279559758015e-02+j3.05591400068792873324e-02
  +6.26534928253563716538e-02+j2.89310231188279476378e-02
  +6.41952121349678717088e-02+j2.71801716559836870069e-02
  +6.57369314445793162527e-02+j2.54293201931394263760e-02
  +6.72786507541907885521e-02+j2.36784687302951657450e-02
  +6.88203700638022608516e-02+j2.19276172674509051141e-02
  +6.96114952811350273798e-02+j1.98668490996741498034e-02
  +7.01437709174008994228e-02+j1.76992031799104998502e-02
  +7.06760465536667437103e-02+j1.55315572601468498970e-02
  +7.12083221899326157533e-02+j1.33639113403831999438e-02
  +7.17405978261984877964e-02+j1.11962654206195499906e-02
  +7.15653075386211423581e-02+j9.05660458318480188211e-03
  +7.09937516430826365266e-02+j6.93261652660226435074e-03
  +7.04221957475440751839e-02+j4.80862847001972681937e-03
  +6.98506398520055693524e-02+j2.68464041343721704358e-03
  +6.92790839564670080097e-02+j5.60652356854679512210e-04
  +6.81652350387342287341e-02-j1.28662645942068110116e-03
  +6.65865343145403687508e-02-j2.89671101916513795693e-03
  +6.50078335903464810119e-02-j4.50679557890962256828e-03
  +6.34291328661526071508e-02-j6.11688013865407942404e-03
  +6.18504321419587610453e-02-j7.72696469839853627981e-03
  +5.99558357882431225416e-02-j8.93661783075455629088e-03
  +5.76524090870002559051e-02-j9.62803486130731078774e-03
  +5.53489823857574031463e-02-j1.03194518918600652846e-02
  +5.30455556845145295708e-02-j1.10108689224128197814e-02
  +5.07421289832716837509e-02-j1.17022859529655742783e-02
  +4.83417876053671285996e-02-j1.19981125069405503147e-02
  +4.57476050658918650949e-02-j1.15027099083505335297e-02
  +4.31534225264166154679e-02-j1.10073073097605445003e-02
  +4.05592399869413450242e-02-j1.05119047111705277153e-02
  +3.79650574474660884583e-02-j1.00165021125805109303e-02
  +3.54246490421328691367e-02-j9.22976042928694284662e-03
  +3.30635003693110149370e-02-j7.47182009765928745182e-03
  +3.07023516964891676762e-02-j5.71387976603163205702e-03
  +2.83412030236673169459e-02-j3.95593943440397666222e-03
  +2.59800543508454662156e-02-j2.19799910277633514522e-03
  +2.37167565022808404795e-02-j2.96882736414968984029e-04
  +2.21189124575972562159e-02+j2.57793045530672892962e-03
  +2.05210684129136650133e-02+j5.45274364702842684327e-03
  +1.89232243682300807497e-02+j8.32755683875012475692e-03
  +1.73253803235464964860e-02+j1.12023700304718226706e-02
  +1.57584707520662219149e-02+j1.40965946581267584370e-02
  +1.53675613255551193892e-02+j1.77287614295360412831e-02
  +1.49766518990440185982e-02+j2.13609282009453171902e-02
  +1.45857424725329143378e-02+j2.49930949723545930974e-02
  +1.41948330460218135468e-02+j2.86252617437638724740e-02
  +1.38039236195107110211e-02+j3.22574285151731449117e-02
  +1.47772703686486536062e-02+j3.61036448152778702281e-02
  +1.58643201382342377559e-02+j3.99677009304939129253e-02
  +1.69513699078198201708e-02+j4.38317570457099625614e-02
  +1.80384196774054095247e-02+j4.76958131609260052586e-02
  +1.91254694469909919396e-02+j5.15598692761420548947e-02
  +2.14567231192986790367e-02+j5.51152265530799878590e-02
  +2.40601617913162105222e-02+j5.86030521392529799019e-02
  +2.66636004633337454772e-02+j6.20908777254259788836e-02
  +2.92670391353512769628e-02+j6.55787033115989848042e-02
  +3.18704778073688049789e-02+j6.90665288977719699082e-02
  +3.54096348080402065217e-02+j7.18629302072019554570e-02
  +3.93164086706676227378e-02+j7.43876907727104574874e-02
  +4.32231825332950458929e-02+j7.69124513382189733957e-02
  +4.71299563959224621090e-02+j7.94372119037275031816e-02
  +5.10367302585498852641e-02+j8.19619724692360052121e-02
  +5.54770031349606437820e-02+j8.36096840721331779900e-02
  +6.02507216971286188589e-02+j8.47092256030620577301e-02
  +6.50244402592966841414e-02+j8.58087671339909652257e-02
  +6.97981588214644649293e-02+j8.69083086649198310880e-02
  +7.45718773836326342952e-02+j8.80078501958487524615e-02
  +7.94876086032568068829e-02+j8.82452003047896060828e-02
  +8.45382546591267047820e-02+j8.76634514925980073974e-02
  +8.95889007149964361476e-02+j8.70817026804064225898e-02
  +9.46395467708661536355e-02+j8.64999538682148516600e-02
  +9.96901928267358850011e-02+j8.59182050560232529746e-02
  +1.04588877379407446666e-01+j8.46442323770538879169e-02
  +1.09269113510437082537e-01+j8.23751707582012077102e-02
  +1.13949349641466718408e-01+j8.01061091393484858703e-02
  +1.18629585772496326523e-01+j7.78370475204958056636e-02
  +1.23309821903525976272e-01+j7.55679859016430977015e-02
  +1.27691146435586849739e-01+j7.28550227695540786321e-02
  +1.31399910006547743224e-01+j6.91432665849171512740e-02
  +1.35108673577508608954e-01+j6.54315104002802239158e-02
  +1.38817437148469502439e-01+j6.17197542156432965577e-02
  +1.42526200719430368169e-01+j5.80079980310063414439e-02
  +1.45940993345785141599e-01+j5.40937296903248876490e-02
  +1.48216634011206604971e-01+j4.93947167212923921031e-02
  +1.50492274676628123853e-01+j4.46957037522598965573e-02
  +1.52767915342049587224e-01+j3.99966907832274287671e-02
  +1.55043556007471106106e-01+j3.52976778141949332213e-02
  +1.57146211459263024368e-01+j3.05584425116693370050e-02
  +1.57735229167410423434e-01+j2.54672578093354806672e-02
  +1.58324246875557822500e-01+j2.03760731070015965738e-02
  +1.58913264583705193811e-01+j1.52848884046677402360e-02
  +1.59502282291852565121e-01+j1.01937037023338561426e-02
  +1.60091300000000019699e-01+j5.10251899999999980473e-03
</dep>
<dep S[3,2] frequency>
  -7.38364499999999771007e-04-j3.27903599999999992992e-03
  -1.28971280598739850010e-03-j3.92435933270366462539e-03
  -1.84106111197479722918e-03-j4.56968266540732932085e-03
  -2.39240941796219769300e-03-j5.21500599811099314895e-03
  -2.94375772394959642209e-03-j5.86032933081465784442e-03
  -3.49510602993699515117e-03-j6.50565266351832080516e-03
  -4.30921835028276120627e-03-j6.85001458528196327524e-03
  -5.15336050395475905872e-03-j7.15998130635488519435e-03
  -5.99750265762674997227e-03-j7.46994802742780711347e-03
  -6.84164481129875129417e-03-j7.77991474850072556313e-03
  -7.68578696497074567717e-03-j8.08988146957365095169e-03
  -8.61705690083568870419e-03-j8.06105545739265599847e-03
  -9.57081169849459748034e-03-j7.94479800150584003493e-03
  -1.05245664961535097259e-02-j7.82854054561903101028e-03
  -1.14783212938124185021e-02-j7.71228308973220810785e-03
  -1.24320760914713342171e-02-j7.59602563384539908320e-03
  -1.33245444872270475678e-02-j7.18713016765953893739e-03
  -1.41897743622970383404e-02-j6.64817279133658733947e-03
  -1.50550042373670221740e-02-j6.10921541501362186377e-03
  -1.59202341124370094771e-02-j5.57025803869067026586e-03
  -1.67854639875069967803e-02-j5.03130066236770479016e-03
  -1.74996681769473659551e-02-j4.29623062546352629809e-03
  -1.81088110650813385871e-02-j3.42473444861218778712e-03
  -1.87179539532153077497e-02-j2.55323827176084927615e-03
  -1.93270968413492803817e-02-j1.68174209490951076518e-03
  -1.99362397294832495442e-02-j8.10245918058172254206e-04
  -2.03705772999981209181e-02+j1.50485306006420405112e-04
  -2.06209101166660857540e-02+j1.20514772804961034502e-03
  -2.08712429333340471205e-02+j2.25981015009280028494e-03
  -2.11215757500020119564e-02+j3.31447257213599022485e-03
  -2.13719085666699767923e-02+j4.36913499417918016476e-03
  -2.14759371179994787426e-02+j5.42875858525920795827e-03
  -2.13458769909540824194e-02+j6.49632010966158524035e-03
  -2.12158168639086930352e-02+j7.56388163406393476684e-03
  -2.10857567368632897731e-02+j8.63144315846631204892e-03
  -2.09556966098179003888e-02+j9.69900468286866157541e-03
  -2.07342381382304846715e-02+j1.07274321590256349612e-02
  -2.02801283779628083170e-02+j1.16562452843846087180e-02
  -1.98260186176951319625e-02+j1.25850584097436102304e-02
  -1.93719088574274556080e-02+j1.35138715351025839873e-02
  -1.89177990971597792536e-02+j1.44426846604615577441e-02
  -1.84260175095261324874e-02+j1.53285267735938368627e-02
  -1.77620315951243223918e-02+j1.60179410851449266495e-02
  -1.70980456807225400517e-02+j1.67073553966959886807e-02
  -1.64340597663207299561e-02+j1.73967697082470507119e-02
  -1.57700738519189198605e-02+j1.80861840197981404987e-02
  -1.51007266300321463248e-02+j1.87548415271236723623e-02
  -1.43670522089458796433e-02+j1.91744502559741958336e-02
  -1.36333777878596407174e-02+j1.95940589848247193050e-02
  -1.28997033667733740359e-02+j2.00136677136752150208e-02
  -1.21660289456871073543e-02+j2.04332764425257384922e-02
  -1.14323545246008684284e-02+j2.08528851713762619635e-02
  -1.07569714017049233856e-02+j2.10509381203403955762e-02
  -1.00831216209684715324e-02+j2.12431630841931062825e-02
  -9.40927184023204743468e-03+j2.14353880480457892332e-02
  -8.73542205949559558142e-03+j2.16276130118984999395e-02
  -8.06157227875914372817e-03+j2.18198379757512106458e-02
  -7.51391629239972491661e-03+j2.19015324195511451588e-02
  -6.98481631507341660381e-03+j2.19669740409467739717e-02
  -6.45571633774705277986e-03+j2.20324156623424027845e-02
  -5.92661636042074446706e-03+j2.20978572837380315974e-02
  -5.39751638309443615427e-03+j2.21632989051336604103e-02
  -4.99273422953072643082e-03+j2.22308526215720669850e-02
  -4.62524479774895080908e-03+j2.22990399219200052805e-02
  -4.25775536596717518734e-03+j2.23672272222679435760e-02
  -3.89026593418539956559e-03+j2.24354145226158541160e-02
  -3.52277650240367945500e-03+j2.25036018229637924115e-02
  -3.22426269635261997237e-03+j2.26541102086846302122e-02
  -2.96023460226829682185e-03+j2.28457766297097686348e-02
  -2.69620650818402918247e-03+j2.30374430507349348130e-02
  -2.43217841409976154310e-03+j2.32291094717600593578e-02
  -2.16815032001543839257e-03+j2.34207758927852116582e-02
  -1.89429574183447302360e-03+j2.37241709527124811085e-02
  -1.61284842158215813157e-03+j2.41138966603890447793e-02
  -1.33140110132989875069e-03+j2.45036223680655945723e-02
  -1.04995378107758385866e-03+j2.48933480757421582430e-02
  -7.68506460825268966630e-04+j2.52830737834187219137e-02
  -4.07856751549140472690e-04+j2.57646514625514827523e-02
  +4.51899373917763469422e-05+j2.63533830399872159855e-02
  +4.98236626332693166574e-04+j2.69421146174229561576e-02
  +9.51283315273609986207e-04+j2.75308461948586893908e-02
  +1.40433000421452680584e-03+j2.81195777722944191546e-02
  +1.97200114100121171035e-03+j2.87499813425593636618e-02
  +2.74434397198908275328e-03+j2.94547937979564335154e-02
  +3.51668680297689828507e-03+j3.01596062533534929606e-02
  +4.28902963396471381685e-03+j3.08644187087505558753e-02
  +5.06137246495252934864e-03+j3.15692311641476222595e-02
  +5.94143868436863842319e-03+j3.22636011879667838897e-02
  +7.13387372671775432664e-03+j3.29276909717365340313e-02
  +8.32630876906681471894e-03+j3.35917807555062702951e-02
  +9.51874381141587511124e-03+j3.42558705392759996200e-02
  +1.07111788537649355035e-02+j3.49199603230457289449e-02
  +1.19717196439684259168e-02+j3.55465690507419593280e-02
  +1.36067881183594141525e-02+j3.59670616491195999087e-02
  +1.52418565927503468771e-02+j3.63875542474972196727e-02
  +1.68769250671413351128e-02+j3.68080468458748533145e-02
  +1.85119935415322678374e-02+j3.72285394442524869563e-02
  +2.01661226221971356942e-02+j3.76257627756781953821e-02
  +2.21727295733182838688e-02+j3.75926796654069139692e-02
  +2.41793365244394320435e-02+j3.75595965551356325562e-02
  +2.61859434755605802181e-02+j3.75265134448643650211e-02
  +2.81925504266817283927e-02+j3.74934303345930974860e-02
  +3.01991573778028765673e-02+j3.74603472243218160731e-02
  +3.24050845103647233714e-02+j3.68305015147873393566e-02
  +3.46217900883817319979e-02+j3.61683852490083113107e-02
  +3.68384956663987961356e-02+j3.55062689832292832648e-02
  +3.90552012444158047622e-02+j3.48441527174502552189e-02
  +4.12719068224328688999e-02+j3.41820364516711994174e-02
  +4.34705457115601712204e-02+j3.28990197433974562724e-02
  +4.56658992751693970646e-02+j3.15030957901733243975e-02
  +4.78612528387786229089e-02+j3.01071718369491647671e-02
  +5.00566064023878209976e-02+j2.87112478837250328922e-02
  +5.22519599659970745975e-02+j2.73153239305008732618e-02
  +5.42321633818062531773e-02+j2.53667517152648402945e-02
  +5.61381702029480345040e-02+j2.32275934395059502346e-02
  +5.80441770240897880750e-02+j2.10884351637470324192e-02
  +5.99501838452315971573e-02+j1.89492768879881423594e-02
  +6.18561906663733784839e-02+j1.68101186122292522995e-02
  +6.34076438168257039418e-02+j1.42556337355316531390e-02
  +6.47605325351365002096e-02+j1.14685491215127388642e-02
  +6.61134212534472964773e-02+j8.68146450749382458945e-03
  +6.74663099717580927450e-02+j5.89437989347491031467e-03
  +6.88191986900688890127e-02+j3.10729527945599603989e-03
  +6.97571214219840363135e-02+j7.49651670423068239302e-05
  +7.03393366664316205261e-02-j3.16758858515561736446e-03
  +7.09215519108791769831e-02-j6.41014233735354155286e-03
  +7.15037671553267750735e-02-j9.65269608955146574125e-03
  +7.20859823997743454083e-02-j1.28952498417493899296e-02
  +7.22735630241336385327e-02-j1.62207535751836273707e-02
  +7.19504097421035798687e-02-j1.96536107079275101928e-02
  +7.16272564600735350826e-02-j2.30864678406714207703e-02
  +7.13041031780435041743e-02-j2.65193249734153035924e-02
  +7.09809498960134455103e-02-j2.99521821061591864144e-02
  +7.03468648570668431130e-02-j3.33487896484655488294e-02
  +6.90908784198385472752e-02-j3.66728935931857902286e-02
  +6.78348919826102791930e-02-j3.99969975379060038723e-02
  +6.65789055453819833552e-02-j4.33211014826262175159e-02
  +6.53229191081537013952e-02-j4.66452054273464311596e-02
  +6.38714062343586630455e-02-j4.98783387521569143708e-02
  +6.17680926895331078308e-02-j5.28082153299904155652e-02
  +5.96647791447075664939e-02-j5.57380919078239167597e-02
  +5.75614655998820251570e-02-j5.86679684856573901985e-02
  +5.54581520550564560645e-02-j6.15978450634908913930e-02
  +5.32695237543025224003e-02-j6.44483432908339176626e-02
  +5.05006956515471408520e-02-j6.67590134106404720082e-02
  +4.77318675487917315481e-02-j6.90696835304470263539e-02
  +4.49630394460363361220e-02-j7.13803536502535251884e-02
  +4.21942113432809268181e-02-j7.36910237700600656563e-02
  +3.94144857562640157922e-02-j7.59824985691876647609e-02
  +3.62204830943764904960e-02-j7.75442470286153290315e-02
  +3.30264804324889582610e-02-j7.91059954880430349355e-02
  +2.98324777706014329648e-02-j8.06677439474707269618e-02
  +2.66384751087139041992e-02-j8.22294924068984189880e-02
  +2.34444724468263754336e-02-j8.37912408663261110142e-02
  +2.00869483766506415345e-02-j8.46412384170712323028e-02
  +1.67157957238361874752e-02-j8.54319155633585236576e-02
  +1.33446430710217264770e-02-j8.62225927096458288901e-02
  +9.97349041820726894825e-03-j8.70132698559331341226e-02
  +6.60233776539281315421e-03-j8.78039470022204393551e-02
  +3.25432104320113636808e-03-j8.80197313756999888401e-02
  -8.86344078788903633886e-05-j8.81097508413074825828e-02
  -3.43158985895891709486e-03-j8.81997703069149902033e-02
  -6.77454531003894317581e-03-j8.82897897725224839460e-02
  -1.01175007611189696904e-02-j8.83798092381299915665e-02
  -1.33486007019429069737e-02-j8.80561729197347625719e-02
  -1.65357558247445392274e-02-j8.75700231220280372879e-02
  -1.97229109475461662770e-02-j8.70838733243213258817e-02
  -2.29100660703478037350e-02-j8.65977235266146144754e-02
  -2.60972211931494273152e-02-j8.61115737289079169470e-02
  -2.91636116883023446822e-02-j8.53498463714370270150e-02
  -3.21545222986922701880e-02-j8.44158784923891292173e-02
  -3.51454329090822442661e-02-j8.34819106133412036641e-02
  -3.81363435194720518107e-02-j8.25479427342933474998e-02
  -4.11272541298620813999e-02-j8.16139748552454219466e-02
  -4.40321676058945676857e-02-j8.04943073162007610710e-02
  -4.68553821016588836756e-02-j7.91982214235526782442e-02
  -4.96785965974231025211e-02-j7.79021355309046509285e-02
  -5.25018110931873005498e-02-j7.66060496382566236129e-02
  -5.53250255889515263341e-02-j7.53099637456086101750e-02
  -5.81033729934136156103e-02-j7.38709446016481835473e-02
  -6.08172228437429199244e-02-j7.22264553715657592337e-02
  -6.35310726940722381162e-02-j7.05819661414833487978e-02
  -6.62449225444015632469e-02-j6.89374769114009383619e-02
  -6.89587723947308744998e-02-j6.72929876813185279261e-02
  -7.16512347191529536117e-02-j6.55219184040585489459e-02
  -7.42955744045427496358e-02-j6.34660398437879857969e-02
  -7.69399140899325734155e-02-j6.14101612835174087701e-02
  -7.95842537753223555619e-02-j5.93542827232468317433e-02
  -8.22285934607121654638e-02-j5.72984041629762685943e-02
  -8.48539407722445626625e-02-j5.51336724143380585428e-02
  -8.74056916950200907257e-02-j5.25471291729042444540e-02
  -8.99574426177956465445e-02-j4.99605859314704581209e-02
  -9.25091935405711884854e-02-j4.73740426900366440321e-02
  -9.50609444633467304264e-02-j4.47874994486028299434e-02
  -9.75913337896053001419e-02-j4.21326929667275307256e-02
  -9.99348070316842390648e-02-j3.88805763733820197725e-02
  -1.02278280273763177988e-01-j3.56284597800365088194e-02
  -1.04621753515842103033e-01-j3.23763431866909978663e-02
  -1.06965226757921069711e-01-j2.91242265933455146687e-02
  -1.09308699999999994756e-01-j2.58721100000000037156e-02
</dep>
<dep S[3,1] frequency>
  +2.20309200000000024455e-03+j1.36209199999999981678e-02
  +3.90871090084930847969e-03+j1.66258529750606710851e-02
  +5.61432980169861671482e-03+j1.96307859501213405329e-02
  +7.31994870254792581732e-03+j2.26357189251820134501e-02
  +9.02556760339723491982e-03+j2.56406519002426898368e-02
  +1.07311865042465440223e-02+j2.86455848753033592846e-02
  +1.34343138996212904668e-02+j3.09670427023538696876e-02
  +1.62514409760605924027e-02+j3.32103899676233840776e-02
  +1.90685680524998908691e-02+j3.54537372328928776510e-02
  +2.18856951289391893356e-02+j3.76970844981623851022e-02
  +2.47028222053784947410e-02+j3.99404317634318786756e-02
  +2.81618100496517573261e-02+j4.13298009420680484416e-02
  +3.17864413923875169243e-02+j4.24987860047570387145e-02
  +3.54110727351232765225e-02+j4.36677710674460151097e-02
  +3.90357040778590291819e-02+j4.48367561301350053826e-02
  +4.26603354205947887801e-02+j4.60057411928239817778e-02
  +4.65841603389572228577e-02+j4.62956710349730488074e-02
  +5.06409607648656279189e-02+j4.61949079490825420535e-02
  +5.46977611907740191022e-02+j4.60941448631919936663e-02
  +5.87545616166824241633e-02+j4.59933817773014730346e-02
  +6.28113620425908292244e-02+j4.58926186914109524029e-02
  +6.68857869475699140516e-02+j4.50011904301766962888e-02
  +7.09724723544516711282e-02+j4.35597344576100498070e-02
  +7.50591577613334420827e-02+j4.21182784850434033252e-02
  +7.91458431682151852815e-02+j4.06768225124767290879e-02
  +8.32325285750969423582e-02+j3.92353665399101103617e-02
  +8.71429006801057587372e-02+j3.71627825284350510326e-02
  +9.08676806866993980183e-02+j3.44258562588013461436e-02
  +9.45924606932930511771e-02+j3.16889299891675857435e-02
  +9.83172406998866765804e-02+j2.89520037195338808544e-02
  +1.02042020706480329739e-01+j2.62150774499001482098e-02
  +1.05491327762724601547e-01+j2.30357409006893554260e-02
  +1.08499874607869556398e-01+j1.91485422983382891360e-02
  +1.11508421453014483493e-01+j1.52613436959872228460e-02
  +1.14516968298159396711e-01+j1.13741450936361843116e-02
  +1.17525515143304309928e-01+j7.48694649128511802161e-03
  +1.20247754122946137745e-01+j3.33949484696693943420e-03
  +1.22241206446742356473e-01-j1.47042181135123573021e-03
  +1.24234658770538616834e-01-j6.28033846966938313905e-03
  +1.26228111094334793929e-01-j1.10902551279875583035e-02
  +1.28221563418131040413e-01-j1.59001717863057334679e-02
  +1.29991426860122633036e-01-j2.08229631461895048350e-02
  +1.30739227515247552480e-01-j2.62617239546331648903e-02
  +1.31487028170372444169e-01-j3.17004847630767971900e-02
  +1.32234828825497419125e-01-j3.71392455715204850009e-02
  +1.32982629480622338569e-01-j4.25780063799641450561e-02
  +1.33623035121221034327e-01-j4.80386068383364395196e-02
  +1.32974870667334488239e-01-j5.37612485087350655544e-02
  +1.32326706213447997662e-01-j5.94838901791336638336e-02
  +1.31678541759561507085e-01-j6.52065318495322898684e-02
  +1.31030377305674988753e-01-j7.09291735199309159032e-02
  +1.30382212851788498176e-01-j7.66518151903295141825e-02
  +1.28317396787680781944e-01-j8.22820853019088915836e-02
  +1.26215315956674678510e-01-j8.79099255961763859091e-02
  +1.24113235125668519565e-01-j9.35377658904438524790e-02
  +1.22011154294662416131e-01-j9.91656061847113329266e-02
  +1.19909073463656257186e-01-j1.04793446478978799496e-01
  +1.16578927000140275538e-01-j1.09998996012924107890e-01
  +1.13068201158037451304e-01-j1.15142450328940326720e-01
  +1.09557475315934682580e-01-j1.20285904644956517795e-01
  +1.06046749473831858346e-01-j1.25429358960972736625e-01
  +1.02536023631729034111e-01-j1.30572813276988941578e-01
  +9.80598683417157612752e-02-j1.35058337172906967050e-01
  +9.32941046052918054876e-02-j1.39346495836986106198e-01
  +8.85283408688678497001e-02-j1.43634654501065273102e-01
  +8.37625771324438939125e-02-j1.47922813165144412251e-01
  +7.89968133960200491472e-02-j1.52210971829223551399e-01
  +7.35653798259446323193e-02-j1.55716462179635278806e-01
  +6.78011316143916076271e-02-j1.58830642212167166827e-01
  +6.20368834028385274237e-02-j1.61944822244699027092e-01
  +5.62726351912854472204e-02-j1.65059002277230887357e-01
  +5.05083869797323670170e-02-j1.68173182309762775377e-01
  +4.43730499062384153852e-02-j1.70493097432522805468e-01
  +3.79509793493806313336e-02-j1.72199298785752297203e-01
  +3.15289087925228472820e-02-j1.73905500138981761182e-01
  +2.51068382356650077192e-02-j1.75611701492211225162e-01
  +1.86847676788072236675e-02-j1.77317902845440716897e-01
  +1.21406782942726221286e-02-j1.78316372565220204738e-01
  +5.45424255783460987246e-03-j1.78489207273859418201e-01
  -1.23219317860334687253e-03-j1.78662041982498659420e-01
  -7.91862891504135912868e-03-j1.78834876691137900639e-01
  -1.46050646514793713848e-02-j1.79007711399777141859e-01
  -2.12400736690059321887e-02-j1.78627618825669048919e-01
  -2.77832559088718733520e-02-j1.77260227591835739513e-01
  -3.43264381487377590041e-02-j1.75892836358002430108e-01
  -4.08696203886037001674e-02-j1.74525445124169120703e-01
  -4.74128026284696413306e-02-j1.73158053890335811298e-01
  -5.38209021483579963530e-02-j1.71422792964056214249e-01
  -5.98372981500633893681e-02-j1.68620808975137315144e-01
  -6.58536941517686158498e-02-j1.65818824986218388284e-01
  -7.18700901534738978427e-02-j1.63016840997299516935e-01
  -7.78864861551791798355e-02-j1.60214857008380673342e-01
  -8.37712125219330916437e-02-j1.57222770425027302821e-01
  -8.89318601580410539320e-02-j1.53185270103560200461e-01
  -9.40925077941489607092e-02-j1.49147769782093098101e-01
  -9.92531554302569785087e-02-j1.45110269460625995741e-01
  -1.04413803066364940797e-01-j1.41072769139158948892e-01
  -1.09517414679484559326e-01-j1.36985559217315144842e-01
  -1.13566288807690735085e-01-j1.31979095530389056723e-01
  -1.17615162935896910845e-01-j1.26972631843463024115e-01
  -1.21664037064103086605e-01-j1.21966168156536963751e-01
  -1.25712911192309262365e-01-j1.16959704469610931143e-01
  -1.29761785320515410369e-01-j1.11953240782684843024e-01
  -1.32588432347840873282e-01-j1.06319923895465295871e-01
  -1.35348986177550839605e-01-j1.00652709271554174908e-01
  -1.38109540007260861438e-01-j9.49854946476430539448e-02
  -1.40870093836970855516e-01-j8.93182800237319884928e-02
  -1.43630647666680821839e-01-j8.36510653998208952853e-02
  -1.45217405651453496107e-01-j7.77038411428174480289e-02
  -1.46590715479459537951e-01-j7.17056987126765688068e-02
  -1.47964025307465524284e-01-j6.57075562825357450958e-02
  -1.49337335135471538372e-01-j5.97094138523948936292e-02
  -1.50710644963477524705e-01-j5.37112714222540421627e-02
  -1.51033713249367790299e-01-j4.77184202742547691756e-02
  -1.50994595653444918515e-01-j4.17273938757168894043e-02
  -1.50955478057522046731e-01-j3.57363674771790651441e-02
  -1.50916360461599147191e-01-j2.97453410786411853728e-02
  -1.50877242865676247652e-01-j2.37543146801033611126e-02
  -1.49962946834202054402e-01-j1.79842805724720611327e-02
  -1.48558515391804507599e-01-j1.23380111086143773313e-02
  -1.47154083949406960796e-01-j6.69174164475669353003e-03
  -1.45749652507009386238e-01-j1.04547218089903748428e-03
  -1.44345221064611839434e-01+j4.60079728295864631704e-03
  -1.42271837534929918023e-01+j9.88468134631312334015e-03
  -1.39625030462101923368e-01+j1.48579298285984873207e-02
  -1.36978223389273873201e-01+j1.98311783108838235457e-02
  -1.34331416316445850789e-01+j2.48044267931691875262e-02
  -1.31684609243617828378e-01+j2.97776752754545515067e-02
  -1.28585694084373536317e-01+j3.43249859169395266090e-02
  -1.24901663181776728662e-01+j3.83210501997995334200e-02
  -1.21217632279179921007e-01+j4.23171144826595124755e-02
  -1.17533601376583113352e-01+j4.63131787655195192865e-02
  -1.13849570473986305696e-01+j5.03092430483795538532e-02
  -1.09916865499657095961e-01+j5.38941528906336786431e-02
  -1.05486782082995611542e-01+j5.66567037559271291514e-02
  -1.01056698666334154879e-01+j5.94192546212205519041e-02
  -9.66266152496726843379e-02+j6.21818054865139746568e-02
  -9.21965318330112137968e-02+j6.49443563518074112872e-02
  -8.76799680567097450279e-02+j6.73814734672306958618e-02
  -8.28751161213538561912e-02+j6.87337350497351090572e-02
  -7.80702641859979673544e-02+j7.00859966322395222527e-02
  -7.32654122506420368843e-02+j7.14382582147439354481e-02
  -6.84605603152861619254e-02+j7.27905197972483486435e-02
  -6.36626919281954584129e-02+j7.39538195826363320418e-02
  -5.89123165366205528426e-02+j7.38320474472321103265e-02
  -5.41619411450456472723e-02+j7.37102753118278886113e-02
  -4.94115657534707208853e-02+j7.35885031764236668961e-02
  -4.46611903618957944984e-02+j7.34667310410194313031e-02
  -3.99236849199288423851e-02+j7.33090897528857060594e-02
  -3.56754414901263167126e-02+j7.17878523067506935096e-02
  -3.14271980603237841012e-02+j7.02666148606156809597e-02
  -2.71789546305212688371e-02+j6.87453774144806684099e-02
  -2.29307112007187362257e-02+j6.72241399683456558600e-02
  -1.86824677709162140227e-02+j6.57029025222106433102e-02
  -1.52800683076534209170e-02+j6.30928296778310165882e-02
  -1.19481651452611262187e-02+j6.03920085738792050689e-02
  -8.61626198286882805100e-03+j5.76911874699274074274e-02
  -5.28435882047653161797e-03+j5.49903663659756028470e-02
  -1.95245565808423691967e-03+j5.22895452620238121444e-02
  +3.58694805587595876711e-04+j4.89067369733682463795e-02
  +2.44654298544790503589e-03+j4.53747355490340467665e-02
  +4.53439116530821376139e-03+j4.18427341246998332758e-02
  +6.62223934516852335425e-03+j3.83107327003656406017e-02
  +8.71008752502883294710e-03+j3.47787312760314271110e-02
  +9.76138601760554933118e-03+j3.09648022043568123263e-02
  +1.04054539028168198389e-02+j2.70401118556609018628e-02
  +1.10495217880280903466e-02+j2.31154215069649948688e-02
  +1.16935896732393591196e-02+j1.91907311582690878748e-02
  +1.23376575584506278926e-02+j1.52660408095731878197e-02
  +1.20620433775725233172e-02+j1.13937324120868335720e-02
  +1.12116127316534384961e-02+j7.55416359835060433059e-03
  +1.03611820857343397972e-02+j3.71459478461430570029e-03
  +9.51075143981528620118e-03-j1.24974029121767415962e-04
  +8.66032079389617015508e-03-j3.96454284285814584354e-03
  +7.09340089447695748559e-03-j7.52139848943082778288e-03
  +4.84580201869779653157e-03-j1.08096710298537235229e-02
  +2.59820314291871884427e-03-j1.40979435702764804850e-02
  +3.50604267139644626416e-04-j1.73862161106992513249e-02
  -1.89699460863942959143e-03-j2.06744886511219944092e-02
  -4.62424410932070137359e-03-j2.35672099108359400788e-02
  -8.04100325385466788153e-03-j2.58913164152941438489e-02
  -1.14577623983886343895e-02-j2.82154229197523476191e-02
  -1.48745215429225939585e-02-j3.05395294242105513893e-02
  -1.82912806874565604665e-02-j3.28636359286687551595e-02
  -2.19650893951867202947e-02-j3.47893675021188897301e-02
  -2.62172681021742744190e-02-j3.58187423353109601898e-02
  -3.04694468091618285432e-02-j3.68481171685030306495e-02
  -3.47216255161493791981e-02-j3.78774920016951011092e-02
  -3.89738042231369333224e-02-j3.89068668348871715690e-02
  -4.33124049848773590154e-02-j3.96236558332972998997e-02
  -4.79858954863896167153e-02-j3.91291592499675711103e-02
  -5.26593859879018813541e-02-j3.86346626666378423209e-02
  -5.73328764894141459929e-02-j3.81401660833081135316e-02
  -6.20063669909264106317e-02-j3.76456694999783847422e-02
  -6.66747662868100859912e-02-j3.69833112701347943574e-02
  -7.12986170294480636755e-02-j3.48521470161078372740e-02
  -7.59224677720860552377e-02-j3.27209827620808801907e-02
  -8.05463185147240467998e-02-j3.05898185080539231073e-02
  -8.51701692573620244842e-02-j2.84586542540269660240e-02
  -8.97940200000000021685e-02-j2.63274900000000089406e-02
</dep>
<dep S[2,4] frequency>
  +2.20708099999999962648e-03+j1.36225600000000023060e-02
  +3.91566527331378352872e-03+j1.66267894070778951554e-02
  +5.62424954662756569623e-03+j1.96310188141557845354e-02
  +7.33283381994134959847e-03+j2.26352482212336739154e-02
  +9.04141809325513350071e-03+j2.56394776283115702342e-02
  +1.07500023665689139335e-02+j2.86437070353894526753e-02
  +1.34573841531233397151e-02+j3.09623577761759215254e-02
  +1.62789129355002601396e-02+j3.32026575558118444698e-02
  +1.91004417178771840335e-02+j3.54429573354477778224e-02
  +2.19219705002541079275e-02+j3.76832571150837181140e-02
  +2.47434992826310352909e-02+j3.99235568947196375889e-02
  +2.82070352674528637693e-02+j4.13074110537442612534e-02
  +3.18362525407727692262e-02+j4.24702443061325540796e-02
  +3.54654698140926677441e-02+j4.36330775585208191503e-02
  +3.90946870874125732009e-02+j4.47959108109091119765e-02
  +4.27239043607324717189e-02+j4.59587440632973909249e-02
  +4.66514305875804849433e-02+j4.62402345600872455300e-02
  +5.07115391548675423228e-02+j4.61300154421161456852e-02
  +5.47716477221545927634e-02+j4.60197963241450458405e-02
  +5.88317562894416432040e-02+j4.59095772061739737513e-02
  +6.28918648567286936446e-02+j4.57993580882029016621e-02
  +6.69679867466942274623e-02+j4.48967482163417919150e-02
  +7.10552483345981145124e-02+j4.34429102311979231654e-02
  +7.51425099225019738070e-02+j4.19890722460540821714e-02
  +7.92297715104058331015e-02+j4.05352342609102411775e-02
  +8.33170330983096923960e-02+j3.90813962757664001835e-02
  +8.72260298228946934218e-02+j3.69954325160664898586e-02
  +9.09473801832769435105e-02+j3.42440762549729715847e-02
  +9.46687305436591519658e-02+j3.14927199938794255551e-02
  +9.83900809040413881768e-02+j2.87413637327859072812e-02
  +1.02111431264423582754e-01+j2.59900074716923890072e-02
  +1.05555416722441869348e-01+j2.27959471088809428885e-02
  +1.08555614822164386846e-01+j1.88935545737808352484e-02
  +1.11555812921886918221e-01+j1.49911620386807276084e-02
  +1.14556011021609421840e-01+j1.10887695035806199684e-02
  +1.17556209121331925460e-01+j7.18637696848051232834e-03
  +1.20268557142533066839e-01+j3.02396000744245552205e-03
  +1.22248192858601223421e-01-j1.80034003349102689207e-03
  +1.24227828574669380002e-01-j6.62464007442448155061e-03
  +1.26207464290737536583e-01-j1.14489401153579639647e-02
  +1.28187100006805720920e-01-j1.62732401562914186233e-02
  +1.29942154838974643916e-01-j2.12099532952734481928e-02
  +1.30670612274071618053e-01-j2.66605258146703494315e-02
  +1.31399069709168564435e-01-j3.21110983340672784259e-02
  +1.32127527144265483061e-01-j3.75616708534642629314e-02
  +1.32855984579362457199e-01-j4.30122433728611641701e-02
  +1.33476662530907286275e-01-j4.84843166063553820955e-02
  +1.32804157368535735717e-01-j5.42143643586674439661e-02
  +1.32131652206164185159e-01-j5.99444121109795335922e-02
  +1.31459147043792579090e-01-j6.56744598632915954628e-02
  +1.30786641881421000777e-01-j7.14045076156036573334e-02
  +1.30114136719049422464e-01-j7.71345553679157469595e-02
  +1.28021141713698161091e-01-j8.27662507927520718631e-02
  +1.25890780977423150100e-01-j8.83953590772280639598e-02
  +1.23760420241148083598e-01-j9.40244673617040560565e-02
  +1.21630059504873100362e-01-j9.96535756461800481532e-02
  +1.19499698768598061616e-01-j1.05282683930656054128e-01
  +1.16139358806440606831e-01-j1.10482911517633036746e-01
  +1.12598158083746513469e-01-j1.15620074877591502704e-01
  +1.09056957361052531130e-01-j1.20757238237549996418e-01
  +1.05515756638358493280e-01-j1.25894401597508448498e-01
  +1.01974555915664455430e-01-j1.31031564957466956090e-01
  +9.74679378055598455433e-02-j1.35504270151763250851e-01
  +9.26717148669398138594e-02-j1.39777651928404605952e-01
  +8.78754919283198376867e-02-j1.44051033705045933297e-01
  +8.30792689896998615140e-02-j1.48324415481687288398e-01
  +7.82830460510798298301e-02-j1.52597797258328643499e-01
  +7.28228596454639220958e-02-j1.56082814122054464034e-01
  +6.70307117297245791399e-02-j1.59173672541786603851e-01
  +6.12385638139852361839e-02-j1.62264530961518771424e-01
  +5.54464158982458932279e-02-j1.65355389381250938996e-01
  +4.96542679825065502719e-02-j1.68446247800983078813e-01
  +4.34939078626708219844e-02-j1.70738463307459870100e-01
  +3.70490369996523405405e-02-j1.72413582242285673418e-01
  +3.06041661366338590966e-02-j1.74088701177111532248e-01
  +2.41592952736154331639e-02-j1.75763820111937335566e-01
  +1.77144244105969517200e-02-j1.77438939046763166640e-01
  +1.11508752356445084430e-02-j1.78403504141500079960e-01
  +4.44887673221133761459e-03-j1.78539141857623429033e-01
  -2.25312177122183321387e-03-j1.78674779573746833616e-01
  -8.95512027465500404233e-03-j1.78810417289870182689e-01
  -1.56571187780881748708e-02-j1.78946055005993587272e-01
  -2.23045900160650512056e-02-j1.78527386480615890552e-01
  -2.88546981869927110509e-02-j1.77118957047452646458e-01
  -3.54048063579202598739e-02-j1.75710527614289430121e-01
  -4.19549145288479197191e-02-j1.74302098181126213783e-01
  -4.85050226997755240532e-02-j1.72893668747962969690e-01
  -5.49177128131471126160e-02-j1.71117027890149209224e-01
  -6.09319275581259867103e-02-j1.68272673038311809668e-01
  -6.69461423031046387599e-02-j1.65428318186474437868e-01
  -7.29603570480834018319e-02-j1.62583963334637093823e-01
  -7.89745717930621093927e-02-j1.59739608482799666511e-01
  -8.48557807601458269353e-02-j1.56705298793251512901e-01
  -9.00055632684082507211e-02-j1.52626387910569483175e-01
  -9.51553457766707300181e-02-j1.48547477027887425693e-01
  -1.00305128284933153804e-01-j1.44468566145205368212e-01
  -1.05454910793195633101e-01-j1.40389655262523310730e-01
  -1.10547265577085523924e-01-j1.36261171531464636564e-01
  -1.14577639346251314301e-01-j1.31215962918878770171e-01
  -1.18608013115417076921e-01-j1.26170754306292931535e-01
  -1.22638386884582895053e-01-j1.21125545693707092898e-01
  -1.26668760653748657674e-01-j1.16080337081121226506e-01
  -1.30699134422914448050e-01-j1.11035128468535360113e-01
  -1.33501238362725177522e-01-j1.05366528301655049127e-01
  -1.36236922338113436437e-01-j9.96642175901794880044e-02
  -1.38972606313501750863e-01-j9.39619068787038991264e-02
  -1.41708290288890037534e-01-j8.82595961672283380040e-02
  -1.44443974264278296449e-01-j8.25572854557527768815e-02
  -1.46001368523513919140e-01-j7.65783181029182080657e-02
  -1.47344497440837968183e-01-j7.05490422995894428393e-02
  -1.48687626358161989470e-01-j6.45197664962606498573e-02
  -1.50030755275485983002e-01-j5.84904906929318846309e-02
  -1.51373884192810032046e-01-j5.24612148896030916490e-02
  -1.51663143010449447123e-01-j4.64401827610401995994e-02
  -1.51588964603351195048e-01-j4.04219935428885568385e-02
  -1.51514786196252942974e-01-j3.44038043247369418332e-02
  -1.51440607789154718654e-01-j2.83856151065852990723e-02
  -1.51366429382056466579e-01-j2.23674258884336840669e-02
  -1.50413906791900781057e-01-j1.65728737422300986815e-02
  -1.48969475843852616759e-01-j1.09035674244247760001e-02
  -1.47525044895804452461e-01-j5.23426110661948107428e-03
  -1.46080613947756315918e-01+j4.35045211185841607104e-04
  -1.44636182999708179375e-01+j6.10435152899113653291e-03
  -1.42519855828077440796e-01+j1.14086349644783036084e-02
  -1.39827581409286971770e-01+j1.64000219781035849742e-02
  -1.37135306990496474988e-01+j2.13914089917288663401e-02
  -1.34443032571705978206e-01+j2.63827960053541477059e-02
  -1.31750758152915481425e-01+j3.13741830189794290717e-02
  -1.28603830003688857087e-01+j3.59367813267749691697e-02
  -1.24868491552932656119e-01+j3.99444437024542020609e-02
  -1.21133153102176469029e-01+j4.39521060781334071965e-02
  -1.17397814651420295817e-01+j4.79597684538126400877e-02
  -1.13662476200664122605e-01+j5.19674308294918729789e-02
  -1.09676649630877809383e-01+j5.55609488853856803292e-02
  -1.05189816303137229081e-01+j5.83261278416677131364e-02
  -1.00702982975396676535e-01+j6.10913067979497459437e-02
  -9.62161496476561101110e-02+j6.38564857542317787509e-02
  -9.17293163199155298093e-02+j6.66216647105138115581e-02
  -8.71551284585898311530e-02+j6.90587041834989645572e-02
  -8.22897383199244214502e-02+j7.04018683772121012243e-02
  -7.74243481812590117475e-02+j7.17450325709252378914e-02
  -7.25589580425936020447e-02+j7.30881967646383606807e-02
  -6.76935679039282062197e-02+j7.44313609583514973478e-02
  -6.28350814211529745679e-02+j7.55837635154053555375e-02
  -5.80235446100609425502e-02+j7.54388539883445591316e-02
  -5.32120077989689382880e-02+j7.52939444612837488480e-02
  -4.84004709878769340259e-02+j7.51490349342229385643e-02
  -4.35889341767849158860e-02+j7.50041254071621144028e-02
  -3.87903638087797597578e-02+j7.48229599497623465432e-02
  -3.44847237340978191034e-02+j7.32634946566297490245e-02
  -3.01790836594158645712e-02+j7.17040293634971653836e-02
  -2.58734435847339100389e-02+j7.01445640703645678649e-02
  -2.15678035100519520373e-02+j6.85850987772319842239e-02
  -1.72621634353699940356e-02+j6.70256334840993867052e-02
  -1.38103609120205673977e-02+j6.43641504113119378161e-02
  -1.04297209095312246041e-02+j6.16108204021716676646e-02
  -7.04908090704187834108e-03+j5.88574903930314044520e-02
  -3.66844090455253554750e-03+j5.61041603838911343005e-02
  -2.87800902063191019198e-04+j5.33508303747508710879e-02
  +2.06133376898600577734e-03+j4.99060596066195072407e-02
  +4.18481388476135435922e-03+j4.63100276164540233803e-02
  +6.30829400053670337478e-03+j4.27139956262885395200e-02
  +8.43177411631205325770e-03+j3.91179636361230487207e-02
  +1.05552542320874014059e-02+j3.55219316459575648603e-02
  +1.16305315423461154423e-02+j3.16387829143497389950e-02
  +1.22940000697076574215e-02+j2.76428342596540324583e-02
  +1.29574685970691941966e-02+j2.36468856049583293910e-02
  +1.36209371244307344412e-02+j1.96509369502626263237e-02
  +1.42844056517922746857e-02+j1.56549882955669232565e-02
  +1.40173829341736708165e-02+j1.17100551735145747001e-02
  +1.31687878363678807087e-02+j7.79700760106408902184e-03
  +1.23201927385620767230e-02+j3.88396002861352701574e-03
  +1.14715976407563195749e-02-j2.90875438367990679644e-05
  +1.06230025429504999768e-02-j3.94213511628743740189e-03
  +9.04911174659729644620e-03-j7.57111275115339432684e-03
  +6.78617567673331714695e-03-j1.09302183211073822289e-02
  +4.52323960686942805332e-03-j1.42893238910612452308e-02
  +2.26030353700554242913e-03-j1.76484294610151082328e-02
  -2.63253285834666450604e-06-j2.10075350309689712347e-02
  -2.75158201859187004357e-03-j2.39683066343313183610e-02
  -6.19918781766227652841e-03-j2.63564633026147493444e-02
  -9.64679361673268474797e-03-j2.87446199708981942056e-02
  -1.30943994158030894981e-02-j3.11327766391816251890e-02
  -1.65420052148734959829e-02-j3.35209333074650561723e-02
  -2.02507147880607064894e-02-j3.55076288442895127151e-02
  -2.45469164688566568455e-02-j3.65910235880035350498e-02
  -2.88431181496526106711e-02-j3.76744183317175851400e-02
  -3.31393198304485644967e-02-j3.87578130754316074746e-02
  -3.74355215112445113834e-02-j3.98412078191456298093e-02
  -4.18203233155758288819e-02-j4.06094257990811946524e-02
  -4.65484549840182379454e-02-j4.01563182191730927428e-02
  -5.12765866524606539478e-02-j3.97032106392649630777e-02
  -5.60047183209030768891e-02-j3.92501030593568334126e-02
  -6.07328499893454859526e-02-j3.87969954794487315031e-02
  -6.54566984843211324696e-02-j3.81744901879071674156e-02
  -7.01430687874569219753e-02-j3.60697381503257419322e-02
  -7.48294390905926698476e-02-j3.39649861127442886932e-02
  -7.95158093937284593533e-02-j3.18602340751628632098e-02
  -8.42021796968642349812e-02-j2.97554820375814377265e-02
  -8.88885499999999967313e-02-j2.76507299999999844875e-02
</dep>
<dep S[2,3] frequency>
  -7.38042899999999391092e-04-j3.27677500000000000019e-03
  -1.28913752955371781195e-03-j3.92157780998436938241e-03
  -1.84023215910743796753e-03-j4.56638061996873963200e-03
  -2.39132678866115638838e-03-j5.21118342995310901422e-03
  -2.94242141821487654396e-03-j5.85598623993748013117e-03
  -3.49351604776859323009e-03-j6.50078904992184777867e-03
  -4.30720732493255695217e-03-j6.84470590164220141216e-03
  -5.15090930801079260881e-03-j7.15423617573724551777e-03
  -5.99461129108902132656e-03-j7.46376644983229309283e-03
  -6.83831327416725698320e-03-j7.77329672392734066788e-03
  -7.68201525724548917040e-03-j8.08282699802238130404e-03
  -8.61271074113800078065e-03-j8.05367046799358721199e-03
  -9.56585643314497233169e-03-j7.93710983114037649244e-03
  -1.05190021251519369438e-02-j7.82054919428716577290e-03
  -1.14721478171588980866e-02-j7.70398855743395505336e-03
  -1.24252935091658696376e-02-j7.58742792058073045602e-03
  -1.33170561963656189364e-02-j7.17835545418794851447e-03
  -1.41815374280667393092e-02-j6.63927715824232100861e-03
  -1.50460186597678666209e-02-j6.10019886229669350275e-03
  -1.59104998914689904632e-02-j5.56112056635106599689e-03
  -1.67749811231701143055e-02-j5.02204227040545236882e-03
  -1.74883800360542303320e-02-j4.28698645915617793101e-03
  -1.80966782506489856641e-02-j3.41559852202541480715e-03
  -1.87049764652437409962e-02-j2.54421058489465168329e-03
  -1.93132746798384928588e-02-j1.67282264776391631500e-03
  -1.99215728944332447214e-02-j8.01434710633153191139e-04
  -2.03550486057765406267e-02+j1.59058290609553898420e-04
  -2.06045014732165500393e-02+j1.21334566614106353910e-03
  -2.08539543406565559824e-02+j2.26763304167254542421e-03
  -2.11034072080965619256e-02+j3.32192041720402730931e-03
  -2.13528600755365678687e-02+j4.37620779273553694999e-03
  -2.14560237526752392578e-02+j5.43534490806110714978e-03
  -2.13251228716894170034e-02+j6.50224166850871254653e-03
  -2.11942219907035878101e-02+j7.56913842895631794327e-03
  -2.10633211097177724946e-02+j8.63603518940392334002e-03
  -2.09324202287319433013e-02+j9.70293194985152873677e-03
  -2.07101563796700943731e-02+j1.07306124105941980140e-02
  -2.02553312914845740078e-02+j1.16584691523260453039e-02
  -1.98005062032990675203e-02+j1.25863258940578925937e-02
  -1.93456811151135610327e-02+j1.35141826357897676392e-02
  -1.88908560269280406674e-02+j1.44420393775215871734e-02
  -1.83983981586272882236e-02+j1.53268772658738672288e-02
  -1.77339144551791616511e-02+j1.60150686626024940651e-02
  -1.70694307517310628342e-02+j1.67032600593311209014e-02
  -1.64049470482829362616e-02+j1.73914514560597754933e-02
  -1.57404633448348374447e-02+j1.80796428527884023296e-02
  -1.50706414020432832856e-02+j1.87470613126696217243e-02
  -1.43367690412181392201e-02+j1.91652374281624515717e-02
  -1.36028966803929951546e-02+j1.95834135436552814191e-02
  -1.28690243195678510890e-02+j2.00015896591480835109e-02
  -1.21351519587427070235e-02+j2.04197657746409133583e-02
  -1.14012795979175629579e-02+j2.08379418901337154502e-02
  -1.07260596346930026090e-02+j2.10344361942167712431e-02
  -1.00523825122832421997e-02+j2.12250991979517078523e-02
  -9.37870538987348179027e-03+j2.14157622016866444614e-02
  -8.70502826746374913647e-03+j2.16064252054215810706e-02
  -8.03135114505398872708e-03+j2.17970882091565176797e-02
  -7.48422627406553075957e-03+j2.18771984814870312785e-02
  -6.95571012097895291504e-03+j2.19410526653727733226e-02
  -6.42719396789237507051e-03+j2.20049068492585153667e-02
  -5.89867781480579722597e-03+j2.20687610331442574108e-02
  -5.37016166171921938144e-03+j2.21326152170299716992e-02
  -4.96628640303597990169e-03+j2.21986508438328233872e-02
  -4.59980078050431506753e-03+j2.22653408574430278222e-02
  -4.23331515797265023338e-03+j2.23320308710532322571e-02
  -3.86682953544092988807e-03+j2.23987208846634366921e-02
  -3.50034391290926505391e-03+j2.24654108982736411271e-02
  -3.20309588128014910424e-03+j2.26145539597622791117e-02
  -2.94046453622465175926e-03+j2.28049210337885888134e-02
  -2.67783319116909890312e-03+j2.29952881078148846372e-02
  -2.41520184611360155813e-03+j2.31856551818411804611e-02
  -2.15257050105804870199e-03+j2.33760222558674901627e-02
  -1.88030184366749786307e-03+j2.36782882244869347099e-02
  -1.60058661371842436694e-03+j2.40670163942714870897e-02
  -1.32087138376940638196e-03+j2.44557445640560255917e-02
  -1.04115615382033288583e-03+j2.48444727338405640937e-02
  -7.61440923871259389699e-04+j2.52332009036251025957e-02
  -4.02641059661257294522e-04+j2.57139520054603179511e-02
  +4.84184122911957004476e-05+j2.63020564470896681120e-02
  +4.99477884243593184266e-04+j2.68901608887190321506e-02
  +9.50537356196046179235e-04+j2.74782653303483823115e-02
  +1.40159682814849917420e-03+j2.80663697719777255335e-02
  +1.96722136125881963409e-03+j2.86962967662185985951e-02
  +2.73741154859125090937e-03+j2.94009014828798057040e-02
  +3.50760173592362667350e-03+j3.01055061995409989350e-02
  +4.27779192325605794878e-03+j3.08101109162022025745e-02
  +5.04798211058848922406e-03+j3.15147156328634062139e-02
  +5.92587583572856679837e-03+j3.22089909911025401579e-02
  +7.11608082234616023953e-03+j3.28733139910002830630e-02
  +8.30628580896369816955e-03+j3.35376369908980120904e-02
  +9.49649079558129161072e-03+j3.42019599907957411178e-02
  +1.06866957821988295407e-02+j3.48662829906934701452e-02
  +1.19450070896051085967e-02+j3.54931930835371695077e-02
  +1.35778492318834320685e-02+j3.59143618127060540446e-02
  +1.52106913741617555402e-02+j3.63355305418749247037e-02
  +1.68435335164400790120e-02+j3.67566992710438161795e-02
  +1.84763756587183469726e-02+j3.71778680002126937776e-02
  +2.01282822287189300248e-02+j3.75757903853894820179e-02
  +2.21327373372313673805e-02+j3.75438302312336852351e-02
  +2.41371924457438047362e-02+j3.75118700770779023301e-02
  +2.61416475542562420920e-02+j3.74799099229221055474e-02
  +2.81461026627686239365e-02+j3.74479497687663087646e-02
  +3.01505577712810612923e-02+j3.74159896146105119819e-02
  +3.23544706300842865865e-02+j3.67876870619983364907e-02
  +3.45691693735209470972e-02+j3.61271366759358392162e-02
  +3.67838681169575520968e-02+j3.54665862898733696973e-02
  +3.89985668603941570964e-02+j3.48060359038108724228e-02
  +4.12132656038307620960e-02+j3.41454855177484029038e-02
  +4.34100817246894643553e-02+j3.28644127713451361661e-02
  +4.56036459914511138614e-02+j3.14705015320995706851e-02
  +4.77972102582127633674e-02+j3.00765902928540329597e-02
  +4.99907745249744406291e-02+j2.86826790536084674788e-02
  +5.21843387917360623796e-02+j2.72887678143629297534e-02
  +5.41629831565192954024e-02+j2.53425376520655387669e-02
  +5.60675103291179144360e-02+j2.32058350049484940492e-02
  +5.79720375017165334697e-02+j2.10691323578314493314e-02
  +5.98765646743151525033e-02+j1.89324297107144046137e-02
  +6.17810918469137437814e-02+j1.67957270635973876516e-02
  +6.33313366986091308419e-02+j1.42439696678274552166e-02
  +6.46831690850460661046e-02+j1.14597647830394500090e-02
  +6.60350014714829736118e-02+j8.67555989825147255701e-03
  +6.73868338579199088745e-02+j5.89135501346346734941e-03
  +6.87386662443568441372e-02+j3.10715012867548989739e-03
  +6.96758344447498401131e-02+j7.79004532790450454627e-05
  +7.02575538599504861859e-02-j3.16140081584304066808e-03
  +7.08392732751511461364e-02-j6.40070208496512638163e-03
  +7.14209926903518199648e-02-j9.64000335408721209518e-03
  +7.20027121055524799154e-02-j1.28793046232092978087e-02
  +7.21901018654014653420e-02-j1.62014393548280122292e-02
  +7.18671524025084884624e-02-j1.96307766878586198445e-02
  +7.15442029396154977050e-02-j2.30601140208891997041e-02
  +7.12212534767225069476e-02-j2.64894513539198073193e-02
  +7.08983040138295439458e-02-j2.99187886869503871790e-02
  +7.02646951950726128544e-02-j3.33118405013470564313e-02
  +6.90097298133291042754e-02-j3.66323168573872426368e-02
  +6.77547644315855956965e-02-j3.99527932134274565978e-02
  +6.64997990498420593619e-02-j4.32732695694676428033e-02
  +6.52448336680985230274e-02-j4.65937459255078290088e-02
  +6.37945498787664266871e-02-j4.98232787958528267058e-02
  +6.16931588971472988359e-02-j5.27496453729699998902e-02
  +5.95917679155281848624e-02-j5.56760119500871730747e-02
  +5.74903769339090570112e-02-j5.86023785272043185035e-02
  +5.53889859522899360988e-02-j6.15287451043215055657e-02
  +5.32023955310950563691e-02-j6.43757818190877628695e-02
  +5.04363895394683708906e-02-j6.66833201794612140390e-02
  +4.76703835478416645954e-02-j6.89908585398346513307e-02
  +4.49043775562149721781e-02-j7.12983969002080747446e-02
  +4.21383715645882728218e-02-j7.36059352605814842807e-02
  +3.93614887335828542159e-02-j7.58942949769209479483e-02
  +3.61711136603753494190e-02-j7.74535623303146542051e-02
  +3.29807385871678515610e-02-j7.90128296837083465842e-02
  +2.97903635139603467641e-02-j8.05720970371020805967e-02
  +2.65999884407528384977e-02-j8.21313643904957729758e-02
  +2.34096133675453302314e-02-j8.36906317438894792327e-02
  +2.00562811216420250338e-02-j8.45389604418259749119e-02
  +1.66893673189388684619e-02-j8.53280364320076062379e-02
  +1.33224535162357153595e-02-j8.61171124221892375639e-02
  +9.95553971353256225707e-03-j8.69061884123708966454e-02
  +6.58862591082940568521e-03-j8.76952644025525418492e-02
  +3.24513458866194318825e-03-j8.79102950486811973718e-02
  -9.32327760546035593653e-05-j8.79997461724641855119e-02
  -3.43160014077115030698e-03-j8.80891972962471597741e-02
  -6.76996750548769683775e-03-j8.81786484200301340364e-02
  -1.01083348702042438022e-02-j8.82680995438130944208e-02
  -1.33348130968585637524e-02-j8.79446785943890779746e-02
  -1.65173332940911771205e-02-j8.74590520631208234725e-02
  -1.96998534913237870192e-02-j8.69734255318525550926e-02
  -2.28823736885563969179e-02-j8.64877990005843005905e-02
  -2.60648938857890102860e-02-j8.60021724693160599662e-02
  -2.91268014136600618402e-02-j8.52416051558678583566e-02
  -3.21133240332047154020e-02-j8.43091953173389363485e-02
  -3.50998466527494348832e-02-j8.33767854788099865848e-02
  -3.80863692722939808921e-02-j8.24443756402810923323e-02
  -4.10728918918387697623e-02-j8.15119658017521425686e-02
  -4.39736656157622834984e-02-j8.03943166001544751165e-02
  -4.67929761911318742307e-02-j7.91006863361482376318e-02
  -4.96122867665013816962e-02-j7.78070560721420556582e-02
  -5.24315973418709030396e-02-j7.65134258081358736847e-02
  -5.52509079172404105051e-02-j7.52197955441297055890e-02
  -5.80256191373375168618e-02-j7.37835254932281137119e-02
  -6.07362176804706402344e-02-j7.21422072185667062616e-02
  -6.34468162236037636070e-02-j7.05008889439052849335e-02
  -6.61574147667368800407e-02-j6.88595706692438913610e-02
  -6.88680133098700103522e-02-j6.72182523945824839107e-02
  -7.15574516615175293399e-02-j6.54505102520941961508e-02
  -7.41992788840830364006e-02-j6.33983102352879135388e-02
  -7.68411061066485295834e-02-j6.13461102184816309268e-02
  -7.94829333292140227663e-02-j5.92939102016753483149e-02
  -8.21247605517795159491e-02-j5.72417101848690657029e-02
  -8.47477513788352648794e-02-j5.50807241147056037001e-02
  -8.72977502409517380766e-02-j5.24981867032350557611e-02
  -8.98477491030682112738e-02-j4.99156492917644800666e-02
  -9.23977479651846844710e-02-j4.73331118802939321277e-02
  -9.49477468273011576683e-02-j4.47505744688233841888e-02
  -9.74764586650230663301e-02-j4.20997923091896153469e-02
  -9.98189069320184335643e-02-j3.88518618473517041156e-02
  -1.02161355199013828554e-01-j3.56039313855137651288e-02
  -1.04503803466009223544e-01-j3.23560009236758538975e-02
  -1.06846251733004618534e-01-j2.91080704618379149107e-02
  -1.09188699999999999646e-01-j2.58601400000000036794e-02
</dep>
<dep S[2,2] frequency>
  +1.47977799999999999614e-02+j1.45418200000000021749e-02
  +1.66346215808957816062e-02+j1.76587417918853822885e-02
  +1.84714631617915597817e-02+j2.07756635837707641368e-02
  +2.03083047426873379571e-02+j2.38925853756561459851e-02
  +2.21451463235831196019e-02+j2.70095071675415243639e-02
  +2.39819879044788977773e-02+j3.01264289594269096817e-02
  +2.67969520962540418141e-02+j3.23613269179704177159e-02
  +2.97237004645993507790e-02+j3.44954232931247301019e-02
  +3.26504488329446701522e-02+j3.66295196682790494269e-02
  +3.55771972012899825866e-02+j3.87636160434333826297e-02
  +3.85039455696352950209e-02+j4.08977124185877019547e-02
  +4.19164724685077635935e-02+j4.19792052124652870226e-02
  +4.54543630900237499715e-02+j4.27890550762332344537e-02
  +4.89922537115397224716e-02+j4.35989049400011818847e-02
  +5.25301443330557088496e-02+j4.44087548037691154379e-02
  +5.60680349545716813497e-02+j4.52186046675370767467e-02
  +5.96369348369199248072e-02+j4.50273323154224414111e-02
  +6.32196166736071346604e-02+j4.43911147986474491356e-02
  +6.68022985102943167579e-02+j4.37548972818724846157e-02
  +7.03849803469815127333e-02+j4.31186797650974784624e-02
  +7.39676621836687087086e-02+j4.24824622483225000646e-02
  +7.72473148597797448778e-02+j4.10571306120706136511e-02
  +8.03161647323067939830e-02+j3.90828502594074977949e-02
  +8.33850146048338430882e-02+j3.71085699067443819388e-02
  +8.64538644773608921934e-02+j3.51342895540812660826e-02
  +8.95227143498879274208e-02+j3.31600092014181779820e-02
  +9.21151796817416962382e-02+j3.06848008937665728268e-02
  +9.42061899014914744255e-02+j2.76823024194991773594e-02
  +9.62972001212412387350e-02+j2.46798039452317818920e-02
  +9.83882103409910308001e-02+j2.16773054709643864246e-02
  +1.00479220560740767354e-01+j1.86748069966970187128e-02
  +1.02077244777826120492e-01+j1.54517833063870235755e-02
  +1.02886485143982256418e-01+j1.18759164761157720580e-02
  +1.03695725510138392345e-01+j8.30004964584452054055e-03
  +1.04504965876294514393e-01+j4.72418281557326902309e-03
  +1.05314206242450594808e-01+j1.14831598530201750563e-03
  +1.05731841897662853791e-01-j2.44086951041827537878e-03
  +1.05152661460517160563e-01-j6.06395720311767028043e-03
  +1.04573481023371439580e-01-j9.68704489581703742651e-03
  +1.03994300586225746352e-01-j1.33101325885164323282e-02
  +1.03415120149080025369e-01-j1.69332202812157994742e-02
  +1.02604261439329491612e-01-j2.04717045124676866319e-02
  +1.00734361962239948873e-01-j2.36234519396010256287e-02
  +9.88644624851504338903e-02-j2.67751993667343923811e-02
  +9.69945630080608633961e-02-j2.99269467938677868890e-02
  +9.51246635309714039241e-02-j3.30786942210011258858e-02
  +9.31770731162850363027e-02-j3.61605480439242399360e-02
  +9.02973144883781886350e-02-j3.84037893057486701132e-02
  +8.74175558604713132116e-02-j4.06470305675731002903e-02
  +8.45377972325644932994e-02-j4.28902718293975582231e-02
  +8.16580386046576456316e-02-j4.51335130912219884003e-02
  +7.87782799767507702082e-02-j4.73767543530464185775e-02
  +7.53223205003467899399e-02-j4.84465256482126405135e-02
  +7.18512041638149911993e-02-j4.94854290260628992826e-02
  +6.83800878272831647031e-02-j5.05243324039131302960e-02
  +6.49089714907514214737e-02-j5.15632357817633890651e-02
  +6.14378551542196227331e-02-j5.26021391596136200786e-02
  +5.78808526465691142171e-02-j5.24904500994954059667e-02
  +5.43112211140527878506e-02-j5.22095736100128826607e-02
  +5.07415895815364614840e-02-j5.19286971205303593546e-02
  +4.71719580490201351175e-02-j5.16478206310478082930e-02
  +4.36023265165037532398e-02-j5.13669441415652572314e-02
  +4.03371004935786925394e-02-j5.01308730458890211557e-02
  +3.71631896950880280528e-02-j4.86082637401775707886e-02
  +3.39892788965973635662e-02-j4.70856544344660926660e-02
  +3.08153680981066990796e-02-j4.55630451287546284211e-02
  +2.76414572996160345930e-02-j4.40404358230431502985e-02
  +2.50134074453611243705e-02-j4.18611053094257445917e-02
  +2.26582714370829330086e-02-j3.93534341946410459734e-02
  +2.03031354288047416468e-02-j3.68457630798563473551e-02
  +1.79479994205265502849e-02-j3.43380919650716626146e-02
  +1.55928634122483589231e-02-j3.18304208502869639963e-02
  +1.38633049650735418190e-02-j2.89894366313972196014e-02
  +1.26171187006995366708e-02-j2.58909075568332924799e-02
  +1.13709324363255870338e-02-j2.27923784822693653584e-02
  +1.01247461719515818857e-02-j1.96938494077054451759e-02
  +8.87855990757763224863e-03-j1.65953203331415111155e-02
  +8.19765720066928382792e-03-j1.34411505501377051552e-02
  +8.17621052795070024644e-03-j1.02220706871524874559e-02
  +8.15476385523211666495e-03-j7.00299082416726975664e-03
  +8.13331718251353308347e-03-j3.78391096118205205734e-03
  +8.11187050979500501313e-03-j5.64831098196834358038e-04
  +8.50370832884062011203e-03+j2.52740102251945101403e-03
  +9.63350073528990158422e-03+j5.39313571791603506983e-03
  +1.07632931417391275453e-02+j8.25887041331259050270e-03
  +1.18930855481884090175e-02+j1.11246051087091745585e-02
  +1.30228779546376904896e-02+j1.39903398041057586143e-02
  +1.43840563822822953277e-02+j1.66616031448356578804e-02
  +1.64161919728832428333e-02+j1.87689519166154145102e-02
  +1.84483275634841903390e-02+j2.08763006883951329762e-02
  +2.04804631540851378446e-02+j2.29836494601748653199e-02
  +2.25125987446860853503e-02+j2.50909982319545837859e-02
  +2.46244813529247208450e-02+j2.70393725293462949821e-02
  +2.71749094111086719749e-02+j2.81135131003174554287e-02
  +2.97253374692926231049e-02+j2.91876536712886019975e-02
  +3.22757655274766297460e-02+j3.02617942422597624441e-02
  +3.48261935856605808759e-02+j3.13359348132309090129e-02
  +3.73796563225696765187e-02+j3.23517722085907427632e-02
  +3.99892377935417986379e-02+j3.22894393251544342682e-02
  +4.25988192645139207571e-02+j3.22271064417181535289e-02
  +4.52084007354860428762e-02+j3.21647735582818450339e-02
  +4.78179822064581649954e-02+j3.21024406748455504168e-02
  +5.04275636774302871146e-02+j3.20401077914092557997e-02
  +5.26537337763682278258e-02+j3.09793379708752925072e-02
  +5.48591705078644298332e-02+j2.98645766378453358936e-02
  +5.70646072393605763295e-02+j2.87498153048154070355e-02
  +5.92700439708567228259e-02+j2.76350539717854504218e-02
  +6.14754807023529248333e-02+j2.65202926387554938081e-02
  +6.30037988282759475744e-02+j2.47349196930118364612e-02
  +6.44089867532399162897e-02+j2.28275998062754392759e-02
  +6.58141746782039405161e-02+j2.09202799195390420905e-02
  +6.72193626031679369870e-02+j1.90129600328026449052e-02
  +6.86245505281319057023e-02+j1.71056401460662477199e-02
  +6.92367426983350187086e-02+j1.49055494361240159495e-02
  +6.95754626669590203747e-02+j1.26044938961690777823e-02
  +6.99141826355829942852e-02+j1.03034383562141396151e-02
  +7.02529026042070237068e-02+j8.00238281625922920348e-03
  +7.05916225728310253729e-02+j5.70132727630429103627e-03
  +7.01886028757832403091e-02+j3.45565108709758317396e-03
  +6.93701788896624316205e-02+j1.24098957984944413546e-03
  +6.85517549035416784431e-02-j9.73671927398667147457e-04
  +6.77333309174208975101e-02-j3.18833343464677843038e-03
  +6.69149069313001165771e-02-j5.40299494189488971330e-03
  +6.55312129969072565405e-02-j7.30752060386674617831e-03
  +6.36629715101058313298e-02-j8.94619883276323579757e-03
  +6.17947300233044061191e-02-j1.05848770616597254168e-02
  +5.99264885365030086639e-02-j1.22235552905562150361e-02
  +5.80582470497015973310e-02-j1.38622335194527046554e-02
  +5.58632422544452639235e-02-j1.50662439716222618102e-02
  +5.32453422226925182636e-02-j1.57077098311768637018e-02
  +5.06274421909397448482e-02-j1.63491756907314933489e-02
  +4.80095421591870130662e-02-j1.69906415502861229960e-02
  +4.53916421274342604675e-02-j1.76321074098407248876e-02
  +4.26765295416097409364e-02-j1.78481762385006292870e-02
  +3.97669800031005063468e-02-j1.72133991742809133729e-02
  +3.68574304645912717571e-02-j1.65786221100612252144e-02
  +3.39478809260820302285e-02-j1.59438450458415093003e-02
  +3.10383313875727886999e-02-j1.53090679816217933862e-02
  +2.81889044849345446475e-02-j1.43616731997443236590e-02
  +2.55399004769847996765e-02-j1.23721459997485350168e-02
  +2.28908964690350512361e-02-j1.03826187997527186191e-02
  +2.02418924610853027957e-02-j8.39309159975690222133e-03
  +1.75928884531355612941e-02-j6.40356439976108582357e-03
  +1.50490847649832320404e-02-j4.25994731891446432037e-03
  +1.32207165727513901304e-02-j1.06841165250527725394e-03
  +1.13923483805195464857e-02+j2.12312401390390981248e-03
  +9.56398018828770284105e-03+j5.31465968031309687891e-03
  +7.73561199605585919636e-03+j8.50619534672228394534e-03
  +5.94035229369298256596e-03+j1.17188761852244430206e-02
  +5.40373981734606004257e-03+j1.57354086129651432602e-02
  +4.86712734099914098862e-03+j1.97519410407058365609e-02
  +4.33051486465221846522e-03+j2.37684734684465298615e-02
  +3.79390238830529941128e-03+j2.77850058961872231622e-02
  +3.25728991195837688788e-03+j3.18015383239279164629e-02
  +4.18286349121958778152e-03+j3.60697118661613344570e-02
  +5.23030199141470697466e-03+j4.03588582691355168830e-02
  +6.27774049160982790252e-03+j4.46480046721097062479e-02
  +7.32517899180494796302e-03+j4.89371510750839094905e-02
  +8.37261749200006802352e-03+j5.32262974780580919165e-02
  +1.07609119584437425143e-02+j5.72124261922621127341e-02
  +1.34425352594826491570e-02+j6.11322660374555570950e-02
  +1.61241585605215523302e-02+j6.50521058826489945170e-02
  +1.88057818615604589729e-02+j6.89719457278424458169e-02
  +2.14874051625993621462e-02+j7.28917855730358971167e-02
  +2.51892958204537678601e-02+j7.60986413559863739131e-02
  +2.92920202255836578664e-02+j7.90253861743867441758e-02
  +3.33947446307135478727e-02+j8.19521309927871421941e-02
  +3.74974690358434378790e-02+j8.48788758111875402124e-02
  +4.16001934409733209463e-02+j8.78056206295879104751e-02
  +4.63013126966447044475e-02+j8.98148099537063038245e-02
  +5.13764386067565442806e-02+j9.12505119552494414759e-02
  +5.64515645168684743194e-02+j9.26862139567925791273e-02
  +6.15266904269801268024e-02+j9.41219159583356751453e-02
  +6.66018163370921678634e-02+j9.55576179598788266745e-02
  +7.18609414216063030478e-02+j9.60817179757472161761e-02
  +7.72948693647422524489e-02+j9.57397780567173228849e-02
  +8.27287973078779936831e-02+j9.53978381376874157160e-02
  +8.81627252510137487951e-02+j9.50558982186575085471e-02
  +9.35966531941494761515e-02+j9.47139582996276430116e-02
  +9.88988550106531388861e-02+j9.36313109760860684538e-02
  +1.04011697260120480890e-01+j9.14838784272817701071e-02
  +1.09124539509587822894e-01+j8.93364458784774717603e-02
  +1.14237381759055164898e-01+j8.71890133296731872914e-02
  +1.19350224008522493024e-01+j8.50415807808688750669e-02
  +1.24167561660300448945e-01+j8.24105837968549526096e-02
  +1.28320004216280425524e-01+j7.86915508770646143777e-02
  +1.32472446772260388226e-01+j7.49725179572742761458e-02
  +1.36624889328240378683e-01+j7.12534850374839379139e-02
  +1.40777331884220341385e-01+j6.75344521176936274376e-02
  +1.44629777424894800930e-01+j6.35868236832737854236e-02
  +1.47319719682405314565e-01+j5.87533763149463983400e-02
  +1.50009661939915855955e-01+j5.39199289466190112563e-02
  +1.52699604197426341834e-01+j4.90864815782916519282e-02
  +1.55389546454936855469e-01+j4.42530342099642370890e-02
  +1.57899526683808660854e-01+j3.93678112763541365737e-02
  +1.58834821347046906137e-01+j3.40295470210832950997e-02
  +1.59770116010285179176e-01+j2.86912827658124813812e-02
  +1.60705410673523452214e-01+j2.33530185105416676627e-02
  +1.61640705336761725253e-01+j1.80147542552708261887e-02
  +1.62575999999999970536e-01+j1.26764900000000124702e-02
</dep>
<dep S[2,1] frequency>
  +9.73780700000000054573e-01-j1.53001500000000012491e-01
  +9.64108952800043494946e-01-j1.89453455177867990944e-01
  +9.54437205600086824298e-01-j2.25905410355735997152e-01
  +9.44765458400130153649e-01-j2.62357365533603947849e-01
  +9.35093711200173483000e-01-j2.98809320711471981813e-01
  +9.25421964000216812352e-01-j3.35261275889339960266e-01
  +9.09521275443802235117e-01-j3.69264610673201820745e-01
  +8.92908715928991569832e-01-j4.02988106292287651122e-01
  +8.76296156414181015570e-01-j4.36711601911373592522e-01
  +8.59683596899370239264e-01-j4.70435097530459533921e-01
  +8.43071037384559685002e-01-j5.04158593149545475320e-01
  +8.21542595175771772631e-01-j5.34672885276327947146e-01
  +7.98745522684112030376e-01-j5.64358985807077662145e-01
  +7.75948450192452288121e-01-j5.94045086337827266121e-01
  +7.53151377700792545866e-01-j6.23731186868576870097e-01
  +7.30354305209132914634e-01-j6.53417287399326474073e-01
  +7.03960090621812750733e-01-j6.79556338239138191248e-01
  +6.75967139180322362790e-01-j7.04118915613718199253e-01
  +6.47974187738831863825e-01-j7.28681492988297985214e-01
  +6.19981236297341475883e-01-j7.53244070362877882197e-01
  +5.91988284855851087940e-01-j7.77806647737457890202e-01
  +5.61608348586141281622e-01-j7.98854870005431427771e-01
  +5.29567901846269339927e-01-j8.17458324555823789836e-01
  +4.97527455106397731299e-01-j8.36061779106215929858e-01
  +4.65487008366526011649e-01-j8.54665233656608069879e-01
  +4.33446561626654291999e-01-j8.73268688207000209900e-01
  +4.00040187218981657669e-01-j8.88685381193319079429e-01
  +3.65196000805875276018e-01-j9.00747603702694021877e-01
  +3.30351814392768949880e-01-j9.12809826212068853302e-01
  +2.95507627979662568229e-01-j9.24872048721443684727e-01
  +2.60663441566556242091e-01-j9.36934271230818516152e-01
  +2.25236994693112452248e-01-j9.46349982152168478500e-01
  +1.88878923705258744414e-01-j9.51531240998512939377e-01
  +1.52520852717405064336e-01-j9.56712499844857511277e-01
  +1.16162781729551425891e-01-j9.61893758691201972155e-01
  +7.98047107416977458128e-02-j9.67075017537546433033e-01
  +4.33867536498962896863e-02-j9.70284080490874778491e-01
  +6.81635857546715462352e-03-j9.68472987791063943952e-01
  -2.97540364989619804392e-02-j9.66661895091253109413e-01
  -6.63244315733911016242e-02-j9.64850802391442163852e-01
  -1.02894826647820056276e-01-j9.63039709691631440336e-01
  -1.39272070862626218268e-01-j9.59992771456997684432e-01
  -1.74766389664153698469e-01-j9.51296573199851391855e-01
  -2.10260708465681150914e-01-j9.42600374942704766212e-01
  -2.45755027267208964181e-01-j9.33904176685558473636e-01
  -2.81249346068736416626e-01-j9.25207978428412181060e-01
  -3.16564594275285993152e-01-j9.16006906000701781601e-01
  -3.49731278933444411638e-01-j9.00748143087673480700e-01
  -3.82897963591602774613e-01-j8.85489380174645179800e-01
  -4.16064648249761137588e-01-j8.70230617261617100944e-01
  -4.49231332907919556074e-01-j8.54971854348588800043e-01
  -4.82398017566077919049e-01-j8.39713091435560721187e-01
  -5.12140731264063786554e-01-j8.18584639467784147548e-01
  -5.41793378019141957935e-01-j7.97301786380626098527e-01
  -5.71446024774220129316e-01-j7.76018933293468160528e-01
  -6.01098671529298300698e-01-j7.54736080206310111507e-01
  -6.30751318284376361056e-01-j7.33453227119152173508e-01
  -6.56394969838239306092e-01-j7.07574623262910762378e-01
  -6.81449123695050507088e-01-j6.81020242969277767031e-01
  -7.06503277551861708083e-01-j6.54465862675644660662e-01
  -7.31557431408672909079e-01-j6.27911482382011443271e-01
  -7.56611585265484221097e-01-j6.01357102088378225879e-01
  -7.77406709267743356584e-01-j5.71483069200784732367e-01
  -7.96924214255932850115e-01-j5.40613210639507069111e-01
  -8.16441719244122010579e-01-j5.09743352078229405855e-01
  -8.35959224232311504110e-01-j4.78873493516951687088e-01
  -8.55476729220500886619e-01-j4.48003634955674023832e-01
  -8.70806332235308455658e-01-j4.15013125865128507108e-01
  -8.84042111820909970454e-01-j3.80962356101921528762e-01
  -8.97277891406511596273e-01-j3.46911586338714439393e-01
  -9.10513670992113222091e-01-j3.12860816575507461046e-01
  -9.23749450577714736887e-01-j2.78810046812300371677e-01
  -9.33154145448267913210e-01-j2.43682340153289267448e-01
  -9.39598632190604909908e-01-j2.07722504322084944306e-01
  -9.46043118932942128652e-01-j1.71762668490880648919e-01
  -9.52487605675279014328e-01-j1.35802832659676325777e-01
  -9.58932092417616122049e-01-j9.98429968284720026350e-02
  -9.62129476647786474608e-01-j6.36271144908441416144e-02
  -9.61538812708147339059e-01-j2.71125300037123213859e-02
  -9.60948148768508092488e-01+j9.40205448341949884261e-03
  -9.60357484828868734894e-01+j4.59166389705513156017e-02
  -9.59766820889229821390e-01+j8.24312234576831392996e-02
  -9.56663053869349910840e-01+j1.18651803385252913037e-01
  -9.49071927697024975146e-01+j1.54347413182634146667e-01
  -9.41480801524700039451e-01+j1.90043022980015019474e-01
  -9.33889675352374992734e-01+j2.25738632777396197593e-01
  -9.26298549180050168061e-01+j2.61434242574777431223e-01
  -9.16991012705987706966e-01+j2.96578819243685676277e-01
  -9.02706348484217158123e-01+j3.30125548200510265939e-01
  -8.88421684262446831326e-01+j3.63672277157334300490e-01
  -8.74137020040676726573e-01+j3.97219006114158224019e-01
  -8.59852355818906399776e-01+j4.30765735070982258570e-01
  -8.44623284897725867815e-01+j4.63792544302701226222e-01
  -8.24200724950962082538e-01+j4.93960206740774010470e-01
  -8.03778165004198075216e-01+j5.24127869178846905740e-01
  -7.83355605057434178917e-01+j5.54295531616919689988e-01
  -7.62933045110670393640e-01+j5.84463194054992585258e-01
  -7.42235082888215713659e-01+j6.14401722410551687226e-01
  -7.16444249732929416830e-01+j6.40102993446330925664e-01
  -6.90653416577643008978e-01+j6.65804264482110275125e-01
  -6.64862583422356823171e-01+j6.91505535517889624586e-01
  -6.39071750267070526341e-01+j7.17206806553668974047e-01
  -6.13280917111784229512e-01+j7.42908077589448212485e-01
  -5.83291888972840677496e-01+j7.63504317468239879219e-01
  -5.53075839087706966346e-01+j7.83824497494612471016e-01
  -5.22859789202573255196e-01+j8.04144677520984840768e-01
  -4.92643739317439433023e-01+j8.24464857547357210521e-01
  -4.62427689432305721873e-01+j8.44785037573730024363e-01
  -4.29381180566081266381e-01+j8.59937249119907987094e-01
  -3.95819968691728751864e-01+j8.74149694733974969019e-01
  -3.62258756817376181836e-01+j8.88362140348041839921e-01
  -3.28697544943023722830e-01+j9.02574585962108821846e-01
  -2.95136333068671152802e-01+j9.16787031576175803771e-01
  -2.59968544542540702658e-01+j9.26065105217261930193e-01
  -2.24246712629255384730e-01+j9.33641513296130876043e-01
  -1.88524880715970039047e-01+j9.41217921375000154960e-01
  -1.52803048802684693364e-01+j9.48794329453869100810e-01
  -1.17081216889399319925e-01+j9.56370737532738157682e-01
  -8.07843395041236839171e-02+j9.59487122437627348859e-01
  -4.41654133374061175221e-02+j9.60105713518644154902e-01
  -7.54648717068856500489e-03+j9.60724304599661182991e-01
  +2.90724389960290152679e-02+j9.61342895680678100057e-01
  +6.56913651627465955407e-02+j9.61961486761695017123e-01
  +1.02082784516077551551e-01+j9.58778205950499007315e-01
  +1.38279185772444912494e-01+j9.52335972977466083123e-01
  +1.74475587028812384460e-01+j9.45893740004433158930e-01
  +2.10671988285179773159e-01+j9.39451507031400345760e-01
  +2.46868389541547161858e-01+j9.33009274058367421567e-01
  +2.82292579081157013476e-01+j9.23547762056455834312e-01
  +3.16717376558887209193e-01+j9.10178716111998853400e-01
  +3.51142174036617404909e-01+j8.96809670167541650443e-01
  +3.85566971514347600625e-01+j8.83440624223084558508e-01
  +4.19991768992077740830e-01+j8.70071578278627466574e-01
  +4.53379012417264748436e-01+j8.54524493212626801153e-01
  +4.84691021320033443853e-01+j8.34621064527587108728e-01
  +5.16003030222802139271e-01+j8.14717635842547305280e-01
  +5.47315039125570890199e-01+j7.94814207157507501833e-01
  +5.78627048028339641128e-01+j7.74910778472467698386e-01
  +6.08925300063981156384e-01+j7.53653732360795691747e-01
  +6.35844124653096254285e-01+j7.27884310518815413893e-01
  +6.62762949242211352185e-01+j7.02114888676835247061e-01
  +6.89681773831326450086e-01+j6.76345466834855080229e-01
  +7.16600598420441436964e-01+j6.50576044992874691353e-01
  +7.42808730087008095566e-01+j6.24176101472973532402e-01
  +7.64183654549740021267e-01+j5.93488171089527560831e-01
  +7.85558579012472057990e-01+j5.62800240706081589259e-01
  +8.06933503475204094713e-01+j5.32112310322635728710e-01
  +8.28308427937936242458e-01+j5.01424379939189757138e-01
  +8.49517083236379866307e-01+j4.70641263083751149043e-01
  +8.64404875721940912925e-01+j4.36239552042893274919e-01
  +8.79292668207502292610e-01+j4.01837841002035345284e-01
  +8.94180460693063339228e-01+j3.67436129961177471159e-01
  +9.09068253178624385846e-01+j3.33034418920319652546e-01
  +9.23956045664185654509e-01+j2.98632707879461833933e-01
  +9.32245013349725426544e-01+j2.62103996894770208126e-01
  +9.39984006386398229793e-01+j2.25398012519330948056e-01
  +9.47722999423070922020e-01+j1.88692028143891576963e-01
  +9.55461992459743725270e-01+j1.51986043768452261382e-01
  +9.63200985496416417497e-01+j1.15280059393012945801e-01
  +9.64807086785904655102e-01+j7.79414107592375088318e-02
  +9.65071542116256897437e-01+j4.04643589902565978256e-02
  +9.65335997446609361816e-01+j2.98730722127567207419e-03
  +9.65600452776961715173e-01-j3.44897445477052450036e-02
  +9.65864908107314068531e-01-j7.19667963166861629487e-02
  +9.60785834691316953382e-01-j1.08877980750702707535e-01
  +9.53607442271565131087e-01-j1.45566852157825443737e-01
  +9.46429049851813197769e-01-j1.82255723564948207693e-01
  +9.39250657432061375474e-01-j2.18944594972070999406e-01
  +9.32072265012309442156e-01-j2.55633466379193763363e-01
  +9.20543572155454348227e-01-j2.90921501874099708296e-01
  +9.06295869750272542475e-01-j3.25333991811629641422e-01
  +8.92048167345090403657e-01-j3.59746481749160296193e-01
  +8.77800464939909264039e-01-j3.94158971686689008074e-01
  +8.63552762534726903176e-01-j4.28571461624220328979e-01
  +8.46022781227414255589e-01-j4.61130301662152852771e-01
  +8.25374569978316929841e-01-j4.91928137595667780424e-01
  +8.04726358729220381250e-01-j5.22725973529181708876e-01
  +7.84078147480123832658e-01-j5.53523809462695637329e-01
  +7.63429936231027284066e-01-j5.84321645396209454759e-01
  +7.40525490142960873818e-01-j6.13169961027165366652e-01
  +7.14377650635812710966e-01-j6.39215792975807106657e-01
  +6.88229811128664770159e-01-j6.65261624924448846663e-01
  +6.62081971621516607307e-01-j6.91307456873090586669e-01
  +6.35934132114368555477e-01-j7.17353288821732326674e-01
  +6.08423136320126234367e-01-j7.41655845652047118755e-01
  +5.77844993898784409225e-01-j7.62035975941910748155e-01
  +5.47266851477442695106e-01-j7.82416106231774155511e-01
  +5.16688709056100980987e-01-j8.02796236521637673889e-01
  +4.86110566634759211357e-01-j8.23176366811501192267e-01
  +4.54866939377093326691e-01-j8.42253430668692848471e-01
  +4.21044525439383976462e-01-j8.56281047601823552817e-01
  +3.87222111501674626233e-01-j8.70308664534954146141e-01
  +3.53399697563965276004e-01-j8.84336281468085072532e-01
  +3.19577283626255981286e-01-j8.98363898401215665857e-01
  +2.85552019445413529652e-01-j9.11692458972731434308e-01
  +2.49751795556330785653e-01-j9.18904207178185217231e-01
  +2.13951571667248124919e-01-j9.26115955383638889131e-01
  +1.78151347778165408675e-01-j9.33327703589092783076e-01
  +1.42351123889082692431e-01-j9.40539451794546343955e-01
  +1.06550900000000003942e-01-j9.47751200000000015855e-01
</dep>
<dep S[1,4] frequency>
  -7.36318500000000299155e-04-j3.27720400000000014126e-03
  -1.28624222780722094472e-03-j3.92283031769012115186e-03
  -1.83616595561444245766e-03-j4.56845663538024259615e-03
  -2.38608968342166397059e-03-j5.21408295307036230570e-03
  -2.93601341122888548352e-03-j5.85970927076048461735e-03
  -3.48593713903610699645e-03-j6.50533558845060519427e-03
  -4.29833538456723257548e-03-j6.85134016911274207340e-03
  -5.14073037846924166261e-03-j7.16310265294196196750e-03
  -5.98312537237124728029e-03-j7.47486513677118186161e-03
  -6.82552036627325636742e-03-j7.78662762060039481682e-03
  -7.66791536017526545455e-03-j8.09839010442961471092e-03
  -8.59802464136236524461e-03-j8.07271076762695882767e-03
  -9.55077014233288862366e-03-j7.95994861396101538453e-03
  -1.05035156433034085333e-02-j7.84718646029505806361e-03
  -1.14562611442739284429e-02-j7.73442430662911462047e-03
  -1.24090066452444483525e-02-j7.62166215296315729955e-03
  -1.33017329790357866082e-02-j7.21715448043441787362e-03
  -1.41677840100522464684e-02-j6.68298156237431828508e-03
  -1.50338350410687115327e-02-j6.14880864431420481875e-03
  -1.58998860720851765971e-02-j5.61463572625410523020e-03
  -1.67659371031016399267e-02-j5.08046280819399176387e-03
  -1.74825123485759549580e-02-j4.35036269746247317158e-03
  -1.80951044836450136710e-02-j3.48396546788287686525e-03
  -1.87076966187140654452e-02-j2.61756823830330831449e-03
  -1.93202887537831241582e-02-j1.75117100872371200815e-03
  -1.99328808888521759324e-02-j8.84773779144143457387e-04
  -2.03720826823285440510e-02+j7.13612271434904688050e-05
  -2.06287691635778820676e-02+j1.12195661792535705814e-03
  -2.08854556448272200841e-02+j2.17255200870722364748e-03
  -2.11421421260765615702e-02+j3.22314739948911799239e-03
  -2.13988286073259030562e-02+j4.27374279027098458172e-03
  -2.15101771523278917364e-02+j5.33025039716766846354e-03
  -2.13889831577451783318e-02+j6.39621762476225153016e-03
  -2.12677891631624579882e-02+j7.46218485235683459678e-03
  -2.11465951685797376447e-02+j8.52815207995141766339e-03
  -2.10254011739970242401e-02+j9.59411930754600073001e-03
  -2.08132206474214848102e-02+j1.06219941683905194640e-02
  -2.03694370866033397371e-02+j1.15529062422426720413e-02
  -1.99256535257851946641e-02+j1.24838183160947968631e-02
  -1.94818699649670495910e-02+j1.34147303899469494404e-02
  -1.90380864041489183958e-02+j1.43456424637990742621e-02
  -1.85566084994020080723e-02+j1.52343788885345721162e-02
  -1.79028233408508319346e-02+j1.59303232516695425502e-02
  -1.72490381822996696748e-02+j1.66262676148045407398e-02
  -1.65952530237484796594e-02+j1.73222119779395389294e-02
  -1.59414678651973173995e-02+j1.80181563410745371190e-02
  -1.52821680638673684793e-02+j1.86936869066638422510e-02
  -1.45567012826471053888e-02+j1.91242842307217386644e-02
  -1.38312345014268422982e-02+j1.95548815547796628334e-02
  -1.31057677202065514521e-02+j1.99854788788375592468e-02
  -1.23803009389862883616e-02+j2.04160762028954834157e-02
  -1.16548341577660252710e-02+j2.08466735269533798292e-02
  -1.09839040810794652536e-02+j2.10593184269534106079e-02
  -1.03144085826386844307e-02+j2.12662301274717524535e-02
  -9.64491308419790360773e-03+j2.14731418279900942991e-02
  -8.97541758575712278478e-03+j2.16800535285084083892e-02
  -8.30592208731634196184e-03+j2.18869652290267502348e-02
  -7.75795463255452011353e-03+j2.19852395000787737001e-02
  -7.22785711733614499863e-03+j2.20675393158696331319e-02
  -6.69775960211782539488e-03+j2.21498391316604925638e-02
  -6.16766208689945027999e-03+j2.22321389474513242401e-02
  -5.63756457168113067624e-03+j2.23144387632421836720e-02
  -5.22702399789487515136e-03+j2.23989079614502761828e-02
  -4.85234798173189707526e-03+j2.24840279285704325307e-02
  -4.47767196556891899917e-03+j2.25691478956905888786e-02
  -4.10299594940594092307e-03+j2.26542678628107729821e-02
  -3.72831993324296284698e-03+j2.27393878299309293300e-02
  -3.41851485560934476027e-03+j2.29053002078551115606e-02
  -3.14114327136472137880e-03+j2.31116063303604124535e-02
  -2.86377168712004248619e-03+j2.33179124528657133464e-02
  -2.58640010287541910472e-03+j2.35242185753710142393e-02
  -2.30902851863079572325e-03+j2.37305246978763151322e-02
  -2.01890229562623479964e-03+j2.40459912516846757713e-02
  -1.71892079973212652533e-03+j2.44458040468469584017e-02
  -1.41893930383807376217e-03+j2.48456168420092549098e-02
  -1.11895780794396548785e-03+j2.52454296371715375402e-02
  -8.18976312049912724689e-04+j2.56452424323338201706e-02
  -4.38224438069123589656e-04+j2.61339818732246528810e-02
  +3.67536211767216514090e-05+j2.67264625469028974103e-02
  +5.11731680422566892474e-04+j2.73189432205811419396e-02
  +9.86709739668467644691e-04+j2.79114238942593725912e-02
  +1.46168779891431288576e-03+j2.85039045679376205900e-02
  +2.05165986695199364931e-03+j2.91354196240532770101e-02
  +2.84696351167090799805e-03+j2.98366338877612408131e-02
  +3.64226715638982234680e-03+j3.05378481514691976773e-02
  +4.43757080110873669554e-03+j3.12390624151771684192e-02
  +5.23287444582765104428e-03+j3.19402766788851322222e-02
  +6.13550024516329450819e-03+j3.26291448616183588083e-02
  +7.34933139740656660166e-03+j3.32822127335909920265e-02
  +8.56316254964983869513e-03+j3.39352806055636113669e-02
  +9.77699370189305527745e-03+j3.45883484775362445851e-02
  +1.09908248541363273709e-02+j3.52414163495088639255e-02
  +1.22721449452989905815e-02+j3.58559902779903433290e-02
  +1.39246007599218013517e-02+j3.62588779984032855142e-02
  +1.55770565745446121220e-02+j3.66617657188162138215e-02
  +1.72295123891674228922e-02+j3.70646534392291560067e-02
  +1.88819682037902336624e-02+j3.74675411596420981919e-02
  +2.05531767625507510999e-02+j3.78469055544268517810e-02
  +2.25711700575304541339e-02+j3.77912653326561015499e-02
  +2.45891633525101571678e-02+j3.77356251108853790743e-02
  +2.66071566474898602017e-02+j3.76799848891146427210e-02
  +2.86251499424695632356e-02+j3.76243446673439063677e-02
  +3.06431432374492662696e-02+j3.75687044455731700143e-02
  +3.28535273449585552008e-02+j3.69136613077309383435e-02
  +3.50743151851152235032e-02+j3.62262048357754051775e-02
  +3.72951030252719473168e-02+j3.55387483638198720115e-02
  +3.95158908654286156192e-02+j3.48512918918643388455e-02
  +4.17366787055852839217e-02+j3.41638354199088056795e-02
  +4.39327850774138828349e-02+j3.28551833360577194565e-02
  +4.61244032633763567652e-02+j3.14335703323647963625e-02
  +4.83160214493388306956e-02+j3.00119573286718455130e-02
  +5.05076396353013323814e-02+j2.85903443249788946634e-02
  +5.26992578212638063118e-02+j2.71687313212859438138e-02
  +5.46701183535928947332e-02+j2.51960147427389424823e-02
  +5.65648484890162450700e-02+j2.30332448038698678339e-02
  +5.84595786244395954068e-02+j2.08704748650008209410e-02
  +6.03543087598629179880e-02+j1.87077049261317740481e-02
  +6.22490388952862683247e-02+j1.65449349872627271552e-02
  +6.37850169758275575838e-02+j1.39695697840532262468e-02
  +6.51200793588420367985e-02+j1.11631345027686235127e-02
  +6.64551417418564882578e-02+j8.35669922148402077866e-03
  +6.77902041248709674726e-02+j5.55026394019941804459e-03
  +6.91252665078854466874e-02+j2.74382865891481531051e-03
  +7.00426889111782358111e-02-j3.04612937688963913985e-04
  +7.06021116886627470022e-02-j3.56050155692988479217e-03
  +7.11615344661472304377e-02-j6.81639017617083342593e-03
  +7.17209572436317693844e-02-j1.00722787954117543041e-02
  +7.22803800211162389422e-02-j1.33281674146527029379e-02
  +7.24438757089144597101e-02-j1.66638639386756104432e-02
  +7.20949647834367712829e-02-j2.01028474043280780403e-02
  +7.17460538579590967334e-02-j2.35418308699805178819e-02
  +7.13971429324814360617e-02-j2.69808143356329854790e-02
  +7.10482320070037753901e-02-j3.04197978012854253205e-02
  +7.03881469725938790916e-02-j3.38199422334005683766e-02
  +6.91056758063424703131e-02-j3.71424038662278299672e-02
  +6.78232046400910615347e-02-j4.04648654990550915578e-02
  +6.65407334738396250007e-02-j4.37873271318823531484e-02
  +6.52582623075881884667e-02-j4.71097887647096147390e-02
  +6.37806251375865329578e-02-j5.03395128880235742663e-02
  +6.16523888238555972663e-02-j5.32600902177280954852e-02
  +5.95241525101246823914e-02-j5.61806675474326167041e-02
  +5.73959161963937536388e-02-j5.91012448771371656786e-02
  +5.52676798826628248862e-02-j6.20218222068416868975e-02
  +5.30546049012131301637e-02-j6.48621360890835052526e-02
  +5.02645678494057640551e-02-j6.71566025874927308159e-02
  +4.74745307975983840687e-02-j6.94510690859019563792e-02
  +4.46844937457910110212e-02-j7.17455355843111680647e-02
  +4.18944566939836310349e-02-j7.40400020827203797502e-02
  +3.90936646126290796022e-02-j7.63151299518116943421e-02
  +3.58840109927736072848e-02-j7.78550834821683662712e-02
  +3.26743573729181419063e-02-j7.93950370125249549336e-02
  +2.94647037530626695889e-02-j8.09349905428816129849e-02
  +2.62550501332071972715e-02-j8.24749440732382432806e-02
  +2.30453965133517284236e-02-j8.40148976035948735763e-02
  +1.96786527579062148208e-02-j8.48395671950926966165e-02
  +1.62988164299527477086e-02-j8.56046219240906430814e-02
  +1.29189801019992771269e-02-j8.63696766530885895463e-02
  +9.53914377404580828002e-03-j8.71347313820865360112e-02
  +6.15930744609233596365e-03-j8.78997861110844547206e-02
  +2.80906133630621406352e-03-j8.80885040615406594844e-02
  -5.34711547101439669746e-04-j8.81511412100021568561e-02
  -3.87848443050909340302e-03-j8.82137783584636264722e-02
  -7.22225731391674778681e-03-j8.82764155069251099661e-02
  -1.05660301973244004359e-02-j8.83390526553865795822e-02
  -1.37920534180620887182e-02-j8.79883871821608432029e-02
  -1.69718161775460271712e-02-j8.74753469769562475022e-02
  -2.01515789370299638894e-02-j8.69623067717516518016e-02
  -2.33313416965139006076e-02-j8.64492665665470699787e-02
  -2.65111044559978373258e-02-j8.59362263613424604003e-02
  -2.95651892698818932748e-02-j8.51493283782584209352e-02
  -3.25407232942191634861e-02-j8.41912647656498230875e-02
  -3.55162573185564961475e-02-j8.32332011530411836064e-02
  -3.84917913428936414588e-02-j8.22751375404325996366e-02
  -4.14673253672310296314e-02-j8.13170739278239462777e-02
  -4.43531728466809230249e-02-j8.01759086193209735693e-02
  -4.71538163328137915897e-02-j7.88607930745480883994e-02
  -4.99544598189465283156e-02-j7.75456775297752448628e-02
  -5.27551033050793066748e-02-j7.62305619850024152040e-02
  -5.55557467912120572784e-02-j7.49154464402295716674e-02
  -5.83091449182469717671e-02-j7.34603548006530077119e-02
  -6.09946266723346286476e-02-j7.18040440606203533846e-02
  -6.36801084264222855280e-02-j7.01477333205877129352e-02
  -6.63655901805099285307e-02-j6.84914225805550586079e-02
  -6.90510719345975715333e-02-j6.68351118405224042807e-02
  -7.17140047672976399529e-02-j6.50550135883430913353e-02
  -7.43262017828111160034e-02-j6.29963893491202187036e-02
  -7.69383987983246059317e-02-j6.09377651098973460719e-02
  -7.95505958138380958600e-02-j5.88791408706744734403e-02
  -8.21627928293515857883e-02-j5.68205166314516008086e-02
  -8.47557755636677012667e-02-j5.46551927502744727683e-02
  -8.72743020073009356796e-02-j5.20764024752470300328e-02
  -8.97928284509341700925e-02-j4.94976122002195872973e-02
  -9.23113548945673906276e-02-j4.69188219251921445618e-02
  -9.48298813382006250405e-02-j4.43400316501647018264e-02
  -9.73272755297687752751e-02-j4.16941260629733745358e-02
  -9.96397604238150047529e-02-j3.84609548503787035401e-02
  -1.01952245317861261986e-01-j3.52277836377840325444e-02
  -1.04264730211907505342e-01-j3.19946124251893615487e-02
  -1.06577215105953776453e-01-j2.87614412125946627974e-02
  -1.08889700000000005931e-01-j2.55282699999999918017e-02
</dep>
<dep S[1,3] frequency>
  +2.20325899999999994666e-03+j1.36232100000000001805e-02
  +3.90901175514798276955e-03+j1.66287015178882280342e-02
  +5.61476451029596645981e-03+j1.96341930357764558879e-02
  +7.32051726544394841534e-03+j2.26396845536646837416e-02
  +9.02627002059192863614e-03+j2.56451760715529081258e-02
  +1.07320227757399140611e-02+j2.86506675894411394490e-02
  +1.34353890253774196223e-02+j3.09726804413303184738e-02
  +1.62527669559396070742e-02+j3.32165823293871509403e-02
  +1.90701448865018031997e-02+j3.54604842174439868763e-02
  +2.18875228170639958558e-02+j3.77043861055008228123e-02
  +2.47049007476261919813e-02+j3.99482879935576518093e-02
  +2.81642375866603088264e-02+j4.13381931019074083666e-02
  +3.17892432510804984203e-02+j4.25077092702324244033e-02
  +3.54142489155006845447e-02+j4.36772254385574126845e-02
  +3.90392545799208845470e-02+j4.48467416068824287212e-02
  +4.26642602443410776103e-02+j4.60162577752074586357e-02
  +4.65885598862825628386e-02+j4.63066834466511895174e-02
  +5.06458796590306264962e-02+j4.62064005116124276729e-02
  +5.47031994317786762760e-02+j4.61061175765736797061e-02
  +5.87605192045267329948e-02+j4.60058346415349039837e-02
  +6.28178389772747897135e-02+j4.59055517064961282614e-02
  +6.68928699125436315720e-02+j4.50145562091609219291e-02
  +7.09802216512196576526e-02+j4.35735000356708146452e-02
  +7.50675733898956976109e-02+j4.21324438621807351169e-02
  +7.91549251285717098137e-02+j4.06913876886906555885e-02
  +8.32422768672477358942e-02+j3.92503315152005760602e-02
  +8.71533830928564734464e-02+j3.71780823779097602255e-02
  +9.08789685763603249935e-02+j3.44414226407815937669e-02
  +9.46045540598642042962e-02+j3.17047629036534273084e-02
  +9.83301395433680419655e-02+j2.89681031665252886054e-02
  +1.02055725026871921268e-01+j2.62314434293971221468e-02
  +1.05505882032427139583e-01+j2.30523067799188186022e-02
  +1.08515349983287712199e-01+j1.91652014640189549688e-02
  +1.11524817934148257059e-01+j1.52780961481190913354e-02
  +1.14534285885008801920e-01+j1.13909908322192277019e-02
  +1.17543753835869360658e-01+j7.50388551631936406849e-03
  +1.20266930504535712876e-01+j3.35646624399194015709e-03
  +1.22261362729589276310e-01-j1.45357309796365075094e-03
  +1.24255794954642811989e-01-j6.26361243991924165897e-03
  +1.26250227179696361546e-01-j1.10736517818748325670e-02
  +1.28244659404749883347e-01-j1.58836911238303957195e-02
  +1.30015509783222571460e-01-j2.08066485763752917482e-02
  +1.30764329534032885949e-01-j2.62457739075063756218e-02
  +1.31513149284843172682e-01-j3.16848992386374872510e-02
  +1.32261969035653487170e-01-j3.71240245697686543913e-02
  +1.33010788786463801658e-01-j4.25631499008997382649e-02
  +1.33652207491861130251e-01-j4.80241335777081834735e-02
  +1.33004983741684235099e-01-j5.37473827859192287981e-02
  +1.32357759991507256681e-01-j5.94706319941302741228e-02
  +1.31710536241330333773e-01-j6.51938812023413194474e-02
  +1.31063312491153383110e-01-j7.09171304105523925276e-02
  +1.30416088740976460203e-01-j7.66403796187634378523e-02
  +1.28352098806466169423e-01-j8.22714711398313258695e-02
  +1.26250841091205878719e-01-j8.79001384694434451106e-02
  +1.24149583375945671282e-01-j9.35288057990556059851e-02
  +1.22048325660685352823e-01-j9.91574731286677391040e-02
  +1.19947067945425089874e-01-j1.04786140458279886101e-01
  +1.16617590826758987799e-01-j1.09992684466989953940e-01
  +1.13107511718456510419e-01-j1.15137157878691526181e-01
  +1.09597432610154033039e-01-j1.20281631290393098421e-01
  +1.06087353501851555659e-01-j1.25426104702094670662e-01
  +1.02577274393549078280e-01-j1.30570578113796270658e-01
  +9.81015849298377817789e-02-j1.35057196483523961339e-01
  +9.33362327512867739898e-02-j1.39346472233258189544e-01
  +8.85708805727357662008e-02-j1.43635747982992445504e-01
  +8.38055283941848139229e-02-j1.47925023732726701464e-01
  +7.90401762156338061338e-02-j1.52214299482460985180e-01
  +7.36090039490934211486e-02-j1.55720946115311620339e-01
  +6.78449419184828372842e-02-j1.58836302027480474885e-01
  +6.20808798878723089310e-02-j1.61951657939649273921e-01
  +5.63168178572617805777e-02-j1.65067013851818100711e-01
  +5.05527558266511967133e-02-j1.68182369763986955258e-01
  +4.44174844284483394397e-02-j1.70503438655255246115e-01
  +3.79953864343989811125e-02-j1.72210776692133776811e-01
  +3.15732884403496782966e-02-j1.73918114729012335262e-01
  +2.51511904463003754806e-02-j1.75625452765890865958e-01
  +1.87290924522510171535e-02-j1.77332790802769424410e-01
  +1.21848978389316742188e-02-j1.78332361024061553101e-01
  +5.49826612255416291575e-03-j1.78506254024374089173e-01
  -1.18836559382334838730e-03-j1.78680147024686597490e-01
  -7.87499731020085969035e-03-j1.78854040024999050296e-01
  -1.45616290265783154823e-02-j1.79027933025311503101e-01
  -2.11968748299666831514e-02-j1.78648863565357474137e-01
  -2.77403667181370661154e-02-j1.77282432633227682306e-01
  -3.42838586063073380572e-02-j1.75916001701097890475e-01
  -4.08273504944776655101e-02-j1.74549570768968098644e-01
  -4.73708423826479929630e-02-j1.73183139836838306813e-01
  -5.37792646170721089227e-02-j1.71448814084894318732e-01
  -5.97960212218661135708e-02-j1.68647692407709132167e-01
  -6.58127778266600627077e-02-j1.65846570730524001114e-01
  -7.18295344314540118447e-02-j1.63045449053338870060e-01
  -7.78462910362479609816e-02-j1.60244327376153739007e-01
  -8.37313795138121541584e-02-j1.57253091042760834162e-01
  -8.88923975520057862987e-02-j1.53216374641051755745e-01
  -9.40534155901994184390e-02-j1.49179658239342621817e-01
  -9.92144336283929950682e-02-j1.45142941837633487889e-01
  -1.04375451666586599453e-01-j1.41106225435924381717e-01
  -1.09479431771370983029e-01-j1.37019798428113376287e-01
  -1.13528639062822594985e-01-j1.32014099056868033921e-01
  -1.17577846354274179186e-01-j1.27008399685622636044e-01
  -1.21627053645725791142e-01-j1.22002700314377293678e-01
  -1.25676260937177403099e-01-j1.16997000943131951312e-01
  -1.29725468228629015055e-01-j1.11991301571886608945e-01
  -1.32552448421715540761e-01-j1.06358767598699804902e-01
  -1.35313335417322683218e-01-j1.00692336894546707882e-01
  -1.38074222412929797921e-01-j9.50259061903935553506e-02
  -1.40835109408536940379e-01-j8.93594754862404305751e-02
  -1.43595996404144055081e-01-j8.36930447820873335552e-02
  -1.45183070972263267295e-01-j7.77466856993398180986e-02
  -1.46556694368172479859e-01-j7.17494232191272784949e-02
  -1.47930317764081664667e-01-j6.57521607389147944023e-02
  -1.49303941159990849474e-01-j5.97548982587022547985e-02
  -1.50677564555900062038e-01-j5.37576357784897151948e-02
  -1.51000990127254569595e-01-j4.77657636735571711206e-02
  -1.50962244893216718244e-01-j4.17757504913065236263e-02
  -1.50923499659178866894e-01-j3.57857373090558761319e-02
  -1.50884754425141043299e-01-j2.97957241268051731264e-02
  -1.50846009191103219704e-01-j2.38057109445545256321e-02
  -1.49932186021434848966e-01-j1.80367847743858056297e-02
  -1.48528283724873921834e-01-j1.23916762956896853165e-02
  -1.47124381428312994702e-01-j6.74656781699356500326e-03
  -1.45720479131752095325e-01-j1.10145933829744469001e-03
  -1.44316576835191168193e-01+j4.54364914039867562323e-03
  -1.42243849080864098733e-01+j9.82630130606140794747e-03
  -1.39597806329800094849e-01+j1.47982571046658684111e-02
  -1.36951763578736090965e-01+j1.97702129032703288747e-02
  -1.34305720827672114837e-01+j2.47421687018747615827e-02
  -1.31659678076608110953e-01+j2.97141245004792220463e-02
  -1.28561655375571792792e-01+j3.42601088011106891251e-02
  -1.24878682764648238357e-01+j3.82548031841936364561e-02
  -1.21195710153724697800e-01+j4.22494975672765837871e-02
  -1.17512737542801143364e-01+j4.62441919503595311181e-02
  -1.13829764931877588929e-01+j5.02388863334424784490e-02
  -1.09898257389327680400e-01+j5.38224360745186147792e-02
  -1.05469649701610559966e-01+j5.65836464370258890311e-02
  -1.01041042013893481166e-01+j5.93448567995331910385e-02
  -9.66124343261764023660e-02+j6.21060671620404652904e-02
  -9.21838266384593235658e-02+j6.48672775245477672978e-02
  -8.76688335608531293941e-02+j6.73030916728483419309e-02
  -8.28658689123145802968e-02+j6.86541754159163963855e-02
  -7.80629042637760034440e-02+j7.00052591589844647180e-02
  -7.32599396152374404689e-02+j7.13563429020525330504e-02
  -6.84569749666988497383e-02+j7.27074266451205875050e-02
  -6.36610451181377490215e-02+j7.38695890397274845807e-02
  -5.89129568124567154497e-02+j7.37469545925894948146e-02
  -5.41648685067756957556e-02+j7.36243201454515189264e-02
  -4.94167802010946552449e-02+j7.35016856983135291603e-02
  -4.46686918954136216731e-02+j7.33790512511755255165e-02
  -3.99334814255853098874e-02+j7.32205594555597472084e-02
  -3.56878327701816849826e-02+j7.16989202505487616124e-02
  -3.14421841147780462000e-02+j7.01772810455377898942e-02
  -2.71965354593744247647e-02+j6.86556418405268181759e-02
  -2.29508868039707929209e-02+j6.71340026355158603355e-02
  -1.87052381485671576078e-02+j6.56123634305048747395e-02
  -1.53055848752822430681e-02+j6.30024098270909327368e-02
  -1.19764405224981954068e-02+j6.03017513864889109776e-02
  -8.64729616971414254134e-03+j5.76010929458868892183e-02
  -5.31815181693009488006e-03+j5.49004345052848743980e-02
  -1.98900746414604895351e-03+j5.21997760646828526387e-02
  +3.19397214913577295881e-04+j4.88176224947830736389e-02
  +2.40450245954073682855e-03+j4.52863834324135003384e-02
  +4.48960770416789636122e-03+j4.17551443700439270379e-02
  +6.57471294879505546022e-03+j3.82239053076743537374e-02
  +8.65981819342221542657e-03+j3.46926662453047804369e-02
  +9.70851571920257512549e-03+j3.08799103857785618710e-02
  +1.03500384129396431898e-02+j2.69565546604706024469e-02
  +1.09915611066767112541e-02+j2.30331989351626499618e-02
  +1.16330838004137810532e-02+j1.91098432098546905378e-02
  +1.22746064941508491175e-02+j1.51864874845467380526e-02
  +1.19966636020568239579e-02+j1.13158052050356602858e-02
  +1.11440395486549319315e-02+j7.47804469820114239842e-03
  +1.02914154952530208231e-02+j3.64028419136654818322e-03
  +9.43879144185116175647e-03-j1.97476315467820517924e-04
  +8.58616738844923677032e-03-j4.03523682230248759151e-03
  +7.01728443101423682293e-03-j7.59011471642311724706e-03
  +4.76794133377358292369e-03-j1.08762485277663079053e-02
  +2.51859823653301923008e-03-j1.41623823391093806023e-02
  +2.69255139292452067012e-04-j1.74485161504524532994e-02
  -1.98008795794811162660e-03-j2.07346499617955259964e-02
  -4.70888373231153484211e-03-j2.36251603725442793635e-02
  -8.12690459569595513578e-03-j2.59469523539170576765e-02
  -1.15449254590803823683e-02-j2.82687443352898498672e-02
  -1.49629463224648026620e-02-j3.05905363166626281801e-02
  -1.83809671858492264251e-02-j3.29123282980354203708e-02
  -2.20558954228897256822e-02-j3.48357357002549161695e-02
  -2.63088737280304102439e-02-j3.58627646535712718556e-02
  -3.05618520331710982751e-02-j3.68897936068875997861e-02
  -3.48148303383117863063e-02-j3.79168225602039554722e-02
  -3.90678086434524673987e-02-j3.89438515135202834028e-02
  -4.34071290041419532990e-02-j3.96583107122966682656e-02
  -4.80810291037277459658e-02-j3.91615466410670243214e-02
  -5.27549292033135594493e-02-j3.86647825698373526215e-02
  -5.74288293028993590550e-02-j3.81680184986076809217e-02
  -6.21027294024851655996e-02-j3.76712544273780092219e-02
  -6.67715073419764687523e-02-j3.70066433828553364993e-02
  -7.13954658735811847903e-02-j3.48733547062842486053e-02
  -7.60194244051858869504e-02-j3.27400660297131884668e-02
  -8.06433829367905891106e-02-j3.06067773531421283284e-02
  -8.52673414683952912707e-02-j2.84734886765710681900e-02
  -8.98912999999999934309e-02-j2.63402000000000080515e-02
</dep>
<dep S[1,2] frequency>
  +9.73780800000000001937e-01-j1.53001300000000006740e-01
  +9.64109111594025347536e-01-j1.89453255177867985193e-01
  +9.54437423188050471090e-01-j2.25905210355735991401e-01
  +9.44765734782075705667e-01-j2.62357165533603997609e-01
  +9.35094046376101051266e-01-j2.98809120711471976062e-01
  +9.25422357970126063798e-01-j3.35261075889339954514e-01
  +9.09521780971500493074e-01-j3.69264463437050938222e-01
  +8.92909339044559935417e-01-j4.02988017850071822412e-01
  +8.76296897117619266737e-01-j4.36711572263092762114e-01
  +8.59684455190678820102e-01-j4.70435126676113757327e-01
  +8.43072013263738151423e-01-j5.04158681089134641518e-01
  +8.21543673065041057946e-01-j5.34673063165597151070e-01
  +7.98746698563351009703e-01-j5.64359261686316449058e-01
  +7.75949724061661072483e-01-j5.94045460207035969091e-01
  +7.53152749559971024240e-01-j6.23731658727755378102e-01
  +7.30355775058280975998e-01-j6.53417857248474787113e-01
  +7.03961644893107085785e-01-j6.79557060349550434708e-01
  +6.75968771843592497461e-01-j7.04119814106076047366e-01
  +6.47975898794078020160e-01-j7.28682567862601549002e-01
  +6.19983025744563320814e-01-j7.53245321619126828594e-01
  +5.91990152695048621467e-01-j7.77808075375652441252e-01
  +5.61610248586141280747e-01-j7.98856531814538195491e-01
  +5.29569801846269339052e-01-j8.17460260736845856222e-01
  +4.97529355106397674913e-01-j8.36063989659153405931e-01
  +4.65488908366526010774e-01-j8.54667718581460733596e-01
  +4.33448461626654291123e-01-j8.73271447503768394327e-01
  +4.00042049027959645269e-01-j8.88688414861896092134e-01
  +3.65197784222939914045e-01-j9.00750911742967841356e-01
  +3.30353519417920127310e-01-j9.12813408624039812622e-01
  +2.95509254612900396086e-01-j9.24875905505111228777e-01
  +2.60664989807880609352e-01-j9.36938402386183089021e-01
  +2.25238411778926755913e-01-j9.46354395216967181348e-01
  +1.88880125213139599127e-01-j9.51535948033220835285e-01
  +1.52521838647352525609e-01-j9.56717500849474600244e-01
  +1.16163552081565396579e-01-j9.61899053665728365203e-01
  +7.98052655157782814266e-02-j9.67080606481982019140e-01
  +4.33870596801558400246e-02-j9.70289952350087969712e-01
  +6.81633143929921692106e-03-j9.68479114424604103917e-01
  -2.97543968015574061825e-02-j9.66668276499120127099e-01
  -6.63251250424140154083e-02-j9.64857438573636261303e-01
  -1.02895853283270471978e-01-j9.63046600648152395507e-01
  -1.39273444735416584983e-01-j9.59999899599013106766e-01
  -1.74768175094816985427e-01-j9.51303858125818302405e-01
  -2.10262905454217385870e-01-j9.42607816652623498044e-01
  -2.45757635813618147136e-01-j9.33911775179428582661e-01
  -2.81252366173018519824e-01-j9.25215733706233778300e-01
  -3.16568033476049393027e-01-j9.16014810523866684910e-01
  -3.49735227682050509035e-01-j9.00756106404820178213e-01
  -3.82902421888051569532e-01-j8.85497402285774004582e-01
  -4.16069616094052630029e-01-j8.70238698166727719929e-01
  -4.49236810300053690526e-01-j8.54979994047681324254e-01
  -4.82404004506054751023e-01-j8.39721289928635039601e-01
  -5.12147265943254104137e-01-j8.18592743989357218837e-01
  -5.41800461442162761827e-01-j7.97309792912229475803e-01
  -5.71453656941071530539e-01-j7.76026841835101843792e-01
  -6.01106852439980299252e-01-j7.54743890757974211780e-01
  -6.30760047938889067964e-01-j7.33460939680846357724e-01
  -6.56404282407892725182e-01-j7.07582101149394349093e-01
  -6.81459024204522423318e-01-j6.81027466081839949474e-01
  -7.06513766001152010432e-01-j6.54472831014285438833e-01
  -7.31568507797781819590e-01-j6.27918195946730928192e-01
  -7.56623249594411517727e-01-j6.01363560879176528573e-01
  -7.77418901233989712019e-01-j5.71489152612662643094e-01
  -7.96936915770021570005e-01-j5.40618882493512087350e-01
  -8.16454930306053761058e-01-j5.09748612374361420585e-01
  -8.35972944842085841088e-01-j4.78878342255210864842e-01
  -8.55490959378117921119e-01-j4.48008072136060198076e-01
  -8.70821032743984146940e-01-j4.15017033897290499311e-01
  -8.84057263083446676077e-01-j3.80965676194264857291e-01
  -8.97293493422909316237e-01-j3.46914318491239381803e-01
  -9.10529723762371623330e-01-j3.12862960788213850805e-01
  -9.23765954101833930423e-01-j2.78811603085188375317e-01
  -9.33171033392861781763e-01-j2.43683253208536926282e-01
  -9.39615853301096093375e-01-j2.07722731447544384231e-01
  -9.46060673209330182942e-01-j1.71762209686551869936e-01
  -9.52505493117564494554e-01-j1.35801687925559327885e-01
  -9.58950313025798695143e-01-j9.98411661645667858345e-02
  -9.62147949012059133800e-01-j6.36245436239460671057e-02
  -9.61557441856371597488e-01-j2.71091556190623250711e-02
  -9.60966934700684172199e-01+j9.40623238582141002473e-03
  -9.60376427544996635888e-01+j4.59216203907051451205e-02
  -9.59785920389308877532e-01+j8.24370083955888871552e-02
  -9.56682253869350018860e-01+j1.18658405911918299336e-01
  -9.49091127697025083165e-01+j1.54354858423039337234e-01
  -9.41500001524700036448e-01+j1.90051310934160000432e-01
  -9.33908875352375100753e-01+j2.25747763445281024453e-01
  -9.26317749180050165059e-01+j2.61444215956402048473e-01
  -9.17010167476725257529e-01+j2.96589645389997325076e-01
  -9.02725326873009326079e-01+j3.30137256256549660449e-01
  -8.88440486269293505650e-01+j3.63684867123101385200e-01
  -8.74155645665577685222e-01+j3.97232477989653054440e-01
  -8.59870805061861975815e-01+j4.30780088856204723680e-01
  -8.44641530619745783959e-01+j4.63807779997651492554e-01
  -8.24218617909090900397e-01+j4.93976324345452022513e-01
  -8.03795705198435905814e-01+j5.24144868693252607983e-01
  -7.83372792487781022253e-01+j5.54313413041053082431e-01
  -7.62949879777126027669e-01+j5.84481957388853667901e-01
  -7.42251554736873431217e-01+j6.14421366648375211206e-01
  -7.16460172842124043413e-01+j6.40123499989025179779e-01
  -6.90668790947374766631e-01+j6.65825633329675037331e-01
  -6.64877409052625378827e-01+j6.91527766670324894882e-01
  -6.39086027157875991023e-01+j7.17229900010974752433e-01
  -6.13294645263126603218e-01+j7.42932033351624498962e-01
  -5.83304901047348778320e-01+j7.63529061171474343617e-01
  -5.53088126036438865185e-01+j7.83850025117604820579e-01
  -5.22871351025529063072e-01+j8.04170989063735408564e-01
  -4.92654576014619205448e-01+j8.24491953009865996549e-01
  -4.62437801003709347825e-01+j8.44812916955996140445e-01
  -4.29390417768753251959e-01+j8.59965829509179435775e-01
  -3.95828304386679041826e-01+j8.74178961053034608852e-01
  -3.62266191004604887205e-01+j8.88392092596889781930e-01
  -3.28704077622530621561e-01+j9.02605224140745066030e-01
  -2.95141964240456466939e-01+j9.16818355684600128086e-01
  -2.59973157626441464529e-01+j9.26097042392872604744e-01
  -2.24250267421482851748e-01+j9.33674038411560158757e-01
  -1.88527377216524211212e-01+j9.41251034430247712770e-01
  -1.52804487011565598431e-01+j9.48828030448935155761e-01
  -1.17081596806606999528e-01+j9.56405026467622709774e-01
  -8.07835530922432071277e-02+j9.59521898812409457236e-01
  -4.41634000911044211080e-02+j9.60140921049293272205e-01
  -7.54324708996562121044e-03+j9.60759943286177198196e-01
  +2.90769059111731786871e-02+j9.61378965523061013165e-01
  +6.56970589123119785846e-02+j9.61997987759944828134e-01
  +1.02089787409251009365e-01+j9.58815043132476896304e-01
  +1.38287568364392432496e-01+j9.52373064933365487406e-01
  +1.74485349319533911139e-01+j9.45931086734253967485e-01
  +2.10683130274675306515e-01+j9.39489108535142336542e-01
  +2.46880911229816701891e-01+j9.33047130336031038667e-01
  +2.82306553933095172315e-01+j9.23585762056455927826e-01
  +3.16732899652347410502e-01+j9.10216716111998835892e-01
  +3.51159245371599593177e-01+j8.96847670167541743957e-01
  +3.85585591090851775853e-01+j8.83478624223084652023e-01
  +4.20011936810103903017e-01+j8.70109578278627560088e-01
  +4.53400767671208904108e-01+j8.54562401759036083249e-01
  +4.84714442403463396936e-01+j8.34658698702081203180e-01
  +5.16028117135717834252e-01+j8.14754995645125879022e-01
  +5.47341791867972160546e-01+j7.94851292588170776909e-01
  +5.78655466600226486840e-01+j7.74947589531215674796e-01
  +6.08955407077199306620e-01+j7.53690192167354000574e-01
  +6.35875995485769895943e-01+j7.27920162787561331186e-01
  +6.62796583894340374243e-01+j7.02150133407768661797e-01
  +6.89717172302910852544e-01+j6.76380104027975881387e-01
  +7.16637760711481330844e-01+j6.50610074648183211998e-01
  +7.42847658709842262326e-01+j6.24209473343692811120e-01
  +7.64224366590023684864e-01+j5.93520543462555449921e-01
  +7.85601074470204996381e-01+j5.62831613581418088721e-01
  +8.06977782350386418919e-01+j5.32142683700280727521e-01
  +8.28354490230567841458e-01+j5.01453753819143366321e-01
  +8.49564926937226516657e-01+j4.70669625912915945420e-01
  +8.64454424448261371516e-01+j4.36266464620505778349e-01
  +8.79343921959296004331e-01+j4.01863303328095722300e-01
  +8.94233419470330859191e-01+j3.67460142035685555228e-01
  +9.09122916981365603029e-01+j3.33056980743275499179e-01
  +9.24012414492400457888e-01+j2.98653819450865387619e-01
  +9.32302960571507854937e-01+j2.62123187867542295493e-01
  +9.40043521447696650561e-01+j2.25415243692708017198e-01
  +9.47784082323885335164e-01+j1.88707299517873738903e-01
  +9.55524643200073908744e-01+j1.51999355343039488364e-01
  +9.63265204076262704369e-01+j1.15291411168205223947e-01
  +9.64872632001636421073e-01+j7.79504344974924628930e-02
  +9.65138361201595573746e-01+j4.04709741350551752137e-02
  +9.65404090401554504375e-01+j2.99151377261787582498e-03
  +9.65669819601513657048e-01-j3.44879465898194140228e-02
  +9.65935548801472587677e-01-j7.19674069522567155799e-02
  +9.60857397499787935224e-01-j1.08881340478854532483e-01
  +9.53679788999794220139e-01-j1.45573094750887227500e-01
  +9.46502180499800171987e-01-j1.82264849022919950272e-01
  +9.39324571999806234857e-01-j2.18956603294952673044e-01
  +9.32146963499812297727e-01-j2.55648357566985395817e-01
  +9.20618704817451005695e-01-j2.90939503864232007491e-01
  +9.06371217990202704406e-01-j3.25355247068757624795e-01
  +8.92123731162954181073e-01-j3.59770990273283797212e-01
  +8.77876244335706323874e-01-j3.94186733477808082249e-01
  +8.63628757508457356451e-01-j4.28602476682335031821e-01
  +8.46098629973632609946e-01-j4.61164700639229541146e-01
  +8.25449928774686481070e-01-j4.91966044613661501739e-01
  +8.04801227575741129350e-01-j5.22767388588092352109e-01
  +7.84152526376796110696e-01-j5.53568732562523146967e-01
  +7.63503825177850758976e-01-j5.84370076536953719781e-01
  +7.40598527334489942220e-01-j6.13221932369310662736e-01
  +7.14449315967765397062e-01-j6.39271350750845179789e-01
  +6.88300104601040962926e-01-j6.65320769132379585820e-01
  +6.62150893234316417768e-01-j6.91370187513914102873e-01
  +6.36001681867591983632e-01-j7.17419605895448619926e-01
  +6.08489048889779504670e-01-j7.41725706948020757636e-01
  +5.77908672297127612438e-01-j7.62109286484819459240e-01
  +5.47328295704475609185e-01-j7.82492866021618049821e-01
  +5.16747919111823605931e-01-j8.02876445558416751425e-01
  +4.86167542519171713700e-01-j8.23260025095215342006e-01
  +4.54921492147351724800e-01-j8.42340465838252949737e-01
  +4.21095922932616550938e-01-j8.56371179254427516980e-01
  +3.87270353717881377076e-01-j8.70401892670602306268e-01
  +3.53444784503146203214e-01-j8.84432606086776873511e-01
  +3.19619215288411029352e-01-j8.98463319502951662798e-01
  +2.85590709399241804434e-01-j9.11794916256604026650e-01
  +2.49786487519393474166e-01-j9.19009173005283175328e-01
  +2.13982265639545143898e-01-j9.26223429753962324007e-01
  +1.78178043759696702608e-01-j9.33437686502641472686e-01
  +1.42373821879848344585e-01-j9.40651943251320843409e-01
  +1.06569600000000014317e-01-j9.47866199999999992087e-01
</dep>
<dep S[1,1] frequency>
  +1.47794399999999995915e-02+j1.45439799999999997554e-02
  +1.66026825328943333782e-02+j1.76665499337415807246e-02
  +1.84259250657886688995e-02+j2.07891198674831599591e-02
  +2.02491675986829974820e-02+j2.39116898012247391936e-02
  +2.20724101315773295340e-02+j2.70342597349663253670e-02
  +2.38956526644716615859e-02+j3.01568296687079115403e-02
  +2.66913914328507535789e-02+j3.24069875795828798992e-02
  +2.95982713707438754858e-02+j3.45574423872667402247e-02
  +3.25051513086370008621e-02+j3.67078971949506005501e-02
  +3.54120312465301262383e-02+j3.88583520026344678144e-02
  +3.83189111844232516146e-02+j4.10088068103183142621e-02
  +4.17114730575798703383e-02+j4.21176326451125765393e-02
  +4.52293737252675159821e-02+j4.29576477411673374185e-02
  +4.87472743929551824427e-02+j4.37976628372220982977e-02
  +5.22651750606428280865e-02+j4.46376779332768591768e-02
  +5.57830757283304945471e-02+j4.54776930293316339338e-02
  +5.93368076613569883637e-02+j4.53261539387048301153e-02
  +6.29064646712654412797e-02+j4.47339221595497577022e-02
  +6.64761216811739080734e-02+j4.41416903803946575335e-02
  +7.00457786910823609894e-02+j4.35494586012395712427e-02
  +7.36154357009908277831e-02+j4.29572268220844988296e-02
  +7.68900811915660675755e-02+j4.15821579610177460840e-02
  +7.99595013657170561316e-02+j3.96625070164884352408e-02
  +8.30289215398680308100e-02+j3.77428560719591243977e-02
  +8.60983417140190054884e-02+j3.58232051274297857990e-02
  +8.91677618881699662889e-02+j3.39035541829004749559e-02
  +9.17697962809774780979e-02+j3.14852705426199863670e-02
  +9.38798478964930210866e-02+j2.85421127870014168515e-02
  +9.59898995120085918309e-02+j2.55989550313828750916e-02
  +9.80999511275241209418e-02+j2.26557972757643055761e-02
  +1.00210002743039677808e-01+j1.97126395201457360606e-02
  +1.01834985912689190979e-01+j1.65477830098182954188e-02
  +1.02683853422610854578e-01+j1.30282056827934755727e-02
  +1.03532720932532545932e-01+j9.50862835576868348220e-03
  +1.04381588442454223409e-01+j5.98905102874389139167e-03
  +1.05230455952375914763e-01+j2.46947370171907154557e-03
  +1.05693191124619154109e-01-j1.06664993149405140649e-03
  +1.05173039939213813776e-01-j4.64489160827674663068e-03
  +1.04652888753808445688e-01-j8.22313328505946961045e-03
  +1.04132737568403119233e-01-j1.18013749618421925902e-02
  +1.03612586382997778900e-01-j1.53796166386248878144e-02
  +1.02863408941295975119e-01-j1.88766835935417487402e-02
  +1.01067313549620285684e-01-j2.20026870958232589892e-02
  +9.92712181579445962498e-02-j2.51286905981047414826e-02
  +9.74751227662688513043e-02-j2.82546941003862794872e-02
  +9.56790273745931618699e-02-j3.13806976026677897362e-02
  +9.38057886498309956291e-02-j3.44387090393087347273e-02
  +9.10069520987403512979e-02-j3.66809233662502287565e-02
  +8.82081155476497624779e-02-j3.89231376931917227857e-02
  +8.54092789965591181467e-02-j4.11653520201332168149e-02
  +8.26104424454685015711e-02-j4.34075663470747108441e-02
  +7.98116058943778294843e-02-j4.56497806740162048733e-02
  +7.64340325877735371485e-02-j4.67450012020589611428e-02
  +7.30412357144614443616e-02-j4.78100502636369939502e-02
  +6.96484388411494070859e-02-j4.88750993252150822688e-02
  +6.62556419678373420545e-02-j4.99401483867931150762e-02
  +6.28628450945253325344e-02-j5.10051974483712033948e-02
  +5.93726907412521209828e-02-j5.09420755771847200144e-02
  +5.58682205788179619965e-02-j5.07130632188897145785e-02
  +5.23637504163838030102e-02-j5.04840508605947091425e-02
  +4.88592802539495885128e-02-j5.02550385022997037066e-02
  +4.53548100915154295265e-02-j5.00260261440046982706e-02
  +4.21370587155878717489e-02-j4.88573033538087231342e-02
  +3.90053169206779903888e-02-j4.74066872788701382246e-02
  +3.58735751257681645399e-02-j4.59560712039315810706e-02
  +3.27418333308582831798e-02-j4.45054551289930100388e-02
  +2.96100915359484018197e-02-j4.30548390540544390070e-02
  +2.70038832331866429648e-02-j4.09546773957673859723e-02
  +2.46604256695028833946e-02-j3.85297627300325573607e-02
  +2.23169681058191238243e-02-j3.61048480642977565047e-02
  +1.99735105421353087429e-02-j3.36799333985629417709e-02
  +1.76300529784515491727e-02-j3.12550187328281270371e-02
  +1.58928471860492193102e-02-j2.84960115457014023788e-02
  +1.46240808969665958550e-02-j2.54788572616139186167e-02
  +1.33553146078839723998e-02-j2.24617029775264348546e-02
  +1.20865483188012934335e-02-j1.94445486934389510925e-02
  +1.08177820297186699783e-02-j1.64273944093514673304e-02
  +1.00989344634255240329e-02-j1.33477580080189200951e-02
  +1.00216184174959921371e-02-j1.01952303847464426090e-02
  +9.94430237156646024133e-03-j7.04270276147396859234e-03
  +9.86698632563692834552e-03-j3.89017513820149110626e-03
  +9.78967027970739644971e-03-j7.37647514929017089624e-04
  +1.01158699284520925410e-02+j2.29797662863037016612e-03
  +1.11625811470917879475e-02+j5.12485967288196526265e-03
  +1.22092923657314278429e-02+j7.95174271713353433833e-03
  +1.32560035843710677383e-02+j1.07786257613851268328e-02
  +1.43027148030107631449e-02+j1.36055088056367227967e-02
  +1.55766186369158954328e-02+j1.62476951921232959375e-02
  +1.75093198856161036403e-02+j1.83543109989293545814e-02
  +1.94420211343163118478e-02+j2.04609268057353646530e-02
  +2.13747223830164645442e-02+j2.25675426125413816636e-02
  +2.33074236317166727517e-02+j2.46741584193473986741e-02
  +2.53196023174199758010e-02+j2.66286243031307323648e-02
  +2.77688439730441327669e-02+j2.77463860890343194665e-02
  +3.02180856286682342215e-02+j2.88641478749379204460e-02
  +3.26673272842923911874e-02+j2.99819096608415214256e-02
  +3.51165689399164926421e-02+j3.10996714467451085273e-02
  +3.75696140483089968676e-02+j3.21614452860528449163e-02
  +4.00929944289853956718e-02+j3.21878631716317059608e-02
  +4.26163748096617944761e-02+j3.22142810572105670053e-02
  +4.51397551903381932803e-02+j3.22406989427894280498e-02
  +4.76631355710145920845e-02+j3.22671168283683029721e-02
  +5.01865159516909908888e-02+j3.22935347139471640165e-02
  +5.23566786607627121519e-02+j3.13592760050489249846e-02
  +5.45077407580464301518e-02+j3.03730677133296766979e-02
  +5.66588028553301481516e-02+j2.93868594216104006556e-02
  +5.88098649526138661514e-02+j2.84006511298911523689e-02
  +6.09609270498975841512e-02+j2.74144428381718763266e-02
  +6.24742972139387675590e-02+j2.57816775816539500710e-02
  +6.38717066951042800049e-02+j2.40313395862511436363e-02
  +6.52691161762697924509e-02+j2.22810015908483649572e-02
  +6.66665256574352771413e-02+j2.05306635954455585225e-02
  +6.80639351386007895872e-02+j1.87803256000427798433e-02
  +6.87108729366585624376e-02+j1.67460190209052783850e-02
  +6.90990033676276982355e-02+j1.46137831485691482847e-02
  +6.94871337985967507667e-02+j1.24815472762330459400e-02
  +6.98752642295658588090e-02+j1.03493114038969435953e-02
  +7.02633946605349390957e-02+j8.21707553156084125057e-03
  +6.99493886758835170525e-02+j6.13479816986836623549e-03
  +6.92421578280331406763e-02+j4.08049959987000221417e-03
  +6.85349269801827087889e-02+j2.02620102987163819286e-03
  +6.78276961323322769015e-02-j2.80975401267535840333e-05
  +6.71204652844818727697e-02-j2.08239611012511760535e-03
  +6.58797833205457261663e-02-j3.84287367644783883769e-03
  +6.41818288031701100760e-02-j5.35148883859984381139e-03
  +6.24838742857944939857e-02-j6.86010400075184878510e-03
  +6.07859197684189056510e-02-j8.36871916290382600323e-03
  +5.90879652510433034385e-02-j9.87733432505583097694e-03
  +5.70844198369687139127e-02-j1.09735411464030596651e-02
  +5.46853804026452006148e-02-j1.15360114119466561355e-02
  +5.22863409683216873169e-02-j1.20984816774902803616e-02
  +4.98873015339982017746e-02-j1.26609519430339045876e-02
  +4.74882620996746884767e-02-j1.32234222085775288136e-02
  +4.50022169852538136969e-02-j1.33831243277926226209e-02
  +4.23421499097196563088e-02-j1.27372410804018065811e-02
  +3.96820828341855058596e-02-j1.20913578330110182968e-02
  +3.70220157586513623493e-02-j1.14454745856202300125e-02
  +3.43619486831172049612e-02-j1.07995913382294139726e-02
  +3.17635603906580299416e-02-j9.85909337280030384498e-03
  +2.93707825154013411895e-02-j7.93647721259047034259e-03
  +2.69780046401446489679e-02-j6.01386105238063684020e-03
  +2.45852267648879671547e-02-j4.09124489217077558223e-03
  +2.21924488896312784025e-02-j2.16862873196094207984e-03
  +1.99022457893470172685e-02-j1.02081443530591120528e-04
  +1.83096226502515342649e-02+j2.94329783224674124131e-03
  +1.67169995111560512613e-02+j5.98867710802407360315e-03
  +1.51243763720605699924e-02+j9.03405638380140596500e-03
  +1.35317532329650887235e-02+j1.20794356595787383268e-02
  +1.19710195059213771185e-02+j1.51441543191414562664e-02
  +1.16225887312954682951e-02+j1.89440759991582885480e-02
  +1.12741579566695594716e-02+j2.27439976791751208296e-02
  +1.09257271820436506482e-02+j2.65439193591919531112e-02
  +1.05772964074177418248e-02+j3.03438410392087888623e-02
  +1.02288656327918330013e-02+j3.41437627192256176745e-02
  +1.12774253815051371530e-02+j3.81473663928943787504e-02
  +1.24424163730272457906e-02+j4.21679458063856163474e-02
  +1.36074073645493544282e-02+j4.61885252198768470056e-02
  +1.47723983560714613311e-02+j5.02091046333680846026e-02
  +1.59373893475935682340e-02+j5.42296840468593152607e-02
  +1.83726052894849362085e-02+j5.79261661823079337941e-02
  +2.10856986572478116715e-02+j6.15517480277502290753e-02
  +2.37987920250106871345e-02+j6.51773298731925382343e-02
  +2.65118853927735660669e-02+j6.88029117186348404545e-02
  +2.92249787605364415299e-02+j7.24284935640771426746e-02
  +3.28927866498680693264e-02+j7.53447327180833403837e-02
  +3.69356744598718297889e-02+j7.79822914975666636739e-02
  +4.09785622698756110682e-02+j8.06198502770500008419e-02
  +4.50214500798793784697e-02+j8.32574090565333380098e-02
  +4.90643378898831389323e-02+j8.58949678360166613000e-02
  +5.36531816751620663219e-02+j8.76372378343580615834e-02
  +5.85832569526566551699e-02+j8.88199375732127843763e-02
  +6.35133322301513481012e-02+j9.00026373120675349249e-02
  +6.84434075076457565379e-02+j9.11853370509222160845e-02
  +7.33734827851405257970e-02+j9.23680367897770221441e-02
  +7.84524852241626768912e-02+j9.26716839678638631961e-02
  +8.36729714151963482882e-02+j9.21402138091492878269e-02
  +8.88934576062298531518e-02+j9.16087436504347402133e-02
  +9.41139437972633302598e-02+j9.10772734917201925997e-02
  +9.93344299882968073678e-02+j9.05458033330056588639e-02
  +1.04405582187679285555e-01+j8.93078123643275961774e-02
  +1.09262063078295321161e-01+j8.70541802461111818845e-02
  +1.14118543968911356767e-01+j8.48005481278948092250e-02
  +1.18975024859527392374e-01+j8.25469160096784504432e-02
  +1.23831505750143427980e-01+j8.02932838914620639059e-02
  +1.28388773537252726120e-01+j7.75847815249171013363e-02
  +1.32272801968102537984e-01+j7.38528060899226179714e-02
  +1.36156830398952377603e-01+j7.01208306549281346065e-02
  +1.40040858829802189467e-01+j6.63888552199336789972e-02
  +1.43924887260652001331e-01+j6.26568797849392233879e-02
  +1.47513135719667759505e-01+j5.87151806073574200617e-02
  +1.49955222147700961699e-01+j5.39607915466216725431e-02
  +1.52397308575734191649e-01+j4.92064024858859527800e-02
  +1.54839395003767421599e-01+j4.44520134251502052614e-02
  +1.57281481431800651549e-01+j3.96976243644144577427e-02
  +1.59548831909853694455e-01+j3.48996290038529610733e-02
  +1.60287225527882964959e-01+j2.97200742030823694684e-02
  +1.61025619145912179953e-01+j2.45405194023117778634e-02
  +1.61764012763941505968e-01+j1.93609646015411862585e-02
  +1.62502406381970748717e-01+j1.41814098007705946536e-02
  +1.63240799999999991465e-01+j9.00185500000000304865e-03
</dep>
