<Qucs Dataset 1.0.7>
<indep frequency 200>
  +1.00000000000000000000e+08
  +1.24623115577889442444e+08
  +1.49246231155778884888e+08
  +1.73869346733668327332e+08
  +1.98492462311557769775e+08
  +2.23115577889447212219e+08
  +2.47738693467336684465e+08
  +2.72361809045226097107e+08
  +2.96984924623115539551e+08
  +3.21608040201004981995e+08
  +3.46231155778894424438e+08
  +3.70854271356783926487e+08
  +3.95477386934673368931e+08
  +4.20100502512562811375e+08
  +4.44723618090452253819e+08
  +4.69346733668341696262e+08
  +4.93969849246231138706e+08
  +5.18592964824120581150e+08
  +5.43216080402009963989e+08
  +5.67839195979899406433e+08
  +5.92462311557788848877e+08
  +6.17085427135678291321e+08
  +6.41708542713567852974e+08
  +6.66331658291457295418e+08
  +6.90954773869346737862e+08
  +7.15577889447236180305e+08
  +7.40201005025125622749e+08
  +7.64824120603015065193e+08
  +7.89447236180904507637e+08
  +8.14070351758793950081e+08
  +8.38693467336683392525e+08
  +8.63316582914572834969e+08
  +8.87939698492462277412e+08
  +9.12562814070351719856e+08
  +9.37185929648241162300e+08
  +9.61809045226130604744e+08
  +9.86432160804020047188e+08
  +1.01105527638190948963e+09
  +1.03567839195979893208e+09
  +1.06030150753768837452e+09
  +1.08492462311557769775e+09
  +1.10954773869346714020e+09
  +1.13417085427135658264e+09
  +1.15879396984924602509e+09
  +1.18341708542713570595e+09
  +1.20804020100502514839e+09
  +1.23266331658291459084e+09
  +1.25728643216080403328e+09
  +1.28190954773869347572e+09
  +1.30653266331658291817e+09
  +1.33115577889447236061e+09
  +1.35577889447236180305e+09
  +1.38040201005025124550e+09
  +1.40502512562814068794e+09
  +1.42964824120603013039e+09
  +1.45427135678391957283e+09
  +1.47889447236180901527e+09
  +1.50351758793969845772e+09
  +1.52814070351758790016e+09
  +1.55276381909547734261e+09
  +1.57738693467336678505e+09
  +1.60201005025125622749e+09
  +1.62663316582914566994e+09
  +1.65125628140703511238e+09
  +1.67587939698492455482e+09
  +1.70050251256281399727e+09
  +1.72512562814070343971e+09
  +1.74974874371859288216e+09
  +1.77437185929648232460e+09
  +1.79899497487437176704e+09
  +1.82361809045226120949e+09
  +1.84824120603015065193e+09
  +1.87286432160804009438e+09
  +1.89748743718592953682e+09
  +1.92211055276381897926e+09
  +1.94673366834170842171e+09
  +1.97135678391959786415e+09
  +1.99597989949748730659e+09
  +2.02060301507537674904e+09
  +2.04522613065326619148e+09
  +2.06984924623115563393e+09
  +2.09447236180904507637e+09
  +2.11909547738693451881e+09
  +2.14371859296482396126e+09
  +2.16834170854271316528e+09
  +2.19296482412060260773e+09
  +2.21758793969849205017e+09
  +2.24221105527638149261e+09
  +2.26683417085427141190e+09
  +2.29145728643216085434e+09
  +2.31608040201005029678e+09
  +2.34070351758793973923e+09
  +2.36532663316582918167e+09
  +2.38994974874371862411e+09
  +2.41457286432160806656e+09
  +2.43919597989949750900e+09
  +2.46381909547738695145e+09
  +2.48844221105527639389e+09
  +2.51306532663316583633e+09
  +2.53768844221105527878e+09
  +2.56231155778894472122e+09
  +2.58693467336683416367e+09
  +2.61155778894472360611e+09
  +2.63618090452261304855e+09
  +2.66080402010050249100e+09
  +2.68542713567839193344e+09
  +2.71005025125628137589e+09
  +2.73467336683417081833e+09
  +2.75929648241206026077e+09
  +2.78391959798994970322e+09
  +2.80854271356783914566e+09
  +2.83316582914572858810e+09
  +2.85778894472361803055e+09
  +2.88241206030150747299e+09
  +2.90703517587939691544e+09
  +2.93165829145728635788e+09
  +2.95628140703517580032e+09
  +2.98090452261306524277e+09
  +3.00552763819095468521e+09
  +3.03015075376884412766e+09
  +3.05477386934673357010e+09
  +3.07939698492462301254e+09
  +3.10402010050251245499e+09
  +3.12864321608040189743e+09
  +3.15326633165829133987e+09
  +3.17788944723618078232e+09
  +3.20251256281407022476e+09
  +3.22713567839195966721e+09
  +3.25175879396984910965e+09
  +3.27638190954773855209e+09
  +3.30100502512562799454e+09
  +3.32562814070351743698e+09
  +3.35025125628140687943e+09
  +3.37487437185929632187e+09
  +3.39949748743718576431e+09
  +3.42412060301507520676e+09
  +3.44874371859296464920e+09
  +3.47336683417085409164e+09
  +3.49798994974874353409e+09
  +3.52261306532663297653e+09
  +3.54723618090452241898e+09
  +3.57185929648241186142e+09
  +3.59648241206030130386e+09
  +3.62110552763819074631e+09
  +3.64572864321608018875e+09
  +3.67035175879396963120e+09
  +3.69497487437185907364e+09
  +3.71959798994974851608e+09
  +3.74422110552763795853e+09
  +3.76884422110552740097e+09
  +3.79346733668341684341e+09
  +3.81809045226130628586e+09
  +3.84271356783919572830e+09
  +3.86733668341708517075e+09
  +3.89195979899497461319e+09
  +3.91658291457286405563e+09
  +3.94120603015075349808e+09
  +3.96582914572864294052e+09
  +3.99045226130653238297e+09
  +4.01507537688442182541e+09
  +4.03969849246231126785e+09
  +4.06432160804020071030e+09
  +4.08894472361809015274e+09
  +4.11356783919597959518e+09
  +4.13819095477386903763e+09
  +4.16281407035175848007e+09
  +4.18743718592964792252e+09
  +4.21206030150753736496e+09
  +4.23668341708542680740e+09
  +4.26130653266331624985e+09
  +4.28592964824120569229e+09
  +4.31055276381909561157e+09
  +4.33517587939698410034e+09
  +4.35979899497487449646e+09
  +4.38442211055276298523e+09
  +4.40904522613065338135e+09
  +4.43366834170854282379e+09
  +4.45829145728643226624e+09
  +4.48291457286432170868e+09
  +4.50753768844221115112e+09
  +4.53216080402010059357e+09
  +4.55678391959799003601e+09
  +4.58140703517587947845e+09
  +4.60603015075376892090e+09
  +4.63065326633165836334e+09
  +4.65527638190954780579e+09
  +4.67989949748743724823e+09
  +4.70452261306532669067e+09
  +4.72914572864321613312e+09
  +4.75376884422110557556e+09
  +4.77839195979899501801e+09
  +4.80301507537688446045e+09
  +4.82763819095477390289e+09
  +4.85226130653266334534e+09
  +4.87688442211055278778e+09
  +4.90150753768844223022e+09
  +4.92613065326633167267e+09
  +4.95075376884422111511e+09
  +4.97537688442211055756e+09
  +5.00000000000000000000e+09
</indep>
<dep isolated frequency>
  -4.92785521085470321623e+01
  -4.73854801853602083384e+01
  -4.58424805095544911637e+01
  -4.45445105658082169953e+01
  -4.34264022039957211518e+01
  -4.24484623669597027629e+01
  -4.15788500687328053118e+01
  -4.07955480895028159694e+01
  -4.00841290983787246205e+01
  -3.94357846116031254269e+01
  -3.88440373512515790821e+01
  -3.82994049818779700445e+01
  -3.77968380102173711066e+01
  -3.73321965963116539911e+01
  -3.69068191242636487459e+01
  -3.65120902290577760141e+01
  -3.61451514975136873886e+01
  -3.58034729052971272267e+01
  -3.54882486674261485859e+01
  -3.51953039033808394720e+01
  -3.49213728054372154475e+01
  -3.46649551457599756077e+01
  -3.44264115038858165008e+01
  -3.42056136147179827844e+01
  -3.39986639288479750576e+01
  -3.38047224320639259076e+01
  -3.36232364074247982444e+01
  -3.34572884778446066889e+01
  -3.33022250435965077031e+01
  -3.31575496742187212362e+01
  -3.30228121563116658876e+01
  -3.29003227395577226844e+01
  -3.27879016771963591736e+01
  -3.26840891410617331303e+01
  -3.25885344741318974116e+01
  -3.25022320194637046598e+01
  -3.24254496811031742709e+01
  -3.23556986838015632202e+01
  -3.22926216730298492052e+01
  -3.22360406622345294636e+01
  -3.21879859822841751793e+01
  -3.21452151940991655010e+01
  -3.21072974863607427665e+01
  -3.20737785454869168689e+01
  -3.20457585662929318460e+01
  -3.20214590413450537199e+01
  -3.19997361275103813227e+01
  -3.19800085645349838614e+01
  -3.19622232009810787190e+01
  -3.19457444337473361884e+01
  -3.19289994767811116105e+01
  -3.19112757912878421962e+01
  -3.18918802169843971228e+01
  -3.18702962595045171668e+01
  -3.18451403524456289063e+01
  -3.18156398479122799472e+01
  -3.17810279528229742141e+01
  -3.17402047085308396390e+01
  -3.16924412981586485216e+01
  -3.16371529388395735793e+01
  -3.15737371007553591085e+01
  -3.15011905551116591084e+01
  -3.14187919194919409449e+01
  -3.13267694264772380563e+01
  -3.12248973932836264567e+01
  -3.11129020571928727179e+01
  -3.09896463555295689218e+01
  -3.08564788889479615364e+01
  -3.07136280349260601952e+01
  -3.05614482985429170014e+01
  -3.03991522814593864155e+01
  -3.02279468171524321463e+01
  -3.00487702140160521935e+01
  -2.98622621288696947772e+01
  -2.96686510372970175808e+01
  -2.94686809235046887068e+01
  -2.92636280169141542729e+01
  -2.90541820825777037385e+01
  -2.88409621719749900137e+01
  -2.86244465257655775758e+01
  -2.84056793275378005603e+01
  -2.81852300943281655066e+01
  -2.79636279531977720580e+01
  -2.77416314120749802896e+01
  -2.75196589938729339053e+01
  -2.72980588600502755980e+01
  -2.70771855415128186451e+01
  -2.68577927241523397583e+01
  -2.66403191860293766524e+01
  -2.64245679164497531133e+01
  -2.62107445699737269251e+01
  -2.59992424700805493387e+01
  -2.57912661866795076548e+01
  -2.55857901199212953713e+01
  -2.53829135203804838739e+01
  -2.51827181683004788226e+01
  -2.49868136331617591850e+01
  -2.47941026892784641689e+01
  -2.46042988662540516032e+01
  -2.44174235432511324007e+01
  -2.42345825287506926315e+01
  -2.40558160067874311494e+01
  -2.38800358031951347471e+01
  -2.37072290853442950720e+01
  -2.35378027943497656338e+01
  -2.33733453787710629967e+01
  -2.32118312478027846169e+01
  -2.30532307238333871169e+01
  -2.28975126197975029640e+01
  -2.27468797232453745494e+01
  -2.25994703058064345669e+01
  -2.24548472553135560759e+01
  -2.23129740679803454384e+01
  -2.21752635746015940299e+01
  -2.20415546607411094726e+01
  -2.19104805105322100189e+01
  -2.17820045019999781744e+01
  -2.16566546219858189204e+01
  -2.15361413161639276836e+01
  -2.14181060598490518032e+01
  -2.13025144741560836792e+01
  -2.11893331676879412839e+01
  -2.10810890085680178174e+01
  -2.09755548359240897582e+01
  -2.08723137388487032240e+01
  -2.07713349132714100165e+01
  -2.06742101520063599196e+01
  -2.05806297696890965199e+01
  -2.04891957390507251091e+01
  -2.03998788980690974881e+01
  -2.03133023635164065013e+01
  -2.02311130386078872334e+01
  -2.01509225900909783036e+01
  -2.00727017336005246761e+01
  -1.99964210793354340012e+01
  -1.99246965937446205430e+01
  -1.98551393083298393094e+01
  -1.97873927393254085416e+01
  -1.97214243252749987789e+01
  -1.96588549010452311450e+01
  -1.95992338129361876042e+01
  -1.95412419066381453092e+01
  -1.94848404423232111071e+01
  -1.94306723628402764348e+01
  -1.93801550906770998495e+01
  -1.93310498739126188639e+01
  -1.92833086563023670124e+01
  -1.92368810945013954949e+01
  -1.91942077449124823829e+01
  -1.91529212078476014369e+01
  -1.91127214988607754265e+01
  -1.90735458327524796118e+01
  -1.90368558860443499725e+01
  -1.90020787691880741477e+01
  -1.89680532507060100045e+01
  -1.89347033295304676415e+01
  -1.89025894523863762231e+01
  -1.88727577166623419203e+01
  -1.88432865780104386033e+01
  -1.88140890468813495318e+01
  -1.87850764623060406677e+01
  -1.87582561575452793079e+01
  -1.87314915012846654463e+01
  -1.87045236497791123043e+01
  -1.86772530876677436140e+01
  -1.86508348939820507439e+01
  -1.86246649742276275674e+01
  -1.85978286316386522969e+01
  -1.85702296149672889669e+01
  -1.85422994873122810588e+01
  -1.85147182229504139173e+01
  -1.84860140235444738721e+01
  -1.84560980835105006292e+01
  -1.84248851752654161373e+01
  -1.83939269769832023371e+01
  -1.83615324386193705664e+01
  -1.83275570544383228366e+01
  -1.82919373170691983432e+01
  -1.82556203003282462305e+01
  -1.82181036025889895313e+01
  -1.81787481096298932925e+01
  -1.81375187330316762768e+01
  -1.80948504434514561012e+01
  -1.80512994514330280538e+01
  -1.80057853937243983466e+01
  -1.79583040081807894239e+01
  -1.79088576919250712649e+01
  -1.78589121733040983031e+01
  -1.78070479804002381741e+01
  -1.77532567382310872972e+01
  -1.76975680781035507039e+01
  -1.76410026754814381889e+01
  -1.75831419193793117017e+01
  -1.75235060290653379411e+01
  -1.74621444537980252676e+01
  -1.73996212785909527554e+01
  -1.73365449169525440709e+01
  -1.72719198312807336038e+01
  -1.72058052525340130501e+01
  -1.71382610090939806469e+01
</dep>
<dep coupled frequency>
  -3.74018607781119740707e+01
  -3.54964826709005478733e+01
  -3.39414963747677518313e+01
  -3.26279682606920644616e+01
  -3.14908789968630706824e+01
  -3.04902514590503628256e+01
  -2.95967569977726085995e+01
  -2.87897286362451119146e+01
  -2.80546934817437687570e+01
  -2.73816953328266592393e+01
  -2.67629577785759380504e+01
  -2.61896512275946875548e+01
  -2.56561101512720348694e+01
  -2.51576658363089507020e+01
  -2.46929751757411999336e+01
  -2.42557147350015576137e+01
  -2.38429979038131634184e+01
  -2.34523522319353006083e+01
  -2.30834688062957802401e+01
  -2.27333674440494135638e+01
  -2.23996778046564841702e+01
  -2.20810583805608544594e+01
  -2.17772763291333824043e+01
  -2.14879062034405876602e+01
  -2.12104489337321489018e+01
  -2.09441341885687002389e+01
  -2.06883874100869924462e+01
  -2.04448567268435752453e+01
  -2.02105631920218087316e+01
  -1.99850186929258271107e+01
  -1.97677786060635547472e+01
  -1.95602255080283207178e+01
  -1.93608530784056576124e+01
  -1.91686061792164217366e+01
  -1.89831672290824826632e+01
  -1.88052186841723916189e+01
  -1.86349918025636789309e+01
  -1.84706930129767457061e+01
  -1.83120829527464650255e+01
  -1.81590995258705873994e+01
  -1.80136739022145704325e+01
  -1.78732574864963531525e+01
  -1.77376672103827495164e+01
  -1.76067311667117252227e+01
  -1.74821043942926195314e+01
  -1.73624253883250503350e+01
  -1.72469089229692400522e+01
  -1.71354252227226879768e+01
  -1.70288633907232984654e+01
  -1.69275118919028884079e+01
  -1.68298215325923301577e+01
  -1.67356964401883203664e+01
  -1.66452594056416920409e+01
  -1.65604278117063401510e+01
  -1.64788869049895190244e+01
  -1.64005673270842464717e+01
  -1.63254046495245646042e+01
  -1.62551848447797979702e+01
  -1.61885697356962374727e+01
  -1.61249272386709670002e+01
  -1.60642113812856912602e+01
  -1.60074351135759620490e+01
  -1.59548648048876096084e+01
  -1.59050882274712730435e+01
  -1.58580724032467479390e+01
  -1.58140506236103206561e+01
  -1.57748891414891865281e+01
  -1.57383910429880895521e+01
  -1.57045320291668630830e+01
  -1.56732800307113162575e+01
  -1.56465466061305313872e+01
  -1.56229662200449119780e+01
  -1.56019754528556031659e+01
  -1.55835503614711168296e+01
  -1.55687675763093480441e+01
  -1.55578035085642412128e+01
  -1.55493218484876845054e+01
  -1.55432998317186594761e+01
  -1.55400249716045184556e+01
  -1.55412247030270460613e+01
  -1.55448018189820462709e+01
  -1.55507336062376992913e+01
  -1.55589972874848285755e+01
  -1.55714440587195834809e+01
  -1.55866202862494613868e+01
  -1.56040462860646496068e+01
  -1.56236997467261389261e+01
  -1.56466490637943138609e+01
  -1.56729619185877648846e+01
  -1.57014244637919357928e+01
  -1.57320166127160359082e+01
  -1.57650577936918150357e+01
  -1.58020720438156931920e+01
  -1.58411508275766514942e+01
  -1.58822792038791007485e+01
  -1.59254437493865967923e+01
  -1.59724251276683553158e+01
  -1.60217936029002636644e+01
  -1.60731654012259497222e+01
  -1.61265371482601338471e+01
  -1.61829711124275767986e+01
  -1.62424705498226416012e+01
  -1.63039804071732881141e+01
  -1.63675122443639260439e+01
  -1.64334458682810229391e+01
  -1.65031756243595850719e+01
  -1.65750036109123470851e+01
  -1.66489619825723949020e+01
  -1.67250878614765206009e+01
  -1.68051970860217210202e+01
  -1.68879029650975667209e+01
  -1.69729459001411129293e+01
  -1.70603892548361990578e+01
  -1.71514004389793086602e+01
  -1.72459902865000849204e+01
  -1.73432477807806897374e+01
  -1.74432680976113410054e+01
  -1.75465724432092216034e+01
  -1.76546005528325196110e+01
  -1.77657749837573462059e+01
  -1.78802293663143956337e+01
  -1.79981070612355935623e+01
  -1.81214930805928844393e+01
  -1.82489679641783517638e+01
  -1.83804270012324941774e+01
  -1.85160639050259696603e+01
  -1.86573361812251015124e+01
  -1.88043228863605520473e+01
  -1.89562326089312023214e+01
  -1.91133251397326233700e+01
  -1.92763996597356168650e+01
  -1.94471625952944684457e+01
  -1.96240988596799894594e+01
  -1.98075605659129863056e+01
  -1.99979271409653094338e+01
  -2.01978853768938009239e+01
  -2.04059816735192427473e+01
  -2.06224341414413174789e+01
  -2.08477761882821575057e+01
  -2.10841042732939527582e+01
  -2.13318054346899259599e+01
  -2.15904529759025862745e+01
  -2.18608325995840999667e+01
  -2.21444870548357712892e+01
  -2.24439455017025615291e+01
  -2.27582199255213097899e+01
  -2.30885450238529017497e+01
  -2.34363154807676679070e+01
  -2.38059046521816597419e+01
  -2.41967997655041173743e+01
  -2.46108629900332331886e+01
  -2.50505549949508399266e+01
  -2.55206716480653810208e+01
  -2.60242763451380234585e+01
  -2.65641970786944447980e+01
  -2.71454179516059177502e+01
  -2.77749774856468256701e+01
  -2.84624699787746493485e+01
  -2.92151144932212147864e+01
  -3.00454763595054004099e+01
  -3.09701684137284551923e+01
  -3.20162906088965257823e+01
  -3.32126617352457458310e+01
  -3.46064072998795708713e+01
  -3.62714141959906726242e+01
  -3.83370553017142725594e+01
  -4.10358558367724839400e+01
  -4.48408721241148100489e+01
  -5.04594031378613721017e+01
  -5.12225447337099666356e+01
  -4.54388117782361504737e+01
  -4.14019474117009096403e+01
  -3.85650117539123584720e+01
  -3.64033175299206064324e+01
  -3.46671433885955480037e+01
  -3.32155278483765812325e+01
  -3.19693716109384062918e+01
  -3.08784286833918066861e+01
  -2.99108159407232641058e+01
  -2.90414319202258326413e+01
  -2.82516979577608537966e+01
  -2.75285772027870301315e+01
  -2.68628884933895690779e+01
  -2.62476695665704760074e+01
  -2.56744898968531387595e+01
  -2.51382177307699024027e+01
  -2.46346158477013901233e+01
  -2.41628227052868069791e+01
  -2.37170817332302448222e+01
  -2.32948176506649851092e+01
  -2.28938710709489576800e+01
  -2.25141487830048312446e+01
  -2.21530959705079553146e+01
  -2.18083355294192600127e+01
  -2.14786270883312582214e+01
  -2.11637593891216333475e+01
  -2.08636372922236610350e+01
  -2.05755300880693994259e+01
  -2.02986651048967914335e+01
  -2.00323461901488215631e+01
</dep>
<dep through frequency>
  -9.86576098965481415592e-03
  -1.27497069975695473398e-02
  -1.52826349315802849371e-02
  -1.74649623921226578027e-02
  -1.92950833627250802060e-02
  -2.21834183823421335346e-02
  -2.53946950133909499225e-02
  -2.82408632004199251775e-02
  -3.07181687972043378221e-02
  -3.35485814906501603194e-02
  -3.73608077566104646028e-02
  -4.07881916777039985056e-02
  -4.38254273286343351557e-02
  -4.65118616060234899012e-02
  -5.08230147139731164296e-02
  -5.47203876816585860210e-02
  -5.81959514096446473008e-02
  -6.12413166106687001378e-02
  -6.52787644431589431093e-02
  -6.94899903440186622605e-02
  -7.32385806293755770024e-02
  -7.65149865134103629449e-02
  -8.00643158218450889940e-02
  -8.44067518520453807795e-02
  -8.82447657670199225866e-02
  -9.15698555859445484373e-02
  -9.44623450293650412934e-02
  -9.87647911740552469917e-02
  -1.02529278823178818247e-01
  -1.05750051664006153307e-01
  -1.08422211234668913749e-01
  -1.11988699117748252698e-01
  -1.15567550300215760029e-01
  -1.18585792403730891365e-01
  -1.21041503110893636230e-01
  -1.23720796623817491655e-01
  -1.27060106620002055688e-01
  -1.29834333497790527234e-01
  -1.32043806143694208988e-01
  -1.33820541701612616414e-01
  -1.36914661810420085208e-01
  -1.39448624232167306403e-01
  -1.41424483405086592880e-01
  -1.42844793848932893887e-01
  -1.45200494009657871120e-01
  -1.47533558073999787608e-01
  -1.49322620479263534765e-01
  -1.50571687650682767279e-01
  -1.52118547259447844944e-01
  -1.54320508010473533833e-01
  -1.55998822200627135226e-01
  -1.57158566700757784673e-01
  -1.57981126046984221567e-01
  -1.60145582901431660083e-01
  -1.61810842466795501426e-01
  -1.62982447497622556787e-01
  -1.63666115157342861863e-01
  -1.65414141406176079530e-01
  -1.67174294134055934080e-01
  -1.68466245266083586296e-01
  -1.69295367003773344905e-01
  -1.70553683901325081607e-01
  -1.72514205845867851785e-01
  -1.74029605260676040190e-01
  -1.75104303329068095030e-01
  -1.75964870433439751762e-01
  -1.78216779080316245487e-01
  -1.80041703893462690100e-01
  -1.81442609568500279327e-01
  -1.82422274087726321579e-01
  -1.84586599369223669509e-01
  -1.86780413805844924813e-01
  -1.88559828393582734618e-01
  -1.89925940335401222114e-01
  -1.91815215113188025642e-01
  -1.94406256659811149667e-01
  -1.96584672533252013960e-01
  -1.98349528651552697855e-01
  -1.99966638785531891642e-01
  -2.02947066795980957110e-01
  -2.05507642664514600384e-01
  -2.07645364715709324077e-01
  -2.09356959263052755382e-01
  -2.12280775699506013554e-01
  -2.15168242316609747977e-01
  -2.17614868658050186756e-01
  -2.19615511752846853666e-01
  -2.22137313153762616658e-01
  -2.25260834325963277269e-01
  -2.27917979697658534821e-01
  -2.30102089777066420861e-01
  -2.32114353908696835482e-01
  -2.35353704319512108123e-01
  -2.38095460444393558497e-01
  -2.40331943565260996998e-01
  -2.42055491458661287130e-01
  -2.44920014575892741604e-01
  -2.47602596046184952883e-01
  -2.49745038774263600212e-01
  -2.51339405539730775807e-01
  -2.53378414465619927753e-01
  -2.55851819381058109837e-01
  -2.57750498818421824865e-01
  -2.59066910936262606580e-01
  -2.60140293706653313865e-01
  -2.62262633632318997723e-01
  -2.63781869778045963137e-01
  -2.64692032638171814707e-01
  -2.64987656973790675075e-01
  -2.66346879505553357781e-01
  -2.67382610480376925466e-01
  -2.67788476211632875401e-01
  -2.67560936933513904279e-01
  -2.67731698342525303858e-01
  -2.68211963520215146417e-01
  -2.68051418439616662148e-01
  -2.67248897274602215113e-01
  -2.66192318045028353257e-01
  -2.66090891630931081213e-01
  -2.65349268064181742499e-01
  -2.63968925981716062701e-01
  -2.61952093793176798986e-01
  -2.61034668795108837358e-01
  -2.59749818356165507183e-01
  -2.57841966400626065870e-01
  -2.55316025586857953122e-01
  -2.53267081549619854641e-01
  -2.51530360852280587824e-01
  -2.49198424220059777667e-01
  -2.46278639980894858974e-01
  -2.43218210920691818577e-01
  -2.41170996304055695880e-01
  -2.38566966175339623124e-01
  -2.35415482890060978605e-01
  -2.31726423619424942713e-01
  -2.29330488554451761285e-01
  -2.26645930427678055086e-01
  -2.23461795097089382933e-01
  -2.19789117359633467963e-01
  -2.16805506749946225176e-01
  -2.14258610353934231263e-01
  -2.11264012272336515474e-01
  -2.07833049343103842821e-01
  -2.04475700947029215282e-01
  -2.02295276205050084117e-01
  -1.99719003309906439902e-01
  -1.96757591309842938543e-01
  -1.93421659553035113488e-01
  -1.91646342822098664227e-01
  -1.89705841002881681057e-01
  -1.87426285870095632458e-01
  -1.84816569679883357935e-01
  -1.83132482589973166753e-01
  -1.82016226661966235012e-01
  -1.80598017764953155950e-01
  -1.78884261249506459901e-01
  -1.77438552358378770490e-01
  -1.77290625489966990891e-01
  -1.76865806505129452564e-01
  -1.76167487113785242725e-01
  -1.75198538546566223717e-01
  -1.75967505302366794551e-01
  -1.76612070934301146341e-01
  -1.76993500938174702641e-01
  -1.77111809359740135505e-01
  -1.78274057503614857811e-01
  -1.80011889950561637663e-01
  -1.81482413913454043719e-01
  -1.82682690502783712239e-01
  -1.84215364576740314728e-01
  -1.87007942200189958282e-01
  -1.89515932585504726093e-01
  -1.91733818011640994028e-01
  -1.93655797069421764522e-01
  -1.97318999011803553056e-01
  -2.00763345753505240143e-01
  -2.03888583396489797561e-01
  -2.06687289635264892507e-01
  -2.10491622913040521414e-01
  -2.14736392922137420136e-01
  -2.18627366635053943522e-01
  -2.22156366624995660342e-01
  -2.25958137585566015693e-01
  -2.30848525505752411036e-01
  -2.35348640828662802882e-01
  -2.39450400480872793718e-01
  -2.43146018006380332244e-01
  -2.48479153205365677071e-01
  -2.53433011677721642396e-01
  -2.57954714039601684661e-01
  -2.62037435029534360176e-01
  -2.67034060654377902733e-01
  -2.72301486005801507417e-01
  -2.77108339236194489708e-01
  -2.81449260125019140588e-01
  -2.85995485245806424501e-01
  -2.91462144714134230306e-01
  -2.96447107200487558476e-01
  -3.00946777718598013074e-01
  -3.04958139373984304932e-01
</dep>
<dep RL frequency>
  -3.69149214059904480223e+01
  -3.50818759253121257302e+01
  -3.35836482113405025984e+01
  -3.23210152592481492206e+01
  -3.12336941071464693209e+01
  -3.02853119815994098474e+01
  -2.94468148910716074340e+01
  -2.86971370825539615623e+01
  -2.80217519522650171382e+01
  -2.74111268262962504139e+01
  -2.68578230236730242098e+01
  -2.63520441597147616619e+01
  -2.58883315926562396214e+01
  -2.54623393664941559678e+01
  -2.50745893572749452005e+01
  -2.47176612588655046920e+01
  -2.43890485324849564108e+01
  -2.40866355808782230952e+01
  -2.38117051587757764253e+01
  -2.35609240361796423713e+01
  -2.33316289638614691171e+01
  -2.31226954230036056970e+01
  -2.29348018426061450725e+01
  -2.27682303076072578563e+01
  -2.26194182061880795231e+01
  -2.24877386393115514807e+01
  -2.23728444199896223665e+01
  -2.22783389422919633205e+01
  -2.21995310284273408286e+01
  -2.21361034410307446763e+01
  -2.20878011260715787500e+01
  -2.20576228437880637046e+01
  -2.20434888488331068856e+01
  -2.20440746791920183512e+01
  -2.20593752829017830663e+01
  -2.20911865430158158574e+01
  -2.21406078548357179159e+01
  -2.22051292402636413215e+01
  -2.22850125776217637963e+01
  -2.23808822348206071240e+01
  -2.24970695625850289900e+01
  -2.26299274963923835458e+01
  -2.27800591768452385111e+01
  -2.29481705463145857493e+01
  -2.31384686421097498510e+01
  -2.33498249587875221778e+01
  -2.35821922232195007041e+01
  -2.38368844485171820224e+01
  -2.41173704548551306459e+01
  -2.44263824545296124313e+01
  -2.47633330102303688136e+01
  -2.51307230689550600289e+01
  -2.55319435332021953400e+01
  -2.59747535797939796964e+01
  -2.64591393749487480136e+01
  -2.69904068236934335800e+01
  -2.75751150058448999403e+01
  -2.82257148030699482888e+01
  -2.89504034730589943081e+01
  -2.97618714605663434725e+01
  -3.06788115658048994305e+01
  -3.17299932086021918565e+01
  -3.29546062407713691300e+01
  -3.44061052737196177986e+01
  -3.61762534827009361038e+01
  -3.84276465194684675453e+01
  -4.14973082973796891793e+01
  -4.61283051982115139822e+01
  -5.28167195616980578166e+01
  -4.84808493042978767562e+01
  -4.28534569158165652425e+01
  -3.92506632339918724028e+01
  -3.66638251903941352339e+01
  -3.46555018976635054173e+01
  -3.30190700165393380416e+01
  -3.16409466243519332806e+01
  -3.04512675208067236099e+01
  -2.94062291689229340363e+01
  -2.84763077156139168267e+01
  -2.76424162990036670351e+01
  -2.68858994030045366230e+01
  -2.61948684874201020989e+01
  -2.55600855968730442669e+01
  -2.49768572740829277734e+01
  -2.44371824985869423585e+01
  -2.39356263855847650746e+01
  -2.34682315220141290979e+01
  -2.30332898655198157201e+01
  -2.26280723975764601619e+01
  -2.22484365629080151905e+01
  -2.18923537281973601409e+01
  -2.15585893296676154307e+01
  -2.12479443558109508672e+01
  -2.09561657890108392621e+01
  -2.06820950234081237795e+01
  -2.04247097328308626629e+01
  -2.01859297895033051873e+01
  -1.99626668019827668843e+01
  -1.97536149107990226526e+01
  -1.95581448206751886687e+01
  -1.93774198238716337528e+01
  -1.92109027396254425923e+01
  -1.90564140740913288141e+01
  -1.89135597641187516160e+01
  -1.87825915941424241851e+01
  -1.86654369393040902025e+01
  -1.85589404934418453763e+01
  -1.84628645371591630919e+01
  -1.83770011656156100344e+01
  -1.83041146013698075024e+01
  -1.82416216146313239221e+01
  -1.81888703971358545175e+01
  -1.81457626804128473452e+01
  -1.81140422823367401861e+01
  -1.80935025726204230523e+01
  -1.80824494329576204166e+01
  -1.80808795135107516217e+01
  -1.80894950856670035932e+01
  -1.81104705885853825009e+01
  -1.81410640010888322138e+01
  -1.81813663699071383917e+01
  -1.82314921065375408205e+01
  -1.82946348116658654703e+01
  -1.83683878087093432896e+01
  -1.84524931945927335164e+01
  -1.85471790572281882703e+01
  -1.86546155982614543234e+01
  -1.87748209715223808303e+01
  -1.89065365946748684678e+01
  -1.90501422585668969134e+01
  -1.92068250880597837238e+01
  -1.93790721763942599409e+01
  -1.95646994756551038108e+01
  -1.97643124472239470890e+01
  -1.99785894461555244561e+01
  -2.02114105481113561780e+01
  -2.04609553463871272072e+01
  -2.07278236175370764727e+01
  -2.10131212049224274097e+01
  -2.13200412331832964696e+01
  -2.16496245308311898725e+01
  -2.20020517511523472365e+01
  -2.23792348878530908962e+01
  -2.27841777315393478887e+01
  -2.32212206444968103369e+01
  -2.36909626238371018303e+01
  -2.41970595269824926277e+01
  -2.47439078076591627564e+01
  -2.53395582650866018071e+01
  -2.59881440861532482245e+01
  -2.66976467336560894239e+01
  -2.74785637067099628439e+01
  -2.83457875737086766321e+01
  -2.93168383527044120740e+01
  -3.04155303433725556772e+01
  -3.16769763147102239031e+01
  -3.31529287058547055267e+01
  -3.49218559308689009413e+01
  -3.71142532967394913612e+01
  -3.99526978886467176721e+01
  -4.37506782552381778828e+01
  -4.75226107304567690903e+01
  -4.57068489395424819577e+01
  -4.16081997393015114994e+01
  -3.84335530404080856215e+01
  -3.60364265391935703065e+01
  -3.41487975767527203175e+01
  -3.26052233805691997759e+01
  -3.13065343542058869275e+01
  -3.01914706627108060388e+01
  -2.92203708393875238869e+01
  -2.83622600958883275268e+01
  -2.75964931927887917595e+01
  -2.69077619317185749992e+01
  -2.62881159392431449362e+01
  -2.57248520758018450749e+01
  -2.52106188011084633160e+01
  -2.47396329196067199518e+01
  -2.43096832397298037165e+01
  -2.39157256184694873014e+01
  -2.35530178147611408690e+01
  -2.32188238100174224599e+01
  -2.29120272672534355252e+01
  -2.26321176919387347937e+01
  -2.23745858237350425668e+01
  -2.21379580821841805971e+01
  -2.19209516610292887151e+01
  -2.17262195694161341919e+01
  -2.15489979596827936348e+01
  -2.13883486274695222562e+01
  -2.12435200502842604919e+01
  -2.11163024571479418512e+01
  -2.10049001898926164245e+01
  -2.09074834619882210518e+01
  -2.08236066072757708412e+01
  -2.07540630240172809806e+01
  -2.06997260876092070703e+01
  -2.06578317113857359288e+01
  -2.06281301793694495927e+01
  -2.06104091572899150719e+01
</dep>
<dep S[4,4] frequency>
  +2.85476700948694879501e-03+j1.38564333810311229173e-02
  +4.13410155355609446048e-03+j1.69755253177948164933e-02
  +5.64174179900363108320e-03+j1.99779017557496149649e-02
  +7.36867792564711854286e-03+j2.28460904632625805277e-02
  +9.30425196827961917267e-03+j2.55635392334241304257e-02
  +1.14558504476526250987e-02+j2.80954256720330787511e-02
  +1.37968388756020202135e-02+j3.04342958742286062712e-02
  +1.63024810567776734516e-02+j3.25760289108180112194e-02
  +1.89571441009424093704e-02+j3.45089860307755333380e-02
  +2.17506404891206414631e-02+j3.62101610055305528357e-02
  +2.46679959058430930963e-02+j3.76579686359646836902e-02
  +2.76779393120385013016e-02+j3.88678865344235652257e-02
  +3.07619900035280627315e-02+j3.98339178678289718150e-02
  +3.39013920826484946303e-02+j4.05505813227701183976e-02
  +3.70793476683036679620e-02+j4.09763207346287711141e-02
  +4.02687147041635232214e-02+j4.11484584931071928349e-02
  +4.34500514260680037459e-02+j4.10671500879686568464e-02
  +4.66039696422300975254e-02+j4.07339871843779149918e-02
  +4.97039355822126022177e-02+j4.01251425458118982093e-02
  +5.27307843990090993613e-02+j3.92615359801295471520e-02
  +5.56684899138169264621e-02+j3.81614619071283800444e-02
  +5.84991351219073391077e-02+j3.68326383651109146022e-02
  +6.11971091169561526302e-02+j3.52719307691180539166e-02
  +6.37370363438182624405e-02+j3.34832394097866470339e-02
  +6.61162602839152208078e-02+j3.15002114218598805451e-02
  +6.83203016333343432498e-02+j2.93359326039974444011e-02
  +7.03343208661501850809e-02+j2.70035050030736634152e-02
  +7.21151740221379899953e-02+j2.44986627449006177937e-02
  +7.36811878288475552434e-02+j2.18623505747135016275e-02
  +7.50228989501932341799e-02+j1.91115710020522688861e-02
  +7.61321513917842251917e-02+j1.62639693078490965572e-02
  +7.69743647246988599298e-02+j1.33310091933681595933e-02
  +7.75600086647534325834e-02+j1.03398390790127858718e-02
  +7.78963076697515993674e-02+j7.31287508241915129581e-03
  +7.79811698792565871630e-02+j4.26934991148386622228e-03
  +7.77983894829581551500e-02+j1.23004142078617095812e-03
  +7.73405255983228151484e-02-j1.78130450278318752666e-03
  +7.66345199623952727519e-02-j4.74626539082961818039e-03
  +7.56844409671097728687e-02-j7.64600971442253030119e-03
  +7.44933376804536029336e-02-j1.04609946722908631056e-02
  +7.30374110649019969710e-02-j1.31563791091593162985e-02
  +7.13601963298017005766e-02-j1.57279960486522707441e-02
  +6.94714211583789542637e-02-j1.81592660162269992075e-02
  +6.73819864899800335944e-02-j2.04343605456256405262e-02
  +6.50834509756526846669e-02-j2.25165753855478822931e-02
  +6.26054686124955794835e-02-j2.44027502891960845766e-02
  +5.99701223743581424142e-02-j2.60872974511368593831e-02
  +5.71926893696314553317e-02-j2.75585285829858528395e-02
  +5.42822163898959986206e-02-j2.87905968481845797591e-02
  +5.12559335946893568359e-02-j2.97661143656174909111e-02
  +4.81428744739474945291e-02-j3.04983377546446110529e-02
  +4.49612346772540472095e-02-j3.09808231445749537869e-02
  +4.17292524360933780869e-02-j3.12048758551539406891e-02
  +3.84650258416572299325e-02-j3.11325271893201638296e-02
  +3.51943476709984937045e-02-j3.07987975866493568500e-02
  +3.19366264504708508021e-02-j3.02031250059226485938e-02
  +2.87112930327687587706e-02-j2.93463325907072081211e-02
  +2.55463119096502322414e-02-j2.81999342212222170456e-02
  +2.24595170243623298845e-02-j2.67897639264918496771e-02
  +1.94676264114448938081e-02-j2.51310302416750397381e-02
  +1.65890396869890488496e-02-j2.32305068896883071261e-02
  +1.38519665474940989469e-02-j2.10809060415992621795e-02
  +1.12800794698187378806e-02-j1.86890597450657391931e-02
  +8.87770761458533952393e-03-j1.60867009598451571328e-02
  +6.66045285128175068579e-03-j1.32860055259190895649e-02
  +4.64674587432928332120e-03-j1.02973529505917260618e-02
  +2.87891928300515465011e-03-j7.11650186002241169625e-03
  +1.34066808937566284143e-03-j3.78466698692063452381e-03
  +4.32536544695549807216e-05-j3.18361999751326507635e-04
  -1.00323603135860084379e-03+j3.26510938344751200368e-03
  -1.75686006463410260281e-03+j6.95758534426989261323e-03
  -2.23246592481357586379e-03+j1.07285839339382321755e-02
  -2.43327887624711358683e-03+j1.45554750006180316779e-02
  -2.35492489383715142282e-03+j1.84185240277953687915e-02
  -1.97394965467950767035e-03+j2.22972881497449162969e-02
  -1.28489164442718850623e-03+j2.61674031177578508833e-02
  -3.12431801650081553134e-04+j3.00074981692020903434e-02
  +9.41595530656758050725e-04+j3.37972634511438663196e-02
  +2.47955134029281820673e-03+j3.75146171674697256893e-02
  +4.32768113144627042388e-03+j4.11257752951320887380e-02
  +6.44127112097658827139e-03+j4.46217003960004757190e-02
  +8.81236606726515381283e-03+j4.79834400005844999293e-02
  +1.14316830382790168841e-02+j5.11926173077807342149e-02
  +1.43173297593882087320e-02+j5.42076610901835523326e-02
  +1.74325970995752865811e-02+j5.70257140888857858019e-02
  +2.07568012335472840135e-02+j5.96363519846411158087e-02
  +2.42754624354150072563e-02+j6.20247516794630651682e-02
  +2.79852753917514407433e-02+j6.41582487098440734652e-02
  +3.18673943775399926004e-02+j6.60201210450239300842e-02
  +3.58897265764196449211e-02+j6.76189715661704715544e-02
  +4.00339186786775047544e-02+j6.89449482562499993410e-02
  +4.42829045841276469631e-02+j6.99825271291478201441e-02
  +4.86228436690381848884e-02+j7.06917502269025083139e-02
  +5.30204002258115592028e-02+j7.11052536896428222235e-02
  +5.74550335554325219967e-02+j7.12190895616821029179e-02
  +6.19059623015700832838e-02+j7.10307371789492131287e-02
  +6.63488558698654973256e-02+j7.04995625462347536017e-02
  +7.07602259621579743332e-02+j6.96576136755141378520e-02
  +7.51194357711036375669e-02+j6.85155560989038625586e-02
  +7.94058246302801196137e-02+j6.70771445421949191745e-02
  +8.35899717804969299983e-02+j6.53250856071854041351e-02
  +8.76479085069156171883e-02+j6.32675704904765989767e-02
  +9.15680281704169818369e-02+j6.09359132443190454342e-02
  +9.53316376715360735972e-02+j5.83398072516513321872e-02
  +9.89154128834036638906e-02+j5.54836090899041567415e-02
  +1.02279560200789432223e-01+j5.23569057124493308919e-02
  +1.05431412467479640460e-01+j4.90061494071791781124e-02
  +1.08355893152939170010e-01+j4.54461200842787294008e-02
  +1.11038953468190149110e-01+j4.16925970018990066368e-02
  +1.13431929398662839636e-01+j3.77409981457526855220e-02
  +1.15549643051130579430e-01+j3.36309836920508364866e-02
  +1.17388109819430652703e-01+j2.93853326027275763010e-02
  +1.18938450114410426695e-01+j2.50232951938953174231e-02
  +1.20168165367208173988e-01+j2.05585180689127067222e-02
  +1.21072126817349384753e-01+j1.60161359139017189790e-02
  +1.21668464613258836549e-01+j1.14239695659353879265e-02
  +1.21954256420765183577e-01+j6.80311288105944766968e-03
  +1.21918356194024857242e-01+j2.17533862978067094041e-03
  +1.21530929751485244905e-01-j2.43295368157128710784e-03
  +1.20833590643662336372e-01-j7.00018228819113130790e-03
  +1.19829684775423550569e-01-j1.15051888293049020540e-02
  +1.18523987641786551772e-01-j1.59270566534374935497e-02
  +1.16883117568549937948e-01-j2.02281284166037356176e-02
  +1.14950581451178188153e-01-j2.43977587945676255288e-02
  +1.12741881973425411845e-01-j2.84187392005555150565e-02
  +1.10267764131624923518e-01-j3.22723066700170424514e-02
  +1.07519688534306517846e-01-j3.59229350732725438711e-02
  +1.04517244995812927377e-01-j3.93527986779442784382e-02
  +1.01293370159990916979e-01-j4.25595908166506442516e-02
  +9.78639822477585241689e-02-j4.55283864323125231355e-02
  +9.42402249864399826906e-02-j4.82362201548273139551e-02
  +9.04280499381815427995e-02-j5.06447966672806670907e-02
  +8.64693283246646682283e-02-j5.27747063279274952752e-02
  +8.23838817413285462443e-02-j5.46163012490443189328e-02
  +7.81922023578990460502e-02-j5.61613094815177349428e-02
  +7.39064433728629094356e-02-j5.73593647805897693948e-02
  +6.95616500601715648244e-02-j5.82423097002525425037e-02
  +6.51812649649400055463e-02-j5.88120599931942211747e-02
  +6.07875547669710566967e-02-j5.90668501945455087787e-02
  +5.64058413111410139607e-02-j5.89784595988409043876e-02
  +5.20626186518870770481e-02-j5.85553978192564356098e-02
  +4.77791974347483577867e-02-j5.78228712485876206184e-02
  +4.35775535225698049113e-02-j5.67860128972774297340e-02
  +3.94840775743494146188e-02-j5.54406195883391794688e-02
  +3.55337919802410084902e-02-j5.37728212903723357119e-02
  +3.17339058060362444458e-02-j5.18285040031331786792e-02
  +2.81039235433316048063e-02-j4.96194202051880167703e-02
  +2.46624827133197395412e-02-j4.71587251465603318756e-02
  +2.14594341710871334972e-02-j4.44289967474631383726e-02
  +1.84862763543808469868e-02-j4.14793177966810769353e-02
  +1.57551113040198496884e-02-j3.83302837395823534083e-02
  +1.32796157756927823979e-02-j3.50003321310126749855e-02
  +1.10980153031607804703e-02-j3.14958801479991376548e-02
  +9.21548306407372029569e-03-j2.78456325674381159618e-02
  +7.62313944667893528956e-03-j2.40811748588051280362e-02
  +6.32815421217655139918e-03-j2.02243950598196449431e-02
  +5.34871898238295506722e-03-j1.62958068300625563696e-02
  +4.71224475288970021808e-03-j1.23186859077808880114e-02
  +4.38473406870283459458e-03-j8.32356948068518204265e-03
  +4.36599523137648319604e-03-j4.33348550015497276100e-03
  +4.65411498618371888281e-03-j3.71370365495862081451e-04
  +5.28945502373621284642e-03+j3.52928042906403005574e-03
  +6.22370274471521073290e-03+j7.35070278231941126590e-03
  +7.44612671944637483090e-03+j1.10719271976885760833e-02
  +8.94768185455078676749e-03+j1.46718645063081618019e-02
  +1.07424085859837668833e-02+j1.81145801559088603927e-02
  +1.28065021698346090395e-02+j2.13821280126372109676e-02
  +1.51095612767440708873e-02+j2.44654001461373782345e-02
  +1.76363470504632448288e-02+j2.73475798323229851716e-02
  +2.03787790427540534133e-02+j3.00029936324467949582e-02
  +2.33290286493993276329e-02+j3.23993646617505154373e-02
  +2.64452788469492425238e-02+j3.45493669459599056504e-02
  +2.97079666550313717388e-02+j3.64422254250709870549e-02
  +3.30968479910399085431e-02+j3.80687030578601981468e-02
  +3.66038248983803840564e-02+j3.93787882327744920286e-02
  +4.01897779622172671155e-02+j4.04056894834104174397e-02
  +4.38323919887918106442e-02+j4.11474792096980512834e-02
  +4.75099286594399122796e-02+j4.16019858719555712945e-02
  +5.11997002783544929994e-02+j4.17401160910922941483e-02
  +5.48757320169737383697e-02+j4.15754119638803432135e-02
  +5.85162526891478129709e-02+j4.11279676585115105958e-02
  +6.21004410325568384499e-02+j4.04026220537552771539e-02
  +6.56032862795705162817e-02+j3.93930769219441034856e-02
  +6.89957154132514877132e-02+j3.80925412354736481202e-02
  +7.22680614014731825812e-02+j3.65403983686728439650e-02
  +7.54026033930574046682e-02+j3.47476438617471405923e-02
  +7.83825933183751738520e-02+j3.27264941140588683233e-02
  +8.11637528557386106476e-02+j3.04592818566879197650e-02
  +8.37558604991129745931e-02+j2.79948852744729137498e-02
  +8.61465956327628346045e-02+j2.53496990386281872976e-02
  +8.83243243500897723397e-02+j2.25401973928496812682e-02
  +9.02547533245289246295e-02+j1.95703172199097052975e-02
  +9.19384481603179593012e-02+j1.64681571876950372246e-02
  +9.33807572470626290340e-02+j1.32600608710379541666e-02
  +9.45760785369031964365e-02+j9.96480187625461977241e-03
  +9.55071523647650633126e-02+j6.59895397968915387032e-03
  +9.61570789331518682719e-02+j3.18252477424635360492e-03
  +9.65519388439975700944e-02-j2.58555897993673067248e-04
  +9.66923876582934382906e-02-j3.70528258859031955907e-03
  +9.65804782683561402479e-02-j7.13888039507468152856e-03
</dep>
<dep S[4,3] frequency>
  +9.85854351095318826026e-01-j1.60707835104872687193e-01
  +9.78379940510424428446e-01-j1.99619567055740215755e-01
  +9.69413437438374159250e-01-j2.38188434983126723354e-01
  +9.58970549623825219143e-01-j2.76358424825009107995e-01
  +9.47069119784887836211e-01-j3.14074213080242026219e-01
  +9.33578251248865176315e-01-j3.51221042531815408339e-01
  +9.18603246892437330651e-01-j3.87764122597657856506e-01
  +9.02242817659120288631e-01-j4.23677633255914676269e-01
  +8.84523752783497041463e-01-j4.58910043449807625304e-01
  +8.65403586342183728242e-01-j4.93367810644604054549e-01
  +8.44856764445384267326e-01-j5.26955305641538696015e-01
  +8.23053012852156151702e-01-j5.59701927809632238109e-01
  +8.00027394756362419947e-01-j5.91562044544378662358e-01
  +7.75812688417720330847e-01-j6.22488279488989437738e-01
  +7.50280034726290678826e-01-j6.52284715017999117137e-01
  +7.23651278904455907970e-01-j6.81057073562722048443e-01
  +6.95967822483126496991e-01-j7.08767132870384508614e-01
  +6.67272244637787226296e-01-j7.35378454173512663417e-01
  +6.37506831903974946485e-01-j7.60728005319978972665e-01
  +6.06783837360725053500e-01-j7.84848011920679100584e-01
  +5.75195367359375819838e-01-j8.07762933405868133185e-01
  +5.42788118460147406275e-01-j8.29444229811633793048e-01
  +5.09567507497059035693e-01-j8.49789972648966829283e-01
  +4.75561073044486970485e-01-j8.68717873939058526922e-01
  +4.40893494362161131317e-01-j8.86331661511704171907e-01
  +4.05614134324319086655e-01-j9.02610672711371408994e-01
  +3.69769320332938966622e-01-j9.17526586656027820510e-01
  +3.33343511393749070137e-01-j9.30861961669418258580e-01
  +2.96470276564880674819e-01-j9.42807465541285916188e-01
  +2.59200488225878766801e-01-j9.53350078920382593139e-01
  +2.21585234102771116982e-01-j9.62478495362504404831e-01
  +1.83648465623247991729e-01-j9.70020713917666643766e-01
  +1.45470202088882172298e-01-j9.76065785088066517616e-01
  +1.07114701060963116164e-01-j9.80671744187132321535e-01
  +6.86335242412609985996e-02-j9.83834612530483654247e-01
  +3.00771145363945974216e-02-j9.85462618326445105588e-01
  -8.49382770033758893735e-03-j9.85505606051374938303e-01
  -4.70218008568327738850e-02-j9.84104263094065512263e-01
  -8.54554508384353928019e-02-j9.81261807004554897915e-01
  -1.23741472719743714204e-01-j9.76968370218008086425e-01
  -1.61793536069759963381e-01-j9.71035267568455595644e-01
  -1.99584417929621504850e-01-j9.63683266901550816819e-01
  -2.37063668492936169274e-01-j9.54922769588702924359e-01
  -2.74181154532871673712e-01-j9.44765829831268444394e-01
  -3.10833046727606476800e-01-j9.33066460717740797648e-01
  -3.46993348005521229371e-01-j9.19947414756255077428e-01
  -3.82630648807471718253e-01-j9.05483232933083970195e-01
  -4.17696741714635277898e-01-j8.89693194664043507380e-01
  -4.52100277996770494315e-01-j8.72514629281713638420e-01
  -4.85766929227928967450e-01-j8.53939620010076838597e-01
  -5.18709023560822157783e-01-j8.34113639259312700247e-01
  -5.50881288962878357118e-01-j8.13063152529035049199e-01
  -5.82227419270755608416e-01-j7.90800266177094535180e-01
  -6.12584840617669157403e-01-j7.67207491733417401569e-01
  -6.42030511455906838236e-01-j7.42488300191842975906e-01
  -6.70523250470093756803e-01-j7.16676133414425597934e-01
  -6.98022988650211173578e-01-j6.89805978446350609445e-01
  -7.24362049031829657864e-01-j6.61796200877406981533e-01
  -7.49582369555970018382e-01-j6.32775293050017229035e-01
  -7.73687359658712159316e-01-j6.02821585994529396402e-01
  -7.96642579139146267408e-01-j5.71976429660606355831e-01
  -8.18331441477229803994e-01-j5.40227451145656178966e-01
  -8.38691597723040138668e-01-j5.07611012048018506171e-01
  -8.57800090410943738561e-01-j4.74247810110627332492e-01
  -8.75629346958954224434e-01-j4.40184701426398872215e-01
  -8.92130646287975781483e-01-j4.05459391446692574146e-01
  -9.07111835988493875327e-01-j3.70054611028435953557e-01
  -9.20736193422927673424e-01-j3.34110757009217496094e-01
  -9.32984117492516196180e-01-j2.97678993515121614877e-01
  -9.43837950114572388216e-01-j2.60811270967918173991e-01
  -9.53105985610540384911e-01-j2.23519602832544350690e-01
  -9.60899100165971131737e-01-j1.85899679762944913808e-01
  -9.67255020716608293618e-01-j1.48018319077701965281e-01
  -9.72165064608725426609e-01-j1.09929869601618407371e-01
  -9.75517513774346367583e-01-j7.16822456805792235235e-02
  -9.77287486142930039712e-01-j3.33399770568755457467e-02
  -9.77598361035051932610e-01+j5.02981602045675726953e-03
  -9.76450779268137725175e-01+j4.33721296108406095815e-02
  -9.73817627020249654279e-01+j8.16291068435037181494e-02
  -9.69535516798053720322e-01+j1.19720890561799964136e-01
  -9.63812216496516382946e-01+j1.57606462785060047471e-01
  -9.56657615349626011536e-01+j1.95231985985679146189e-01
  -9.48083664992590224863e-01+j2.32544140428504242379e-01
  -9.37927743792102530662e-01+j2.69436874762845557374e-01
  -9.26343897262855042740e-01+j3.05885912376381963185e-01
  -9.13394128659373860657e-01+j3.41851898457687430888e-01
  -8.99098932659936789236e-01+j3.77284776797550014393e-01
  -8.83382560610764144826e-01+j4.12087544251232396064e-01
  -8.66265430102448497074e-01+j4.46198316283134444049e-01
  -8.47882689616379137121e-01+j4.79619391360029512228e-01
  -8.28262386925428972795e-01+j5.12305398165266656640e-01
  -8.07405913138572017829e-01+j5.44192310810740820237e-01
  -7.85220507767540709665e-01+j5.75139839985167822256e-01
  -7.61900078396093749511e-01+j6.05212876078559225412e-01
  -7.37478993519054104588e-01+j6.34371795371134639119e-01
  -7.11992884559346728146e-01+j6.62578400959693780692e-01
  -6.85349383650629917497e-01+j6.89662085399509683370e-01
  -6.57698162519185780539e-01+j7.15684870841101883343e-01
  -6.29106686970890338628e-01+j7.40640902929467159765e-01
  -5.99615280277019602195e-01+j7.64498504322006944278e-01
  -5.69200841498150755804e-01+j7.87135925373831812912e-01
  -5.37914197943404337465e-01+j8.08519060113089271802e-01
  -5.05865628185201643419e-01+j8.28711112977738362240e-01
  -4.73098897868086565310e-01+j8.47687164801092851718e-01
  -4.39641256973267058328e-01+j8.65389113272136079047e-01
  -4.05480682856370622247e-01+j8.81661651458706674411e-01
  -3.70749387050753109740e-01+j8.96647651341093476773e-01
  -3.35493507539715241084e-01+j9.10328940783473150589e-01
  -2.99759597907798380767e-01+j9.22688877792906092523e-01
  -2.63543275286493849929e-01+j9.33531366548779661940e-01
  -2.26945901652291143202e-01+j9.42988247922786126942e-01
  -1.90025327237832469818e-01+j9.51080164320944554390e-01
  -1.52829461187776238784e-01+j9.57797047432292103508e-01
  -1.15391943313829598017e-01+j9.63015580818897265480e-01
  -7.77723741303124327384e-02+j9.66737074526499373661e-01
  -4.00357263335401336590e-02+j9.69061162363196393343e-01
  -2.23066037501779002028e-03+j9.69984222937545714771e-01
  +3.55929932242236013451e-02+j9.69460686724067155495e-01
  +7.33750905028721367440e-02+j9.67354946543966254247e-01
  +1.11065755136817892468e-01+j9.63846795073142859067e-01
  +1.48616062754474143048e-01+j9.58939044784556937628e-01
  +1.85977094211052379480e-01+j9.52635998204915179777e-01
  +2.23060391865491258745e-01+j9.44753485212138088833e-01
  +2.59838318813577884292e-01+j9.35462556153756397137e-01
  +2.96267236296877567447e-01+j9.24801231529447376190e-01
  +3.32298568293166729504e-01+j9.12780447348535473040e-01
  +3.67841184489703931781e-01+j8.99298269166836528044e-01
  +4.02843597550885168523e-01+j8.84390403969043892296e-01
  +4.37290805791959169557e-01+j8.68170125659765479220e-01
  +4.71135225197709006650e-01+j8.50655315213744378511e-01
  +5.04305496058420010819e-01+j8.31822489483001747956e-01
  +5.36684358274368777941e-01+j8.11584841114332156131e-01
  +5.68307425417467815265e-01+j7.90122974903148200809e-01
  +5.99129007449812678310e-01+j7.67462069625100662407e-01
  +6.29104008081610488468e-01+j7.43629020500052306808e-01
  +6.58056204133331434925e-01+j7.18495677660661025143e-01
  +6.86046534190057788472e-01+j6.92238349061740754209e-01
  +7.13047840346845651638e-01+j6.64909338232871127694e-01
  +7.39018456940520485077e-01+j6.36543119567895665512e-01
  +7.63818249190658771219e-01+j6.07090063433114446312e-01
  +7.87422394764780819720e-01+j5.76616415187292119526e-01
  +8.09867109093897252770e-01+j5.45230747684043115520e-01
  +8.31115730693138377028e-01+j5.12975015815755552850e-01
  +8.51085033646851396583e-01+j4.79863478466027892910e-01
  +8.69631176989853149628e-01+j4.45885268400095902130e-01
  +8.86871652320425973848e-01+j4.11185875086912622223e-01
  +9.02776550212193051870e-01+j3.75814169764084660130e-01
  +9.17317759151196510103e-01+j3.39820471802354140411e-01
  +9.30264907241393101955e-01+j3.03181915123354295272e-01
  +9.41772658343404511783e-01+j2.66033144417273270665e-01
  +9.51838745774799432908e-01+j2.28436546547031688048e-01
  +9.60443914225186934353e-01+j1.90447879364795014112e-01
  +9.67432583863084061271e-01+j1.52098451680117596752e-01
  +9.72828462865706677931e-01+j1.13466152749489734841e-01
  +9.76716796342366522232e-01+j7.46308782104416340575e-02
  +9.79088574500705521864e-01+j3.56519854017978421457e-02
  +9.79874295143579709944e-01-j3.41136878092855849037e-03
  +9.78954292750030541370e-01-j4.24898093166273804755e-02
  +9.76506182831318070292e-01-j8.15146254133357894833e-02
  +9.72532057475974154315e-01-j1.20425143355130034872e-01
  +9.67036605409726135463e-01-j1.59160738024909875765e-01
  +9.59804882013626570192e-01-j1.97617198112884528971e-01
  +9.51056952466686200687e-01-j2.35759181902527897856e-01
  +9.40821788351413612617e-01-j2.73529789145430135555e-01
  +9.29115125509699213424e-01-j3.10870372814418205465e-01
  +9.15817383109197136193e-01-j3.47670292470976360910e-01
  +9.01003375438370834871e-01-j3.83879015786285082701e-01
  +8.84786506294623520397e-01-j4.19471688304085321697e-01
  +8.67192938341034613714e-01-j4.54393591102132898829e-01
  +8.48192640830417898812e-01-j4.88556137663589962195e-01
  +8.27731776853558032236e-01-j5.21844551645417875640e-01
  +8.05995906997205247002e-01-j5.54292247807707028073e-01
  +7.83020470402430501800e-01-j5.85850643974810680881e-01
  +7.58842778384250293833e-01-j6.16472809747945937886e-01
  +7.33332247722025876158e-01-j6.45958540806941705625e-01
  +7.06702921964377117625e-01-j6.74401278950041205285e-01
  +6.79005643425294680426e-01-j7.01766935053672380462e-01
  +6.50284737049055983071e-01-j7.28016553193861937210e-01
  +6.20493314319539579493e-01-j7.52994573725038529588e-01
  +5.89727269363515604894e-01-j7.76707751694030945622e-01
  +5.58091638099452613808e-01-j7.99191619672870667834e-01
  +5.25635819381053637223e-01-j8.20416012062601618382e-01
  +4.92375759533792145550e-01-j8.40289522994743243167e-01
  +4.58327623626417324232e-01-j8.58700509985321769335e-01
  +4.23626812596183288662e-01-j8.75768084597766227617e-01
  +3.88325931682347413876e-01-j8.91471154789842512578e-01
  +3.52478079555146484036e-01-j9.05790704307398386597e-01
  +3.16068808260113409681e-01-j9.18490904110436767738e-01
  +2.79233015432668096878e-01-j9.29767398481872731075e-01
  +2.42026535847950252656e-01-j9.39612873241840618199e-01
  +2.04503688893613255750e-01-j9.48017203656891016550e-01
  +1.66697752843573965276e-01-j9.54822179805576487510e-01
  +1.28685283755793494764e-01-j9.60090735422985286363e-01
  +9.05344934921176458520e-02-j9.63899104028320907744e-01
  +5.22996213031156620410e-02-j9.66245669599714918085e-01
  +1.40362152885050439632e-02-j9.67055491136142086894e-01
  -2.41906126217426575842e-02-j9.66251227638712517631e-01
  -6.23255311656453758751e-02-j9.63993193911379164796e-01
  -1.00315436843095726061e-01-j9.60287842484121023645e-01
  -1.38107616833132246237e-01-j9.55143416479303120070e-01
</dep>
<dep S[4,2] frequency>
  +2.21158822912321736953e-03+j1.33041895187300668324e-02
  +3.43237958741910743898e-03+j1.64362580991079185178e-02
  +4.90790077260693305417e-03+j1.94771351512329354838e-02
  +6.62447299591411783992e-03+j2.24094428169486457880e-02
  +8.56969629699656440525e-03+j2.52201930652265482458e-02
  +1.07557813716084790800e-02+j2.78834515752309601566e-02
  +1.31614795730656802125e-02+j3.03942563529128531585e-02
  +1.57686425540099206533e-02+j3.27479808778718822770e-02
  +1.85697877568974899221e-02+j3.49318860781366452573e-02
  +2.15655678523469437891e-02+j3.69215431750148093126e-02
  +2.47511929831865547247e-02+j3.86914163329053761853e-02
  +2.80944482044426652179e-02+j4.02481971743572919387e-02
  +3.15804565614750745728e-02+j4.15808393955969524125e-02
  +3.51936743709791305390e-02+j4.26792579187683374098e-02
  +3.89317060544708826164e-02+j4.34987802887045332811e-02
  +4.27591487180990076356e-02+j4.40708486710199298653e-02
  +4.66598839162774975398e-02+j4.43919175703902935126e-02
  +5.06182970322822736731e-02+j4.44596301013743810948e-02
  +5.46223527830300703556e-02+j4.42444569183636227105e-02
  +5.86525679576014383199e-02+j4.37614443639461614399e-02
  +6.26930715946666661242e-02+j4.30228377804506012527e-02
  +6.67302183509384944093e-02+j4.20290240920739022190e-02
  +7.07487351572262807009e-02+j4.07659759240640851008e-02
  +7.47315153778869978307e-02+j3.92246970593630450708e-02
  +7.86672485088569239942e-02+j3.74322524847458260044e-02
  +8.25426525533599630968e-02+j3.53908590253119437197e-02
  +8.63438324547609187265e-02+j3.31016137645626096209e-02
  +9.00428408490224624350e-02+j3.05334805444738011104e-02
  +9.36381467642551090780e-02+j2.77278164307368790720e-02
  +9.71166655896963937344e-02+j2.46895683708762136988e-02
  +1.00465482721699070345e-01+j2.14243968181227206760e-02
  +1.03654306402020002231e-01+j1.79145104072822025643e-02
  +1.06678590243228704759e-01+j1.41834952980897377461e-02
  +1.09532889920016002216e-01+j1.02492059026893234108e-02
  +1.12205725861275293354e-01+j6.12036935195897635609e-03
  +1.14673483078345184172e-01+j1.79557152579906675882e-03
  +1.16916785353975927197e-01-j2.71918719961819488340e-03
  +1.18944651386446359487e-01-j7.39554577064871487835e-03
  +1.20747947394963611734e-01-j1.22222435382265681714e-02
  +1.22315666650806564864e-01-j1.71888326224581555746e-02
  +1.23605644635668809883e-01-j2.22984746989056126232e-02
  +1.24645676401999999650e-01-j2.75184583704962404394e-02
  +1.25429469478506278035e-01-j3.28357491383950983455e-02
  +1.25951419537524395009e-01-j3.82370093814738687410e-02
  +1.26174944212063683269e-01-j4.37151804656438491836e-02
  +1.26115511965293913832e-01-j4.92488536196644399734e-02
  +1.25780921883282659213e-01-j5.48211247067069695760e-02
  +1.25168658463155474392e-01-j6.04177404932298711682e-02
  +1.24258609313395940177e-01-j6.60239568785873920387e-02
  +1.23041944560506488759e-01-j7.16223521330367762783e-02
  +1.21544562285222423892e-01-j7.71977584662928983938e-02
  +1.19767138667154826592e-01-j8.27356329248068456117e-02
  +1.17707296306839903632e-01-j8.82205166456192929614e-02
  +1.15331579660421068567e-01-j9.36268965789271573330e-02
  +1.12683318097916873590e-01-j9.89485079900760400307e-02
  +1.09766436661664468222e-01-j1.04171173102294609136e-01
  +1.06585604080646989544e-01-j1.09280898780380580915e-01
  +1.03115895502357557412e-01-j1.14246998821449743944e-01
  +9.93859071700665674953e-02-j1.19064397969218249695e-01
  +9.54124988990163735991e-02-j1.23724897856130264251e-01
  +9.12034999853041927764e-02-j1.28215787318243595871e-01
  +8.67525057603367177883e-02-j1.32511381386672483229e-01
  +8.20661676772684312020e-02-j1.36593589383094848877e-01
  +7.71746765154703306955e-02-j1.40467718869377339308e-01
  +7.20887149849257502510e-02-j1.44123138032835329536e-01
  +6.68166294491531198574e-02-j1.47545688582038397874e-01
  +6.13510881023949794510e-02-j1.50695025402463239628e-01
  +5.57299911135616943270e-02-j1.53595217327593958068e-01
  +4.99663010522887196529e-02-j1.56238448860356760051e-01
  +4.40733931577063087204e-02-j1.58617727097271954406e-01
  +3.80525404728003224797e-02-j1.60692199979741878746e-01
  +3.19304355682023532914e-02-j1.62479436395555121297e-01
  +2.57254910857326324347e-02-j1.63984410647746603473e-01
  +1.94524350706890003515e-02-j1.65203497155687217823e-01
  +1.31234616913215584866e-02-j1.66112934995252398140e-01
  +6.75601213947096823631e-03-j1.66706595452145500680e-01
  +3.69391494656368113425e-04-j1.67008553554816335796e-01
  -6.02143970351876056668e-03-j1.67018886351489925790e-01
  -1.24010569452505658994e-02-j1.66732555944136245918e-01
  -1.87493381779318957214e-02-j1.66117973669944574144e-01
  -2.50538373794711999309e-02-j1.65217891919673454115e-01
  -3.13003938534373582492e-02-j1.64035922440110171205e-01
  -3.74751631892469849738e-02-j1.62576428118705568204e-01
  -4.35521110492846919016e-02-j1.60810607555726847728e-01
  -4.95245389986152528827e-02-j1.58771465427025748607e-01
  -5.53826761711502246754e-02-j1.56474052612328939915e-01
  -6.11145325200195266291e-02-j1.53925621077841134898e-01
  -6.66973328665139142402e-02-j1.51116271815533997902e-01
  -7.21170279221371446354e-02-j1.48054509686386254197e-01
  -7.73750062042914410476e-02-j1.44769222704612593455e-01
  -8.24616858925767415300e-02-j1.41269792736995303262e-01
  -8.73635209250911426437e-02-j1.37561328224480972082e-01
  -9.20500685698989462580e-02-j1.33634310701883946004e-01
  -9.65382388390143564294e-02-j1.29526260758554695451e-01
  -1.00821094811315625783e-01-j1.25247869459675476023e-01
  -1.04892308095005271085e-01-j1.20810017653723011932e-01
  -1.08717082395819952811e-01-j1.16205846789388583806e-01
  -1.12312106238838221861e-01-j1.11463431972145921023e-01
  -1.15679037931419870233e-01-j1.06598056923877360092e-01
  -1.18814100135884836984e-01-j1.01621013144315097687e-01
  -1.21695256420920217000e-01-j9.65366245136772271884e-02
  -1.24319372168712305449e-01-j9.13584847779031483661e-02
  -1.26703079435369375672e-01-j8.61055782210035647317e-02
  -1.28844868926491495920e-01-j8.07890758195556890620e-02
  -1.30737006234323105414e-01-j7.54189605281995190111e-02
  -1.32353785677631619055e-01-j7.00037760541445952533e-02
  -1.33726961082741069298e-01-j6.45608285735685960560e-02
  -1.34856929346742732134e-01-j5.91008392441828289687e-02
  -1.35744479281534685677e-01-j5.36344067266445456710e-02
  -1.36358653639801430391e-01-j4.81739577238212146604e-02
  -1.36727816471767932294e-01-j4.27308057907009597454e-02
  -1.36859772052166567269e-01-j3.73149787722786285826e-02
  -1.36756864710894959769e-01-j3.19365097522769370020e-02
  -1.36402884392431783533e-01-j2.66100575618808121714e-02
  -1.35803099798730425585e-01-j2.13470006259827982387e-02
  -1.34978460097785829541e-01-j1.61532141016881847229e-02
  -1.33932722513165763933e-01-j1.10381693384392354229e-02
  -1.32663403509606592223e-01-j6.01425123969870356611e-03
  -1.31155267571025940798e-01-j1.10161719320714390769e-03
  -1.29440621437965530660e-01+j3.70218387954257543981e-03
  -1.27524642702379203962e-01+j8.38824565896503782092e-03
  -1.25412849166697232262e-01+j1.29478007741695710919e-02
  -1.23085867171199056513e-01+j1.73524688133604720885e-02
  -1.20573054134520699088e-01+j2.16084599315491121541e-02
  -1.17885028668839139665e-01+j2.57103500397866668870e-02
  -1.15028889264794112468e-01+j2.96500863346994825154e-02
  -1.11999039981540288169e-01+j3.34045153476736633724e-02
  -1.08807201102560285877e-01+j3.69668984448842108392e-02
  -1.05473281460774406804e-01+j4.03423179436201984061e-02
  -1.02006116200781177250e-01+j4.35237500252687592450e-02
  -9.84110600223584153223e-02+j4.64973309508831533776e-02
  -9.46893339541359374545e-02+j4.92371038239782232715e-02
  -9.08662204438384218941e-02+j5.17622009336425326076e-02
  -8.69523535429777699735e-02+j5.40671298548640877346e-02
  -8.29587691969962265359e-02+j5.61468368104956205844e-02
  -7.88889616113884195592e-02+j5.79637820943070258828e-02
  -7.47648448068805177025e-02+j5.95419267268695526218e-02
  -7.05998520177278932053e-02+j6.08819148542431645699e-02
  -6.64066031264640421750e-02+j6.19810277896118838603e-02
  -6.21979012083863497251e-02+j6.28153383152322969396e-02
  -5.79898446970688458135e-02+j6.33883234208347801086e-02
  -5.37968228916180651877e-02+j6.37162532376899654052e-02
  -4.96325303873045298175e-02+j6.37994196642008154496e-02
  -4.55129926226791187149e-02+j6.36297551377311421117e-02
  -4.14592810346955317757e-02+j6.31896647698419189343e-02
  -3.74798467847006974707e-02+j6.25114098652459621031e-02
  -3.35886279630186052048e-02+j6.15988261942568698926e-02
  -2.97994718331553408441e-02+j6.04566088890252373300e-02
  -2.61447524982565335239e-02+j5.90589199927194774542e-02
  -2.26245066372866565629e-02+j5.74425115913906395027e-02
  -1.92502060448766117162e-02+j5.56180641872820180627e-02
  -1.60345772004473717531e-02+j5.35940462968309203062e-02
  -1.30069388556619813802e-02+j5.13631080177471277537e-02
  -1.01764878443233539734e-02+j4.89426902407722880239e-02
  -7.54294388304912848120e-03+j4.63562949402003404709e-02
  -5.11670503813863031262e-03+j4.36158686217452198908e-02
  -2.91682941117005385678e-03+j4.07288402820954048567e-02
  -9.70813730843149945426e-04+j3.77013546451382547398e-02
  +7.39105194779290236573e-04+j3.45637081885906416456e-02
  +2.20593597001577344796e-03+j3.13305724766500676148e-02
  +3.42358967132219520202e-03+j2.80170961916174944550e-02
  +4.34870335086950249304e-03+j2.46315970339545664558e-02
  +5.01168304092425298535e-03+j2.12005985872964763939e-02
  +5.41201928096908882471e-03+j1.77408200973271298895e-02
  +5.54752418762245735895e-03+j1.42688118065950261815e-02
  +5.39140758669956823845e-03+j1.08034797122160478033e-02
  +4.95286924655251661886e-03+j7.36468933837082506688e-03
  +4.24964336324227046071e-03+j3.96895682687917195075e-03
  +3.28419454473022343066e-03+j6.33153726004809236372e-04
  +2.04893410238606715756e-03-j2.62194668902659966392e-03
  +5.32076073561697782122e-04-j5.77063151348616854008e-03
  -1.23122468019276967710e-03-j8.80598132314944215260e-03
  -3.23403911691608897394e-03-j1.17123358437257324427e-02
  -5.46848749482650286352e-03-j1.44744644234410385630e-02
  -7.95799097018441183027e-03-j1.70514267778355960159e-02
  -1.06592967121901908978e-02-j1.94503932164358794843e-02
  -1.35600610599166167963e-02-j2.16590924946587215505e-02
  -1.66486753839765744267e-02-j2.36648068821469770295e-02
  -1.99289102690202862833e-02-j2.54329169380088926378e-02
  -2.33779891267041316227e-02-j2.69591785951440177094e-02
  -2.69718790363052095260e-02-j2.82460815385720820370e-02
  -3.06960826851347991229e-02-j2.92842515626386412642e-02
  -3.45403026660106998724e-02-j3.00523892115121260549e-02
  -3.84922716737886513871e-02-j3.05252344465042901867e-02
  -4.25236291280415845684e-02-j3.07248716360345452969e-02
  -4.66179523369364481877e-02-j3.06458106838645716330e-02
  -5.07585172412609517134e-02-j3.02835000965462342037e-02
  -5.49302125395855281309e-02-j2.95895702944695415670e-02
  -5.91093678062127661499e-02-j2.86047001029039182907e-02
  -6.32785359058145313593e-02-j2.73285493776655452614e-02
  -6.74202868404268768066e-02-j2.57607611340993081228e-02
  -7.15106570053321982661e-02-j2.38721194009716697337e-02
  -7.55313388782430233936e-02-j2.16787146085888338121e-02
  -7.94676614097350325627e-02-j1.91994381174857009498e-02
  -8.33024524388123882579e-02-j1.64381485098593349559e-02
  -8.70116793932165233372e-02-j1.33856921099758663374e-02
  -9.05681032663452900699e-02-j1.00341501262079246803e-02
  -9.39684208218977967686e-02-j6.41994354992955762462e-03
  -9.71966443546703612322e-02-j2.55099946311099223806e-03
  -1.00237184797040315698e-01+j1.56385901590957998586e-03
</dep>
<dep S[4,1] frequency>
  -7.15624295613720776132e-04-j3.36080703746914665267e-03
  -1.11187765986043435307e-03-j4.12573347737397750495e-03
  -1.58987798747073534600e-03-j4.84963323038951812233e-03
  -2.14182512921020501429e-03-j5.52558912614069079605e-03
  -2.76080437163240405285e-03-j6.14896268013719049517e-03
  -3.44720410092834092519e-03-j6.70985997995673238981e-03
  -4.19236164157113858075e-03-j7.20728388625493238129e-03
  -4.98894919813372764161e-03-j7.64016164882558301841e-03
  -5.83234190618285228136e-03-j8.00407932734970711808e-03
  -6.71901872220987544937e-03-j8.29023467752135895248e-03
  -7.64296416348591439727e-03-j8.49004227803406424924e-03
  -8.59262406554916341461e-03-j8.60801468628874522082e-03
  -9.56007603322617249830e-03-j8.64202009734112153172e-03
  -1.05371860329824922065e-02-j8.59075449670045065975e-03
  -1.15148669336540138142e-02-j8.44164081875073413208e-03
  -1.24843084912039797851e-02-j8.20925023198346148767e-03
  -1.34383302904821921864e-02-j7.89578043736144374876e-03
  -1.43702999627256036708e-02-j7.50406747432368070871e-03
  -1.52704365252944746639e-02-j7.02963047977225863328e-03
  -1.61341903431717476058e-02-j6.48149696453459434053e-03
  -1.69581772394811688964e-02-j5.86730789253753215462e-03
  -1.77380845807508964740e-02-j5.19132295606447580205e-03
  -1.84670141245532985763e-02-j4.45489562481626855117e-03
  -1.91387884362428581375e-02-j3.66129277701349176155e-03
  -1.97553141546209058699e-02-j2.82085562092918018529e-03
  -2.03140060989106148448e-02-j1.93842475912220368883e-03
  -2.08122251127045090890e-02-j1.01873899208218543500e-03
  -2.12389802540916723672e-02-j6.30719907731558393493e-05
  -2.16021489608878847211e-02+j9.18000952245340284819e-04
  -2.19008659161237032031e-02+j1.91924383021571665076e-03
  -2.21347020525702042892e-02+j2.93539059220856990429e-03
  -2.22963791974897240777e-02+j3.96165969634584835823e-03
  -2.23910241131392642733e-02+j4.99134407937545931944e-03
  -2.24226406725249738372e-02+j6.01897545207605300099e-03
  -2.23927933207762330792e-02+j7.03963102802709905781e-03
  -2.22999780745099240864e-02+j8.04756899886208132422e-03
  -2.21452249974951748124e-02+j9.03696446876708914253e-03
  -2.19371852800491484725e-02+j1.00049888574127998631e-02
  -2.16791923921670487418e-02+j1.09479460465048972218e-02
  -2.13744676961503815571e-02+j1.18622074404338695430e-02
  -2.10217953948581004475e-02+j1.27402076392681973260e-02
  -2.06320992834161387464e-02+j1.35840089458713064730e-02
  -2.02097675997534587111e-02+j1.43918412886562263608e-02
  -1.97592957736207885944e-02+j1.51624311174364534427e-02
  -1.92830275177454935065e-02+j1.58905361322944638225e-02
  -1.87880074165722998902e-02+j1.65788470999458648070e-02
  -1.82796369411001857763e-02+j1.72293515609800718114e-02
  -1.77622511672561600449e-02+j1.78429508406605374926e-02
  -1.72399704115733798382e-02+j1.84188230335894098655e-02
  -1.67174202778249403334e-02+j1.89582982835318214487e-02
  -1.61985315673849050722e-02+j1.94670205700357978884e-02
  -1.56865438862526240804e-02+j1.99477417741638907156e-02
  -1.51845110473081412739e-02+j2.04032627129223931295e-02
  -1.46968661844616432788e-02+j2.08347658203313912395e-02
  -1.42240092597202827385e-02+j2.12494555027984977080e-02
  -1.37674062534132168878e-02+j2.16512576428321001920e-02
  -1.33280567716475562001e-02+j2.20442483903539598877e-02
  -1.29086232855011306953e-02+j2.24325762994884159163e-02
  -1.25075578663594866313e-02+j2.28215181018681934066e-02
  -1.21235528854569674095e-02+j2.32154521368356514532e-02
  -1.17554873008792193367e-02+j2.36185487207639099871e-02
  -1.14025908457722202627e-02+j2.40360699773060348949e-02
  -1.10625406887338018080e-02+j2.44730114953481125983e-02
  -1.07314052088662292839e-02+j2.49317444971497714779e-02
  -1.04060741152989244540e-02+j2.54156415795350199005e-02
  -1.00829991867880108813e-02+j2.59283162701204605849e-02
  -9.75739001111763926133e-03+j2.64767355277049781792e-02
  -9.42471031701580530537e-03+j2.70590421565461008990e-02
  -9.08031791239044538955e-03+j2.76770519467895159682e-02
  -8.71940889468375557314e-03+j2.83319843129530568593e-02
  -8.33306082294893446516e-03+j2.90301390535364495227e-02
  -7.91637069679673732736e-03+j2.97690782740319681565e-02
  -7.46446522538241064026e-03+j3.05469281675803949749e-02
  -6.97150704144972044318e-03+j3.13627437640232112348e-02
  -6.42780413610311018857e-03+j3.22174679337840080828e-02
  -5.82566437262849179390e-03+j3.31089225545815393770e-02
  -5.16353468263985870834e-03+j3.40311107928273071099e-02
  -4.43588570006103743992e-03+j3.49805615841339706540e-02
  -3.63582168171444619631e-03+j3.59536137399891278510e-02
  -2.74862035409451088697e-03+j3.69470021474154960983e-02
  -1.77957980421705741492e-03+j3.79523896582354067220e-02
  -7.24452771885542023966e-04+j3.89639916415415871187e-02
  +4.20588828615620080598e-04+j3.99755609525246982661e-02
  +1.67114797397638348286e-03+j4.09786450920890041316e-02
  +3.02140780400511621551e-03+j4.19656889236559027534e-02
  +4.47060048240166540978e-03+j4.29293994823681107631e-02
  +6.02028292415679455729e-03+j4.38619506364759936812e-02
  +7.67910468113702782134e-03+j4.47516349828584319992e-02
  +9.44802311260262150938e-03+j4.55881525604598589196e-02
  +1.13181083250074032698e-02+j4.63664241595589804446e-02
  +1.32881484040482389375e-02+j4.70779203551504182856e-02
  +1.53585518879488791555e-02+j4.77120477052402625073e-02
  +1.75367143885958309824e-02+j4.82496271821816757885e-02
  +1.98060937249110446956e-02+j4.86926462693937078807e-02
  +2.21625546978494458727e-02+j4.90328633530683066777e-02
  +2.46013068905335252623e-02+j4.92622433672439408170e-02
  +2.71261456972228809370e-02+j4.93565194256268546802e-02
  +2.97220693574256622504e-02+j4.93194617923189970732e-02
  +3.23801242304004310846e-02+j4.91473863078120409842e-02
  +3.50928794831559809353e-02+j4.88337295323466036301e-02
  +3.78553459846588946647e-02+j4.83602396241911980379e-02
  +4.06572161894795391923e-02+j4.77202754593341327283e-02
  +4.34858301860702178843e-02+j4.69207356193207247852e-02
  +4.63316748932565691810e-02+j4.59573316325385394787e-02
  +4.91847499991559522492e-02+j4.48216892163610380884e-02
  +5.20326777638346060773e-02+j4.34927830843782892156e-02
  +5.48641798944224656776e-02+j4.19904914683459640212e-02
  +5.76684227007200345128e-02+j4.03134052101888074038e-02
  +6.04343999658009944920e-02+j3.84608287307825480461e-02
  +6.31428292135665092388e-02+j3.64093831131168665927e-02
  +6.57863644183122320275e-02+j3.41794279116476307223e-02
  +6.83550180738149992798e-02+j3.17769611976351507021e-02
  +7.08376210548219420460e-02+j2.92045063736238175167e-02
  +7.32141345583887381832e-02+j2.64519320830616522233e-02
  +7.54721621834267553108e-02+j2.35253503434655897308e-02
  +7.76085833697927607311e-02+j2.04423032577088492623e-02
  +7.96130372741403469217e-02+j1.72084914089186136188e-02
  +8.14707578555037004175e-02+j1.38260857692433236643e-02
  +8.31558667814396301754e-02+j1.02902850950944979580e-02
  +8.46776281763867849639e-02+j6.62717766010831321744e-03
  +8.60274132197369478803e-02+j2.84531173001056902905e-03
  +8.71971088210090755632e-02-j1.04618652976862236414e-03
  +8.81523894491733489565e-02-j5.04996371940169552772e-03
  +8.89074275394402119277e-02-j9.14265563974395178981e-03
  +8.94600151977499175038e-02-j1.33114344222031166787e-02
  +8.98047241386352723680e-02-j1.75450956810086211579e-02
  +8.99181963219087138084e-02-j2.18355701456206530153e-02
  +8.97987317655016825668e-02-j2.61678582442121943075e-02
  +8.94587561541697884326e-02-j3.05260582417435644143e-02
  +8.88960584188176750065e-02-j3.48977579028549866891e-02
  +8.81014847902520104039e-02-j3.92699593130872159907e-02
  +8.70543514751871000401e-02-j4.36267597256163597308e-02
  +8.57828736972135047489e-02-j4.79557646740350618231e-02
  +8.42882993521350265542e-02-j5.22443685823519576861e-02
  +8.25726689454722856398e-02-j5.64800717867778301340e-02
  +8.06085731752861356370e-02-j6.06396108620078089224e-02
  +7.84272774730561950118e-02-j6.47173972248054618639e-02
  +7.60371345011600224817e-02-j6.87028472454840055672e-02
  +7.34434754218349500343e-02-j7.25845690420741790350e-02
  +7.06353121162935360111e-02-j7.63403168374814644626e-02
  +6.76248243720664471423e-02-j7.99599879910141836392e-02
  +6.44330251293297323611e-02-j8.34417395355775137755e-02
  +6.10680061617933506168e-02-j8.67762465788781411913e-02
  +5.75325410627285024900e-02-j8.99485376622711496619e-02
  +5.38245920786441858774e-02-j9.29356442062936050075e-02
  +4.99733594637749162226e-02-j9.57493560387160380643e-02
  +4.59888496318646769478e-02-j9.83831452120764449187e-02
  +4.18813628510101565450e-02-j1.00831193373356692300e-01
  +3.76467716319570377959e-02-j1.03060227163254886085e-01
  +3.33118853374817086577e-02-j1.05090440023760195443e-01
  +2.88890798540912263626e-02-j1.06921111383822819985e-01
  +2.43892387746089296663e-02-j1.08549623533409758669e-01
  +1.98181330038323701148e-02-j1.09955038817942635232e-01
  +1.51903390263105966818e-02-j1.11141726005995547522e-01
  +1.05205981019481260852e-02-j1.12122786570204746592e-01
  +5.81924679325526196527e-03-j1.12898633488284022564e-01
  +1.09590475326216659283e-03-j1.13461957041233824084e-01
  -3.63888792258670445284e-03-j1.13799459093485516581e-01
  -8.37364508825045802953e-03-j1.13937307657758793433e-01
  -1.30995350301089576867e-02-j1.13878325384209069804e-01
  -1.78081705953005674237e-02-j1.13625759604213907861e-01
  -2.24866823521817499332e-02-j1.13155806760457069982e-01
  -2.71293501572535608601e-02-j1.12499622937376614340e-01
  -3.17292464553450420661e-02-j1.11663960809654252970e-01
  -3.62803349639393840631e-02-j1.10653539039424958501e-01
  -4.07713972307728600430e-02-j1.09457304423020942985e-01
  -4.51985477673980257096e-02-j1.08086815485555085004e-01
  -4.95609370045670058480e-02-j1.06557306110241098440e-01
  -5.38545826360445345493e-02-j1.04873616232018046501e-01
  -5.80722642855757073543e-02-j1.03034347776389825779e-01
  -6.22050586726957122075e-02-j1.01035223092165199477e-01
  -6.62586832259317026761e-02-j9.88975474301569262847e-02
  -7.02308798178769289056e-02-j9.66256362230870219365e-02
  -7.41197034042523628106e-02-j9.42235643427580676912e-02
  -7.79104003995545607575e-02-j9.16765721599899219285e-02
  -8.16136706081823926073e-02-j8.90067680121806037441e-02
  -8.52288829220658183949e-02-j8.62181272080123212165e-02
  -8.87549351090043958656e-02-j8.33134475816899172651e-02
  -9.21816991190740897544e-02-j8.02841224511331580382e-02
  -9.55116963596791546109e-02-j7.71373238585539161560e-02
  -9.87491504481583792785e-02-j7.38814206754664637433e-02
  -1.01892920985935733769e-01-j7.05178896222059953258e-02
  -1.04937100171232339241e-01-j6.70428732978625430139e-02
  -1.07873999704651696296e-01-j6.34509552182061231651e-02
  -1.10712390217438325091e-01-j5.97544952154158703905e-02
  -1.13450327831761274555e-01-j5.59540093260310344991e-02
  -1.16085602523405967412e-01-j5.20498779698221614165e-02
  -1.18599019067172267716e-01-j4.80264335993978719319e-02
  -1.21003255236518003635e-01-j4.38995490725591908099e-02
  -1.23295430972600664199e-01-j3.96697919048167035871e-02
  -1.25471972485688670895e-01-j3.53374160809920567772e-02
  -1.27516190221730663090e-01-j3.08922657560032620783e-02
  -1.29428776914259552333e-01-j2.63398479264241869302e-02
  -1.31211666643334667892e-01-j2.16864916531032680957e-02
  -1.32859871385426320245e-01-j1.69331337428853812010e-02
  -1.34360583665324190283e-01-j1.20759704038699011708e-02
  -1.35699170007345715216e-01-j7.11150743361083081950e-03
  -1.36884793765281315148e-01-j2.05221699915278388282e-03
  -1.37911372237318863299e-01+j3.09953899310605462958e-03
  -1.38772650631180605174e-01+j8.34098880924960539573e-03
</dep>
<dep S[3,4] frequency>
  +9.85854351095231229429e-01-j1.60707835104787727376e-01
  +9.78379940510424428446e-01-j1.99619567055740215755e-01
  +9.69413437438374159250e-01-j2.38188434983126723354e-01
  +9.58970549623825219143e-01-j2.76358424825009107995e-01
  +9.47069119784887836211e-01-j3.14074213080242026219e-01
  +9.33578251248865176315e-01-j3.51221042531815408339e-01
  +9.18603246892437330651e-01-j3.87764122597657856506e-01
  +9.02242817659120288631e-01-j4.23677633255914676269e-01
  +8.84523752783428540702e-01-j4.58910043449938409577e-01
  +8.65403586342183728242e-01-j4.93367810644604054549e-01
  +8.44856764445384267326e-01-j5.26955305641538696015e-01
  +8.23053012852156151702e-01-j5.59701927809632238109e-01
  +8.00027394756362419947e-01-j5.91562044544378662358e-01
  +7.75812688417720330847e-01-j6.22488279488989437738e-01
  +7.50280034726290678826e-01-j6.52284715017999117137e-01
  +7.23651278904455907970e-01-j6.81057073562722048443e-01
  +6.95967822483126496991e-01-j7.08767132870384508614e-01
  +6.67272244637787226296e-01-j7.35378454173512663417e-01
  +6.37506831903974946485e-01-j7.60728005319978972665e-01
  +6.06783837360725053500e-01-j7.84848011920679100584e-01
  +5.75195367359375819838e-01-j8.07762933405868133185e-01
  +5.42788118460147406275e-01-j8.29444229811633793048e-01
  +5.09567507497059035693e-01-j8.49789972648966829283e-01
  +4.75561073044486970485e-01-j8.68717873939058526922e-01
  +4.40893494362161131317e-01-j8.86331661511704171907e-01
  +4.05614134324319086655e-01-j9.02610672711371408994e-01
  +3.69769320332938966622e-01-j9.17526586656027820510e-01
  +3.33343511393749070137e-01-j9.30861961669418258580e-01
  +2.96470276564880674819e-01-j9.42807465541285916188e-01
  +2.59200488225878766801e-01-j9.53350078920382593139e-01
  +2.21585234102812667079e-01-j9.62478495362686703452e-01
  +1.83648465623247991729e-01-j9.70020713917666643766e-01
  +1.45470202088882172298e-01-j9.76065785088066517616e-01
  +1.07114701060963116164e-01-j9.80671744187132321535e-01
  +6.86335242412609985996e-02-j9.83834612530483654247e-01
  +3.00771145363945974216e-02-j9.85462618326445105588e-01
  -8.49382770033758893735e-03-j9.85505606051374938303e-01
  -4.70218008568327738850e-02-j9.84104263094065512263e-01
  -8.54554508384353928019e-02-j9.81261807004554897915e-01
  -1.23741472719743714204e-01-j9.76968370218008086425e-01
  -1.61793536069759963381e-01-j9.71035267568455595644e-01
  -1.99584417929621504850e-01-j9.63683266901550816819e-01
  -2.37063668492936169274e-01-j9.54922769588702924359e-01
  -2.74181154532871673712e-01-j9.44765829831268444394e-01
  -3.10833046727606476800e-01-j9.33066460717740797648e-01
  -3.46993348005521229371e-01-j9.19947414756255077428e-01
  -3.82630648807471718253e-01-j9.05483232933083970195e-01
  -4.17696741714635277898e-01-j8.89693194664043507380e-01
  -4.52100277996770494315e-01-j8.72514629281713638420e-01
  -4.85766929227928967450e-01-j8.53939620010076838597e-01
  -5.18709023560822157783e-01-j8.34113639259312700247e-01
  -5.50881288962878357118e-01-j8.13063152529035049199e-01
  -5.82227419270755608416e-01-j7.90800266177094535180e-01
  -6.12584840617669157403e-01-j7.67207491733417401569e-01
  -6.42030511455906838236e-01-j7.42488300191842975906e-01
  -6.70523250470093756803e-01-j7.16676133414425597934e-01
  -6.98022988650211173578e-01-j6.89805978446350609445e-01
  -7.24362049031829657864e-01-j6.61796200877406981533e-01
  -7.49582369555970018382e-01-j6.32775293050017229035e-01
  -7.73687359658712159316e-01-j6.02821585994529396402e-01
  -7.96642579139146267408e-01-j5.71976429660606355831e-01
  -8.18331441477229803994e-01-j5.40227451145656178966e-01
  -8.38691597723040138668e-01-j5.07611012048018506171e-01
  -8.57800090410943738561e-01-j4.74247810110627332492e-01
  -8.75629346958954224434e-01-j4.40184701426398872215e-01
  -8.92130646287975781483e-01-j4.05459391446692574146e-01
  -9.07111835988493875327e-01-j3.70054611028435953557e-01
  -9.20736193422927673424e-01-j3.34110757009217496094e-01
  -9.32984117492516196180e-01-j2.97678993515121614877e-01
  -9.43837950114572388216e-01-j2.60811270967918173991e-01
  -9.53105985610619987902e-01-j2.23519602832563502037e-01
  -9.60899100165971131737e-01-j1.85899679762944913808e-01
  -9.67255020716608293618e-01-j1.48018319077701965281e-01
  -9.72165064608725426609e-01-j1.09929869601618407371e-01
  -9.75517513774346367583e-01-j7.16822456805792235235e-02
  -9.77287486142930039712e-01-j3.33399770568755457467e-02
  -9.77598361035051932610e-01+j5.02981602045675726953e-03
  -9.76450779268137725175e-01+j4.33721296108406095815e-02
  -9.73817627020249654279e-01+j8.16291068435037181494e-02
  -9.69535516798053720322e-01+j1.19720890561799964136e-01
  -9.63812216496516382946e-01+j1.57606462785060047471e-01
  -9.56657615349626011536e-01+j1.95231985985679146189e-01
  -9.48083664992590224863e-01+j2.32544140428504242379e-01
  -9.37927743792102530662e-01+j2.69436874762845557374e-01
  -9.26343897262855042740e-01+j3.05885912376381963185e-01
  -9.13394128659373860657e-01+j3.41851898457687430888e-01
  -8.99098932659936789236e-01+j3.77284776797550014393e-01
  -8.83382560610764144826e-01+j4.12087544251232396064e-01
  -8.66265430102448497074e-01+j4.46198316283134444049e-01
  -8.47882689616379137121e-01+j4.79619391360029512228e-01
  -8.28262386925428972795e-01+j5.12305398165266656640e-01
  -8.07405913138572017829e-01+j5.44192310810740820237e-01
  -7.85220507767540709665e-01+j5.75139839985167822256e-01
  -7.61900078396093749511e-01+j6.05212876078559225412e-01
  -7.37478993519054104588e-01+j6.34371795371134639119e-01
  -7.11992884559346728146e-01+j6.62578400959693780692e-01
  -6.85349383650629917497e-01+j6.89662085399509683370e-01
  -6.57698162519185780539e-01+j7.15684870841101883343e-01
  -6.29106686970890338628e-01+j7.40640902929467159765e-01
  -5.99615280277019602195e-01+j7.64498504322006944278e-01
  -5.69200841498150755804e-01+j7.87135925373831812912e-01
  -5.37914197943404337465e-01+j8.08519060113089271802e-01
  -5.05865628185201643419e-01+j8.28711112977738362240e-01
  -4.73098897868086565310e-01+j8.47687164801092851718e-01
  -4.39641256973310634582e-01+j8.65389113272221566220e-01
  -4.05480682856370622247e-01+j8.81661651458706674411e-01
  -3.70749387050753109740e-01+j8.96647651341093476773e-01
  -3.35493507539715241084e-01+j9.10328940783473150589e-01
  -2.99759597907798380767e-01+j9.22688877792906092523e-01
  -2.63543275286493849929e-01+j9.33531366548779661940e-01
  -2.26945901652291143202e-01+j9.42988247922786126942e-01
  -1.90025327237832469818e-01+j9.51080164320944554390e-01
  -1.52829461187776238784e-01+j9.57797047432292103508e-01
  -1.15391943313829598017e-01+j9.63015580818897265480e-01
  -7.77723741303124327384e-02+j9.66737074526499373661e-01
  -4.00357263335401336590e-02+j9.69061162363196393343e-01
  -2.23066037501779002028e-03+j9.69984222937545714771e-01
  +3.55929932242236013451e-02+j9.69460686724067155495e-01
  +7.33750905028721367440e-02+j9.67354946543966254247e-01
  +1.11065755136817892468e-01+j9.63846795073142859067e-01
  +1.48616062754474143048e-01+j9.58939044784556937628e-01
  +1.85977094211052379480e-01+j9.52635998204915179777e-01
  +2.23060391865491258745e-01+j9.44753485212138088833e-01
  +2.59838318813577884292e-01+j9.35462556153756397137e-01
  +2.96267236296877567447e-01+j9.24801231529447376190e-01
  +3.32298568293166729504e-01+j9.12780447348535473040e-01
  +3.67841184489703931781e-01+j8.99298269166836528044e-01
  +4.02843597550885168523e-01+j8.84390403969043892296e-01
  +4.37290805791959169557e-01+j8.68170125659765479220e-01
  +4.71135225197709006650e-01+j8.50655315213744378511e-01
  +5.04305496058420010819e-01+j8.31822489483001747956e-01
  +5.36684358274368777941e-01+j8.11584841114332156131e-01
  +5.68307425417467815265e-01+j7.90122974903148200809e-01
  +5.99129007449812678310e-01+j7.67462069625100662407e-01
  +6.29104008081610488468e-01+j7.43629020500052306808e-01
  +6.58056204133331434925e-01+j7.18495677660661025143e-01
  +6.86046534190057788472e-01+j6.92238349061740754209e-01
  +7.13047840346845651638e-01+j6.64909338232871127694e-01
  +7.39018456940520485077e-01+j6.36543119567895665512e-01
  +7.63818249190658771219e-01+j6.07090063433114446312e-01
  +7.87422394764780819720e-01+j5.76616415187292119526e-01
  +8.09867109093897252770e-01+j5.45230747684043115520e-01
  +8.31115730693138377028e-01+j5.12975015815755552850e-01
  +8.51085033646851396583e-01+j4.79863478466027892910e-01
  +8.69631176989853149628e-01+j4.45885268400095902130e-01
  +8.86871652320425973848e-01+j4.11185875086912622223e-01
  +9.02776550212193051870e-01+j3.75814169764084660130e-01
  +9.17317759151196510103e-01+j3.39820471802354140411e-01
  +9.30264907241393101955e-01+j3.03181915123354295272e-01
  +9.41772658343404511783e-01+j2.66033144417273270665e-01
  +9.51838745774799432908e-01+j2.28436546547031688048e-01
  +9.60443914225186934353e-01+j1.90447879364795014112e-01
  +9.67432583863084061271e-01+j1.52098451680117596752e-01
  +9.72828462865706677931e-01+j1.13466152749489734841e-01
  +9.76716796342366522232e-01+j7.46308782104416340575e-02
  +9.79088574500705521864e-01+j3.56519854017978421457e-02
  +9.79874295143579709944e-01-j3.41136878092855849037e-03
  +9.78954292750030541370e-01-j4.24898093166273804755e-02
  +9.76506182831318070292e-01-j8.15146254133357894833e-02
  +9.72532057475974154315e-01-j1.20425143355130034872e-01
  +9.67036605409726135463e-01-j1.59160738024909875765e-01
  +9.59804882013626570192e-01-j1.97617198112884556727e-01
  +9.51056952466686200687e-01-j2.35759181902527897856e-01
  +9.40821788351413612617e-01-j2.73529789145430135555e-01
  +9.29115125509699213424e-01-j3.10870372814418205465e-01
  +9.15817383109197136193e-01-j3.47670292470976360910e-01
  +9.01003375438370834871e-01-j3.83879015786285082701e-01
  +8.84786506294569563558e-01-j4.19471688304058731855e-01
  +8.67192938341019625703e-01-j4.54393591102125626868e-01
  +8.48192640830417898812e-01-j4.88556137663589962195e-01
  +8.27731776853558032236e-01-j5.21844551645417875640e-01
  +8.05995906997205247002e-01-j5.54292247807707028073e-01
  +7.83020470402430501800e-01-j5.85850643974810680881e-01
  +7.58842778384250293833e-01-j6.16472809747945937886e-01
  +7.33332247722025876158e-01-j6.45958540806941705625e-01
  +7.06702921964377117625e-01-j6.74401278950041205285e-01
  +6.79005643425294680426e-01-j7.01766935053672380462e-01
  +6.50284737049055983071e-01-j7.28016553193861937210e-01
  +6.20493314319539579493e-01-j7.52994573725038529588e-01
  +5.89727269363515604894e-01-j7.76707751694030945622e-01
  +5.58091638099452613808e-01-j7.99191619672870667834e-01
  +5.25635819381053637223e-01-j8.20416012062601618382e-01
  +4.92375759533792145550e-01-j8.40289522994743243167e-01
  +4.58327623626417324232e-01-j8.58700509985321769335e-01
  +4.23626812596183288662e-01-j8.75768084597766227617e-01
  +3.88325931682347413876e-01-j8.91471154789842512578e-01
  +3.52478079555146484036e-01-j9.05790704307398386597e-01
  +3.16068808260113409681e-01-j9.18490904110436767738e-01
  +2.79233015432668096878e-01-j9.29767398481872731075e-01
  +2.42026535847950252656e-01-j9.39612873241840618199e-01
  +2.04503688893613255750e-01-j9.48017203656891016550e-01
  +1.66697752843573965276e-01-j9.54822179805576487510e-01
  +1.28685283755793494764e-01-j9.60090735422985286363e-01
  +9.05344934921176458520e-02-j9.63899104028320907744e-01
  +5.22996213031156620410e-02-j9.66245669599714918085e-01
  +1.40362152885050439632e-02-j9.67055491136142086894e-01
  -2.41906126217426575842e-02-j9.66251227638712517631e-01
  -6.23255311656453758751e-02-j9.63993193911379164796e-01
  -1.00315436843095726061e-01-j9.60287842484121023645e-01
  -1.38107616833132246237e-01-j9.55143416479303120070e-01
</dep>
<dep S[3,3] frequency>
  +2.89268062958116835282e-03+j1.38496213647376336525e-02
  +4.19224527818429226755e-03+j1.69627980265770889057e-02
  +5.72454741741259577614e-03+j1.99561486605667748329e-02
  +7.47987985986417122652e-03+j2.28118385354861390180e-02
  +9.44701594919158428587e-03+j2.55130939712939278086e-02
  +1.16331679249589998310e-02+j2.80244979074301507616e-02
  +1.40111937731667302032e-02+j3.03385893240214823963e-02
  +1.65559718061285693347e-02+j3.24511912710939293136e-02
  +1.92516112865710221913e-02+j3.43503424778499114045e-02
  +2.20876777937150312048e-02+j3.60123655863790678722e-02
  +2.50487806388753064812e-02+j3.74149554611778456525e-02
  +2.81030043747641095075e-02+j3.85737602332605761246e-02
  +3.12313035068410328743e-02+j3.94824790700219890871e-02
  +3.44142996894468977676e-02+j4.01353761418437038344e-02
  +3.76342423665711606207e-02+j4.04897381001146916546e-02
  +4.08634529900445062078e-02+j4.05838493730944216420e-02
  +4.40818346017081280630e-02+j4.04178982865332769858e-02
  +4.72693617378218480796e-02+j3.99935744364583317667e-02
  +5.03983744223489779634e-02+j3.92865277043477900687e-02
  +5.34492791164851502317e-02+j3.83183164844598800336e-02
  +5.64056981021369904794e-02+j3.71077952368374375247e-02
  +5.92491880059571873751e-02+j3.56629715579074579868e-02
  +6.19532329336319673163e-02+j3.39807485666090702825e-02
  +6.44916087498827866886e-02+j3.20652488733473572946e-02
  +6.68618563940503590759e-02+j2.99510238037314913129e-02
  +6.90490713021902902113e-02+j2.76515775487723991510e-02
  +7.10379532307563177351e-02+j2.51804378102436221543e-02
  +7.27836813649450492525e-02+j2.25334523901223326980e-02
  +7.43055076043236534256e-02+j1.97525892720056550633e-02
  +7.55936597641696794714e-02+j1.68553842832739608770e-02
  +7.66397040370447035773e-02+j1.38600390075645785171e-02
  +7.74076677712968452827e-02+j1.07785810294825923350e-02
  +7.79084632760319306666e-02+j7.63890807080033762411e-03
  +7.81495954016846877677e-02+j4.46408457225661026158e-03
  +7.81288451578817239040e-02+j1.27397744426030468112e-03
  +7.78292615507933660535e-02-j1.90982588938967690062e-03
  +7.72429852710610903577e-02-j5.06270572632930293544e-03
  +7.63979732760104862654e-02-j8.16577103339183318909e-03
  +7.52983326003376918223e-02-j1.11995174004163589032e-02
  +7.39470834676782540207e-02-j1.41436684895081266067e-02
  +7.23191456988286629493e-02-j1.69618446824991719879e-02
  +7.04597705459049927779e-02-j1.96499346091768556377e-02
  +6.83788971977842552352e-02-j2.21906849255180393943e-02
  +6.60876784443243381340e-02-j2.45675983873354375486e-02
  +6.35769081406775959930e-02-j2.67422577379967940647e-02
  +6.08773465075453656947e-02-j2.87113786589778818836e-02
  +5.80118503067565960407e-02-j3.04690853646040760161e-02
  +5.49961259636793098338e-02-j3.20030685588864050040e-02
  +5.18392252719855062271e-02-j3.32861176336461950243e-02
  +4.85587993597799139067e-02-j3.42998329028673665242e-02
  +4.51851477748404506407e-02-j3.50579522837717316719e-02
  +4.17370688456521476972e-02-j3.55535058378831925197e-02
  +3.82333801469569301013e-02-j3.57771114998369221816e-02
  +3.46923827039902765712e-02-j3.56884636910491104267e-02
  +3.11413204458608761094e-02-j3.53241067336218239614e-02
  +2.76003590334581994092e-02-j3.46830992141208549473e-02
  +2.40897172652036473117e-02-j3.37659257408833290981e-02
  +2.06381303620237210872e-02-j3.25419288414781349150e-02
  +1.72645149015652754620e-02-j3.10379314008296103289e-02
  +1.39865048901104960244e-02-j2.92695400625713197940e-02
  +1.08233933600005438613e-02-j2.72433957386895853059e-02
  +7.80454026615912122011e-03-j2.49510258590825984015e-02
  +4.95479589965175382105e-03-j2.23989115751165590584e-02
  +2.27918315172964680571e-03-j1.96202703268239520007e-02
  -2.05756593083528116495e-04-j1.66273847525871265596e-02
  -2.48052257479558502240e-03-j1.34305326622753684607e-02
  -4.50077025493045290716e-03-j1.00238222201454729721e-02
  -6.28282693608900322246e-03-j6.45098140367297845366e-03
  -7.81451631263274659744e-03-j2.72888371419505171289e-03
  -9.08484846069190776774e-03+j1.12476267480166036705e-03
  -1.00495102953456205697e-02+j5.10292014840191265890e-03
  -1.07234168727879941585e-02+j9.17318378856096794394e-03
  -1.11093911314792403999e-02+j1.33118604328102130285e-02
  -1.12022994995886748804e-02+j1.74985645304284037627e-02
  -1.09768553909354582565e-02+j2.17129056507408407795e-02
  -1.04265727463093704763e-02+j2.59297667241549026351e-02
  -9.57677188211186747324e-03+j3.01260352937971383203e-02
  -8.42870106368248661610e-03+j3.42805693636023950388e-02
  -6.97909206337471443859e-03+j3.83705586408285975741e-02
  -5.19906000046027605421e-03+j4.23619611842294963022e-02
  -3.13528180074745810302e-03+j4.62437692140605510760e-02
  -7.95338667443912239463e-04+j4.99960657047899825756e-02
  +1.81180783732570738209e-03+j5.35994864338758952860e-02
  +4.70700817815578043124e-03+j5.70116596302474090696e-02
  +7.85193116013443992429e-03+j6.02282910065041615644e-02
  +1.12254330407218216870e-02+j6.32378356386926188115e-02
  +1.48131141040250824403e-02+j6.60244175655625292753e-02
  +1.86131817203777361058e-02+j6.85540913304459598177e-02
  +2.26068714200773901446e-02+j7.08088358678575641170e-02
  +2.67603483610471259979e-02+j7.27963548457833536931e-02
  +3.10550877883430942461e-02+j7.45057347968083594214e-02
  +3.54742477354632046449e-02+j7.59202162549666714764e-02
  +4.00057184715831293254e-02+j7.69978090953056248935e-02
  +4.46132381353236961985e-02+j7.77710030437312599405e-02
  +4.92758443630995635054e-02+j7.82348372699372823780e-02
  +5.39722780655769174274e-02+j7.83857973816250164223e-02
  +5.86798168497540406641e-02+j7.81806288831244228232e-02
  +6.33725344766593590151e-02+j7.76515059132347751358e-02
  +6.80286695114697970155e-02+j7.68085109120747733247e-02
  +7.26268498710191390266e-02+j7.56545226930444153490e-02
  +7.71379393242158650779e-02+j7.41701153170352678323e-02
  +8.15369822972353830437e-02+j7.23625204935614274593e-02
  +8.58103956198939532563e-02+j7.02635411990557012807e-02
  +8.99385672353221199415e-02+j6.78821668313503712167e-02
  +9.38974641893932093772e-02+j6.52215668825456285074e-02
  +9.76470775025654880164e-02+j6.22686539690701923444e-02
  +1.01192379170610219363e-01+j5.90718005045593741453e-02
  +1.04517207750333324112e-01+j5.56453045038682037049e-02
  +1.07606397451039476065e-01+j5.20045204581010001021e-02
  +1.10410598782274715912e-01+j4.81416234772197582092e-02
  +1.12942781482551102279e-01+j4.40982701755763817353e-02
  +1.15197650827449843414e-01+j3.98975324923523388954e-02
  +1.17165105776252054248e-01+j3.55585091846556955453e-02
  +1.18811258416604115240e-01+j3.10929482411572144507e-02
  +1.20129483993560298716e-01+j2.65261320946864331827e-02
  +1.21136714158113223405e-01+j2.18876243033263861992e-02
  +1.21828767313536229233e-01+j1.71986696072506106692e-02
  +1.22193014822279344411e-01+j1.24806076043542379939e-02
  +1.22197467989803340571e-01+j7.75815336801286004054e-03
  +1.21883291306280477917e-01+j3.05601219899545584191e-03
  +1.21252609270771208316e-01-j1.60419204239367618747e-03
  +1.20308995819117525716e-01-j6.20100537790119199499e-03
  +1.19016037732522006465e-01-j1.06986977713798558920e-02
  +1.17417383303324046606e-01-j1.50835984021086555451e-02
  +1.15527688640118392227e-01-j1.93373334812284303208e-02
  +1.13356632407057900114e-01-j2.34403002265281823480e-02
  +1.10893103805855888777e-01-j2.73573307574813961995e-02
  +1.08155766355058108319e-01-j3.10692101505788964566e-02
  +1.05177885697798234599e-01-j3.45714569476073263488e-02
  +1.01974524915417572024e-01-j3.78480355449560823544e-02
  +9.85552895685623681077e-02-j4.08751514415295336136e-02
  +9.49233583705559186283e-02-j4.36139549495979661486e-02
  +9.11225494647899536549e-02-j4.60824047888340471157e-02
  +8.71721090536777681868e-02-j4.82695210946373076677e-02
  +8.30920267534386025599e-02-j5.01656577543174997391e-02
  +7.88906209051285639555e-02-j5.17194196325732880037e-02
  +7.46055124281964632260e-02-j5.29604825464694006776e-02
  +7.02603177572229398162e-02-j5.38892053021935296675e-02
  +6.58771517226882097340e-02-j5.45023086721078825478e-02
  +6.14790661204780986004e-02-j5.47696945089625464309e-02
  +5.70931145866231046226e-02-j5.46980666459075948183e-02
  +5.27424564246630409037e-02-j5.43112379058032501700e-02
  +4.84493113033435188197e-02-j5.36127717492241653852e-02
  +4.42395231596304228106e-02-j5.25964955880485682260e-02
  +4.01467092152939381000e-02-j5.12458406887246545325e-02
  +3.61815150980565464200e-02-j4.96062613262163720762e-02
  +3.23641139513243247805e-02-j4.76879860592205537251e-02
  +2.87139111484897673054e-02-j4.55026729471482149769e-02
  +2.52788102163352783325e-02-j4.30287900688460928089e-02
  +2.20540992939784012694e-02-j4.03160301643231966384e-02
  +1.90532579190928370860e-02-j3.73838653290240671700e-02
  +1.62911560611503393459e-02-j3.42494310661148951280e-02
  +1.38059891406315232015e-02-j3.09156954964089104865e-02
  +1.16050150677009817485e-02-j2.74106148134113970782e-02
  +9.68185277815952066716e-03-j2.37662043958784784115e-02
  +8.04524674517946222774e-03-j2.00033791607697221393e-02
  +6.71474028431162141273e-03-j1.61406261257457210589e-02
  +5.71922576267739051631e-03-j1.21982245130778221148e-02
  +5.02753563630139142793e-03-j8.20925437893986822968e-03
  +4.64134003284898122299e-03-j4.19622631197824440263e-03
  +4.56063462432805197255e-03-j1.81679068162993173630e-04
  +4.82816569221938482470e-03+j3.80553201332409912760e-03
  +5.39817163309442085706e-03+j7.74327429267780698030e-03
  +6.26198659316282851828e-03+j1.16100368909446832744e-02
  +7.41232151536561773009e-03+j1.53846837909496839125e-02
  +8.86601778018514252722e-03+j1.90339676278202599158e-02
  +1.06010144733616820667e-02+j2.25387711064851531395e-02
  +1.25880644990422219803e-02+j2.58880041423842910397e-02
  +1.48138080883761201478e-02+j2.90643379205442059510e-02
  +1.72730753452805876891e-02+j3.20421565925457230151e-02
  +1.99615309636251986314e-02+j3.47897664641714232658e-02
  +2.28371137803021137525e-02+j3.73157271127005085720e-02
  +2.58819355408392813567e-02+j3.96080785293303344607e-02
  +2.90773528182887222582e-02+j4.16562949052595721255e-02
  +3.24209254339448763038e-02+j4.34119066542909548545e-02
  +3.58713766818027635086e-02+j4.49034294837522551802e-02
  +3.94075193655772371137e-02+j4.61272006263473699494e-02
  +4.30088247941845594480e-02+j4.70793793054419817956e-02
  +4.66569420714669502726e-02+j4.77303357203011369148e-02
  +5.03257614546851056447e-02+j4.80909007988040426707e-02
  +5.39925247879034439502e-02+j4.81785000175098121478e-02
  +5.76371569091098726045e-02+j4.79960544932457600087e-02
  +6.12369853613048409358e-02+j4.75354892976710408092e-02
  +6.47657217437904442203e-02+j4.67878978213294716149e-02
  +6.82102235787448163418e-02+j4.57900452337027530358e-02
  +7.15530287837121137251e-02+j4.45508913372573145395e-02
  +7.47775368477682361723e-02+j4.30806061607149348713e-02
  +7.78451075466458780605e-02+j4.13584122152652056137e-02
  +8.07599216788920382104e-02+j3.94316181113879560272e-02
  +8.35093144592902736356e-02+j3.73145919230329636829e-02
  +8.60813255895017392927e-02+j3.50217746760191628308e-02
  +8.84447993545314503638e-02+j3.25534779272418361984e-02
  +9.05979522195979880550e-02+j2.99361052430525964585e-02
  +9.25435230735263403279e-02+j2.71947950899770474198e-02
  +9.42751270517416806172e-02+j2.43463816151775480634e-02
  +9.57762189849338807512e-02+j2.14042992885278837711e-02
  +9.70304177554714986087e-02+j1.83850387266674408782e-02
  +9.80592730918423693964e-02+j1.53150864389232366225e-02
  +9.88622069495971866893e-02+j1.22116766788876174310e-02
  +9.94399346325697819360e-02+j9.09186378661558380898e-03
</dep>
<dep S[3,2] frequency>
  -7.20904357672197057538e-04-j3.35953004711393504386e-03
  -1.11362235107010168478e-03-j4.12365186867509874585e-03
  -1.59835242623488672786e-03-j4.84597551682810438051e-03
  -2.16107994802677144675e-03-j5.51679339814346338111e-03
  -2.78997110326331676511e-03-j6.13192993726834403856e-03
  -3.48222446044186423331e-03-j6.68402541923430668080e-03
  -4.22924770342326256101e-03-j7.17520704299805592297e-03
  -5.02563910897492471808e-03-j7.60609582806933554044e-03
  -5.86915161879777297349e-03-j7.97261637035771852933e-03
  -6.75875574802840134447e-03-j8.26508833887103222526e-03
  -7.69030087338431339594e-03-j8.47263742391421437183e-03
  -8.65213592398342279388e-03-j8.59703977757352022504e-03
  -9.63561039976348204794e-03-j8.63397818315173037895e-03
  -1.06311492641613623833e-02-j8.58048025486571330767e-03
  -1.16275886137215157812e-02-j8.42208817109546536983e-03
  -1.26139081794863321118e-02-j8.17428750835594297719e-03
  -1.35812660697282698574e-02-j7.83994001682576657775e-03
  -1.45217606389009407097e-02-j7.42298154559196954327e-03
  -1.54241449824269773183e-02-j6.92011715058096776865e-03
  -1.62839134789988862484e-02-j6.34222248456547954554e-03
  -1.70981533559926290877e-02-j5.69839300286714700583e-03
  -1.78630478154635126409e-02-j4.99401879469177356619e-03
  -1.85721880566002348067e-02-j4.23150845535702480049e-03
  -1.92202286601901826957e-02-j3.41494536514683200146e-03
  -1.98103683120045837018e-02-j2.55473829289729059688e-03
  -2.03408284102090039513e-02-j1.65581608570103400169e-03
  -2.08096842545463893426e-02-j7.22854503839659434661e-04
  -2.12065472110444172560e-02+j2.42703265768556830650e-04
  -2.15398640902843517553e-02+j1.23107920936807446743e-03
  -2.18090669900730046993e-02+j2.23739077702231337064e-03
  -2.20139045509659125877e-02+j3.25672806139387649438e-03
  -2.21472354664138670888e-02+j4.28450258685947327209e-03
  -2.22141106193771420418e-02+j5.31444032027866830603e-03
  -2.22184031686798316718e-02+j6.34135480293732123336e-03
  -2.21615308450943820917e-02+j7.36047431831418630388e-03
  -2.20418137297439115097e-02+j8.36609792483880565506e-03
  -2.18600655350380118636e-02+j9.35238826358450459075e-03
  -2.16247587438340854726e-02+j1.03165263512407789914e-02
  -2.13390775814556038492e-02+j1.12547053711783695551e-02
  -2.10061171618939890315e-02+j1.21631299900978318007e-02
  -2.06244852697555491883e-02+j1.30338420414297384564e-02
  -2.02051623308206196317e-02+j1.38688443598553312608e-02
  -1.97525532413968252232e-02+j1.46661331926875582177e-02
  -1.92712149836941903924e-02+j1.54241965107468070872e-02
  -1.87635587944169068830e-02+j1.61372702369681764178e-02
  -1.82368480755181749942e-02+j1.68079563595991687830e-02
  -1.76967059372747648194e-02+j1.74381361441739435314e-02
  -1.71477054384664151510e-02+j1.80285371796504167996e-02
  -1.65942847830002349063e-02+j1.85779901062886609875e-02
  -1.60414470987567392424e-02+j1.90876184858374819964e-02
  -1.54934007456683786597e-02+j1.95632949553189716685e-02
  -1.49537210928482322547e-02+j2.00077602365994478006e-02
  -1.44258349484089887227e-02+j2.04238060115904951353e-02
  -1.39148558947915224060e-02+j2.08123093948817394772e-02
  -1.34212445174097805278e-02+j2.11810716632121198710e-02
  -1.29467873127548926959e-02+j2.15342028995227918742e-02
  -1.24927843811007410757e-02+j2.18760054486130395279e-02
  -1.20626213699625561837e-02+j2.22106598458088611014e-02
  -1.16547368003411810911e-02+j2.25439841431374632386e-02
  -1.12678841616515867941e-02+j2.28807823128545639868e-02
  -1.09010954085417277604e-02+j2.32255913023549365182e-02
  -1.05540043924080007010e-02+j2.35840354409346530939e-02
  -1.02244408480040016585e-02+j2.39615807989961571156e-02
  -9.90808906936063715776e-03+j2.43610643756130840210e-02
  -9.60178568770153617606e-03+j2.47862605480715092465e-02
  -9.30194925453581289432e-03+j2.52411983874732959165e-02
  -9.00410264218282074822e-03+j2.57334423148360691425e-02
  -8.70292202954947580196e-03+j2.62613317755113900853e-02
  -8.39351738785193424164e-03+j2.68269946093990518943e-02
  -8.07068610845779188523e-03+j2.74320662191023384446e-02
  -7.72601516711812763560e-03+j2.80828542762278365874e-02
  -7.35469865091331609364e-03+j2.87764384573579168336e-02
  -6.95150968960628334870e-03+j2.95113303834698276207e-02
  -6.51046210655420454216e-03+j3.02868794815470965265e-02
  -6.02188596813602039504e-03+j3.11045439986367619478e-02
  -5.47787305366798094042e-03+j3.19625017297223007473e-02
  -4.87637284454772723663e-03+j3.28547301064195385045e-02
  -4.21159248797986496271e-03+j3.37779686585726879322e-02
  -3.47638778225539679667e-03+j3.47288255167074733087e-02
  -2.65588126210214436895e-03+j3.57046919942161020134e-02
  -1.75479986031007451075e-03+j3.66968024043415261271e-02
  -7.68577029022499136346e-04+j3.76994609723113882627e-02
  +3.06938422117597475847e-04+j3.87064801247681833374e-02
  +1.48767733369464805193e-03+j3.97100008182110220112e-02
  +2.76821923675313330548e-03+j4.07020382334561114934e-02
  +4.14811773104833969583e-03+j4.16751284200482310927e-02
  +5.62923507429330394203e-03+j4.26213859839075365210e-02
  +7.22061575901650209985e-03+j4.35293330174101392172e-02
  +8.92356237130326190865e-03+j4.43885679203236613311e-02
  +1.07293182070737902478e-02+j4.51935319520095496459e-02
  +1.26369181435325161900e-02+j4.59355476353092984088e-02
  +1.46470574857456847795e-02+j4.66039419560676376753e-02
  +1.67676341227367409203e-02+j4.71797118162218254156e-02
  +1.89820029525929467873e-02+j4.76641693059639270924e-02
  +2.12861997197316132890e-02+j4.80488747436814550573e-02
  +2.36755874119185527604e-02+j4.83255887583035337318e-02
  +2.61545101401560731169e-02+j4.84701516339368920772e-02
  +2.87077860494838188465e-02+j4.84858191533281690511e-02
  +3.13264759229236466886e-02+j4.83686220893765617124e-02
  +3.40032328163564767642e-02+j4.81117836304478241338e-02
  +3.67334144055073696933e-02+j4.76969584468840412939e-02
  +3.95067802274944868124e-02+j4.71172524736549747093e-02
  +4.23104401476672720150e-02+j4.63792242492440109913e-02
  +4.51349136567310016410e-02+j4.54783813162846495270e-02
  +4.79703262523858420252e-02+j4.44061660325625884305e-02
  +5.08047989404646349598e-02+j4.31413981532433044030e-02
  +5.36266830199559341175e-02+j4.17036384361769985052e-02
  +5.64251688985617783079e-02+j4.00912435272172684719e-02
  +5.91892633547007607220e-02+j3.83032788834044013448e-02
  +6.19002027932670784161e-02+j3.63160444942849380823e-02
  +6.45501982226440451651e-02+j3.41496510150806342754e-02
  +6.71291381357306260469e-02+j3.18098506849318896084e-02
  +6.96258072296552787961e-02+j2.92989084436344193740e-02
  +7.20204034058798403528e-02+j2.66062912374709359398e-02
  +7.43004038113466713789e-02+j2.37378034331603982032e-02
  +7.64623010399304581242e-02+j2.07108326352149763050e-02
  +7.84956066783606409842e-02+j1.75308145822222483101e-02
  +8.03854992154557357331e-02+j1.41995702060376260967e-02
  +8.21061880547721001378e-02+j1.07117266973518754369e-02
  +8.36663279742280024953e-02+j7.09345546976181129395e-03
  +8.50570620669769406064e-02+j3.35306610255192705239e-03
  +8.62700249945563824028e-02-j5.00541334654852621000e-04
  +8.72708538026007452082e-02-j4.47077294152126158977e-03
  +8.80731360978322247446e-02-j8.53403417754680648777e-03
  +8.86742930902196940801e-02-j1.26775809123523264255e-02
  +8.90685463897640805619e-02-j1.68903461373232643972e-02
  +8.92321863030641759806e-02-j2.11647589116679135657e-02
  +8.91630412256274873517e-02-j2.54858451598556356998e-02
  +8.88730961918704487346e-02-j2.98374136531043276932e-02
  +8.83597287928952201952e-02-j3.42070487792718591624e-02
  +8.76133139935232618800e-02-j3.85818638938853208931e-02
  +8.66125387445305650047e-02-j4.29462517451138225955e-02
  +8.53853543257069164119e-02-j4.72871248742282590527e-02
  +8.39326018308974991511e-02-j5.15917026216663188176e-02
  +8.22559270943999942816e-02-j5.58472701692032669207e-02
  +8.03270341442455654279e-02-j6.00307800906357547088e-02
  +7.81771907694154138957e-02-j6.41358531680102511574e-02
  +7.58144829509415640878e-02-j6.81515027535096185041e-02
  +7.32439481859663427121e-02-j7.20659626061005975650e-02
  +7.04539082408802835866e-02-j7.58567319169776987930e-02
  +6.74563787633098016494e-02-j7.95131437462653217763e-02
  +6.42725200893058956630e-02-j8.30327506553966698810e-02
  +6.09102963183938972414e-02-j8.64057457784249138832e-02
  +5.73721985881512838712e-02-j8.96166450511637902032e-02
  +5.36557195871474948423e-02-j9.26418509732944150947e-02
  +4.97907172965113345442e-02-j9.54926372725379835060e-02
  +4.57872730231878855012e-02-j9.81619617724530379999e-02
  +4.16558101885421694366e-02-j1.00643496267498383512e-01
  +3.73917016906785554253e-02-j1.02903027045991482535e-01
  +3.30226525803004739013e-02-j1.04960534421211462708e-01
  +2.85613879511311119508e-02-j1.06814871594804405852e-01
  +2.40191194473579859581e-02-j1.08462982505714677917e-01
  +1.94016969483726299528e-02-j1.09883067192182826144e-01
  +1.47242968507187640959e-02-j1.11079178093815900130e-01
  +1.00023584718430674778e-02-j1.12064389188828994470e-01
  +5.24672312845708959522e-03-j1.12838832470070246639e-01
  +4.67511015995600992534e-04-j1.13394719113996997328e-01
  -4.32413550177512470696e-03-j1.13718099847539277913e-01
  -9.11596069941982868612e-03-j1.13835726754236574165e-01
  -1.38985086890182508307e-02-j1.13750390234173007209e-01
  -1.86627532500734660825e-02-j1.13465376498269585048e-01
  -2.33949457195013407751e-02-j1.12956110813604529430e-01
  -2.80897863430871926049e-02-j1.12254483457543824398e-01
  -3.27402865067477205629e-02-j1.11367116567010440709e-01
  -3.73397577304019692712e-02-j1.10298665049228958313e-01
  -4.18759376827310403346e-02-j1.09037472183131756154e-01
  -4.63441772051804562471e-02-j1.07595411838346310951e-01
  -5.07430534807614408432e-02-j1.05988283900927834913e-01
  -5.50679414937419592357e-02-j1.04221213607836593606e-01
  -5.93109434312587280314e-02-j1.02292962239470583419e-01
  -6.34621519431155245439e-02-j1.00199376416374677512e-01
  -6.75274559347884273386e-02-j9.79628006251213739874e-02
  -7.15041567602877486953e-02-j9.55880319964790003961e-02
  -7.53899100858474863207e-02-j9.30796654255872796258e-02
  -7.91683620759916356624e-02-j9.04231482926844132297e-02
  -8.28510258130941285026e-02-j8.76416665741123479538e-02
  -8.64370863969130959203e-02-j8.47398304393148921188e-02
  -8.99252550448004922545e-02-j8.17210708006309571871e-02
  -9.33043781010231554340e-02-j7.85774708006379135616e-02
  -9.65772595600348227052e-02-j7.53169822183588355546e-02
  -9.97486325383826893942e-02-j7.19486343683701512486e-02
  -1.02817397523660369885e-01-j6.84745525933827398068e-02
  -1.05777318316726959280e-01-j6.48916735106873920902e-02
  -1.08620337279114437257e-01-j6.11955134062752148516e-02
  -1.11356386841365159746e-01-j5.73987386094342855181e-02
  -1.13983753968343690111e-01-j5.35024448349138148640e-02
  -1.16500493426902648753e-01-j4.95075682799398231193e-02
  -1.18886567990503705383e-01-j4.53999144828939604768e-02
  -1.21156178489284727107e-01-j4.11950662946836410061e-02
  -1.23306817491988865432e-01-j3.68940382920629472707e-02
  -1.25335271819935284432e-01-j3.24975244622539849448e-02
  -1.27224625576411898287e-01-j2.79966040661819570712e-02
  -1.28976310182452535980e-01-j2.33968762077363945373e-02
  -1.30592970953951170721e-01-j1.87046155159865390427e-02
  -1.32069990152991034726e-01-j1.39211081866116026529e-02
  -1.33394704799987134924e-01-j9.04337667870203087972e-03
  -1.34552659862534507162e-01-j4.06884099170992663552e-03
  -1.35553828187168434738e-01+j9.90666128513312260750e-04
  -1.36392437745616018629e-01+j6.13243309334324249171e-03
  -1.37062524987821537925e-01+j1.13533172459814590827e-02
</dep>
<dep S[3,1] frequency>
  +2.21086950745304385013e-03+j1.33042922277189900465e-02
  +3.43888097367637049495e-03+j1.64390006583471012802e-02
  +4.90993444808461403095e-03+j1.94781642718093069011e-02
  +6.61639259741103602508e-03+j2.24106356254245436821e-02
  +8.55174418898353543017e-03+j2.52250240388457586116e-02
  +1.07329931887289488357e-02+j2.78936662977510921313e-02
  +1.31400875979878276056e-02+j3.04078176091053531405e-02
  +1.57533309555741400654e-02+j3.27598956066761370920e-02
  +1.85625866511415181515e-02+j3.49354998754497006463e-02
  +2.15651387053985323095e-02+j3.69097754265218999659e-02
  +2.47528057089548315928e-02+j3.86586492186485192191e-02
  +2.80919673406561203055e-02+j4.01920050235464593191e-02
  +3.15672828754335887957e-02+j4.15015667882108058029e-02
  +3.51637687316833438822e-02+j4.25798417488028879685e-02
  +3.88799995512050106106e-02+j4.33851647716412408551e-02
  +4.26834201450477720985e-02+j4.39494871644561801993e-02
  +4.65599387365896802415e-02+j4.42695930768224193974e-02
  +5.04958126332281098669e-02+j4.43428197607028395932e-02
  +5.44810595557144380918e-02+j4.41393367274986458959e-02
  +5.84972609768913479056e-02+j4.36724813777154829975e-02
  +6.25289844780536341329e-02+j4.29529090748798081378e-02
  +6.65628115167736789104e-02+j4.19796792838884880172e-02
  +7.05836605615054873963e-02+j4.07374707773386635079e-02
  +7.45741644347990284558e-02+j3.92159850111762076086e-02
  +7.85218788896886454864e-02+j3.74414366974425427692e-02
  +8.24128103428810182551e-02+j3.54153934808757731023e-02
  +8.62323082343146724016e-02+j3.31384733008509846375e-02
  +8.99518062504807980329e-02+j3.05788718171090267983e-02
  +9.35686339968596902938e-02+j2.77783525172928535962e-02
  +9.70690074405482217212e-02+j2.47419298985906144228e-02
  +1.00439379331535058593e-01+j2.14754408025874532484e-02
  +1.03648749066154677312e-01+j1.79610705621949529043e-02
  +1.06692098342333507865e-01+j1.42230013253646092597e-02
  +1.09563665943846560991e-01+j1.02796082946076117182e-02
  +1.12251695968495435185e-01+j6.14004086406083615657e-03
  +1.14732228705549665904e-01+j1.80327767658700066633e-03
  +1.16985676714129516185e-01-j2.72418312480485202975e-03
  +1.19021255312310655916e-01-j7.41344695633458505846e-03
  +1.20829868473045415334e-01-j1.22528431968254858386e-02
  +1.22400582546530800609e-01-j1.72315288485619388936e-02
  +1.23691114568056315104e-01-j2.23521296899740207209e-02
  +1.24729800754864589285e-01-j2.75817320100879559419e-02
  +1.25510590297572444118e-01-j3.29070380863620282064e-02
  +1.26028150005548594814e-01-j3.83144911817281941246e-02
  +1.26246101489938811202e-01-j4.37966116802408489406e-02
  +1.26180358058752661865e-01-j4.93320087703487120123e-02
  +1.25839083293162623534e-01-j5.49038031015079419639e-02
  +1.25220083780293811593e-01-j6.04977314079019057314e-02
  +1.24303602130813262150e-01-j6.60989513292946917478e-02
  +1.23081184017260064634e-01-j7.16900929151645938120e-02
  +1.21578974705429915248e-01-j7.72563315147745399702e-02
  +1.19797902597068850472e-01-j8.27833062438808331418e-02
  +1.17735833706469561477e-01-j8.82557590504351729965e-02
  +1.15359729274372324603e-01-j9.36483061967802871139e-02
  +1.12712839617255478064e-01-j9.89551762185359173873e-02
  +1.09799176328922831747e-01-j1.04162493235048600471e-01
  +1.06623447831121265228e-01-j1.09256578530277217998e-01
  +1.03160938751374497979e-01-j1.14207109719636240586e-01
  +9.94400104618228253273e-02-j1.19009377462879262222e-01
  +9.54773256151347227139e-02-j1.23655488662956961066e-01
  +9.12805384093526295253e-02-j1.28133023879747953711e-01
  +8.68430894141027920341e-02-j1.32416673709636029121e-01
  +8.21713232436839802197e-02-j1.36488657398798035603e-01
  +7.72950015055217098947e-02-j1.40354348882794854880e-01
  +7.22244518342459729254e-02-j1.44003259976456077229e-01
  +6.69676259753734792746e-02-j1.47421362350352302961e-01
  +6.15166458624464840277e-02-j1.50568604028205099699e-01
  +5.59090176873699995497e-02-j1.53468727398432397413e-01
  +5.01572692443087997383e-02-j1.56113816925852549877e-01
  +4.42739317005015897699e-02-j1.58496921613710262111e-01
  +3.82612471998500236481e-02-j1.60576302261905418112e-01
  +3.21477623783363863907e-02-j1.62368545617491616406e-01
  +2.59514454572150055078e-02-j1.63878870948046873046e-01
  +1.96869883213613983131e-02-j1.65103689887048321605e-01
  +1.33665394674343240844e-02-j1.66019299492472377500e-01
  +7.00749327420635559349e-03-j1.66619596604510117333e-01
  +6.29125293233057103492e-04-j1.66928627742243845811e-01
  -5.75363706765436022650e-03-j1.66946470413141867528e-01
  -1.21254038469055247518e-02-j1.66668090602922203125e-01
  -1.84661099476312040579e-02-j1.66061938384615220832e-01
  -2.47632986897596829579e-02-j1.65170694985394161947e-01
  -3.10028248663566374788e-02-j1.63997959267372539482e-01
  -3.71708557385457272204e-02-j1.62548081471492467109e-01
  -4.32414043161861161302e-02-j1.60792294759593640263e-01
  -4.92077495832604627779e-02-j1.58763557966052598625e-01
  -5.50601152541375649108e-02-j1.56476904906107272542e-01
  -6.07865148913157016253e-02-j1.53939585071395435012e-01
  -6.63642022734669545514e-02-j1.51141727215743759682e-01
  -7.17791382533544686240e-02-j1.48091843923164434571e-01
  -7.70326950440793356556e-02-j1.44818801555612164389e-01
  -8.21153048942711016878e-02-j1.41331991326157091482e-01
  -8.70134500544922362408e-02-j1.37636541612958490655e-01
  -9.16967602112269131176e-02-j1.33722989496325078695e-01
  -9.61821266706390232137e-02-j1.29628812128958659233e-01
  -1.00462649828471223268e-01-j1.25364706327327241064e-01
  -1.04532044083119779465e-01-j1.20941554578135185283e-01
  -1.08355641241038913591e-01-j1.16352546854255251008e-01
  -1.11950132366861410116e-01-j1.11625702136520926766e-01
  -1.15317216350412865555e-01-j1.06776271729681376810e-01
  -1.18453173661683314188e-01-j1.01815516968288638511e-01
  -1.21336093814037454530e-01-j9.67477416974986126341e-02
  -1.23962909361666484553e-01-j9.15864771600891636183e-02
  -1.26350239389952295754e-01-j8.63506202340704465126e-02
  -1.28496619890715924051e-01-j8.10512678350378823477e-02
  -1.30394380806888199320e-01-j7.56983181909814117905e-02
  -1.32017886754111996028e-01-j7.03002495860737819378e-02
  -1.33398725398996359504e-01-j6.48743313128963272618e-02
  -1.34537299811887473000e-01-j5.94312205718764696716e-02
  -1.35434398660028598727e-01-j5.39814511738700986143e-02
  -1.36059181832135889234e-01-j4.85373387491228880375e-02
  -1.36439894134127215342e-01-j4.31101554999159530812e-02
  -1.36584296259459114786e-01-j3.77098755327123225101e-02
  -1.36494705989516212918e-01-j3.23464744825958105956e-02
  -1.36154948015613008749e-01-j2.70345096184282929208e-02
  -1.35570242149013253652e-01-j2.17853057968593333271e-02
  -1.34761435384247535429e-01-j1.66047378619784968823e-02
  -1.33732244104259129225e-01-j1.15022414888347745965e-02
  -1.32480162804695628109e-01-j6.49014916798112961871e-03
  -1.30989969166214886842e-01-j1.58852096381217888776e-03
  -1.29293847597870714683e-01+j3.20502169739123043968e-03
  -1.27396940580389250730e-01+j7.88158555574824948309e-03
  -1.25304734708512804930e-01+j1.24324128286176505132e-02
  -1.22997893926677245857e-01+j1.68292379077197018500e-02
  -1.20505695318151501150e-01+j2.10781868143254946801e-02
  -1.17838733092673966785e-01+j2.51738257589967096006e-02
  -1.15004096531223815036e-01+j2.91081102059339291710e-02
  -1.11996222648401602684e-01+j3.28579693570731912189e-02
  -1.08826826145274058177e-01+j3.64166739709778641831e-02
  -1.05515788249439190771e-01+j3.97892719498328106820e-02
  -1.02071949356263860786e-01+j4.29687709404143192149e-02
  -9.85006850369193609485e-02+j4.59413803111788088263e-02
  -9.48032605121458676889e-02+j4.86812881580472867071e-02
  -9.10049008867896275232e-02+j5.12075702794334008949e-02
  -8.71162326142144866070e-02+j5.35148021947860763614e-02
  -8.31482760893409444947e-02+j5.55980058717057967765e-02
  -7.91045517998849034846e-02+j5.74199166757517753812e-02
  -7.50068786190151298721e-02+j5.90044387308474721499e-02
  -7.08686277285083404687e-02+j6.03522871115218240146e-02
  -6.67023488703096800734e-02+j6.14608374429818707374e-02
  -6.25207620312177858590e-02+j6.23064135144250352827e-02
  -5.83398366541947321906e-02+j6.28925634262561122911e-02
  -5.41738280591349957716e-02+j6.32355216424755339766e-02
  -5.00362889452573844640e-02+j6.33356502428737144772e-02
  -4.59430641861427319084e-02+j6.31850157512224286371e-02
  -4.19149715385465221340e-02+j6.27662359640960149099e-02
  -3.79603281469689038397e-02+j6.21113463150552713721e-02
  -3.40928734820521717186e-02+j6.12241754333229942775e-02
  -3.03262492045789575079e-02+j6.01093868293199953823e-02
  -2.66923811861684186220e-02+j5.87413545240600548647e-02
  -2.31912582806302683402e-02+j5.71564701438231487218e-02
  -1.98341686013517211340e-02+j5.53652615233442765841e-02
  -1.66336438914882964180e-02+j5.33760413915841600008e-02
  -1.36185933828548242502e-02+j5.11813805786314399149e-02
  -1.07980879361795466947e-02+j4.87984207545427497998e-02
  -8.17186745397257066625e-03+j4.62503243386098161771e-02
  -5.75022721848798476496e-03+j4.35487602501595169602e-02
  -3.55203872161866020946e-03+j4.07008535699456483470e-02
  -1.60455369923131248994e-03+j3.77123645581157324047e-02
  +1.09639453016766377780e-04+j3.46132274822245206147e-02
  +1.58348046469625018673e-03+j3.14177641513070163293e-02
  +2.81076322191060185007e-03+j2.81407684541643658693e-02
  +3.74825203813153665089e-03+j2.47900308818002068634e-02
  +4.42555377076959272076e-03+j2.13927830254534920296e-02
  +4.84199539124851446870e-03+j1.79661001648245416407e-02
  +4.99546654036894105522e-03+j1.45263996044030507804e-02
  +4.85942786555290662243e-03+j1.10923464103144103765e-02
  +4.44306208856925025086e-03+j7.68367856368355750529e-03
  +3.76400745442147938169e-03+j4.31684945800717145836e-03
  +2.82469319414181338490e-03+j1.00862305248809736025e-03
  +1.61749295510812268750e-03-j2.22040889830109333669e-03
  +1.30650890089942239847e-04-j5.34477830819911348126e-03
  -1.60095554527830627456e-03-j8.35751520101621347969e-03
  -3.57047713890419442240e-03-j1.12430732395588928174e-02
  -5.77012265761971555184e-03-j1.39863333165534398095e-02
  -8.22321337524212908621e-03-j1.65467873005091664629e-02
  -1.08868224881258184034e-02-j1.89314273332409355177e-02
  -1.37487352847791861193e-02-j2.11280653120326233907e-02
  -1.67974717865357857371e-02-j2.31240743222435596316e-02
  -2.00368672265667652210e-02-j2.48851691198155311469e-02
  -2.34443566454257124043e-02-j2.64070908362604439557e-02
  -2.69961155890752965703e-02-j2.76922467749390888159e-02
  -3.06778125019395789264e-02-j2.87313123486266364104e-02
  -3.44793222886903838464e-02-j2.95031553925941547600e-02
  -3.83885886552715119291e-02-j2.99827082226324648229e-02
  -4.23774540617885553395e-02-j3.01917632926112788905e-02
  -4.64296843393413732892e-02-j3.01248183463483365507e-02
  -5.05287460592202947174e-02-j2.97772932100221765506e-02
  -5.46598697146934917046e-02-j2.91011682824731943153e-02
  -5.87994796037132963495e-02-j2.81366496271819033215e-02
  -6.29303133472345760380e-02-j2.68832995806441710229e-02
  -6.70351244143587154944e-02-j2.53406538827447846973e-02
  -7.10903077615945427903e-02-j2.34795828784581939175e-02
  -7.50776793213144277850e-02-j2.13158945675792077523e-02
  -7.89826391596315929844e-02-j1.88681871965840908256e-02
  -8.27881642068294121284e-02-j1.61401263948827422556e-02
  -8.64704814244051656047e-02-j1.31224058298197165939e-02
  -9.00026258294873704457e-02-j9.80688920026739907598e-03
  -9.33811562570073389056e-02-j6.22958152254513009005e-03
  -9.65901704875718608578e-02-j2.39811732887393325164e-03
  -9.96141444687824728632e-02+j1.67900018634151160235e-03
</dep>
<dep S[2,4] frequency>
  +2.21158822914443737445e-03+j1.33041895186251628996e-02
  +3.43237958741910743898e-03+j1.64362580991079185178e-02
  +4.90790077260793745906e-03+j1.94771351512326683364e-02
  +6.62447299591478397374e-03+j2.24094428169484688462e-02
  +8.56969629699656440525e-03+j2.52201930652265482458e-02
  +1.07557813716084790800e-02+j2.78834515752309601566e-02
  +1.31614795730656802125e-02+j3.03942563529128531585e-02
  +1.57686425540099206533e-02+j3.27479808778718822770e-02
  +1.85697877569006193632e-02+j3.49318860781349660449e-02
  +2.15655678523469437891e-02+j3.69215431750148093126e-02
  +2.47511929831865547247e-02+j3.86914163329053761853e-02
  +2.80944482044426652179e-02+j4.02481971743572919387e-02
  +3.15804565614750745728e-02+j4.15808393955969524125e-02
  +3.51936743709791305390e-02+j4.26792579187683374098e-02
  +3.89317060544708826164e-02+j4.34987802887045332811e-02
  +4.27591487180990076356e-02+j4.40708486710199298653e-02
  +4.66598839162774975398e-02+j4.43919175703902935126e-02
  +5.06182970322822736731e-02+j4.44596301013743810948e-02
  +5.46223527830300703556e-02+j4.42444569183636227105e-02
  +5.86525679576014383199e-02+j4.37614443639461614399e-02
  +6.26930715946666661242e-02+j4.30228377804506012527e-02
  +6.67302183509384944093e-02+j4.20290240920739022190e-02
  +7.07487351572262807009e-02+j4.07659759240640851008e-02
  +7.47315153778869978307e-02+j3.92246970593630450708e-02
  +7.86672485088569239942e-02+j3.74322524847458260044e-02
  +8.25426525533599630968e-02+j3.53908590253119437197e-02
  +8.63438324547609187265e-02+j3.31016137645626096209e-02
  +9.00428408490224624350e-02+j3.05334805444738011104e-02
  +9.36381467642551090780e-02+j2.77278164307368790720e-02
  +9.71166655896963937344e-02+j2.46895683708762136988e-02
  +1.00465482721697696444e-01+j2.14243968181292709918e-02
  +1.03654306402020002231e-01+j1.79145104072822025643e-02
  +1.06678590243228704759e-01+j1.41834952980897377461e-02
  +1.09532889920016002216e-01+j1.02492059026893234108e-02
  +1.12205725861275293354e-01+j6.12036935195897635609e-03
  +1.14673483078345184172e-01+j1.79557152579906675882e-03
  +1.16916785353975927197e-01-j2.71918719961819488340e-03
  +1.18944651386446359487e-01-j7.39554577064871487835e-03
  +1.20747947394963611734e-01-j1.22222435382265681714e-02
  +1.22315666650806564864e-01-j1.71888326224581555746e-02
  +1.23605644635668809883e-01-j2.22984746989056126232e-02
  +1.24645676401999999650e-01-j2.75184583704962404394e-02
  +1.25429469478506278035e-01-j3.28357491383950983455e-02
  +1.25951419537524395009e-01-j3.82370093814738687410e-02
  +1.26174944212063683269e-01-j4.37151804656438491836e-02
  +1.26115511965293913832e-01-j4.92488536196644399734e-02
  +1.25780921883282659213e-01-j5.48211247067069695760e-02
  +1.25168658463155474392e-01-j6.04177404932298711682e-02
  +1.24258609313395940177e-01-j6.60239568785873920387e-02
  +1.23041944560506488759e-01-j7.16223521330367762783e-02
  +1.21544562285222423892e-01-j7.71977584662928983938e-02
  +1.19767138667154826592e-01-j8.27356329248068456117e-02
  +1.17707296306839903632e-01-j8.82205166456192929614e-02
  +1.15331579660421068567e-01-j9.36268965789271573330e-02
  +1.12683318097916873590e-01-j9.89485079900760400307e-02
  +1.09766436661664468222e-01-j1.04171173102294609136e-01
  +1.06585604080646989544e-01-j1.09280898780380580915e-01
  +1.03115895502357557412e-01-j1.14246998821449743944e-01
  +9.93859071700665674953e-02-j1.19064397969218249695e-01
  +9.54124988990163735991e-02-j1.23724897856130264251e-01
  +9.12034999853041927764e-02-j1.28215787318243595871e-01
  +8.67525057603367177883e-02-j1.32511381386672483229e-01
  +8.20661676772684312020e-02-j1.36593589383094848877e-01
  +7.71746765154703306955e-02-j1.40467718869377339308e-01
  +7.20887149849257502510e-02-j1.44123138032835329536e-01
  +6.68166294491531198574e-02-j1.47545688582038397874e-01
  +6.13510881023949794510e-02-j1.50695025402463239628e-01
  +5.57299911135616943270e-02-j1.53595217327593958068e-01
  +4.99663010522690687054e-02-j1.56238448860362866277e-01
  +4.40733931577049209416e-02-j1.58617727097272370740e-01
  +3.80525404727773963742e-02-j1.60692199979747429861e-01
  +3.19304355682023532914e-02-j1.62479436395555121297e-01
  +2.57254910857326324347e-02-j1.63984410647746603473e-01
  +1.94524350706890003515e-02-j1.65203497155687217823e-01
  +1.31234616913215584866e-02-j1.66112934995252398140e-01
  +6.75601213947096823631e-03-j1.66706595452145500680e-01
  +3.69391494656368113425e-04-j1.67008553554816335796e-01
  -6.02143970351876056668e-03-j1.67018886351489925790e-01
  -1.24010569452505658994e-02-j1.66732555944136245918e-01
  -1.87493381779318957214e-02-j1.66117973669944574144e-01
  -2.50538373794711999309e-02-j1.65217891919673454115e-01
  -3.13003938534373582492e-02-j1.64035922440110171205e-01
  -3.74751631892469849738e-02-j1.62576428118705568204e-01
  -4.35521110492846919016e-02-j1.60810607555726847728e-01
  -4.95245389986152528827e-02-j1.58771465427025748607e-01
  -5.53826761711502246754e-02-j1.56474052612328939915e-01
  -6.11145325200195266291e-02-j1.53925621077841134898e-01
  -6.66973328665139142402e-02-j1.51116271815533997902e-01
  -7.21170279221371446354e-02-j1.48054509686386254197e-01
  -7.73750062042914410476e-02-j1.44769222704612593455e-01
  -8.24616858925767415300e-02-j1.41269792736995303262e-01
  -8.73635209250911426437e-02-j1.37561328224480972082e-01
  -9.20500685698989462580e-02-j1.33634310701883946004e-01
  -9.65382388390143564294e-02-j1.29526260758554695451e-01
  -1.00821094811315625783e-01-j1.25247869459675476023e-01
  -1.04892308095005271085e-01-j1.20810017653723011932e-01
  -1.08717082395819952811e-01-j1.16205846789388583806e-01
  -1.12312106238838221861e-01-j1.11463431972145921023e-01
  -1.15679037931419870233e-01-j1.06598056923877360092e-01
  -1.18814100135884836984e-01-j1.01621013144315097687e-01
  -1.21695256420920217000e-01-j9.65366245136772271884e-02
  -1.24319372168712305449e-01-j9.13584847779031483661e-02
  -1.26703079435369375672e-01-j8.61055782210035647317e-02
  -1.28844868926491495920e-01-j8.07890758195556890620e-02
  -1.30737006234323105414e-01-j7.54189605281995467667e-02
  -1.32353785677631619055e-01-j7.00037760541445952533e-02
  -1.33726961082741069298e-01-j6.45608285735685960560e-02
  -1.34856929346742732134e-01-j5.91008392441828289687e-02
  -1.35744479281534685677e-01-j5.36344067266445456710e-02
  -1.36358653639801430391e-01-j4.81739577238212146604e-02
  -1.36727816471767932294e-01-j4.27308057907009597454e-02
  -1.36859772052166567269e-01-j3.73149787722786285826e-02
  -1.36756864710894959769e-01-j3.19365097522769370020e-02
  -1.36402884392431783533e-01-j2.66100575618808121714e-02
  -1.35803099798730425585e-01-j2.13470006259827982387e-02
  -1.34978460097785829541e-01-j1.61532141016881847229e-02
  -1.33932722513165763933e-01-j1.10381693384392354229e-02
  -1.32663403509606592223e-01-j6.01425123969870356611e-03
  -1.31155267571025940798e-01-j1.10161719320714390769e-03
  -1.29440621437965530660e-01+j3.70218387954257543981e-03
  -1.27524642702379203962e-01+j8.38824565896503782092e-03
  -1.25412849166697232262e-01+j1.29478007741695710919e-02
  -1.23085867171199056513e-01+j1.73524688133604720885e-02
  -1.20573054134520699088e-01+j2.16084599315491121541e-02
  -1.17885028668839139665e-01+j2.57103500397866668870e-02
  -1.15028889264794112468e-01+j2.96500863346994825154e-02
  -1.11999039981540288169e-01+j3.34045153476736633724e-02
  -1.08807201102560285877e-01+j3.69668984448842108392e-02
  -1.05473281460774406804e-01+j4.03423179436201984061e-02
  -1.02006116200781177250e-01+j4.35237500252687592450e-02
  -9.84110600223584153223e-02+j4.64973309508831533776e-02
  -9.46893339541359374545e-02+j4.92371038239782232715e-02
  -9.08662204438384218941e-02+j5.17622009336425326076e-02
  -8.69523535429777699735e-02+j5.40671298548640877346e-02
  -8.29587691969962265359e-02+j5.61468368104956205844e-02
  -7.88889616113884195592e-02+j5.79637820943070258828e-02
  -7.47648448068805177025e-02+j5.95419267268695526218e-02
  -7.05998520177278932053e-02+j6.08819148542431645699e-02
  -6.64066031264640421750e-02+j6.19810277896118838603e-02
  -6.21979012083863497251e-02+j6.28153383152322969396e-02
  -5.79898446970688458135e-02+j6.33883234208347801086e-02
  -5.37968228916180651877e-02+j6.37162532376899654052e-02
  -4.96325303873045298175e-02+j6.37994196642008154496e-02
  -4.55129926226791187149e-02+j6.36297551377311421117e-02
  -4.14592810346955317757e-02+j6.31896647698419189343e-02
  -3.74798467847006974707e-02+j6.25114098652459621031e-02
  -3.35886279630186052048e-02+j6.15988261942568698926e-02
  -2.97994718331553408441e-02+j6.04566088890252373300e-02
  -2.61447524982565335239e-02+j5.90589199927194774542e-02
  -2.26245066372866565629e-02+j5.74425115913906395027e-02
  -1.92502060448766117162e-02+j5.56180641872820180627e-02
  -1.60345772004473717531e-02+j5.35940462968309203062e-02
  -1.30069388556619813802e-02+j5.13631080177471277537e-02
  -1.01764878443233539734e-02+j4.89426902407722880239e-02
  -7.54294388304912848120e-03+j4.63562949402003404709e-02
  -5.11670503813863031262e-03+j4.36158686217452198908e-02
  -2.91682941117005385678e-03+j4.07288402820954048567e-02
  -9.70813730843149945426e-04+j3.77013546451382547398e-02
  +7.39105194779290236573e-04+j3.45637081885906416456e-02
  +2.20593597001577344796e-03+j3.13305724766500676148e-02
  +3.42358967132219520202e-03+j2.80170961916174944550e-02
  +4.34870335085657533369e-03+j2.46315970338772428916e-02
  +5.01168304092425298535e-03+j2.12005985872964763939e-02
  +5.41201928096908882471e-03+j1.77408200973271298895e-02
  +5.54752418762245735895e-03+j1.42688118065950261815e-02
  +5.39140758669956823845e-03+j1.08034797122160478033e-02
  +4.95286924655251661886e-03+j7.36468933837082506688e-03
  +4.24964336324281516388e-03+j3.96895682687842255021e-03
  +3.28419454473037261688e-03+j6.33153726004601069555e-04
  +2.04893410238606715756e-03-j2.62194668902659966392e-03
  +5.32076073561697782122e-04-j5.77063151348616854008e-03
  -1.23122468019276967710e-03-j8.80598132314944215260e-03
  -3.23403911691608897394e-03-j1.17123358437257324427e-02
  -5.46848749482650286352e-03-j1.44744644234410385630e-02
  -7.95799097018441183027e-03-j1.70514267778355960159e-02
  -1.06592967121901908978e-02-j1.94503932164358794843e-02
  -1.35600610599166167963e-02-j2.16590924946587215505e-02
  -1.66486753839765744267e-02-j2.36648068821469770295e-02
  -1.99289102690202862833e-02-j2.54329169380088926378e-02
  -2.33779891267041316227e-02-j2.69591785951440177094e-02
  -2.69718790363052095260e-02-j2.82460815385720820370e-02
  -3.06960826851347991229e-02-j2.92842515626386412642e-02
  -3.45403026660106998724e-02-j3.00523892115121260549e-02
  -3.84922716737886513871e-02-j3.05252344465042901867e-02
  -4.25236291280415845684e-02-j3.07248716360345452969e-02
  -4.66179523369364481877e-02-j3.06458106838645716330e-02
  -5.07585172412609517134e-02-j3.02835000965462342037e-02
  -5.49302125395855281309e-02-j2.95895702944695415670e-02
  -5.91093678062127661499e-02-j2.86047001029039182907e-02
  -6.32785359058145313593e-02-j2.73285493776655452614e-02
  -6.74202868404268768066e-02-j2.57607611340993081228e-02
  -7.15106570053321982661e-02-j2.38721194009716697337e-02
  -7.55313388782430233936e-02-j2.16787146085888338121e-02
  -7.94676614097350325627e-02-j1.91994381174857009498e-02
  -8.33024524388123882579e-02-j1.64381485098593349559e-02
  -8.70116793932165233372e-02-j1.33856921099758663374e-02
  -9.05681032663452900699e-02-j1.00341501262079246803e-02
  -9.39684208218977967686e-02-j6.41994354992955762462e-03
  -9.71966443546703612322e-02-j2.55099946311099223806e-03
  -1.00237184797140305159e-01+j1.56385901591113429809e-03
</dep>
<dep S[2,3] frequency>
  -7.20904357642880230794e-04-j3.35953004712022601855e-03
  -1.11362235107010168478e-03-j4.12365186867509874585e-03
  -1.59835242623073033041e-03-j4.84597551682958063018e-03
  -2.16107994802401670587e-03-j5.51679339814444176515e-03
  -2.78997110326331676511e-03-j6.13192993726834403856e-03
  -3.48222446044186423331e-03-j6.68402541923430668080e-03
  -4.22924770342326256101e-03-j7.17520704299805592297e-03
  -5.02563910897492471808e-03-j7.60609582806933554044e-03
  -5.86915161879777644294e-03-j7.97261637035771852933e-03
  -6.75875574802840134447e-03-j8.26508833887103222526e-03
  -7.69030087338431339594e-03-j8.47263742391421437183e-03
  -8.65213592398342279388e-03-j8.59703977757352022504e-03
  -9.63561039976348204794e-03-j8.63397818315173037895e-03
  -1.06311492641613623833e-02-j8.58048025486571330767e-03
  -1.16275886137215157812e-02-j8.42208817109546536983e-03
  -1.26139081794863321118e-02-j8.17428750835594297719e-03
  -1.35812660697282698574e-02-j7.83994001682576657775e-03
  -1.45217606389009407097e-02-j7.42298154559196954327e-03
  -1.54241449824269773183e-02-j6.92011715058096776865e-03
  -1.62839134789988862484e-02-j6.34222248456547954554e-03
  -1.70981533559926290877e-02-j5.69839300286714700583e-03
  -1.78630478154635126409e-02-j4.99401879469177356619e-03
  -1.85721880566002348067e-02-j4.23150845535702480049e-03
  -1.92202286601901826957e-02-j3.41494536514683200146e-03
  -1.98103683120045837018e-02-j2.55473829289729059688e-03
  -2.03408284102090039513e-02-j1.65581608570103400169e-03
  -2.08096842545463893426e-02-j7.22854503839659434661e-04
  -2.12065472110444172560e-02+j2.42703265768556830650e-04
  -2.15398640902843517553e-02+j1.23107920936807446743e-03
  -2.18090669900730046993e-02+j2.23739077702231337064e-03
  -2.20139045509637476528e-02+j3.25672806140825388255e-03
  -2.21472354664138670888e-02+j4.28450258685947327209e-03
  -2.22141106193771420418e-02+j5.31444032027866830603e-03
  -2.22184031686798316718e-02+j6.34135480293732123336e-03
  -2.21615308450943820917e-02+j7.36047431831418630388e-03
  -2.20418137297439115097e-02+j8.36609792483880565506e-03
  -2.18600655350380118636e-02+j9.35238826358450459075e-03
  -2.16247587438340854726e-02+j1.03165263512407789914e-02
  -2.13390775814556038492e-02+j1.12547053711783695551e-02
  -2.10061171618939890315e-02+j1.21631299900978318007e-02
  -2.06244852697555491883e-02+j1.30338420414297384564e-02
  -2.02051623308206196317e-02+j1.38688443598553312608e-02
  -1.97525532413968252232e-02+j1.46661331926875582177e-02
  -1.92712149836941903924e-02+j1.54241965107468070872e-02
  -1.87635587944169068830e-02+j1.61372702369681764178e-02
  -1.82368480755181749942e-02+j1.68079563595991687830e-02
  -1.76967059372747648194e-02+j1.74381361441739435314e-02
  -1.71477054384664151510e-02+j1.80285371796504167996e-02
  -1.65942847830002349063e-02+j1.85779901062886609875e-02
  -1.60414470987567392424e-02+j1.90876184858374819964e-02
  -1.54934007456683786597e-02+j1.95632949553189716685e-02
  -1.49537210928482322547e-02+j2.00077602365994478006e-02
  -1.44258349484089887227e-02+j2.04238060115904951353e-02
  -1.39148558947915224060e-02+j2.08123093948817394772e-02
  -1.34212445174097805278e-02+j2.11810716632121198710e-02
  -1.29467873127548926959e-02+j2.15342028995227918742e-02
  -1.24927843811007410757e-02+j2.18760054486130395279e-02
  -1.20626213699625561837e-02+j2.22106598458088611014e-02
  -1.16547368003411810911e-02+j2.25439841431374632386e-02
  -1.12678841616515867941e-02+j2.28807823128545639868e-02
  -1.09010954085417277604e-02+j2.32255913023549365182e-02
  -1.05540043924080007010e-02+j2.35840354409346530939e-02
  -1.02244408480040016585e-02+j2.39615807989961571156e-02
  -9.90808906936063715776e-03+j2.43610643756130840210e-02
  -9.60178568770153617606e-03+j2.47862605480715092465e-02
  -9.30194925453581289432e-03+j2.52411983874732959165e-02
  -9.00410264218282074822e-03+j2.57334423148360691425e-02
  -8.70292202954947580196e-03+j2.62613317755113900853e-02
  -8.39351738784854806141e-03+j2.68269946094001066061e-02
  -8.07068610845756984062e-03+j2.74320662191024217114e-02
  -7.72601516711013402983e-03+j2.80828542762300570335e-02
  -7.35469865091331609364e-03+j2.87764384573579168336e-02
  -6.95150968960628334870e-03+j2.95113303834698276207e-02
  -6.51046210655420454216e-03+j3.02868794815470965265e-02
  -6.02188596813602039504e-03+j3.11045439986367619478e-02
  -5.47787305366798094042e-03+j3.19625017297223007473e-02
  -4.87637284454772723663e-03+j3.28547301064195385045e-02
  -4.21159248797986496271e-03+j3.37779686585726879322e-02
  -3.47638778225539679667e-03+j3.47288255167074733087e-02
  -2.65588126210214436895e-03+j3.57046919942161020134e-02
  -1.75479986031007451075e-03+j3.66968024043415261271e-02
  -7.68577029022499136346e-04+j3.76994609723113882627e-02
  +3.06938422117597475847e-04+j3.87064801247681833374e-02
  +1.48767733369464805193e-03+j3.97100008182110220112e-02
  +2.76821923675313330548e-03+j4.07020382334561114934e-02
  +4.14811773104833969583e-03+j4.16751284200482310927e-02
  +5.62923507429330394203e-03+j4.26213859839075365210e-02
  +7.22061575901650209985e-03+j4.35293330174101392172e-02
  +8.92356237130326190865e-03+j4.43885679203236613311e-02
  +1.07293182070737902478e-02+j4.51935319520095496459e-02
  +1.26369181435325161900e-02+j4.59355476353092984088e-02
  +1.46470574857456847795e-02+j4.66039419560676376753e-02
  +1.67676341227367409203e-02+j4.71797118162218254156e-02
  +1.89820029525929467873e-02+j4.76641693059639270924e-02
  +2.12861997197316132890e-02+j4.80488747436814550573e-02
  +2.36755874119185527604e-02+j4.83255887583035337318e-02
  +2.61545101401560731169e-02+j4.84701516339368920772e-02
  +2.87077860494838188465e-02+j4.84858191533281690511e-02
  +3.13264759229236466886e-02+j4.83686220893765617124e-02
  +3.40032328163564767642e-02+j4.81117836304478241338e-02
  +3.67334144055073696933e-02+j4.76969584468840412939e-02
  +3.95067802274944868124e-02+j4.71172524736549747093e-02
  +4.23104401476672720150e-02+j4.63792242492440109913e-02
  +4.51349136567310016410e-02+j4.54783813162846495270e-02
  +4.79703262523858420252e-02+j4.44061660325625884305e-02
  +5.08047989404646349598e-02+j4.31413981532433044030e-02
  +5.36266830199559341175e-02+j4.17036384361769985052e-02
  +5.64251688985617783079e-02+j4.00912435272172684719e-02
  +5.91892633547007607220e-02+j3.83032788834044013448e-02
  +6.19002027932670784161e-02+j3.63160444942849380823e-02
  +6.45501982226440451651e-02+j3.41496510150806342754e-02
  +6.71291381357306260469e-02+j3.18098506849318896084e-02
  +6.96258072296552787961e-02+j2.92989084436344193740e-02
  +7.20204034058798403528e-02+j2.66062912374709359398e-02
  +7.43004038113466713789e-02+j2.37378034331603982032e-02
  +7.64623010399304581242e-02+j2.07108326352149763050e-02
  +7.84956066783606409842e-02+j1.75308145822222483101e-02
  +8.03854992154557357331e-02+j1.41995702060376260967e-02
  +8.21061880547721001378e-02+j1.07117266973518754369e-02
  +8.36663279742280024953e-02+j7.09345546976181129395e-03
  +8.50570620669769406064e-02+j3.35306610255192705239e-03
  +8.62700249945563824028e-02-j5.00541334654852621000e-04
  +8.72708538026007452082e-02-j4.47077294152126158977e-03
  +8.80731360978322247446e-02-j8.53403417754680648777e-03
  +8.86742930902196940801e-02-j1.26775809123523264255e-02
  +8.90685463897640805619e-02-j1.68903461373232643972e-02
  +8.92321863030641759806e-02-j2.11647589116679135657e-02
  +8.91630412256274873517e-02-j2.54858451598556356998e-02
  +8.88730961918704487346e-02-j2.98374136531043276932e-02
  +8.83597287928952201952e-02-j3.42070487792718591624e-02
  +8.76133139935232618800e-02-j3.85818638938853208931e-02
  +8.66125387445305650047e-02-j4.29462517451138225955e-02
  +8.53853543257069164119e-02-j4.72871248742282590527e-02
  +8.39326018308974991511e-02-j5.15917026216663188176e-02
  +8.22559270943999942816e-02-j5.58472701692032669207e-02
  +8.03270341442455654279e-02-j6.00307800906357547088e-02
  +7.81771907694154138957e-02-j6.41358531680102511574e-02
  +7.58144829509415640878e-02-j6.81515027535096185041e-02
  +7.32439481859663427121e-02-j7.20659626061005975650e-02
  +7.04539082408802835866e-02-j7.58567319169776987930e-02
  +6.74563787633098016494e-02-j7.95131437462653217763e-02
  +6.42725200893058956630e-02-j8.30327506553966698810e-02
  +6.09102963183938972414e-02-j8.64057457784249138832e-02
  +5.73721985881512838712e-02-j8.96166450511637902032e-02
  +5.36557195871474948423e-02-j9.26418509732944150947e-02
  +4.97907172965113345442e-02-j9.54926372725379835060e-02
  +4.57872730231878855012e-02-j9.81619617724530379999e-02
  +4.16558101885421694366e-02-j1.00643496267498383512e-01
  +3.73917016906785554253e-02-j1.02903027045991482535e-01
  +3.30226525803004739013e-02-j1.04960534421211462708e-01
  +2.85613879511311119508e-02-j1.06814871594804405852e-01
  +2.40191194473579859581e-02-j1.08462982505714677917e-01
  +1.94016969483726299528e-02-j1.09883067192182826144e-01
  +1.47242968507187640959e-02-j1.11079178093815900130e-01
  +1.00023584718430674778e-02-j1.12064389188828994470e-01
  +5.24672312845708959522e-03-j1.12838832470070246639e-01
  +4.67511015995600992534e-04-j1.13394719113996997328e-01
  -4.32413550177512470696e-03-j1.13718099847539277913e-01
  -9.11596069941982868612e-03-j1.13835726754236574165e-01
  -1.38985086890182508307e-02-j1.13750390234173007209e-01
  -1.86627532500734660825e-02-j1.13465376498269585048e-01
  -2.33949457195013442445e-02-j1.12956110813604529430e-01
  -2.80897863430871926049e-02-j1.12254483457543824398e-01
  -3.27402865067477205629e-02-j1.11367116567010440709e-01
  -3.73397577304019692712e-02-j1.10298665049228958313e-01
  -4.18759376827310403346e-02-j1.09037472183131756154e-01
  -4.63441772051804562471e-02-j1.07595411838346310951e-01
  -5.07430534807614408432e-02-j1.05988283900927834913e-01
  -5.50679414937419661746e-02-j1.04221213607836593606e-01
  -5.93109434312587280314e-02-j1.02292962239470583419e-01
  -6.34621519431155245439e-02-j1.00199376416374677512e-01
  -6.75274559347884273386e-02-j9.79628006251213739874e-02
  -7.15041567602877486953e-02-j9.55880319964790003961e-02
  -7.53899100858474863207e-02-j9.30796654255872796258e-02
  -7.91683620759916356624e-02-j9.04231482926844132297e-02
  -8.28510258130941285026e-02-j8.76416665741123479538e-02
  -8.64370863969130959203e-02-j8.47398304393148921188e-02
  -8.99252550448004922545e-02-j8.17210708006309571871e-02
  -9.33043781010231554340e-02-j7.85774708006379135616e-02
  -9.65772595600348227052e-02-j7.53169822183588355546e-02
  -9.97486325383826893942e-02-j7.19486343683701512486e-02
  -1.02817397523660369885e-01-j6.84745525933827398068e-02
  -1.05777318316726959280e-01-j6.48916735106873920902e-02
  -1.08620337279114437257e-01-j6.11955134062752148516e-02
  -1.11356386841365159746e-01-j5.73987386094342855181e-02
  -1.13983753968343690111e-01-j5.35024448349138148640e-02
  -1.16500493426902648753e-01-j4.95075682799398231193e-02
  -1.18886567990503705383e-01-j4.53999144828939604768e-02
  -1.21156178489284727107e-01-j4.11950662946836410061e-02
  -1.23306817491988865432e-01-j3.68940382920629472707e-02
  -1.25335271819935284432e-01-j3.24975244622539849448e-02
  -1.27224625576411898287e-01-j2.79966040661819570712e-02
  -1.28976310182452535980e-01-j2.33968762077363945373e-02
  -1.30592970953951170721e-01-j1.87046155159865390427e-02
  -1.32069990152991034726e-01-j1.39211081866116026529e-02
  -1.33394704799987134924e-01-j9.04337667870203087972e-03
  -1.34552659862534507162e-01-j4.06884099170992663552e-03
  -1.35553828187168434738e-01+j9.90666128513312260750e-04
  -1.36392437745616018629e-01+j6.13243309334324249171e-03
  -1.37062524987821537925e-01+j1.13533172459814590827e-02
</dep>
<dep S[2,2] frequency>
  +2.90254193302995518178e-03+j1.39664734470452325116e-02
  +4.20715337354938059833e-03+j1.71071299540539387141e-02
  +5.74538801425443675097e-03+j2.01293001067176340058e-02
  +7.50795254828788734269e-03+j2.30143142894753197081e-02
  +9.48365747563017363886e-03+j2.57446859305327582779e-02
  +1.16795691268769610827e-02+j2.82844056116838722670e-02
  +1.40680679152842963431e-02+j3.06258435587474092676e-02
  +1.66236508180651471056e-02+j3.27649613736227598992e-02
  +1.93302235008881578837e-02+j3.46900608227047393961e-02
  +2.21773249109816841806e-02+j3.63778140474764824508e-02
  +2.51497521360709262728e-02+j3.78063057049993073155e-02
  +2.82158756520051318128e-02+j3.89914195327744905750e-02
  +3.13570065009096538011e-02+j3.99269475050218897172e-02
  +3.45541333811444154045e-02+j4.06071134796419375146e-02
  +3.77901047919834906508e-02+j4.09890486805600667841e-02
  +4.10372310538599724405e-02+j4.11106981244189623181e-02
  +4.42755168305266968987e-02+j4.09719407826195508582e-02
  +4.74849375623695585391e-02+j4.05741555528614239456e-02
  +5.06379368048244307698e-02+j3.98925810218335730184e-02
  +5.37146096817770202225e-02+j3.89485797037099346074e-02
  +5.66982773569491838028e-02+j3.77609123036199423318e-02
  +5.95702740525977242347e-02+j3.63375140346914871081e-02
  +6.23039197130774990985e-02+j3.46751979649429498131e-02
  +6.48728101353683445085e-02+j3.27780895740304445418e-02
  +6.72742530817997119730e-02+j3.06809754883287377769e-02
  +6.94932557365647851633e-02+j2.83974688281491971509e-02
  +7.15144779902145144579e-02+j2.59412011436523093355e-02
  +7.32931780911668662171e-02+j2.33079922126602501198e-02
  +7.48485615859205422051e-02+j2.05400326262128729571e-02
  +7.61709079190160120998e-02+j1.76548946524310024220e-02
  +7.72518400376793756834e-02+j1.46707851673686384686e-02
  +7.80555263207462074471e-02+j1.15996058273346580592e-02
  +7.85928686990608194041e-02+j8.46925429878364610659e-03
  +7.88713513415116307392e-02+j5.30276631147219568163e-03
  +7.88887471753418750842e-02+j2.11993598279661132899e-03
  +7.86281217583483238442e-02-j1.05779476544076711519e-03
  +7.80815851630176499532e-02-j4.20592139406358866971e-03
  +7.72769622736503430938e-02-j7.30549091211585288619e-03
  +7.62182968585204401180e-02-j1.03370341099209284152e-02
  +7.49085510500112627952e-02-j1.32803114893370877159e-02
  +7.33226415135814768576e-02-j1.60991407675009912115e-02
  +7.15056952462437833695e-02-j1.87892213959957588010e-02
  +6.94676093962615370803e-02-j2.13333049013544051586e-02
  +6.72195008947188421544e-02-j2.37149009433715585171e-02
  +6.47521621884125930801e-02-j2.58957645474547915043e-02
  +6.20962961210893282793e-02-j2.78725295417780460916e-02
  +5.92747148657264966154e-02-j2.96392885382231185964e-02
  +5.63030874392138891427e-02-j3.11837612930541963063e-02
  +5.31904274232833651492e-02-j3.24788671525320093991e-02
  +4.99543261030608032325e-02-j3.35062860626113845353e-02
  +4.66250104377607943462e-02-j3.42796485969049935516e-02
  +4.32212115895206361316e-02-j3.47920101179310103934e-02
  +3.97616716834028327554e-02-j3.50340300280358174501e-02
  +3.62645756181703693422e-02-j3.49656247490044147508e-02
  +3.27571094743652202474e-02-j3.46231117207227712118e-02
  +2.92593595308516252196e-02-j3.40055443782861788193e-02
  +2.57914663193029580768e-02-j3.31133949105235358967e-02
  +2.23820151548642098938e-02-j3.19161717752722284835e-02
  +1.90498837742369420134e-02-j3.04405384716724958238e-02
  +1.58126594160080125029e-02-j2.87020106487822224128e-02
  +1.26895718091797338190e-02-j2.67071931378038973648e-02
  +9.70986168715193276313e-03-j2.44476686532635045790e-02
  +6.89829724153173673429e-03-j2.19298958803037791210e-02
  +4.25992754712223309355e-03-j1.91869208199727525610e-02
  +1.81125007762955592128e-03-j1.62309795272845003300e-02
  -4.28292349396619531632e-04-j1.30723221260091310159e-02
  -2.41452674032527347947e-03-j9.70514564235076815368e-03
  -4.16366541556634217613e-03-j6.17295626979058598138e-03
  -5.66355824484554570830e-03-j2.49257649064629771551e-03
  -6.90323632689210375801e-03+j1.31834530461785726096e-03
  -7.83855487266182926476e-03+j5.25267774266548193030e-03
  -8.48434700466443869615e-03+j9.27812519518092515547e-03
  -8.84339960915297984556e-03+j1.33710886090699920814e-02
  -8.91058172150455130023e-03+j1.75112326748896943163e-02
  -8.66069134597957646093e-03+j2.16781624799035829709e-02
  -8.08725218332856377046e-03+j2.58468082141099231297e-02
  -7.21547240181974469664e-03+j2.99941713696494846597e-02
  -6.04658739550151258513e-03+j3.40991546343635335004e-02
  -4.57733623190464955499e-03+j3.81389790526149088934e-02
  -2.77894360672825690983e-03+j4.20795842324283991820e-02
  -6.97906820478710887556e-04+j4.59100812882660830327e-02
  +1.65821745903782513665e-03+j4.96105881379040741797e-02
  +4.28049410217073988960e-03+j5.31617727052164507073e-02
  +7.18967526976121984461e-03+j5.65212427303775771792e-02
  +1.03475617995572588548e-02+j5.96847731686849583554e-02
  +1.37330713967542816789e-02+j6.26408534904303315738e-02
  +1.73318343712348110763e-02+j6.53736260373210253949e-02
  +2.11420222885878028585e-02+j6.78491363044223805279e-02
  +2.51448989558183955140e-02+j7.00493743788946215956e-02
  +2.93067296123831200205e-02+j7.19820782720759361206e-02
  +3.36090140832225325873e-02+j7.36363389032912152299e-02
  +3.80349139972134819843e-02+j7.49953911512043491783e-02
  +4.25722568179296989577e-02+j7.60172102087739026688e-02
  +4.71848995941586135672e-02+j7.67343227538695993317e-02
  +5.18518901875099635923e-02+j7.71417628258635329486e-02
  +5.65519754555734444068e-02+j7.72360097918706745013e-02
  +6.12623384666489689820e-02+j7.69737587929129607467e-02
  +6.59571233576353721517e-02+j7.63872096500888692061e-02
  +7.06145788535850194023e-02+j7.54864475012396451969e-02
  +7.52133180018450531179e-02+j7.42743460129527549585e-02
  +7.97241209727879152069e-02+j7.27314480299027371624e-02
  +8.41220016164352379917e-02+j7.08649842806996221878e-02
  +8.83934081055106624092e-02+j6.87067879081400545438e-02
  +9.25186933417704304716e-02+j6.62658541111618426545e-02
  +9.64737624710051977495e-02+j6.35453500703625773216e-02
  +1.00218614099419789376e-01+j6.05320353974428404520e-02
  +1.03758424050596237409e-01+j5.72742071150569020954e-02
  +1.07077006351091436054e-01+j5.37861233307671826598e-02
  +1.10159165064329711559e-01+j5.00830991340745490525e-02
  +1.12955399285795454745e-01+j4.61571736235047991315e-02
  +1.15478720363373615898e-01+j4.20500378510487993200e-02
  +1.17723804541822879566e-01+j3.77847465511778057845e-02
  +1.19680496488055732041e-01+j3.33803672307830812116e-02
  +1.21314757541437723276e-01+j2.88485491921698922191e-02
  +1.22619891537816133598e-01+j2.42145521986754930222e-02
  +1.23612838485637310804e-01+j1.95079843558769172596e-02
  +1.24289341370528133579e-01+j1.47500764959209718086e-02
  +1.24636647518494209086e-01+j9.96213146717478403858e-03
  +1.24622532265352983782e-01+j5.16877458253839350277e-03
  +1.24288246050656414621e-01+j3.94831014811081182359e-04
  +1.23635822763974223548e-01-j4.33806395678892897649e-03
  +1.22668743366609933609e-01-j9.00843817886592956867e-03
  +1.21350236201899677746e-01-j1.35806479753909914443e-02
  +1.19724052579368356319e-01-j1.80408848728514648041e-02
  +1.17804789232686071832e-01-j2.23707148643760844742e-02
  +1.15602027602100893011e-01-j2.65504844678240981004e-02
  +1.13104359659503217461e-01-j3.05450168317314141309e-02
  +1.10330365868524488127e-01-j3.43350065215317357126e-02
  +1.07313381709558258725e-01-j3.79158483763004927614e-02
  +1.04068380353709424857e-01-j4.12714210022367689046e-02
  +1.00604787665436318234e-01-j4.43778427481320847381e-02
  +9.69254448269111501535e-02-j4.71961612748925674055e-02
  +9.30744217188782946293e-02-j4.97441885918932791277e-02
  +8.90708950227735857252e-02-j5.20108258063812500804e-02
  +8.49347913603268750427e-02-j5.39863009957532447025e-02
  +8.06739449771734923322e-02-j5.56190228631390504166e-02
  +7.63262945490263827741e-02-j5.69385485783788919401e-02
  +7.19154714941930561789e-02-j5.79450979767388713038e-02
  +6.74635631176681710430e-02-j5.86352429132836611148e-02
  +6.29933224870927871430e-02-j5.89786344607606538570e-02
  +5.85318600855169249297e-02-j5.89818106801665437144e-02
  +5.41025559174747872060e-02-j5.86684937844526160911e-02
  +4.97276449880250659419e-02-j5.80420896213970985422e-02
  +4.54328811518116895685e-02-j5.70962011178999806482e-02
  +4.12516727415199943585e-02-j5.58139308557110414011e-02
  +3.71950850841112554135e-02-j5.42407781199036667652e-02
  +3.32833487535493730003e-02-j5.23868219083749309117e-02
  +2.95359350983332713536e-02-j5.02635746818889256327e-02
  +2.60004290006769847587e-02-j4.78489980773910139611e-02
  +2.26725777216484000731e-02-j4.51929453952962384422e-02
  +1.95659887200441383326e-02-j4.23147933933039760435e-02
  +1.66956267987157756794e-02-j3.92315546845173196422e-02
  +1.40995728567765502004e-02-j3.59457968669026559083e-02
  +1.17852740758882055389e-02-j3.24854250815273318254e-02
  +9.74661243775213487206e-03-j2.88825425376789401977e-02
  +7.99244128087065602850e-03-j2.51579631034531021883e-02
  +6.54233895927346445487e-03-j2.13299324765868145160e-02
  +5.42519099749969903324e-03-j1.74183552607104323584e-02
  +4.61016940832910740444e-03-j1.34566157300124323443e-02
  +4.09906049118934599773e-03-j9.46713117035465068216e-03
  +3.89197873640699520958e-03-j5.47234602676174158864e-03
  +4.03158094135011232928e-03-j1.50041904610198617576e-03
  +4.47220370019306423526e-03+j2.42620152665536797931e-03
  +5.20530329927305218662e-03+j6.28614527500141045957e-03
  +6.22391473303133754835e-03+j1.00583662114644770136e-02
  +7.54521034415389646455e-03+j1.37100752298930511630e-02
  +9.14760419339077576750e-03+j1.72219500024607674593e-02
  +1.10022813111175961354e-02+j2.05824902345095595013e-02
  +1.30961363587165334488e-02+j2.37742737769082168597e-02
  +1.54240583564818570933e-02+j2.67719702545164972562e-02
  +1.79819502750452782369e-02+j2.95441859579209098463e-02
  +2.07279034138162891743e-02+j3.20989531942856981539e-02
  +2.36442415146316496644e-02+j3.44242548712307555592e-02
  +2.67125341984685814312e-02+j3.65094924693607492117e-02
  +2.99308241814377241907e-02+j3.83066925374855593578e-02
  +3.32578444353753555074e-02+j3.98436704558114140884e-02
  +3.66726035167115188562e-02+j4.11166024876854219183e-02
  +4.01547735735996724760e-02+j4.21214938839300223616e-02
  +4.36864585498826646370e-02+j4.28288559708558669303e-02
  +4.72416592118749187335e-02+j4.32491442552488669637e-02
  +5.07976349859306924861e-02+j4.33993640611147479813e-02
  +5.43344550976153084498e-02+j4.32821911352557486818e-02
  +5.78297248532850804992e-02+j4.28893855999817608105e-02
  +6.12574661735860170886e-02+j4.22118329661941293907e-02
  +6.46042546107487847262e-02+j4.12857388259573465650e-02
  +6.78526588001592961819e-02+j4.01197466510814226837e-02
  +7.09860753738772720656e-02+j3.87237009439612422934e-02
  +7.39663194902579895773e-02+j3.70765569619919688193e-02
  +7.67969817010837052518e-02+j3.52251391125927570958e-02
  +7.94652567531406867074e-02+j3.31834858633543172690e-02
  +8.19590154241239543520e-02+j3.09657206118244543447e-02
  +8.42471407000215666283e-02+j2.85717569011245398070e-02
  +8.63274219449586266428e-02+j2.60277010146101606125e-02
  +8.82021569048852260853e-02+j2.33584805911171700110e-02
  +8.98646294348267593577e-02+j2.05807134509021216751e-02
  +9.12979794893823692892e-02+j1.77075628781669103251e-02
  +9.24854123067155864391e-02+j1.47552669541589354107e-02
  +9.34479252617031186379e-02+j1.17504129142922686402e-02
  +9.41845066556540322367e-02+j8.71020875959160889579e-03
  +9.46954286417631130313e-02+j5.65173529708690169926e-03
</dep>
<dep S[2,1] frequency>
  +9.85855818575766429390e-01-j1.60683564385416949305e-01
  +9.78382860391384778787e-01-j1.99588464101167900600e-01
  +9.69417927783875588155e-01-j2.38151440948350112681e-01
  +9.58976626858819680699e-01-j2.76315848549726961192e-01
  +9.47076939211320301126e-01-j3.14025904937683952856e-01
  +9.33588319147248046903e-01-j3.51166559837766067975e-01
  +9.18616388778766612688e-01-j3.87703041122756997261e-01
  +9.02260048602248732053e-01-j4.23609728911512273264e-01
  +8.84546184012140468411e-01-j4.58835356345507983100e-01
  +8.65432346938855401319e-01-j4.93286698031462911285e-01
  +8.44892839103011605850e-01-j5.26868430819217525851e-01
  +8.23097035994233339196e-01-j5.59610048691938088972e-01
  +8.00079741988788173401e-01-j5.91465953364479046783e-01
  +7.75873498604876421503e-01-j6.22388710896940811068e-01
  +7.50349239816292978844e-01-j6.52182331738113463260e-01
  +7.23728717624009587617e-01-j6.80952240597496816221e-01
  +6.96053332143844127877e-01-j7.08660022591542593240e-01
  +6.67365733245010028796e-01-j7.35269067716628921261e-01
  +6.37608359385322898127e-01-j7.60616191337143310314e-01
  +6.06893662603481098827e-01-j7.84733554310353742522e-01
  +5.75313935308854884632e-01-j8.07645632360854626164e-01
  +5.42916056262746193894e-01-j8.29323955170909732360e-01
  +5.09705655104602972649e-01-j8.49666728380203295501e-01
  +4.75710444935838139280e-01-j8.68591877084894159466e-01
  +4.41055082146773136387e-01-j8.86203333478214005936e-01
  +4.05788936188317739262e-01-j9.02480653455147940889e-01
  +3.69958294835600054462e-01-j9.17395739764702344843e-01
  +3.33547625684706139371e-01-j9.30731532236547032255e-01
  +2.96690209390077785923e-01-j9.42678723161068155001e-01
  +2.59436744099805771668e-01-j9.53224418738897183445e-01
  +2.21838127037902899108e-01-j9.62357397489324251083e-01
  +1.83918104791455677693e-01-j9.69905876039356407148e-01
  +1.45756469619840678398e-01-j9.75958798805438010326e-01
  +1.07417304370519661738e-01-j9.80574095618770291694e-01
  +6.89520207075006996700e-02-j9.83747727446697473042e-01
  +3.04108927973116283106e-02-j9.85387924563969286318e-01
  -8.14552074854173191465e-03-j9.85444474726769881201e-01
  -4.66597359823061469397e-02-j9.84057853066131804631e-01
  -8.50804576440568338658e-02-j9.81231198438137774964e-01
  -1.23354437759994620127e-01-j9.76954582292235418350e-01
  -1.61395519244104279633e-01-j9.71039379320142614915e-01
  -1.99176386843613162370e-01-j9.63706159854260668851e-01
  -2.36646632386214195165e-01-j9.54965279547261847171e-01
  -2.73756168831418456033e-01-j9.44828749135431911199e-01
  -3.10401354490004610653e-01-j9.33150618743305293457e-01
  -3.46556174808332062565e-01-j9.20053526374921215591e-01
  -3.82189234682559941803e-01-j9.05611924008716373535e-01
  -4.17252387544619907089e-01-j8.89845023263080792120e-01
  -4.51654435811588927940e-01-j8.72690100683748859467e-01
  -4.85321152511467124313e-01-j8.54139143114652887867e-01
  -5.18264781347267833311e-01-j8.34337479645347324109e-01
  -5.50440082728403057288e-01-j8.13311468076664878524e-01
  -5.81790792064802442241e-01-j7.91073100548181251668e-01
  -6.12154541904102567074e-01-j7.67504743830613289646e-01
  -6.41608059914469119889e-01-j7.42809750125169032664e-01
  -6.70110141150561111623e-01-j7.17021447024445812701e-01
  -6.97620680511013779856e-01-j6.90174711744931945745e-01
  -7.23972116085534245222e-01-j6.62187728595315383551e-01
  -7.49206200640481712050e-01-j6.33188926796107165451e-01
  -7.73326221711914452150e-01-j6.03256575793831961718e-01
  -7.96297663984160908335e-01-j5.72431952983695868653e-01
  -8.18003931670166606338e-01-j5.40702559276166949687e-01
  -8.38382598229936881751e-01-j5.08104678686694288814e-01
  -8.57510525124222322546e-01-j4.74759053276546105771e-01
  -8.75360057754310361133e-01-j4.40712513713989673114e-01
  -8.91882407319861680861e-01-j4.06002731989853815620e-01
  -9.06885419220498589787e-01-j3.70612304739189601932e-01
  -9.20532197764665438555e-01-j3.34681776655043172752e-01
  -9.32803079486205777293e-01-j2.98262321172624578214e-01
  -9.43680359031942694870e-01-j2.61405921391033357892e-01
  -9.52972291620337919049e-01-j2.24124410474418667150e-01
  -9.60789598566378133526e-01-j1.86513498621519585585e-01
  -9.67169928842132931024e-01-j1.48640066910995100047e-01
  -9.72104529962575236723e-01-j1.10558478482571553858e-01
  -9.75481618507018310993e-01-j7.23165932650827181227e-02
  -9.77276238408469555274e-01-j3.39789565847316843428e-02
  -9.77611706127575086356e-01+j4.38719207775362801671e-03
  -9.76488609709590060781e-01+j4.27268156700878892762e-02
  -9.73879782814434769023e-01+j8.09820390260926337156e-02
  -9.69621764464950519624e-01+j1.19073061493657317289e-01
  -9.63922308507455194437e-01+j1.56958697728395879523e-01
  -9.56791272105045442764e-01+j1.94585065694023229277e-01
  -9.48240580032784441400e-01+j2.31898799446381809197e-01
  -9.38107545444003321222e-01+j2.68793881078182361755e-01
  -9.26546228697944229680e-01+j3.05245912008828390594e-01
  -9.13618635469059414689e-01+j3.41215467211216316734e-01
  -8.99345258773779132611e-01+j3.76652441320078634757e-01
  -8.83650329042390381140e-01+j4.11459814907485232904e-01
  -8.66554276588632155232e-01+j4.45575649752943114823e-01
  -8.48192299338025090805e-01+j4.79002160956985612028e-01
  -8.28592472603848384516e-01+j5.11693935274332933894e-01
  -8.07756217089861339176e-01+j5.43586914688549360797e-01
  -7.85590798908484044816e-01+j5.74540799893013209854e-01
  -7.62290209107945537781e-01+j6.04620417237010432387e-01
  -7.37888873549046975242e-01+j6.33786123891659336493e-01
  -7.12422487140948690332e-01+j6.61999711781199096094e-01
  -6.85798766499864265178e-01+j6.89090597507290736345e-01
  -6.58167464615086461599e-01+j7.15120795161632627490e-01
  -6.29596124954774460925e-01+j7.40084468374277659741e-01
  -6.00125152492656743775e-01+j7.63949975561461269713e-01
  -5.69731566476546102962e-01+j7.86595646357527211734e-01
  -5.38466293847147503548e-01+j8.07987454240468694344e-01
  -5.06439661974452115523e-01+j8.28188661600185671574e-01
  -4.73695512771793170170e-01+j8.47174448399935609011e-01
  -4.40261184275206995942e-01+j8.64886848092349280748e-01
  -4.06124638653271530231e-01+j8.81170690920881738428e-01
  -3.71417904132254894645e-01+j8.96168783945684443992e-01
  -3.36187131011925377511e-01+j9.09863044565753620319e-01
  -3.00478877049497716811e-01+j9.22236926358572350892e-01
  -2.64288825428215301550e-01+j9.33094592995744709363e-01
  -2.27718258634510367644e-01+j9.42567888710544976583e-01
  -1.90824984166514360906e-01+j9.50677540381509977863e-01
  -1.53656869728529543728e-01+j9.57413592920343115011e-01
  -1.16247528227142640778e-01+j9.62652982357617426068e-01
  -7.86564743849968578404e-02+j9.66397145752538766494e-01
  -4.09485667355887206220e-02+j9.68745711082911853396e-01
  -3.17236710701218616038e-03+j9.69695166991716983595e-01
  +3.46224102365876029719e-02+j9.69200115596160705067e-01
  +7.23757824496666368752e-02+j9.67125269837861178956e-01
  +1.10038015436359756793e-01+j9.63650251286306103182e-01
  +1.47560341766984515210e-01+j9.58777952478089723343e-01
  +1.84894011438829997118e-01+j9.52512745221462120426e-01
  +2.21950884117313007593e-01+j9.44670858708967609019e-01
  +2.58703449055275647162e-01+j9.35423103440780612239e-01
  +2.95108254075593989807e-01+j9.24807472621573700700e-01
  +3.31116934624108627538e-01+j9.12834909269237715357e-01
  +3.66638742933640793265e-01+j8.99403682287060246558e-01
  +4.01622436102168467453e-01+j8.84549425895908902895e-01
  +4.36053115425218740242e-01+j8.68385178290751569286e-01
  +4.69883425422041423047e-01+j8.50928746408370129117e-01
  +5.03042334046298833528e-01+j8.32156625982917619311e-01
  +5.35413102819211506045e-01+j8.11982062240020008304e-01
  +5.67031230910388650557e-01+j7.90585241615235578827e-01
  +5.97851241745335437727e-01+j7.67991179792886002886e-01
  +6.27828244149221337267e-01+j7.44226588635633290458e-01
  +6.56786766914422504016e-01+j7.19163282042841078834e-01
  +6.84787486103355158562e-01+j6.92977136400769855307e-01
  +7.11803342142787398572e-01+j6.65720183870881387911e-01
  +7.37792816644192384068e-01+j6.37426633816615351158e-01
  +7.62616310922933138272e-01+j6.08046576626646073649e-01
  +7.86249037063249667234e-01+j5.77645894638264545407e-01
  +8.08726984182571717596e-01+j5.46332827592721614884e-01
  +8.30013547870907419934e-01+j5.14149004720870106411e-01
  +8.50025714252531483517e-01+j4.81108296617706210352e-01
  +8.68620037072262873856e-01+j4.47199318446456439702e-01
  +8.85913407158918642104e-01+j4.12567343413460574375e-01
  +9.01875857532999147814e-01+j3.77260890963913853025e-01
  +9.16479190785901454142e-01+j3.41329928766726742317e-01
  +9.29493542853539800319e-01+j3.04750777643298553787e-01
  +9.41072826226652447978e-01+j2.67658070087833210859e-01
  +9.51214531156774234510e-01+j2.30113900219056533025e-01
  +9.59899192382837607163e-01+j1.92173704287947805236e-01
  +9.66971304746666926455e-01+j1.53868059020936143177e-01
  +9.72454158244349109452e-01+j1.15274628824529989934e-01
  +9.76432467107466783851e-01+j7.64733260020995647688e-02
  +9.78896902571373850321e-01+j3.75232639968856029888e-02
  +9.79777703046849524071e-01-j1.51685038447565740012e-03
  +9.78954927080168624265e-01-j4.05782867131336336119e-02
  +9.76605546021380610533e-01-j7.95918593524509582204e-02
  +9.72731258747786542429e-01-j1.18497023084369199064e-01
  +9.67336350160488356309e-01-j1.57233251390433204087e-01
  +9.60205413408674490761e-01-j1.95697287462985869411e-01
  +9.51557768307720208689e-01-j2.33852870494673126256e-01
  +9.41421877423949227115e-01-j2.71642920678722643579e-01
  +9.29813147936068284949e-01-j3.09008712332420387714e-01
  +9.16611499697183251811e-01-j3.45840055723753092565e-01
  +9.01891459553440411057e-01-j3.82086116069691505981e-01
  +8.85766263393941821747e-01-j4.17721598364077573162e-01
  +8.68261748398705734964e-01-j4.52691635882816800773e-01
  +8.49347318010515883735e-01-j4.86907588592262075000e-01
  +8.28968511296984678083e-01-j5.20254708342461125170e-01
  +8.07310956992779882313e-01-j5.52765579088734693158e-01
  +7.84409828918817497723e-01-j5.84391333580329463970e-01
  +7.60302196486360548633e-01-j6.15084738120826091112e-01
  +7.34856554998087219133e-01-j6.44645756031493100124e-01
  +7.08287385544739911403e-01-j6.73166936358931988771e-01
  +6.80645407782899836135e-01-j7.00613814364217102337e-01
  +6.51974821989572461689e-01-j7.26947072619466450050e-01
  +6.22228132486167595516e-01-j7.52010946996787277286e-01
  +5.91501374664280987759e-01-j7.75811665095031410821e-01
  +5.59899861225436223933e-01-j7.98384265362986234038e-01
  +5.27473002908961041690e-01-j8.19698204248167083819e-01
  +4.94236548998041813618e-01-j8.39661702985320390624e-01
  +4.60206451738632560389e-01-j8.58162689106138909523e-01
  +4.25518795547669026469e-01-j8.75319880453838794487e-01
  +3.90226340752324429850e-01-j8.91111843825842520062e-01
  +3.54382372726731453838e-01-j9.05519238736092746400e-01
  +3.17972030117124049298e-01-j9.18305679473002234303e-01
  +2.81131147215406052009e-01-j9.29666707934426850279e-01
  +2.43915855993098368293e-01-j9.39594771114799609535e-01
  +2.06380782216999542067e-01-j9.48079531400890296311e-01
  +1.68559250837503282749e-01-j9.54962343006020342173e-01
  +1.30528376354809405591e-01-j9.60306092636811881036e-01
  +9.23569019363500443021e-02-j9.64187053377230873785e-01
  +5.40994414480794605371e-02-j9.66603559335314055367e-01
  +1.58118664092617711159e-02-j9.67480526768350834743e-01
  -2.24403210582383993987e-02-j9.66740520996370866769e-01
  -6.06012587033078475862e-02-j9.64544234779122877654e-01
  -9.86174730316403819197e-02-j9.60898259007316402069e-01
  -1.36435893071526592735e-01-j9.55811018212019969376e-01
</dep>
<dep S[1,4] frequency>
  -7.15624295584393541048e-04-j3.36080703747539122350e-03
  -1.11187765986043435307e-03-j4.12573347737397750495e-03
  -1.58987798747073361127e-03-j4.84963323038951812233e-03
  -2.14182512921020501429e-03-j5.52558912614069079605e-03
  -2.76080437163240405285e-03-j6.14896268013719049517e-03
  -3.44720410092834092519e-03-j6.70985997995673238981e-03
  -4.19236164157113858075e-03-j7.20728388625493238129e-03
  -4.98894919813372764161e-03-j7.64016164882558301841e-03
  -5.83234190617092779219e-03-j8.00407932735850563555e-03
  -6.71901872220987544937e-03-j8.29023467752135895248e-03
  -7.64296416348591439727e-03-j8.49004227803406424924e-03
  -8.59262406554916341461e-03-j8.60801468628874522082e-03
  -9.56007603322617249830e-03-j8.64202009734112153172e-03
  -1.05371860329824922065e-02-j8.59075449670045065975e-03
  -1.15148669336540138142e-02-j8.44164081875073413208e-03
  -1.24843084912039797851e-02-j8.20925023198346148767e-03
  -1.34383302904821921864e-02-j7.89578043736144374876e-03
  -1.43702999627256036708e-02-j7.50406747432368070871e-03
  -1.52704365252944746639e-02-j7.02963047977225863328e-03
  -1.61341903431717476058e-02-j6.48149696453459434053e-03
  -1.69581772394811688964e-02-j5.86730789253753215462e-03
  -1.77380845807508964740e-02-j5.19132295606447580205e-03
  -1.84670141245532985763e-02-j4.45489562481626855117e-03
  -1.91387884362428581375e-02-j3.66129277701349176155e-03
  -1.97553141546209058699e-02-j2.82085562092918018529e-03
  -2.03140060989106148448e-02-j1.93842475912220368883e-03
  -2.08122251127045090890e-02-j1.01873899208218543500e-03
  -2.12389802540916723672e-02-j6.30719907731558393493e-05
  -2.16021489608878847211e-02+j9.18000952245340284819e-04
  -2.19008659161237032031e-02+j1.91924383021571665076e-03
  -2.21347020525716614570e-02+j2.93539059219771747422e-03
  -2.22963791974897240777e-02+j3.96165969634584835823e-03
  -2.23910241131392642733e-02+j4.99134407937545931944e-03
  -2.24226406725249738372e-02+j6.01897545207605300099e-03
  -2.23927933207762330792e-02+j7.03963102802709905781e-03
  -2.22999780745099240864e-02+j8.04756899886208132422e-03
  -2.21452249974951748124e-02+j9.03696446876708914253e-03
  -2.19371852800491484725e-02+j1.00049888574127998631e-02
  -2.16791923921670487418e-02+j1.09479460465048972218e-02
  -2.13744676961503815571e-02+j1.18622074404338695430e-02
  -2.10217953948581004475e-02+j1.27402076392681973260e-02
  -2.06320992834161387464e-02+j1.35840089458713064730e-02
  -2.02097675997534587111e-02+j1.43918412886562263608e-02
  -1.97592957736207885944e-02+j1.51624311174364534427e-02
  -1.92830275177454935065e-02+j1.58905361322944638225e-02
  -1.87880074165722998902e-02+j1.65788470999458648070e-02
  -1.82796369411001857763e-02+j1.72293515609800718114e-02
  -1.77622511672561600449e-02+j1.78429508406605374926e-02
  -1.72399704115733798382e-02+j1.84188230335894098655e-02
  -1.67174202778249403334e-02+j1.89582982835318214487e-02
  -1.61985315673849050722e-02+j1.94670205700357978884e-02
  -1.56865438862526240804e-02+j1.99477417741638907156e-02
  -1.51845110473081412739e-02+j2.04032627129223931295e-02
  -1.46968661844616432788e-02+j2.08347658203313912395e-02
  -1.42240092597202827385e-02+j2.12494555027984977080e-02
  -1.37674062534132168878e-02+j2.16512576428321001920e-02
  -1.33280567716475562001e-02+j2.20442483903539598877e-02
  -1.29086232855011306953e-02+j2.24325762994884159163e-02
  -1.25075578663594866313e-02+j2.28215181018681934066e-02
  -1.21235528854569674095e-02+j2.32154521368356514532e-02
  -1.17554873008792193367e-02+j2.36185487207639099871e-02
  -1.14025908457722202627e-02+j2.40360699773060348949e-02
  -1.10625406887338018080e-02+j2.44730114953481125983e-02
  -1.07314052088662292839e-02+j2.49317444971497714779e-02
  -1.04060741152989244540e-02+j2.54156415795350199005e-02
  -1.00829991867880108813e-02+j2.59283162701204605849e-02
  -9.75739001111763926133e-03+j2.64767355277049781792e-02
  -9.42471031701580530537e-03+j2.70590421565461008990e-02
  -9.08031791238700369817e-03+j2.76770519467906400690e-02
  -8.71940889468353352854e-03+j2.83319843129531262482e-02
  -8.33306082294482663997e-03+j2.90301390535376430124e-02
  -7.91637069679673732736e-03+j2.97690782740319681565e-02
  -7.46446522538241064026e-03+j3.05469281675803949749e-02
  -6.97150704144972044318e-03+j3.13627437640232112348e-02
  -6.42780413610311018857e-03+j3.22174679337840080828e-02
  -5.82566437262849179390e-03+j3.31089225545815393770e-02
  -5.16353468263985870834e-03+j3.40311107928273071099e-02
  -4.43588570006103743992e-03+j3.49805615841339706540e-02
  -3.63582168171444619631e-03+j3.59536137399891278510e-02
  -2.74862035409451088697e-03+j3.69470021474154960983e-02
  -1.77957980421705741492e-03+j3.79523896582354067220e-02
  -7.24452771885542023966e-04+j3.89639916415415871187e-02
  +4.20588828615620080598e-04+j3.99755609525246982661e-02
  +1.67114797397638348286e-03+j4.09786450920890041316e-02
  +3.02140780400511621551e-03+j4.19656889236559027534e-02
  +4.47060048240166540978e-03+j4.29293994823681107631e-02
  +6.02028292415679455729e-03+j4.38619506364759936812e-02
  +7.67910468113702782134e-03+j4.47516349828584319992e-02
  +9.44802311260262150938e-03+j4.55881525604598589196e-02
  +1.13181083250074032698e-02+j4.63664241595589804446e-02
  +1.32881484040482389375e-02+j4.70779203551504182856e-02
  +1.53585518879488791555e-02+j4.77120477052402625073e-02
  +1.75367143885958309824e-02+j4.82496271821816757885e-02
  +1.98060937249110446956e-02+j4.86926462693937078807e-02
  +2.21625546978494458727e-02+j4.90328633530683066777e-02
  +2.46013068905335252623e-02+j4.92622433672439408170e-02
  +2.71261456972228809370e-02+j4.93565194256268546802e-02
  +2.97220693574256622504e-02+j4.93194617923189970732e-02
  +3.23801242304004310846e-02+j4.91473863078120409842e-02
  +3.50928794831559809353e-02+j4.88337295323466036301e-02
  +3.78553459846588946647e-02+j4.83602396241911980379e-02
  +4.06572161894795391923e-02+j4.77202754593341327283e-02
  +4.34858301860702178843e-02+j4.69207356193207247852e-02
  +4.63316748932565691810e-02+j4.59573316325385394787e-02
  +4.91847499992275616343e-02+j4.48216892164249869346e-02
  +5.20326777638346060773e-02+j4.34927830843782892156e-02
  +5.48641798944224656776e-02+j4.19904914683459640212e-02
  +5.76684227007200345128e-02+j4.03134052101888074038e-02
  +6.04343999658009944920e-02+j3.84608287307825480461e-02
  +6.31428292135665092388e-02+j3.64093831131168665927e-02
  +6.57863644183122320275e-02+j3.41794279116476307223e-02
  +6.83550180738149992798e-02+j3.17769611976351507021e-02
  +7.08376210548219420460e-02+j2.92045063736238175167e-02
  +7.32141345583887381832e-02+j2.64519320830616522233e-02
  +7.54721621834267553108e-02+j2.35253503434655897308e-02
  +7.76085833697927607311e-02+j2.04423032577088492623e-02
  +7.96130372741403469217e-02+j1.72084914089186136188e-02
  +8.14707578555037004175e-02+j1.38260857692433236643e-02
  +8.31558667814396301754e-02+j1.02902850950944979580e-02
  +8.46776281763867849639e-02+j6.62717766010831321744e-03
  +8.60274132197369478803e-02+j2.84531173001056902905e-03
  +8.71971088210090755632e-02-j1.04618652976862236414e-03
  +8.81523894491733489565e-02-j5.04996371940169552772e-03
  +8.89074275394402119277e-02-j9.14265563974395178981e-03
  +8.94600151977499175038e-02-j1.33114344222031166787e-02
  +8.98047241386352723680e-02-j1.75450956810086211579e-02
  +8.99181963219087138084e-02-j2.18355701456206530153e-02
  +8.97987317655016825668e-02-j2.61678582442121943075e-02
  +8.94587561541697884326e-02-j3.05260582417435644143e-02
  +8.88960584188176750065e-02-j3.48977579028549866891e-02
  +8.81014847902520104039e-02-j3.92699593130872159907e-02
  +8.70543514751871000401e-02-j4.36267597256163597308e-02
  +8.57828736972135047489e-02-j4.79557646740350618231e-02
  +8.42882993521350265542e-02-j5.22443685823519576861e-02
  +8.25726689454722856398e-02-j5.64800717867778301340e-02
  +8.06085731752861356370e-02-j6.06396108620078089224e-02
  +7.84272774730561950118e-02-j6.47173972248054618639e-02
  +7.60371345011600224817e-02-j6.87028472454840055672e-02
  +7.34434754218349500343e-02-j7.25845690420741790350e-02
  +7.06353121162935360111e-02-j7.63403168374814644626e-02
  +6.76248243720664471423e-02-j7.99599879910141836392e-02
  +6.44330251293297323611e-02-j8.34417395355775137755e-02
  +6.10680061617933506168e-02-j8.67762465788781411913e-02
  +5.75325410627285024900e-02-j8.99485376622711496619e-02
  +5.38245920786441858774e-02-j9.29356442062936050075e-02
  +4.99733594637749162226e-02-j9.57493560387160380643e-02
  +4.59888496318646769478e-02-j9.83831452120764449187e-02
  +4.18813628510101565450e-02-j1.00831193373356692300e-01
  +3.76467716319570377959e-02-j1.03060227163254886085e-01
  +3.33118853374817086577e-02-j1.05090440023760195443e-01
  +2.88890798540912263626e-02-j1.06921111383822819985e-01
  +2.43892387746089296663e-02-j1.08549623533409758669e-01
  +1.98181330038323701148e-02-j1.09955038817942635232e-01
  +1.51903390263105966818e-02-j1.11141726005995547522e-01
  +1.05205981019481260852e-02-j1.12122786570204746592e-01
  +5.81924679325526196527e-03-j1.12898633488284022564e-01
  +1.09590475326216659283e-03-j1.13461957041233824084e-01
  -3.63888792258670445284e-03-j1.13799459093485516581e-01
  -8.37364508825045802953e-03-j1.13937307657758793433e-01
  -1.30995350301089576867e-02-j1.13878325384209069804e-01
  -1.78081705953005674237e-02-j1.13625759604213907861e-01
  -2.24866823521817499332e-02-j1.13155806760457056104e-01
  -2.71293501572535608601e-02-j1.12499622937376614340e-01
  -3.17292464553450420661e-02-j1.11663960809654252970e-01
  -3.62803349639393840631e-02-j1.10653539039424958501e-01
  -4.07713972307728600430e-02-j1.09457304423020942985e-01
  -4.51985477673980257096e-02-j1.08086815485555085004e-01
  -4.95609370045670058480e-02-j1.06557306110241098440e-01
  -5.38545826360445276104e-02-j1.04873616232018046501e-01
  -5.80722642855757073543e-02-j1.03034347776389825779e-01
  -6.22050586726957122075e-02-j1.01035223092165199477e-01
  -6.62586832259317026761e-02-j9.88975474301569262847e-02
  -7.02308798178769289056e-02-j9.66256362230870219365e-02
  -7.41197034042523628106e-02-j9.42235643427580676912e-02
  -7.79104003995545607575e-02-j9.16765721599899219285e-02
  -8.16136706081823926073e-02-j8.90067680121806037441e-02
  -8.52288829220658183949e-02-j8.62181272080123212165e-02
  -8.87549351090043958656e-02-j8.33134475816899172651e-02
  -9.21816991190740897544e-02-j8.02841224511331580382e-02
  -9.55116963596791546109e-02-j7.71373238585539161560e-02
  -9.87491504481583792785e-02-j7.38814206754664637433e-02
  -1.01892920985935733769e-01-j7.05178896222059953258e-02
  -1.04937100171232339241e-01-j6.70428732978625430139e-02
  -1.07873999704651696296e-01-j6.34509552182061231651e-02
  -1.10712390217438325091e-01-j5.97544952154158703905e-02
  -1.13450327831761274555e-01-j5.59540093260310344991e-02
  -1.16085602523405967412e-01-j5.20498779698221614165e-02
  -1.18599019067172267716e-01-j4.80264335993978719319e-02
  -1.21003255236518003635e-01-j4.38995490725591908099e-02
  -1.23295430972600664199e-01-j3.96697919048167035871e-02
  -1.25471972485688670895e-01-j3.53374160809920567772e-02
  -1.27516190221730663090e-01-j3.08922657560032620783e-02
  -1.29428776914259552333e-01-j2.63398479264241869302e-02
  -1.31211666643334667892e-01-j2.16864916531032680957e-02
  -1.32859871385426320245e-01-j1.69331337428853812010e-02
  -1.34360583665324190283e-01-j1.20759704038699011708e-02
  -1.35699170007345715216e-01-j7.11150743361083081950e-03
  -1.36884793765281315148e-01-j2.05221699915278388282e-03
  -1.37911372237318863299e-01+j3.09953899310605462958e-03
  -1.38772650631180605174e-01+j8.34098880924960539573e-03
</dep>
<dep S[1,3] frequency>
  +2.21086950746929473965e-03+j1.33042922277162873473e-02
  +3.43888097367637049495e-03+j1.64390006583471012802e-02
  +4.90993444808729417872e-03+j1.94781642718085852561e-02
  +6.61639259741281411664e-03+j2.24106356254240718373e-02
  +8.55174418898353543017e-03+j2.52250240388457586116e-02
  +1.07329931887289488357e-02+j2.78936662977510921313e-02
  +1.31400875979878276056e-02+j3.04078176091053531405e-02
  +1.57533309555741400654e-02+j3.27598956066761370920e-02
  +1.85625866511430828720e-02+j3.49354998754488610402e-02
  +2.15651387053985323095e-02+j3.69097754265218999659e-02
  +2.47528057089548315928e-02+j3.86586492186485192191e-02
  +2.80919673406561203055e-02+j4.01920050235464593191e-02
  +3.15672828754335887957e-02+j4.15015667882108058029e-02
  +3.51637687316833438822e-02+j4.25798417488028879685e-02
  +3.88799995512050106106e-02+j4.33851647716412408551e-02
  +4.26834201450477720985e-02+j4.39494871644561801993e-02
  +4.65599387365896802415e-02+j4.42695930768224193974e-02
  +5.04958126332281098669e-02+j4.43428197607028395932e-02
  +5.44810595557144380918e-02+j4.41393367274986458959e-02
  +5.84972609768913479056e-02+j4.36724813777154829975e-02
  +6.25289844780536341329e-02+j4.29529090748798081378e-02
  +6.65628115167736789104e-02+j4.19796792838884880172e-02
  +7.05836605615054873963e-02+j4.07374707773386635079e-02
  +7.45741644347990284558e-02+j3.92159850111762076086e-02
  +7.85218788896886454864e-02+j3.74414366974425427692e-02
  +8.24128103428810182551e-02+j3.54153934808757731023e-02
  +8.62323082343146724016e-02+j3.31384733008509846375e-02
  +8.99518062504807980329e-02+j3.05788718171090267983e-02
  +9.35686339968596902938e-02+j2.77783525172928535962e-02
  +9.70690074405482217212e-02+j2.47419298985906144228e-02
  +1.00439379331628275693e-01+j2.14754408025985832342e-02
  +1.03648749066154677312e-01+j1.79610705621949529043e-02
  +1.06692098342333507865e-01+j1.42230013253646092597e-02
  +1.09563665943846560991e-01+j1.02796082946076117182e-02
  +1.12251695968495435185e-01+j6.14004086406083615657e-03
  +1.14732228705549665904e-01+j1.80327767658700066633e-03
  +1.16985676714129516185e-01-j2.72418312480485202975e-03
  +1.19021255312310655916e-01-j7.41344695633458505846e-03
  +1.20829868473045415334e-01-j1.22528431968254858386e-02
  +1.22400582546530800609e-01-j1.72315288485619388936e-02
  +1.23691114568056315104e-01-j2.23521296899740207209e-02
  +1.24729800754864589285e-01-j2.75817320100879559419e-02
  +1.25510590297572444118e-01-j3.29070380863620282064e-02
  +1.26028150005548594814e-01-j3.83144911817281941246e-02
  +1.26246101489938811202e-01-j4.37966116802408489406e-02
  +1.26180358058752661865e-01-j4.93320087703487120123e-02
  +1.25839083293162623534e-01-j5.49038031015079419639e-02
  +1.25220083780293811593e-01-j6.04977314079019057314e-02
  +1.24303602130813262150e-01-j6.60989513292946917478e-02
  +1.23081184017260064634e-01-j7.16900929151645938120e-02
  +1.21578974705429915248e-01-j7.72563315147745399702e-02
  +1.19797902597068850472e-01-j8.27833062438808331418e-02
  +1.17735833706469561477e-01-j8.82557590504351729965e-02
  +1.15359729274372324603e-01-j9.36483061967802871139e-02
  +1.12712839617255478064e-01-j9.89551762185359173873e-02
  +1.09799176328922831747e-01-j1.04162493235048600471e-01
  +1.06623447831121265228e-01-j1.09256578530277217998e-01
  +1.03160938751374497979e-01-j1.14207109719636240586e-01
  +9.94400104618228253273e-02-j1.19009377462879262222e-01
  +9.54773256151347227139e-02-j1.23655488662956961066e-01
  +9.12805384093526295253e-02-j1.28133023879747953711e-01
  +8.68430894141027920341e-02-j1.32416673709636029121e-01
  +8.21713232436839802197e-02-j1.36488657398798035603e-01
  +7.72950015055217098947e-02-j1.40354348882794854880e-01
  +7.22244518342459729254e-02-j1.44003259976456077229e-01
  +6.69676259753734792746e-02-j1.47421362350352302961e-01
  +6.15166458624464840277e-02-j1.50568604028205099699e-01
  +5.59090176873699995497e-02-j1.53468727398432397413e-01
  +5.01572692442890932796e-02-j1.56113816925858683859e-01
  +4.42739317005002019911e-02-j1.58496921613710706200e-01
  +3.82612471998270975426e-02-j1.60576302261910996982e-01
  +3.21477623783363863907e-02-j1.62368545617491616406e-01
  +2.59514454572150055078e-02-j1.63878870948046873046e-01
  +1.96869883213613983131e-02-j1.65103689887048321605e-01
  +1.33665394674343240844e-02-j1.66019299492472377500e-01
  +7.00749327420635559349e-03-j1.66619596604510117333e-01
  +6.29125293233057103492e-04-j1.66928627742243845811e-01
  -5.75363706765436022650e-03-j1.66946470413141867528e-01
  -1.21254038469055247518e-02-j1.66668090602922203125e-01
  -1.84661099476312040579e-02-j1.66061938384615220832e-01
  -2.47632986897596829579e-02-j1.65170694985394161947e-01
  -3.10028248663566374788e-02-j1.63997959267372539482e-01
  -3.71708557385457272204e-02-j1.62548081471492467109e-01
  -4.32414043161861161302e-02-j1.60792294759593640263e-01
  -4.92077495832604627779e-02-j1.58763557966052598625e-01
  -5.50601152541375649108e-02-j1.56476904906107272542e-01
  -6.07865148913157016253e-02-j1.53939585071395435012e-01
  -6.63642022734669545514e-02-j1.51141727215743759682e-01
  -7.17791382533544686240e-02-j1.48091843923164434571e-01
  -7.70326950440793356556e-02-j1.44818801555612164389e-01
  -8.21153048942711016878e-02-j1.41331991326157091482e-01
  -8.70134500544922362408e-02-j1.37636541612958490655e-01
  -9.16967602112269131176e-02-j1.33722989496325078695e-01
  -9.61821266706390232137e-02-j1.29628812128958659233e-01
  -1.00462649828471223268e-01-j1.25364706327327241064e-01
  -1.04532044083119779465e-01-j1.20941554578135185283e-01
  -1.08355641241038913591e-01-j1.16352546854255251008e-01
  -1.11950132366861410116e-01-j1.11625702136520926766e-01
  -1.15317216350412865555e-01-j1.06776271729681376810e-01
  -1.18453173661683314188e-01-j1.01815516968288638511e-01
  -1.21336093814037454530e-01-j9.67477416974986126341e-02
  -1.23962909361666484553e-01-j9.15864771600891636183e-02
  -1.26350239389952295754e-01-j8.63506202340704465126e-02
  -1.28496619890715924051e-01-j8.10512678350378823477e-02
  -1.30394380806888199320e-01-j7.56983181909814117905e-02
  -1.32017886754111996028e-01-j7.03002495860737819378e-02
  -1.33398725398996359504e-01-j6.48743313128963272618e-02
  -1.34537299811887473000e-01-j5.94312205718764696716e-02
  -1.35434398660028598727e-01-j5.39814511738700986143e-02
  -1.36059181832135889234e-01-j4.85373387491228880375e-02
  -1.36439894134127215342e-01-j4.31101554999159530812e-02
  -1.36584296259459114786e-01-j3.77098755327123225101e-02
  -1.36494705989516212918e-01-j3.23464744825958105956e-02
  -1.36154948015613008749e-01-j2.70345096184282929208e-02
  -1.35570242149013253652e-01-j2.17853057968593333271e-02
  -1.34761435384247535429e-01-j1.66047378619784968823e-02
  -1.33732244104259129225e-01-j1.15022414888347745965e-02
  -1.32480162804695628109e-01-j6.49014916798112961871e-03
  -1.30989969166214886842e-01-j1.58852096381217888776e-03
  -1.29293847597870714683e-01+j3.20502169739123043968e-03
  -1.27396940580389250730e-01+j7.88158555574824948309e-03
  -1.25304734708512804930e-01+j1.24324128286176505132e-02
  -1.22997893926677245857e-01+j1.68292379077197018500e-02
  -1.20505695318151501150e-01+j2.10781868143254946801e-02
  -1.17838733092673966785e-01+j2.51738257589967096006e-02
  -1.15004096531223815036e-01+j2.91081102059339291710e-02
  -1.11996222648401602684e-01+j3.28579693570731912189e-02
  -1.08826826145274058177e-01+j3.64166739709778641831e-02
  -1.05515788249439190771e-01+j3.97892719498328106820e-02
  -1.02071949356263860786e-01+j4.29687709404143192149e-02
  -9.85006850369193609485e-02+j4.59413803111788088263e-02
  -9.48032605121458676889e-02+j4.86812881580472867071e-02
  -9.10049008867896275232e-02+j5.12075702794334008949e-02
  -8.71162326142144866070e-02+j5.35148021947860763614e-02
  -8.31482760893409444947e-02+j5.55980058717057967765e-02
  -7.91045517998849034846e-02+j5.74199166757517753812e-02
  -7.50068786190151298721e-02+j5.90044387308474721499e-02
  -7.08686277285083404687e-02+j6.03522871115218240146e-02
  -6.67023488703096800734e-02+j6.14608374429818707374e-02
  -6.25207620312177858590e-02+j6.23064135144250352827e-02
  -5.83398366541947321906e-02+j6.28925634262561122911e-02
  -5.41738280591349957716e-02+j6.32355216424755339766e-02
  -5.00362889452573844640e-02+j6.33356502428737144772e-02
  -4.59430641861427319084e-02+j6.31850157512224286371e-02
  -4.19149715385465221340e-02+j6.27662359640960149099e-02
  -3.79603281469689038397e-02+j6.21113463150552713721e-02
  -3.40928734820521717186e-02+j6.12241754333229942775e-02
  -3.03262492045789575079e-02+j6.01093868293199953823e-02
  -2.66923811861684186220e-02+j5.87413545240600548647e-02
  -2.31912582806302683402e-02+j5.71564701438231487218e-02
  -1.98341686013517211340e-02+j5.53652615233442765841e-02
  -1.66336438914882964180e-02+j5.33760413915841600008e-02
  -1.36185933828548242502e-02+j5.11813805786314399149e-02
  -1.07980879361795466947e-02+j4.87984207545427497998e-02
  -8.17186745397257066625e-03+j4.62503243386098161771e-02
  -5.75022721848798476496e-03+j4.35487602501595169602e-02
  -3.55203872161866020946e-03+j4.07008535699456483470e-02
  -1.60455369923131248994e-03+j3.77123645581157324047e-02
  +1.09639453016766377780e-04+j3.46132274822245206147e-02
  +1.58348046469625018673e-03+j3.14177641513070163293e-02
  +2.81076322191060185007e-03+j2.81407684541643658693e-02
  +3.74825203813118623675e-03+j2.47900308818002484967e-02
  +4.42555377076959272076e-03+j2.13927830254534920296e-02
  +4.84199539124851446870e-03+j1.79661001648245416407e-02
  +4.99546654036894105522e-03+j1.45263996044030507804e-02
  +4.85942786555290662243e-03+j1.10923464103144103765e-02
  +4.44306208856925025086e-03+j7.68367856368355750529e-03
  +3.76400745442195816537e-03+j4.31684945800664410243e-03
  +2.82469319414194175444e-03+j1.00862305248794470458e-03
  +1.61749295510812268750e-03-j2.22040889830109333669e-03
  +1.30650890089942239847e-04-j5.34477830819911348126e-03
  -1.60095554527830627456e-03-j8.35751520101621347969e-03
  -3.57047713890419442240e-03-j1.12430732395588928174e-02
  -5.77012265761971555184e-03-j1.39863333165534398095e-02
  -8.22321337524212908621e-03-j1.65467873005091664629e-02
  -1.08868224881258184034e-02-j1.89314273332409355177e-02
  -1.37487352847791861193e-02-j2.11280653120326233907e-02
  -1.67974717865357857371e-02-j2.31240743222435596316e-02
  -2.00368672265667652210e-02-j2.48851691198155311469e-02
  -2.34443566454257124043e-02-j2.64070908362604439557e-02
  -2.69961155890752965703e-02-j2.76922467749390888159e-02
  -3.06778125019395789264e-02-j2.87313123486266364104e-02
  -3.44793222886903838464e-02-j2.95031553925941547600e-02
  -3.83885886552715119291e-02-j2.99827082226324648229e-02
  -4.23774540617885553395e-02-j3.01917632926112788905e-02
  -4.64296843393413732892e-02-j3.01248183463483365507e-02
  -5.05287460592202947174e-02-j2.97772932100221765506e-02
  -5.46598697146934917046e-02-j2.91011682824731943153e-02
  -5.87994796037132963495e-02-j2.81366496271819033215e-02
  -6.29303133472345760380e-02-j2.68832995806441710229e-02
  -6.70351244143587154944e-02-j2.53406538827447846973e-02
  -7.10903077615945427903e-02-j2.34795828784581939175e-02
  -7.50776793213144277850e-02-j2.13158945675792077523e-02
  -7.89826391596315929844e-02-j1.88681871965840908256e-02
  -8.27881642068294121284e-02-j1.61401263948827422556e-02
  -8.64704814244051656047e-02-j1.31224058298197165939e-02
  -9.00026258294873704457e-02-j9.80688920026739907598e-03
  -9.33811562570073389056e-02-j6.22958152254513009005e-03
  -9.65901704875718608578e-02-j2.39811732887393325164e-03
  -9.96141444687824728632e-02+j1.67900018634151160235e-03
</dep>
<dep S[1,2] frequency>
  +9.85855818575851250429e-01-j1.60683564385519089823e-01
  +9.78382860391384778787e-01-j1.99588464101167900600e-01
  +9.69417927783875588155e-01-j2.38151440948350112681e-01
  +9.58976626858819680699e-01-j2.76315848549726961192e-01
  +9.47076939211320301126e-01-j3.14025904937683952856e-01
  +9.33588319147248046903e-01-j3.51166559837766067975e-01
  +9.18616388778766612688e-01-j3.87703041122756997261e-01
  +9.02260048602248732053e-01-j4.23609728911512273264e-01
  +8.84546184012215741532e-01-j4.58835356345547451529e-01
  +8.65432346938855401319e-01-j4.93286698031462911285e-01
  +8.44892839103011605850e-01-j5.26868430819217525851e-01
  +8.23097035994233339196e-01-j5.59610048691938088972e-01
  +8.00079741988788173401e-01-j5.91465953364479046783e-01
  +7.75873498604876421503e-01-j6.22388710896940811068e-01
  +7.50349239816292978844e-01-j6.52182331738113463260e-01
  +7.23728717624009587617e-01-j6.80952240597496816221e-01
  +6.96053332143844127877e-01-j7.08660022591542593240e-01
  +6.67365733245010028796e-01-j7.35269067716628921261e-01
  +6.37608359385322898127e-01-j7.60616191337143310314e-01
  +6.06893662603481098827e-01-j7.84733554310353742522e-01
  +5.75313935308854884632e-01-j8.07645632360854626164e-01
  +5.42916056262746193894e-01-j8.29323955170909732360e-01
  +5.09705655104602972649e-01-j8.49666728380203295501e-01
  +4.75710444935838139280e-01-j8.68591877084894159466e-01
  +4.41055082146773136387e-01-j8.86203333478214005936e-01
  +4.05788936188317739262e-01-j9.02480653455147940889e-01
  +3.69958294835600054462e-01-j9.17395739764702344843e-01
  +3.33547625684706139371e-01-j9.30731532236547032255e-01
  +2.96690209390077785923e-01-j9.42678723161068155001e-01
  +2.59436744099805771668e-01-j9.53224418738897183445e-01
  +2.21838127037787491425e-01-j9.62357397489542187863e-01
  +1.83918104791455677693e-01-j9.69905876039356407148e-01
  +1.45756469619840678398e-01-j9.75958798805438010326e-01
  +1.07417304370519661738e-01-j9.80574095618770291694e-01
  +6.89520207075006996700e-02-j9.83747727446697473042e-01
  +3.04108927973116283106e-02-j9.85387924563969286318e-01
  -8.14552074854173191465e-03-j9.85444474726769881201e-01
  -4.66597359823061469397e-02-j9.84057853066131804631e-01
  -8.50804576440568338658e-02-j9.81231198438137774964e-01
  -1.23354437759994620127e-01-j9.76954582292235418350e-01
  -1.61395519244104279633e-01-j9.71039379320142614915e-01
  -1.99176386843613162370e-01-j9.63706159854260668851e-01
  -2.36646632386214195165e-01-j9.54965279547261847171e-01
  -2.73756168831418456033e-01-j9.44828749135431911199e-01
  -3.10401354490004610653e-01-j9.33150618743305293457e-01
  -3.46556174808332062565e-01-j9.20053526374921215591e-01
  -3.82189234682559941803e-01-j9.05611924008716373535e-01
  -4.17252387544619907089e-01-j8.89845023263080792120e-01
  -4.51654435811588927940e-01-j8.72690100683748859467e-01
  -4.85321152511467124313e-01-j8.54139143114652887867e-01
  -5.18264781347267833311e-01-j8.34337479645347324109e-01
  -5.50440082728403057288e-01-j8.13311468076664878524e-01
  -5.81790792064802442241e-01-j7.91073100548181251668e-01
  -6.12154541904102567074e-01-j7.67504743830613289646e-01
  -6.41608059914469119889e-01-j7.42809750125169032664e-01
  -6.70110141150561111623e-01-j7.17021447024445812701e-01
  -6.97620680511013779856e-01-j6.90174711744931945745e-01
  -7.23972116085534245222e-01-j6.62187728595315383551e-01
  -7.49206200640481712050e-01-j6.33188926796107165451e-01
  -7.73326221711914452150e-01-j6.03256575793831961718e-01
  -7.96297663984160908335e-01-j5.72431952983695868653e-01
  -8.18003931670166606338e-01-j5.40702559276166949687e-01
  -8.38382598229936881751e-01-j5.08104678686694288814e-01
  -8.57510525124222322546e-01-j4.74759053276546105771e-01
  -8.75360057754310361133e-01-j4.40712513713989673114e-01
  -8.91882407319861680861e-01-j4.06002731989853815620e-01
  -9.06885419220498589787e-01-j3.70612304739189601932e-01
  -9.20532197764665438555e-01-j3.34681776655043172752e-01
  -9.32803079486205777293e-01-j2.98262321172624578214e-01
  -9.43680359031942694870e-01-j2.61405921391033357892e-01
  -9.52972291620417522040e-01-j2.24124410474437818497e-01
  -9.60789598566378133526e-01-j1.86513498621519585585e-01
  -9.67169928842132931024e-01-j1.48640066910995100047e-01
  -9.72104529962575236723e-01-j1.10558478482571553858e-01
  -9.75481618507018310993e-01-j7.23165932650827181227e-02
  -9.77276238408469555274e-01-j3.39789565847316843428e-02
  -9.77611706127575086356e-01+j4.38719207775362801671e-03
  -9.76488609709590060781e-01+j4.27268156700878892762e-02
  -9.73879782814434769023e-01+j8.09820390260926337156e-02
  -9.69621764464950519624e-01+j1.19073061493657317289e-01
  -9.63922308507455194437e-01+j1.56958697728395879523e-01
  -9.56791272105045442764e-01+j1.94585065694023229277e-01
  -9.48240580032784441400e-01+j2.31898799446381809197e-01
  -9.38107545444003321222e-01+j2.68793881078182361755e-01
  -9.26546228697944229680e-01+j3.05245912008828390594e-01
  -9.13618635469059414689e-01+j3.41215467211216316734e-01
  -8.99345258773779132611e-01+j3.76652441320078634757e-01
  -8.83650329042390381140e-01+j4.11459814907485232904e-01
  -8.66554276588632155232e-01+j4.45575649752943114823e-01
  -8.48192299338025090805e-01+j4.79002160956985612028e-01
  -8.28592472603848384516e-01+j5.11693935274332933894e-01
  -8.07756217089861339176e-01+j5.43586914688549360797e-01
  -7.85590798908484044816e-01+j5.74540799893013209854e-01
  -7.62290209107945537781e-01+j6.04620417237010432387e-01
  -7.37888873549046975242e-01+j6.33786123891659336493e-01
  -7.12422487140948690332e-01+j6.61999711781199096094e-01
  -6.85798766499864265178e-01+j6.89090597507290736345e-01
  -6.58167464615086461599e-01+j7.15120795161632627490e-01
  -6.29596124954774460925e-01+j7.40084468374277659741e-01
  -6.00125152492656743775e-01+j7.63949975561461269713e-01
  -5.69731566476546102962e-01+j7.86595646357527211734e-01
  -5.38466293847147503548e-01+j8.07987454240468694344e-01
  -5.06439661974452115523e-01+j8.28188661600185671574e-01
  -4.73695512771793170170e-01+j8.47174448399935609011e-01
  -4.40261184275206995942e-01+j8.64886848092349280748e-01
  -4.06124638653271530231e-01+j8.81170690920881738428e-01
  -3.71417904132254894645e-01+j8.96168783945684443992e-01
  -3.36187131011925377511e-01+j9.09863044565753620319e-01
  -3.00478877049497716811e-01+j9.22236926358572350892e-01
  -2.64288825428215301550e-01+j9.33094592995744709363e-01
  -2.27718258634510367644e-01+j9.42567888710544976583e-01
  -1.90824984166514360906e-01+j9.50677540381509977863e-01
  -1.53656869728529543728e-01+j9.57413592920343115011e-01
  -1.16247528227142640778e-01+j9.62652982357617426068e-01
  -7.86564743849968578404e-02+j9.66397145752538766494e-01
  -4.09485667355887206220e-02+j9.68745711082911853396e-01
  -3.17236710701218616038e-03+j9.69695166991716983595e-01
  +3.46224102365876029719e-02+j9.69200115596160705067e-01
  +7.23757824496666368752e-02+j9.67125269837861178956e-01
  +1.10038015436359756793e-01+j9.63650251286306103182e-01
  +1.47560341766984515210e-01+j9.58777952478089723343e-01
  +1.84894011438829997118e-01+j9.52512745221462120426e-01
  +2.21950884117313007593e-01+j9.44670858708967609019e-01
  +2.58703449055275647162e-01+j9.35423103440780612239e-01
  +2.95108254075593989807e-01+j9.24807472621573700700e-01
  +3.31116934624108627538e-01+j9.12834909269237715357e-01
  +3.66638742933640793265e-01+j8.99403682287060246558e-01
  +4.01622436102168467453e-01+j8.84549425895908902895e-01
  +4.36053115425218740242e-01+j8.68385178290751569286e-01
  +4.69883425422041423047e-01+j8.50928746408370129117e-01
  +5.03042334046298833528e-01+j8.32156625982917619311e-01
  +5.35413102819211506045e-01+j8.11982062240020008304e-01
  +5.67031230910388650557e-01+j7.90585241615235578827e-01
  +5.97851241745335437727e-01+j7.67991179792886002886e-01
  +6.27828244149221337267e-01+j7.44226588635633290458e-01
  +6.56786766914422504016e-01+j7.19163282042841078834e-01
  +6.84787486103355158562e-01+j6.92977136400769855307e-01
  +7.11803342142787398572e-01+j6.65720183870881387911e-01
  +7.37792816644192384068e-01+j6.37426633816615351158e-01
  +7.62616310922933138272e-01+j6.08046576626646073649e-01
  +7.86249037063249667234e-01+j5.77645894638264545407e-01
  +8.08726984182571717596e-01+j5.46332827592721614884e-01
  +8.30013547870907419934e-01+j5.14149004720870106411e-01
  +8.50025714252531483517e-01+j4.81108296617706210352e-01
  +8.68620037072262873856e-01+j4.47199318446456439702e-01
  +8.85913407158918642104e-01+j4.12567343413460574375e-01
  +9.01875857532999147814e-01+j3.77260890963913853025e-01
  +9.16479190785901454142e-01+j3.41329928766726742317e-01
  +9.29493542853539800319e-01+j3.04750777643298553787e-01
  +9.41072826226652447978e-01+j2.67658070087833210859e-01
  +9.51214531156774234510e-01+j2.30113900219056533025e-01
  +9.59899192382837607163e-01+j1.92173704287947805236e-01
  +9.66971304746666926455e-01+j1.53868059020936143177e-01
  +9.72454158244349109452e-01+j1.15274628824529989934e-01
  +9.76432467107466783851e-01+j7.64733260020995647688e-02
  +9.78896902571373850321e-01+j3.75232639968856029888e-02
  +9.79777703046849524071e-01-j1.51685038447565740012e-03
  +9.78954927080168624265e-01-j4.05782867131336336119e-02
  +9.76605546021380610533e-01-j7.95918593524509582204e-02
  +9.72731258747786542429e-01-j1.18497023084369199064e-01
  +9.67336350160488356309e-01-j1.57233251390433204087e-01
  +9.60205413408674490761e-01-j1.95697287462985869411e-01
  +9.51557768307720208689e-01-j2.33852870494673126256e-01
  +9.41421877423949227115e-01-j2.71642920678722643579e-01
  +9.29813147936068284949e-01-j3.09008712332420387714e-01
  +9.16611499697183251811e-01-j3.45840055723753092565e-01
  +9.01891459553440411057e-01-j3.82086116069691505981e-01
  +8.85766263393941821747e-01-j4.17721598364077628673e-01
  +8.68261748398705734964e-01-j4.52691635882816800773e-01
  +8.49347318010515883735e-01-j4.86907588592262075000e-01
  +8.28968511296984678083e-01-j5.20254708342461125170e-01
  +8.07310956992779882313e-01-j5.52765579088734693158e-01
  +7.84409828918817497723e-01-j5.84391333580329463970e-01
  +7.60302196486360548633e-01-j6.15084738120826091112e-01
  +7.34856554998087219133e-01-j6.44645756031493100124e-01
  +7.08287385544739911403e-01-j6.73166936358931988771e-01
  +6.80645407782899836135e-01-j7.00613814364217102337e-01
  +6.51974821989572461689e-01-j7.26947072619466450050e-01
  +6.22228132486167595516e-01-j7.52010946996787277286e-01
  +5.91501374664280987759e-01-j7.75811665095031410821e-01
  +5.59899861225436223933e-01-j7.98384265362986234038e-01
  +5.27473002908961041690e-01-j8.19698204248167083819e-01
  +4.94236548998041813618e-01-j8.39661702985320390624e-01
  +4.60206451738632560389e-01-j8.58162689106138909523e-01
  +4.25518795547669026469e-01-j8.75319880453838794487e-01
  +3.90226340752324429850e-01-j8.91111843825842520062e-01
  +3.54382372726731453838e-01-j9.05519238736092746400e-01
  +3.17972030117124049298e-01-j9.18305679473002234303e-01
  +2.81131147215406052009e-01-j9.29666707934426850279e-01
  +2.43915855993098368293e-01-j9.39594771114799609535e-01
  +2.06380782216999542067e-01-j9.48079531400890296311e-01
  +1.68559250837503282749e-01-j9.54962343006020342173e-01
  +1.30528376354809405591e-01-j9.60306092636811881036e-01
  +9.23569019363500443021e-02-j9.64187053377230873785e-01
  +5.40994414480794605371e-02-j9.66603559335314055367e-01
  +1.58118664092617711159e-02-j9.67480526768350834743e-01
  -2.24403210582383993987e-02-j9.66740520996370866769e-01
  -6.06012587033078475862e-02-j9.64544234779122877654e-01
  -9.86174730316403819197e-02-j9.60898259007316402069e-01
  -1.36435893071526592735e-01-j9.55811018212019969376e-01
</dep>
<dep S[1,1] frequency>
  +2.88411617536598989531e-03+j1.39698022779985026043e-02
  +4.17848535443594154559e-03+j1.71132155703089226806e-02
  +5.70495682309117221886e-03+j2.01399091461196555475e-02
  +7.45430947775983440695e-03+j2.30311621070261179911e-02
  +9.41536668676551911916e-03+j2.57694761762682945927e-02
  +1.15950003711369348247e-02+j2.83191086565926682106e-02
  +1.39656289438141283099e-02+j3.06725405591256258808e-02
  +1.65018457703598117603e-02+j3.28259274543726761730e-02
  +1.91876720810193607258e-02+j3.47679195055991333008e-02
  +2.20128385439690675562e-02+j3.64757399785520519675e-02
  +2.49625435252119470819e-02+j3.79280176043162858823e-02
  +2.80057493124615565494e-02+j3.91405435423050201971e-02
  +3.11242977249299515585e-02+j4.01072209290690984140e-02
  +3.42997236773104202667e-02+j4.08222767739024744449e-02
  +3.75156732300543013792e-02+j4.12432305397519155532e-02
  +4.07447294719622335468e-02+j4.14072087794715160136e-02
  +4.39672452964305626733e-02+j4.13137878610153469472e-02
  +4.71634551448954705832e-02+j4.09640130169334343302e-02
  +5.03062841237153571261e-02+j4.03330041586758836214e-02
  +5.33757479988328856213e-02+j3.94416138630888646333e-02
  +5.63550390720209196105e-02+j3.83082280101524341731e-02
  +5.92254515970695866178e-02+j3.69405726297646896938e-02
  +6.19603965060093811457e-02+j3.53353872729233187133e-02
  +6.45335022724623508239e-02+j3.34967667884440989390e-02
  +6.69417679170008494971e-02+j3.14593735639244198588e-02
  +6.91702056518025965026e-02+j2.92368743195659530620e-02
  +7.12035578592533774378e-02+j2.68429986337431203403e-02
  +7.29976520258554251175e-02+j2.42738982199620367819e-02
  +7.45715152878769910183e-02+j2.15716405421250700947e-02
  +7.59157249556590280060e-02+j1.87538497919534641323e-02
  +7.70222600652135380717e-02+j1.58387285927690246723e-02
  +7.78562076715807044325e-02+j1.28382606568289980853e-02
  +7.84286793800767351170e-02+j9.78002816021755760900e-03
  +7.87473933710301915445e-02+j6.68671524739045120000e-03
  +7.88105184111778517275e-02+j3.57774517941705783031e-03
  +7.86018510012012894261e-02+j4.74087070059858728399e-04
  +7.81140393231398999507e-02-j2.60039846157039677976e-03
  +7.73745198062923827953e-02-j5.62736252685600013557e-03
  +7.63874303702903600932e-02-j8.58795811976109657593e-03
  +7.51558033706156702891e-02-j1.14626112532401069899e-02
  +7.36553232988553241434e-02-j1.42162697647944535895e-02
  +7.19299673600719557953e-02-j1.68448662563590589869e-02
  +6.99893690533218149064e-02-j1.93317095478233169636e-02
  +6.78443231456709872074e-02-j2.16608179462865202414e-02
  +6.54858133313423740329e-02-j2.37950566851077294217e-02
  +6.29436771573176345740e-02-j2.57311112290094512467e-02
  +6.02400859829850254812e-02-j2.74631748055660096508e-02
  +5.73902722353408500933e-02-j2.89792316181754494586e-02
  +5.44030040486078170225e-02-j3.02528520717970650367e-02
  +5.12954427148187286356e-02-j3.12660958924988463536e-02
  +4.80970958973815365667e-02-j3.20321082249546418286e-02
  +4.48262956821547375874e-02-j3.25440359565219439197e-02
  +4.15014177298027586716e-02-j3.27927025418344175733e-02
  +3.81403880668007011501e-02-j3.27389960205527741355e-02
  +3.47698214058645427293e-02-j3.24182522336761702597e-02
  +3.14094688016675060993e-02-j3.18295430647187738149e-02
  +2.80791464651899413951e-02-j3.09733516480664716752e-02
  +2.48070688166474040415e-02-j2.98200467730491136642e-02
  +2.16117696800911529564e-02-j2.83957071652809756035e-02
  +1.85105401689248383335e-02-j2.67155779737210385960e-02
  +1.55223078071379805287e-02-j2.47862601405978155711e-02
  +1.26758884129089532955e-02-j2.25998176062405797815e-02
  +9.99564652140649823053e-03-j2.01628449471384085800e-02
  +7.48645233354860994979e-03-j1.75077420840689945702e-02
  +5.16448204169978053457e-03-j1.46467283894303607061e-02
  +3.04879311530903418515e-03-j1.15901516560213135865e-02
  +1.18276961352004050809e-03-j8.33303820163901198814e-03
  -4.49752509417811197068e-04-j4.91785991007873124481e-03
  -1.83699466572467828840e-03-j1.36138161154568393396e-03
  -2.96833288992054411537e-03+j2.31879284121157269727e-03
  -3.80082499246248151081e-03+j6.11493696066239822429e-03
  -4.34949580982307848487e-03+j9.99569707854247591072e-03
  -4.61730442667807050583e-03+j1.39378970450117489754e-02
  -4.59949874340881414980e-03+j1.79214517946501977752e-02
  -4.27175439618820984577e-03+j2.19258624165188792388e-02
  -3.62812333092760175290e-03+j2.59263485496739470859e-02
  -2.69358438360761676122e-03+j2.99007131840418952096e-02
  -1.46970613838676156249e-03+j3.38282122954222178035e-02
  +4.62810269070690338822e-05+j3.76863681844313985758e-02
  +1.88182549908660901039e-03+j4.14411579513189881618e-02
  +3.99127898395346125682e-03+j4.50826739324703337775e-02
  +6.36683414095806643473e-03+j4.85914850244753698805e-02
  +8.99932959085542050204e-03+j5.19487300009379426857e-02
  +1.19080984893273345016e-02+j5.51123489266094196415e-02
  +1.50556577911161171279e-02+j5.80788702050119634568e-02
  +1.84210867783116127860e-02+j6.08373610391592239965e-02
  +2.19899173274372139453e-02+j6.33725018706694509518e-02
  +2.57595037328965936752e-02+j6.56509694470074206540e-02
  +2.97110121403623694825e-02+j6.76554301981136252397e-02
  +3.38115441713189301964e-02+j6.93941327071462693565e-02
  +3.80426533118345955309e-02+j7.08567311137534433518e-02
  +4.23873592485007888442e-02+j7.20271072273722667845e-02
  +4.68325815635853848207e-02+j7.28642690802094039615e-02
  +5.13436611917253427073e-02+j7.34008849206171515300e-02
  +5.58998573712083945964e-02+j7.36325285018572806006e-02
  +6.04801632840105685140e-02+j7.35562068925516426843e-02
  +6.50609476458348656713e-02+j7.31299448790619782690e-02
  +6.96176185773234035281e-02+j7.23859143104538804714e-02
  +7.41290192226771171846e-02+j7.13345118639844011366e-02
  +7.85741490535356024161e-02+j6.99790620403366731006e-02
  +8.29236763843999025170e-02+j6.83011805283285505785e-02
  +8.71531534458450107827e-02+j6.63085802446156946655e-02
  +9.12500625922783026311e-02+j6.40328477028229703372e-02
  +9.51952570864921243654e-02+j6.14833220200214913831e-02
  +9.89650409999992541898e-02+j5.86637497829673171257e-02
  +1.02519547152299161930e-01+j5.55621813253529550636e-02
  +1.05865112207972483782e-01+j5.22259055659060889010e-02
  +1.08986092159950365144e-01+j4.86693709812853203545e-02
  +1.11867839099795501889e-01+j4.49080521507988494889e-02
  +1.14461177658514628996e-01+j4.09355093893810084715e-02
  +1.16779999881506640902e-01+j3.67924088132676463392e-02
  +1.18819589608835457506e-01+j3.25016179778824243485e-02
  +1.20570346005660272715e-01+j2.80822375894360931614e-02
  +1.21998840502412136955e-01+j2.35467883079039097538e-02
  +1.23099035486256253025e-01+j1.89204294939434858325e-02
  +1.23888399281782218830e-01+j1.42319227196893438592e-02
  +1.24363216121031655570e-01+j9.50242285013974674612e-03
  +1.24511364012597991469e-01+j4.75344655116852199406e-03
  +1.24301528491006924027e-01+j1.04469595409439897082e-05
  +1.23775160837238884515e-01-j4.70320196022708247874e-03
  +1.22934817898185361207e-01-j9.36603851063461112503e-03
  +1.21784499487359254566e-01-j1.39567863172149753126e-02
  +1.20288734290512788760e-01-j1.84387686437932629691e-02
  +1.18491245661052374549e-01-j2.27995499251822664188e-02
  +1.16407026154479287250e-01-j2.70211623936096601017e-02
  +1.14046156863131159520e-01-j3.10842519223651081450e-02
  +1.11398399124550531725e-01-j3.49533004866977303760e-02
  +1.08482813958457033343e-01-j3.86095431788427423392e-02
  +1.05332676594907831413e-01-j4.20493497487312850591e-02
  +1.01963427035872938875e-01-j4.52570217229162352623e-02
  +9.83852846352210319569e-02-j4.82089301927750568666e-02
  +9.46024818748958939985e-02-j5.08661723919436592478e-02
  +9.06583349997875237447e-02-j5.32478722481674326961e-02
  +8.65724180688076938583e-02-j5.53434979775952740066e-02
  +8.23650314472881145411e-02-j5.71438792819174701254e-02
  +7.80460151836707138884e-02-j5.85976711422700885512e-02
  +7.36522403318767698854e-02-j5.97356245677619218659e-02
  +6.92074093237613346963e-02-j6.05587314815008437296e-02
  +6.47338388599199426876e-02-j6.10643093568561945439e-02
  +6.02556013592229905429e-02-j6.12228286481825839660e-02
  +5.57997043811608237074e-02-j6.10417952305339767127e-02
  +5.13887350495468436806e-02-j6.05457777808911107309e-02
  +4.70449445757129755541e-02-j5.97390341917171663333e-02
  +4.27945230291612230267e-02-j5.86161933297641296603e-02
  +3.86717905833559097428e-02-j5.71617319047030628121e-02
  +3.46860949870774204484e-02-j5.54216210335601588977e-02
  +3.08574156652304705528e-02-j5.34068242605154341884e-02
  +2.72049070354723199205e-02-j5.11297325172013969463e-02
  +2.37773595785363313360e-02-j4.85704332840954933204e-02
  +2.05684980078577051010e-02-j4.57787063090211512884e-02
  +1.75912333189161967928e-02-j4.27746348789467267792e-02
  +1.48599259501941347028e-02-j3.95760167052852523950e-02
  +1.24127589599103069218e-02-j3.61872838418394182636e-02
  +1.02560526637416622037e-02-j3.26368576285005346227e-02
  +8.38230028319203110398e-03-j2.89567325611815272468e-02
  +6.79949660137043124242e-03-j2.51683039692359965256e-02
  +5.52649830322996752502e-03-j2.12909320591252101962e-02
  +4.59140875882195053509e-03-j1.73461299356262275972e-02
  +3.96177417521422631230e-03-j1.33659988949457672613e-02
  +3.63834719388307116505e-03-j9.37323605411481339256e-03
  +3.62018415783522777562e-03-j5.39048529501693837740e-03
  +3.94877548767261221663e-03-j1.44831766006436185590e-03
  +4.57759768849176976180e-03+j2.43280387071146547706e-03
  +5.49729266024846438543e-03+j6.23156255781228546331e-03
  +6.69986230181587871790e-03+j9.92690266673641047435e-03
  +8.20098089248190095790e-03+j1.34846029456584109996e-02
  +9.97795910165590049790e-03+j1.68860477963756749897e-02
  +1.20011887219052294784e-02+j2.01209292114158111442e-02
  +1.42565310876235414733e-02+j2.31721175737158724406e-02
  +1.67374266937499738273e-02+j2.60140065488056598797e-02
  +1.94379666763699332499e-02+j2.86147479243026581219e-02
  +2.23162197979745249854e-02+j3.09845383306458915795e-02
  +2.53535720494449806628e-02+j3.31119465696033260516e-02
  +2.85306908617509701054e-02+j3.49870230910794832724e-02
  +3.18426587391493973178e-02+j3.65608731639936179736e-02
  +3.52491864711553040679e-02+j3.78638560833929604943e-02
  +3.87286201909381386232e-02+j3.88930678535364948711e-02
  +4.22599313110018637296e-02+j3.96454049898042892863e-02
  +4.58229044509711053168e-02+j4.00916327657701576648e-02
  +4.93915286770928441129e-02+j4.02436986456465028983e-02
  +5.29435107130081378246e-02+j4.01200927083901759396e-02
  +5.64584783532528500238e-02+j3.97245588038724894986e-02
  +5.99127670006542739634e-02+j3.90498496174908615863e-02
  +6.32788979113427657586e-02+j3.80880444876197932214e-02
  +6.65452438395294360030e-02+j3.68768543075587151847e-02
  +6.96942257646021301465e-02+j3.54260960200680485865e-02
  +7.27091629565103647614e-02+j3.37468019308534150635e-02
  +7.55489264650743286289e-02+j3.18197330737773897980e-02
  +7.82200820245197159242e-02+j2.96926530981113656615e-02
  +8.07100538948042206533e-02+j2.73808010043429250757e-02
  +8.30069499837768065564e-02+j2.48995099829741606268e-02
  +8.50781244034420347511e-02+j2.22508411273958650600e-02
  +8.69227144210320268325e-02+j1.94619277312081395692e-02
  +8.85445047010755270644e-02+j1.65584351966949205881e-02
  +8.99373416449604501377e-02+j1.35581490898852852212e-02
  +9.10842169681953806037e-02+j1.04761099352083386638e-02
  +9.19683569206961315512e-02+j7.33065772138857818518e-03
  +9.26132744277210484540e-02+j4.14806651857255181959e-03
  +9.30188582326056945249e-02+j9.46601179061007380611e-04
  +9.31863604155238056670e-02-j2.25563724681140942430e-03
</dep>
